law_id,type,title,kana,effective_date
105DF0000000337,政令,明治五年太政官布告第三百三十七号（改暦ノ布告）,かいれきのふこく,明治五年十一月九日
106DF0000000065,法律,明治六年太政官布告第六十五号（絞罪器械図式）,こうざいきかいずしき,明治六年二月二十日
108DF0000000054,政令,明治八年太政官布告第五十四号（勲章制定ノ件）,くんしょうせいていのけん,平成十五年五月一日
108DF0000000103,政令,明治八年太政官布告第百三号（裁判事務心得）,さいばんじむこころえ,明治八年六月八日
108DT0000000152,政令,明治八年太政官達第百五十二号（不用物品等払下ノトキ其管庁所属ノ官吏入札禁止ノ件）,ふようぶっぴんとうはらいさげのときそのかんちょうしょぞくのかんりにゅうさつきんしのけん,明治八年八月二十七日
110DT0000000097,政令,明治十年太政官達第九十七号（大勲位菊花大綬章及副章製式ノ件）,だいくんいきっかだいじゅしょうおよびふくしょうせいしきのけん,平成十五年五月一日
114DF0000000063,政令,明治十四年太政官布告第六十三号（褒章条例）,ほうしょうじょうれい,平成十五年五月一日
116DT0000000027,政令,明治十六年太政官達第二十七号（官報の発行）,かんぽうのはっこう,明治十六年六月二十日
117DF1000000032,法律,明治十七年太政官布告第三十二号（爆発物取締罰則）,ばくはつぶつとりしまりばっそく,令和七年六月一日
119IO0000000000,勅令,メートル条約,めーとるじょうやく,明治十九年四月二十日
119IO0000000051,勅令,明治十九年勅令第五十一号（本初子午線経度計算方及標準時ノ件）,ほんしょしごせんけいどけいさんかたおよびひょうじゅんじのけん,明治十九年七月十三日
120IO0000000001,勅令,海底電信線保護万国連合条約ノ説明書,かいていでんしんせんほごばんこくれんごうじょうやくのせつめいしょ,明治二十年十二月二十二日
120IO0000000002,勅令,海上法ノ要義ヲ確定スル為メ西暦千八百五十六年四月十六日巴里公会ニ於テ決定セシ宣言,かいじょうほうのようぎをかくていするためせいれきせんはっぴゃくごじゅうろくねんしがつじゅうろくにちぱりこうかいにおいてけっていせしせんげん,明治二十年三月二十四日
121IO0000000001,勅令,明治二十一年勅令第一号（宝冠章及大勲位菊花章頸飾ニ関スル件）,ほうかんしょうおよびだいくんいきっかしょうけいしょくにかんするけん,平成十五年五月一日
121IO0000000076,勅令,勲章佩用式,くんしょうはいようしき,平成十五年五月一日
122AC0000000034,法律,明治二十二年法律第三十四号（決闘罪ニ関スル件）,けっとうざいにかんするけん,令和七年六月一日
122IO0000000103,勅令,明治二十二年勅令第百三号（帝国憲法発布記念章制定ノ件）,ていこくけんぽうはっぷきねんしょうせいていのけん,明治二十二年八月三日
122M10000001012,府省令,歳入歳出予算概定順序,さいにゅうさいしゅつよさんおおむねていじゅんじょ,明治二十六年十一月十一日
122M10000001019,府省令,予定経費算出概則,よていけいひさんしゅつがいそく,明治二十二年六月十日
123AC0000000001,法律,保管金規則,ほかんきんきそく,昭和四十二年五月三十一日
125M10000001004,府省令,明治二十五年閣令第四号（各官庁ニ於テ公務上在外公使領事ヲ煩ハストキ外務大臣ヘ照会ノ件）,かくかんちょうにおいてこうむじょうざいがいこうしりょうじをわずらわすときがいむだいじんへしょうかいのけん,明治二十五年五月二十七日
126IO0000000261,勅令,明治二十六年勅令第二百六十一号（政府ノ債務ニ対シ差押命令ヲ受クル場合ニ於ケル会計上ノ規程）,せいふのさいむにたいしさしおさえめいれいをうくるばあいにおけるかいけいじょうのきてい,令和八年三月十八日
127IO0000000023,勅令,明治二十七年勅令第二十三号（大婚二十五年祝典之章制定ノ件）,だいこんにじゅうごねんしゅくてんゆきしょうせいていのけん,明治二十七年三月六日
127M10000001001,府省令,褒章条例取扱手続,ほうしょうじょうれいとりあつかいてつづき,昭和三十年一月二十二日
127M10000040002,府省令,明治二十七年大蔵省令第二号（政府カ第三債務者トシテ差押ヘラレタル債務額ノ仕払停止仕払執行及供託ニ関スル手続）,せいふがだいさんさいむしゃとしてさしおさえへられたるさいむがくのしはらいていしはらいししっこうおよびきょうたくにかんするてつづき,令和元年七月一日
128AC0000000028,法律,通貨及証券模造取締法,つうかおよびしょうけんもぞうとりしまりほう,令和七年六月一日
128IO0000000167,勅令,明治二十八年勅令第百六十七号（標準時ニ関スル件）,ひょうじゅんじにかんするけん,昭和十二年九月二十四日
129AC0000000005,法律,国債証券買入銷却法,こくさいしょうけんかいいれしょうきゃくほう,平成十七年十月二十一日
129AC0000000089,法律,民法,みんぽう,令和十年六月十三日
130AC0000000029,法律,砂防法,さぼうほう,令和七年六月一日
130IO0000000382,勅令,砂防法施行規程,さぼうほうしこうきてい,平成二十二年四月一日
131AC0000000011,法律,民法施行法,みんぽうしこうほう,令和七年十月一日
131AC0000000014,法律,外国法人の登記及び夫婦財産契約の登記に関する法律,がいこくほうじんのとうきおよびふうふざいさんけいやくのとうきにかんするほうりつ,令和五年四月一日
131IO0000000090,勅令,明治三十一年勅令第九十号（閏年ニ関スル件）,うるうどしにかんするけん,明治三十一年五月十一日
132AC0000000015,法律,供託法,きょうたくほう,平成二十八年四月一日
132AC0000000046,法律,船舶法,せんぱくほう,令和七年六月一日
132AC0000000048,法律,商法,しょうほう,令和五年四月一日
132AC0000000049,法律,商法施行法,しょうほうしこうほう,平成三十一年四月一日
132AC0000000050,法律,明治三十二年法律第五十号（外国人ノ署名捺印及無資力証明ニ関スル法律）,がいこくじんのしょめいなついんおよびむしりょくしょうめいにかんするほうりつ,大正十五年四月二十四日
132AC0000000093,法律,行旅病人及行旅死亡人取扱法,こうりょびょうにんおよびこうりょしぼうにんとりあつかいほう,令和六年四月一日
132AC0000000095,法律,水難救護法,すいなんきゅうごほう,令和七年六月一日
132AC0000000101,法律,明治三十二年法律第百一号（国債ヲ外国ニ於テ募集スル場合ニ関スル法律）,こくさいをがいこくにおいてぼしゅうするばあいにかんするほうりつ,明治三十四年四月四日
132AC1000000040,法律,明治三十二年法律第四十号（失火ノ責任ニ関スル法律）,しっかのせきにんにかんするほうりつ,明治三十二年三月八日
132IO0000000001,勅令,日本国及希臘国間修好通商航海条約,にほんこくおよびぎりしゃこくかんしゅうこうつうしょうこうかいじょうやく,明治三十二年十月十二日
132IO0000000277,勅令,明治三十二年勅令第二百七十七号（行旅病人死亡人等ノ引取及費用弁償ニ関スル件）,こうりょびょうにんしぼうにんとうのひきとりおよびひようべんしょうにかんするけん,平成七年四月一日
132M10000040022,府省令,明治三十二年大蔵省令第二十二号（英国倫敦ニ於テ募集スル公債ニ関スル手続方法）,えいこくろんどんにおいてぼしゅうするこうさいにかんするてつづきほうほう,昭和二十七年十一月二十四日
132M10001000019,府省令,明治三十二年逓信省令第十九号（商法第七百九条ニ規定スル属具目録ノ書式ノ件）,しょうほうだいななひゃくきゅうじょうにきていするぞくぐもくろくのしょしきのけん,昭和二十三年四月二十二日
132M10001000024,府省令,船舶法施行細則,せんぱくほうしこうさいそく,令和七年六月二日
132M10001000035,府省令,水難救護法施行細則,すいなんきゅうごほうしこうさいそく,平成十二年四月一日
133AC0000000065,法律,鉄道営業法,てつどうえいぎょうほう,令和七年六月一日
133AC1000000033,法律,二十歳未満ノ者ノ喫煙ノ禁止ニ関スル法律,にじっさいみまんのもののきつえんのきんしにかんするほうりつ,令和四年四月一日
133AC1000000072,法律,明治三十三年法律第七十二号（地上権ニ関スル法律）,ちじょうけんにかんするほうりつ,明治三十三年三月二十七日
133IO0000000001,勅令,窒息セシムヘキ瓦斯又ハ有毒質ノ瓦斯ヲ散布スルヲ唯一ノ目的トスル投射物ノ使用ヲ各自ニ禁止スル宣言書,ちっそくせしむへきがすまたはゆうどくしつのがすをさんぷするをゆいいつのもくてきとするとうしゃぶつのしようをかくじにきんしするせんげんしょ,明治三十三年十一月二十二日
133IO0000000002,勅令,外包硬固ナル弾丸ニシテ其ノ外包中心ノ全部ヲ蓋包セス若ハ其ノ外包ニ截刻ヲ施シタルモノノ如キ人体内ニ入テ容易ニ開展シ又ハ扁平ト為ルヘキ弾丸ノ使用ヲ各自ニ禁止スル宣言書,がいほうこうこなるだんがんにしてそのがいほうちゅうしんのぜんぶをがいほうせすもしくはそのがいほうにせつこくをほどこしたるもののごときじんたいないにいりてよういにかいてんしまたはへんぺいとなるへきだんがんのしようをかくじにきんしするせんげんしょ,明治三十三年十一月二十二日
133IO0000000329,勅令,明治三十三年勅令第三百二十九号（救恤又ハ学芸技術奨励寄附金等ノ保管出納ニ関スル件）,きゅうじゅつもしくはがくげいぎじゅつしょうれいきふきんとうのほかんすいとうにかんするけん,平成九年八月二十九日
133IO0000000409,勅令,明治三十三年勅令第四百九号（相続人曠欠ノ場合ニ於テ国庫ニ帰属シタル財産ノ引渡ニ関スル件）,そうぞくにんこうけつのばあいにおいてこっこにきぞくしたるざいさんのひきわたしにかんするけん,明治三十三年十二月七日
133M10000010025,府省令,明治三十三年司法省令第二十五号（外国ニ於テ婚姻ヲ為ストキノ証明書ニ関スル件）,がいこくにおいてこんいんをなすときのしょうめいしょにかんするけん,明治三十三年七月十六日
133M10001000038,府省令,伝染病患者鉄道乗車規程,でんせんびょうかんじゃてつどうじょうしゃきてい,平成十一年四月一日
134IO0000000001,勅令,日西特別通商条約,にっせいとくべつつうしょうじょうやく,明治三十四年四月八日
135AC0000000011,法律,明治三十五年法律第十一号（警察署内ノ留置場ニ拘禁又ハ留置セラルル者ノ費用ニ関スル法律）,けいさつしょないのりゅうちじょうにこうきんまたはりゅうちせらるるもののひようにかんするほうりつ,平成十三年一月六日
135AC1000000050,法律,明治三十五年法律第五十号（年齢計算ニ関スル法律）,ねんれいけいさんにかんするほうりつ,明治三十五年十二月二十二日
135M10001000011,府省令,明治三十五年逓信省令第十一号（船舶積量互認ノ件ニ関シ帝国政府ト瑞典及諾威国両政府トノ間ニ取極ヲ為シタル条規）,せんぱくせきりょうごにんのけんにかんしていこくせいふとすうぇーでんおよびのるうぇーこくりょうせいふとのあいだにとりきめをなしたるじょうき,明治三十五年四月一日
137AC0000000017,法律,明治三十七年法律第十七号（記名ノ国債ヲ目的トスル質権ノ設定ニ関スル法律）,きめいのこくさいをもくてきとするしちけんのせっていにかんするほうりつ,平成十八年五月一日
138AC0000000052,法律,担保付社債信託法,たんぽつきしゃさいしんたくほう,令和十年六月十三日
138AC0000000053,法律,鉄道抵当法,てつどうていとうほう,令和十年六月十三日
138AC0000000054,法律,工場抵当法,こうじょうていとうほう,令和七年六月一日
138AC0000000055,法律,鉱業抵当法,こうぎょうていとうほう,平成二十四年一月二十一日
138AC0000000063,法律,外国裁判所ノ嘱託ニ因ル共助法,がいこくさいばんしょのしょくたくによるきょうじょほう,昭和十三年三月二十二日
138AC1000000066,法律,明治三十八年法律第六十六号（外国ニ於テ流通スル貨幣紙幣銀行券証券偽造変造及模造ニ関スル法律）,がいこくにおいてりゅうつうするかへいしへいぎんこうけんしょうけんぎぞうへんぞうおよびもぞうにかんするほうりつ,令和七年六月一日
138M10000008002,府省令,明治三十八年内務省令第二号（明治三十八年法律第六十六号ノ官没ニ関スル手続）,めいじさんじゅうはちねんほうりつだいろくじゅうろくごうのかんぼつにかんするつづき,明治三十八年三月二十日
138M10000020001,府省令,明治三十八年外務省令第一号（明治三十八年法律第六十六号ノ官没ニ関スル手続）,めいじさんじゅうはちねんほうりつだいろくじゅうろくごうのかんぼつにかんするてつづき,明治三十八年三月二十日
138M10000040051,府省令,明治三十八年大蔵省令第五十一号（印紙貼用方ノ件）,いんしちょうようかたのけん,大正九年六月二十四日
138M10001000037,府省令,鉄道抵当法施行規則,てつどうていとうほうしこうきそく,令和三年一月一日
139AC0000000034,法律,明治三十九年法律第三十四号（国債ニ関スル法律）,こくさいにかんするほうりつ,令和二年四月一日
139AC0000000051,法律,紙幣類似証券取締法,しへいるいじしょうけんとりしまりほう,令和七年六月一日
139IO0000000137,勅令,明治三十九年勅令第百三十七号（国債償還ノ為抽籤執行ノ場合ニ於ケル立会者ニ関スル件）,こくさいしょうかんのためちゅうせんしっこうのばあいにおけるたちあいしゃにかんするけん,平成十三年一月六日
139M10000200027,府省令,国有林野台帳規程,こくゆうりんやだいちょうきてい,令和二年十二月二十一日
140AC0000000045,法律,刑法,けいほう,令和八年五月二十二日
141AC0000000029,法律,刑法施行法,けいほうしこうほう,令和七年六月一日
141AC0000000050,法律,水害予防組合法,すいがいよぼうくみあいほう,平成二十八年四月一日
141AC0000000053,法律,公証人法,こうしょうにんほう,令和十年六月十三日
141AC0000000057,法律,北海道国有未開地処分法,ほっかいどうこくゆうみかいちしょぶんほう,平成十七年三月七日
141IO0000000191,勅令,水害予防組合職員賠償責任及身元保証令,すいがいよぼうくみあいしょくいんばいしょうせきにんおよびみもとほしょうれい,平成二十八年四月一日
141IO0000000217,勅令,明治四十一年勅令第二百十七号（刑法施行前ニ公布シタル命令ニ関スル件）,けいほうしこうまえにこうふしたるめいれいにかんするけん,明治四十一年九月二十四日
141IO0000000287,勅令,明治四十一年勅令第二百八十七号（政府ニ納ムヘキ保証金其ノ他ノ担保ニ充用スル国債ノ価格ニ関スル件）,せいふにおさむべきほしょうきんそのたのたんぽにじゅうようするこくさいのかかくにかんするけん,平成十三年一月六日
141IO0000000291,勅令,勲章褫奪令,くんしょうちだつれい,令和七年六月一日
141M10000001002,府省令,勲章褫奪令施行細則,くんしょうちだつれいしこうさいそく,令和七年六月一日
141M10000008013,府省令,明治四十一年内務省令第十三号（水害予防組合法ニ依ル予算調製ノ式及費目流用其ノ他財務ニ関スル件）,すいがいよぼうくみあいほうによるよさんちょうせいのしきおよびひもくりゅうようそのたざいむにかんするけん,令和元年五月七日
141M10000008014,府省令,水害予防組合法第八十二条ニ依ル水害予防組合吏員服務紀律,すいがいよぼうくみあいほうだいはちじゅうにじょうによるすいがいよぼうくみあいりいんふくむきりつ,平成十二年四月一日
142AC0000000008,法律,明治四十二年法律第八号（登録国債ノ担保充用ニ関スル法律）,とうろくこくさいのたんぽじゅうようにかんするほうりつ,明治四十二年三月二十二日
142AC0000000009,法律,明治四十二年法律第九号（政府ニ対スル保証金其ノ他ノ担保ニ供シタル国債ノ買入銷却ニ関スル法律）,せいふにたいするほしょうきんそのたのたんぽにきょうしたるこくさいのかいいれさうきゃくにかんするほうりつ,平成十三年一月六日
142AC0000000022,法律,明治四十二年法律第二十二号（立木ニ関スル法律）,りゅうぼくにかんするほうりつ,平成十七年三月七日
142AC0000000028,法律,明治四十二年法律第二十八号（軌道ノ抵当ニ関スル法律）,きどうのていとうにかんするほうりつ,昭和六十一年十二月四日
142AC0000000039,法律,印紙犯罪処罰法,いんしはんざいしょばつほう,令和七年六月一日
142IO0000000120,勅令,明治四十二年勅令第百二十号（刑法施行後施行ノ命令ニ掲ケタル刑法ノ刑名ニ関スル件）,けいほうしこうごしこうのめいれいにかかげたるけいほうのけいめいにかんするけん,明治四十二年五月一日
142M10000001006,府省令,軌道抵当取扱規則,きどうていとうとりあつかいきそく,平成十三年一月六日
142M10000008013,府省令,明治四十二年内務省令第十三号（印紙犯罪処罰法第五条ノ官没手続）,いんしはんざいしょばつほうだいごじょうのかんぼつてつづき,明治四十二年四月二十八日
142M10000040028,府省令,明治四十二年大蔵省令第二十八号（印紙犯罪処罰法第五条ノ官没手続）,いんしはんざいしょばつほうだいごじょうのかんぼつてつづき,明治四十二年四月二十八日
143AC0000000054,法律,関税定率法,かんぜいていりつほう,令和十年四月一日
143AC1000000056,法律,明治四十三年法律第五十六号（立木ノ先取特権ニ関スル法律）,りゅうぼくのせんしゅとっけんにかんするほうりつ,明治四十三年四月十六日
143M10000040024,府省令,第三回四分利付英貨公債発行規程,だいさんかいよんぶんりつきえいかこうさいはっこうきてい,昭和二十七年十一月二十四日
145AC0000000021,法律,臘虎膃肭獣猟獲取締法,らっこおっとせいりょうかくとりしまりほう,令和七年六月一日
145M10001000033,府省令,明治四十五年逓信省令第三十三号（船舶積量互認ノ件ニ関シ帝国政府ト和蘭国政府トノ間ニ取極ヲ為シタル条規）,せんぱくせきりょうごにんのけんにかんしていこくせいふとおらんだこくせいふとのあいだにとりきめをなしたるじょうき,明治四十五年七月一日
201M10000001001,府省令,大正元年閣令第一号（大喪中ノ国旗掲揚方）,たいそうなかのこっきけいようほう,大正元年七月三十日
202AC1000000016,法律,運河法,うんがほう,平成十七年四月一日
202M10000008017,府省令,運河法施行規則,うんがほうしこうきそく,平成十七年三月七日
203AC1000000037,法律,大正三年法律第三十七号（公共団体ノ管理スル公共用土地物件ノ使用ニ関スル法律）,こうきょうだんたいのかんりするこうきょうようとちぶっけんのしようにかんするほうりつ,昭和二十三年六月十四日
203M10001000011,府省令,発電水力調査図表類交付規則,はつでんすいりょくちょうさずひょうるいこうふきそく,令和二年十二月二十八日
204AC0000000013,法律,大正四年法律第十三号（日本学士院学術研究奨励金委任経理ニ関スル法律）,にほんがくしいんがくじゅつけんきゅうしょうれいきんいにんけいりにかんするほうりつ,大正四年六月二十一日
204AC0000000018,法律,大正四年法律第十八号（法人ノ役員処罰ニ関スル法律）,ほうじんのやくいんしょばつにかんするほうりつ,令和七年六月一日
204IO0000000154,勅令,大正四年勅令第百五十四号（大礼記念章制定ノ件）,たいれいきねんしょうせいていのけん,大正四年八月十三日
205AC0000000010,法律,大正五年法律第十号（証券ヲ以テスル歳入納付ニ関スル法律）,しょうけんをもってするさいにゅうのうふにかんするほうりつ,平成十五年四月一日
205AC0000000020,法律,海底電信線保護万国連合条約罰則,かいていでんしんせんほごばんこくれんごうじょうやくばっそく,令和七年六月一日
205IO0000000256,勅令,大正五年勅令第二百五十六号（歳入納付ニ使用スル証券ニ関スル件）,さいにゅうのうふにしようするしょうけんにかんするけん,平成十九年十月一日
205M10000010035,府省令,大正五年司法省令第三十五号（司法省主管歳入証券納付ニ関スル件）,しほうしょうしゅかんさいにゅうしょうけんのうふにかんするけん,大正十一年六月二日
205M10000040030,府省令,大正五年大蔵省令第三十号（歳入納付ニ使用スル証券ニ関スル件ニ依ル証券ノ納付ニ関スル制限ノ件）,さいにゅうのうふにしようするしょうけんにかんするけんによるしょうけんののうふにかんするせいげんのけん,令和四年十一月四日
205M10000040031,府省令,大正五年大蔵省令第三十一号（財務省主管歳入証券納付ニ関スル件）,ざいむしょうしゅかんさいにゅうしょうけんのうふにかんするけん,平成十九年十月一日
205M10000040032,府省令,大正五年大蔵省令第三十二号（証券ヲ以テスル歳入納付ニ関スル法律施行細則）,しょうけんをもってするさいにゅうのうふにかんするほうりつしこうさいそく,令和三年一月一日
205M10000200030,府省令,大正五年農商務省令第三十号（農商省主管歳入証券納付ニ関スル件）,たいしょうごねんのうしょうむしょうれいだいさんじゅうごうのうしょうしょうしゅかんさいにゅうしょうけんのうふにかんするけん,昭和十八年十一月十五日
206M10000020002,府省令,大正六年外務省令第二号（外務省主管歳入証券納付ニ関スル件）,がいむしょうしゅかんさいにゅうしょうけんのうふにかんするけん,大正六年一月二十七日
210AC0000000057,法律,公有水面埋立法,こうゆうすいめんうめたてほう,令和八年五月二十五日
210AC0000000076,法律,軌道法,きどうほう,令和四年四月一日
210AC0000000102,法律,大正十年法律第百二号（定年ニ因ル退職判事検察官ノ恩給ニ関スル法律）,ていねんによるたいしょくはんじけんさつかんのおんきゅうにかんするほうりつ,令和五年四月一日
210IO0000000272,勅令,大正十年勅令第二百七十二号（第一回国勢調査記念章制定ノ件）,だいいっかいこくせいちょうさきねんしょうせいていのけん,大正十年六月十七日
211AC0000000070,法律,健康保険法,けんこうほけんほう,令和十年十二月十一日
211AC1000000020,法律,二十歳未満ノ者ノ飲酒ノ禁止ニ関スル法律,にじっさいみまんのもののいんしゅのきんしにかんするほうりつ,令和四年四月一日
211IO0000000194,勅令,公有水面埋立法施行令,こうゆうすいめんうめたてほうしこうれい,平成二十七年四月一日
211M10000010045,府省令,大正十一年司法省令第四十五号（信託表示簿及日附アル印章調製方）,しんたくひょうじぼおよびひづけあるいんしょうちょうせいかた,昭和二十四年六月一日
211M10000040005,府省令,保管金取扱規程,ほかんきんとりあつかいきてい,令和三年七月十九日
211M10000040007,府省令,政府所有有価証券取扱規程,せいふしょゆうゆうかしょうけんとりあつかいきてい,令和三年一月一日
211M10000040008,府省令,政府保管有価証券取扱規程,せいふほかんゆうかしょうけんとりあつかいきてい,令和三年一月一日
211M10000040009,府省令,供託有価証券取扱規程,きょうたくゆうかしょうけんとりあつかいきてい,昭和四十八年一月十九日
211M10000040011,府省令,日本銀行政府有価証券取扱規程,にほんぎんこうせいふゆうかしょうけんとりあつかいきてい,令和三年一月一日
211M10000040020,府省令,国の会計帳簿及び書類の様式等に関する省令,くにのかいけいちょうぼおよびしょるいのようしきとうにかんするしょうれい,令和七年四月一日
211M10000040031,府省令,国債規則,こくさいきそく,令和八年四月一日
211M10000040032,府省令,日本銀行国債事務取扱規程,にほんぎんこうこくさいじむとりあつかいきてい,令和七年四月一日
211M10000040043,府省令,大正十一年大蔵省令第四十三号（会計法規ニ基ク出納計算ノ数字及記載事項ノ訂正ニ関スル件）,かいけいほうきにもとづくすいとうけいさんのすうじおよびきさいじこうのていせいにかんするけん,令和三年一月一日
211M10001000045,府省令,大正十一年逓信省令第四十五号（船舶満載吃水線証書互認ノ件ニ関シ帝国政府ト独逸国政府トノ間ニ取極ヲ為シタル条規）,せんぱくまんさいきっすいせんしょうしょごにんのけんにかんしていこくせいふとどいつこくせいふとのあいだにとりきめをなしたるじょうき,大正十一年八月一日
211M10001000056,府省令,大正十一年逓信省令第五十六号（船舶積量互認ノ件ニ関シ帝国政府ト丁抹国政府トノ間ニ取極ヲ為シタル条規）,せんぱくせきりょうごにんのけんにかんしていこくせいふとでんまーくこくせいふとのあいだにとりきめをなしたるじょうき,大正十一年十月一日
212AC0000000048,法律,恩給法,おんきゅうほう,令和七年六月一日
212AC0000000050,法律,陪審法,ばいしんほう,令和五年四月一日
212IO0000000299,勅令,大正十二年勅令第二百九十九号（政府ニ於テ物品ノ販売ヲ問屋業者ニ委託スルコトヲ得ル場合ニ関スル件）,せいふにおいてぶっぴんのはんばいをとんやぎょうしゃにいたくすることをえるばあいにかんするけん,昭和十四年十一月十一日
212IO0000000369,勅令,恩給給与規則,おんきゅうきゅうよきそく,令和七年六月一日
212IO0000000439,勅令,恩給金額分担及国庫納金収入等取扱規則,おんきゅうきんがくぶんたんきゅうこっこのうきんしゅうにゅうとうとりあつかいきそく,昭和二十七年三月三十一日
212IO0000000528,勅令,大正十二年勅令第五百二十八号（司法警察官吏及司法警察官吏ノ職務ヲ行フヘキ者ノ指定等ニ関スル件）,しほうけいさつかんりおよびしほうけいさつかんりのしょくむをおこなうへきもののしていとうにかんするけん,昭和二十三年八月一日
212M10000008045,府省令,専用軌道規則,せんようきどうきそく,令和四年四月一日
212M10000040030,府省令,恩給金額分担及国庫納金収入等事務取扱細則,おんきゅうきんがくぶんたんきゅうこっこのうきんしゅうにゅうとうじむとりあつかいさいそく,平成元年四月六日
212M10000800004,府省令,軌道運輸規程,きどううんゆきてい,令和五年十月十五日
212M10000800006,府省令,軌道係員規程,きどうかかりいんきてい,昭和六十二年三月二十七日
212M10000808000,府省令,軌道法施行規則,きどうほうしこうきそく,令和六年四月一日
212M10000808001,府省令,軌道建設規程,きどうけんせつきてい,令和四年四月一日
212M10001000052,府省令,大正十二年逓信省令第五十二号（船舶積量互認ノ件ニ関シ帝国政府ト英国政府トノ間ニ取極ヲ為シタル条規）,せんぱくせきりょうごにんのけんにかんしていこくせいふとえいこくせいふとのあいだにとりきめをなしたるじょうき,大正十二年六月二十日
213IO0000000017,勅令,大正十三年勅令第十七号（米貨公債及英貨公債ノ発行ニ関スル件）,べいかこうさいきゅうえいかこうさいのはっこうにかんするけん,大正十三年二月十三日
213M10000040003,府省令,六分半利付米貨公債発行規程,ろくぶはんりつきべいかこうさいはっこうきてい,昭和三十年十月一日
213M10000040004,府省令,六分利付英貨公債発行規程,ろくぶりつきえいかこうさいはっこうきてい,昭和二十七年十一月二十四日
214AC0000000009,法律,漁業財団抵当法,ぎょぎょうざいだんていとうほう,令和二年十二月一日
214AC0000000042,法律,外国人土地法,がいこくじんとちほう,大正十五年十一月十日
214M10001000087,府省令,大正十四年逓信省令第八十七号（仏蘭西国船舶ノ検査ニ関スル件）,ふらんすくにせんぱくのけんさにかんするけん,昭和二十年五月十九日
215AC0000000060,法律,大正十五年法律第六十号（暴力行為等処罰ニ関スル法律）,ぼうりょくこういとうしょばつにかんするほうりつ,令和七年六月一日
215AC0000000062,法律,民事訴訟法中改正法律施行法,みんじそしょうほうなかかいせいほうりつしこうほう,昭和四年十月一日
215IO0000000243,勅令,健康保険法施行令,けんこうほけんほうしこうれい,令和八年四月一日
215IO0000000325,勅令,位階令,いかいれい,令和七年六月一日
215M10000001006,府省令,位階令施行細則,いかいれいしこうさいそく,令和七年六月一日
215M10000008036,府省令,健康保険法施行規則,けんこうほけんほうしこうきそく,令和八年四月一日
215M10001000024,府省令,大正十五年逓信省令第二十四号（船舶満載吃水線証書互認ノ件ニ関シ帝国政府ト丁抹国政府トノ間ニ為シタル取極ニ関スル件）,せんぱくまんさいきっすいせんしょうしょごにんのけんにかんしていこくせいふとでんまーくこくせいふとのかんにためしたるしゅきょくにかんするけん,大正十五年八月一日
302AC0000000055,法律,日本銀行特別融通及損失補償法,にほんぎんこうとくべつゆうづうおよびそんしつほしょうほう,平成十三年一月六日
302IO0000000263,勅令,北海道国有未開地処分法施行規則,ほっかいどうこくゆうみかいちしょぶんほうしこうきそく,昭和八年六月十七日
302M10000010016,府省令,陪審法施行規則,ばいしんほうしこうきそく,昭和十六年三月二十九日
302M10000040012,府省令,日本銀行特別融通及損失補償法第一条ニ依ル特別融通ニ関スル規程,にほんぎんこうとくべつゆうづうきゅうそんしつほしょうほうだいいちじょうによるとくべつゆうづうにかんするきてい,昭和二十年七月二十四日
303IO0000000188,勅令,昭和三年勅令第百八十八号（大礼記念章制定ノ件）,たいれいきねんしょうせいていのけん,昭和三年八月一日
304M10001000017,府省令,昭和四年逓信省令第十七号（船舶積量ニ関シ独逸国船舶取扱ニ関スル件）,せんぱくせきりょうにかんしどいつこくせんぱくとりあつかいにかんするけん,昭和四年六月一日
305AC0000000009,法律,昭和五年法律第九号（盗犯等ノ防止及処分ニ関スル法律）,とうはんとうのぼうしおよびしょぶんにかんするほうりつ,令和七年六月一日
305IO0000000036,勅令,昭和五年勅令第三十六号（高等師範学校専攻科卒業者ノ称号ニ関スル件）,こうとうしはんがっこうせんこうかそつぎょうしゃのしょうごうにかんするけん,昭和五年三月六日
305IO0000000148,勅令,帝都復興記念章令,ていとふっこうきねんしょうれい,昭和五年八月十三日
305M10000040009,府省令,五分半利付英貨公債発行規程,ごぶはんりつきえいかこうさいはっこうきてい,昭和二十七年十一月二十四日
305M10001800000,府省令,鉄道船舶通シ運送規則,てつどうせんぱくとおしうんそうきそく,令和元年六月二十八日
306AC0000000008,法律,昭和六年法律第八号（特別会計ノ恩給負担金ヲ一般会計ニ繰入ルルコトニ関スル法律）,とくべつかいけいのおんきゅうふたんきんをいっぱんかいけいにくりいるることにかんするほうりつ,昭和六年三月二十八日
306AC0000000009,法律,昭和六年法律第九号（特別会計ニ於ケル営繕費ニ関スル法律）,とくべつかいけいにおけるえいぜんひにかんするほうりつ,昭和二十二年三月三十一日
306AC0000000015,法律,抵当証券法,ていとうしょうけんほう,令和五年四月一日
306AC0000000042,法律,無尽業法,むじんぎょうほう,令和十年六月十三日
306IO0000000203,勅令,昭和六年勅令第二百三号（特別会計ノ恩給負担金ヲ一般会計ニ繰入ルルコトニ関スル法律ノ施行ニ関スル件）,とくべつかいけいのおんきゅうふたんきんをいっぱんかいけいにくりいるることにかんするほうりつのしこうにかんするけん,平成二十六年五月三十日
306M10000010022,府省令,抵当証券法施行細則,ていとうしょうけんほうせこうさいそく,令和六年六月二十四日
306M10000040023,府省令,無尽業法施行細則,むじんぎょうほうしこうさいそく,令和七年九月三十日
306M10000040027,府省令,昭和六年大蔵省令第二十七号（特別会計ノ恩給負担金ヲ一般会計ニ繰入ルルコトニ関スル法律施行事務取扱細則）,とくべつかいけいのおんきゅうふたんきんをいっぱんかいけいにくりいるることにかんするほうりつしこうじむとりあつかいさいそく,平成十三年一月六日
307AC0000000016,法律,昭和七年法律第十六号（国債ノ価額計算ニ関スル法律）,こくさいのかがくけいさんにかんするほうりつ,平成十八年五月一日
307AC0000000020,法律,手形法,てがたほう,令和十年六月十三日
307IO0000000012,勅令,昭和七年勅令第十二号（明治四十二年法律第二十二号第一条第二項ノ規定ニ依リ樹木ノ集団ノ範囲ヲ定ムルノ件）,めいじよんじゅうにねんほうりつだいにじゅうにごうだいいちじょうだいにこうのきていによりじゅもくのしゅうだんのはんいをさだむるのけん,昭和七年二月三日
308AC0000000011,法律,船舶安全法,せんぱくあんぜんほう,令和七年六月一日
308AC0000000021,法律,農村負債整理組合法,のうそんふさいせいりくみあいほう,令和七年六月一日
308AC0000000030,法律,農業動産信用法,のうぎょうどうさんしんようほう,令和七年六月一日
308AC0000000057,法律,小切手法,こぎってほう,令和二年四月一日
308AC1000000042,法律,昭和八年法律第四十二号（身元保証ニ関スル法律）,みもとほしょうにかんするほうりつ,昭和八年四月一日
308IO0000000307,勅令,農業動産信用法施行令,のうぎょうどうさんしんようほうしこうれい,平成三十一年三月二十五日
308IO0000000309,勅令,農業用動産抵当権実行令,のうぎょうようどうさんていとうけんじっこうれい,平成二十五年一月一日
308IO0000000316,勅令,拒絶証書令,きょぜつしょうしょれい,昭和四十一年十二月二十日
308IO0000000317,勅令,昭和八年勅令第三百十七号（小切手ノ呈示期間ノ特例ニ関スル件）,こぎってのていじきかんのとくれいにかんするけん,昭和八年十二月十三日
308IO0000000329,勅令,昭和八年勅令第三百二十九号（小切手法ノ適用ニ付銀行ト同視スベキ人又ハ施設ヲ定ムルノ件）,こぎってほうのてきようにつきぎんこうとどうしすべきひとまたはしせつをさだむるのけん,平成二十年十月一日
308M10000010033,府省令,自動車交通事業財団抵当登記取扱手続,じどうしゃこうつうじぎょうざいだんていとうとうきとりあつかいてつづき,昭和二十四年六月一日
308M10001000051,府省令,国際信号旗ノ寸法ニ関スル件,こくさいしんごうきのすんぽうにかんするけん,昭和四十四年三月十九日
308M10010048000,府省令,農村負債整理組合法施行規則,のうそんふさいせいりくみあいほうしこうきそく,昭和十九年五月二十六日
309IO0000000013,勅令,船舶安全法施行令,せんぱくあんぜんほうしこうれい,平成二十八年四月一日
309M10001000006,府省令,船舶設備規程,せんぱくせつびきてい,令和八年一月一日
309M10011000000,府省令,漁船特殊規則,ぎょせんとくしゅきそく,平成十三年一月六日
309M10011000001,府省令,漁船特殊規程,ぎょせんとくしゅきてい,令和六年一月一日
310M10000040008,府省令,昭和十年大蔵省令第八号（供託官吏ノ振出シタル小切手ニシテ其ノ振出日附後一年ヲ経過シタル場合及供託金ガ政府ノ所得ニ帰シタル場合ノ取扱方ニ関スル件）,きょうたくかんりのふりだししたるこぎってにしてそのふりだしひづけごいちねんをけいかしたるばあいおよびきょうたくきんがせいふのしょとくにきしたるばあいのとりあつかいかたにかんするけん,昭和十年四月十五日
311M10000020004,府省令,昭和十一年外務省令第四号（外務省並ニ在外公館ヘ納ムル収入印紙ノ消印方）,がいむしょうならびにざいがいこうかんへおさむるしゅうにゅういんしのけしいんほう,昭和十一年二月十二日
311M10001000071,府省令,英国船舶ノ検査ニ関スル件,えいこくせんぱくのけんさにかんするけん,昭和三十八年十月一日
312AC0000000025,法律,森林保険法,しんりんほけんほう,平成二十九年四月一日
312IO0000000009,勅令,文化勲章令,ぶんかくんしょうれい,昭和十二年二月十一日
312M10000040014,府省令,昭和十二年大蔵省令第十四号（収入印紙ノ紙質ニ関スル件）,しゅうにゅういんしのししつにかんするけん,昭和十二年五月二十一日
312M10001000031,府省令,船用品試験機試験規程,ふねようひんしけんきしけんきてい,昭和二十年五月十九日
313AC0000000071,法律,陸上交通事業調整法,りくじょうこうつうじぎょうちょうせいほう,平成二十八年四月一日
313IO0000000517,勅令,陸上交通事業調整法施行令,りくじょうこうつうじぎょうちょうせいほうしこうれい,平成十三年一月六日
313M10000808001,府省令,陸上交通事業調整法施行規則,りくじょうこうつうじぎょうちょうせいほうしこうきそく,平成十九年四月三日
314AC0000000073,法律,船員保険法,せんいんほけんほう,令和十年四月一日
314M10000040025,府省令,昭和十四年大蔵省令第二十五号（明治四十二年法律第九号但書ノ規定ニ依ル命令ノ件）,めいじよんじゅうにねんほうりつだいきゅうごうただしがきのきていによるめいれいのけん,昭和十四年六月十三日
314M10000040026,府省令,昭和十四年大蔵省令第二十六号（明治四十一年勅令第二百八十七号第二項ノ規定ニ依リ国債ノ発行価格ニ加算スベキ金額ニ関スル件）,めいじよんじゅういちねんちょくれいだいにひゃくはちじゅうななごうだいにこうのきていによりこくさいのはっこうかかくにかさんすべききんがくにかんするけん,昭和十四年六月十三日
315IO0000000488,勅令,紀元二千六百年祝典記念章令,きげんにせんろくぴゃくねんしゅくてんきねんしょうれい,昭和十五年七月二十七日
315IO0000000943,勅令,昭和十五年勅令第九百四十三号（農村負債整理組合法第八条ノ規定ニ依リ同法第十一条ノ事業ヲ行フコトヲ得ル法人ヲ定ムルノ件）,のうそんふさいせいりくみあいほうだいはちじょうのきていによりどうほうだいじゅういちじょうのじぎょうをおこなうことをえるほうじんをさだむるのけん,昭和十八年九月十日
315M10000100005,府省令,船員保険法施行規則,せんいんほけんほうしこうきそく,令和八年四月一日
316IO0000000363,勅令,昭和十六年勅令第三百六十三号（無尽業法第二十一条ノ八ノ規定ニ依ル登記ニ関スル件）,むじんぎょうほうだいにじゅういちじょうのはちのきていによるとうきにかんするけん,平成十八年五月一日
316M10000010026,府省令,無尽会社ノ管理ニ関スル登記取扱手続,むじんかいしゃノかんりニかんスルとうきとりあつかいてつづき,平成十七年三月七日
317M10000800003,府省令,鉄道運輸規程,てつどううんゆきてい,令和五年十月十五日
318AC0000000043,法律,金融機関の信託業務の兼営等に関する法律,きんゆうきかんのしんたくぎょうむのけんえいとうにかんするほうりつ,令和七年六月一日
318AC0000000061,法律,昭和十八年法律第六十一号（占領地軍政官憲ノ為シタル行為ノ法律上ノ効力等ニ関スル法律）,せんりょうちぐんせいかんけんのなしたるこういのほうりつじょうのこうりょくとうにかんするほうりつ,昭和十八年三月十五日
318AC0000000088,法律,昭和十八年法律第八十八号（陪審法ノ停止ニ関スル法律）,ばいしんほうのていしにかんするほうりつ,昭和二十一年三月二十三日
318IO0000000618,勅令,昭和十八年勅令第六百十八号（昭和六年法律第八号ニ依リ各特別会計ヨリ一般会計ニ繰入ルル金額ノ計算ニ関スル特例ニ関スル件）,しょうわろくねんほうりつだいはちごうによりかくとくべつかいけいよりいっぱんかいけいにくりいるるきんがくのけいさんにかんするとくれいにかんするけん,昭和十八年七月二十八日
318IO0000000622,勅令,昭和十八年勅令第六百二十二号（占領地軍政官憲ノ為シタル行為ノ法律上ノ効力等ニ関スル法律ノ施行ニ関スル件）,せんりょうちぐんせいかんけんのなしたるこういのほうりつじょうのこうりょくとうにかんするほうりつのせこうにかんするけん,昭和十八年七月二十八日
318M20000140001,府省令,厚生年金保険福祉施設資金融通規程,こうせいねんきんほけんふくししせつしきんゆうづうきてい,昭和二十五年五月四日
319IO0000000076,勅令,官吏功労表彰令,かんりこうろうひょうしょうれい,昭和二十二年五月三日
319M20000001009,府省令,官吏功労表彰令施行規則,かんりこうろうひょうしょうれいしこうきそく,昭和十九年二月十五日
319M20001000111,府省令,昭和十九年運輸通信省令第百十一号（荷受人及荷送人ヲ確知スルコト能ハザル鉄道運送品等ノ公告ニ関スル件）,にうけにんおよびにそうにんをかくちすることあたはざるてつどううんそうひんとうのこうこくにかんするけん,昭和六十二年三月二十七日
320AC0000000046,法律,昭和二十年法律第四十六号（戦時民事特別法廃止法律）,せんじみんじとくべつほうはいしほうりつ,昭和二十六年六月九日
320IO0000000699,勅令,昭和二十年勅令第六百九十九号（位、勲章等ノ返上ノ請願ニ関スル件）,くらいくんしょうとうのへんじょうのせいがんにかんするけん,昭和二十年十二月七日
320IO0000000730,法律,昭和二十年勅令第七百三十号（政治犯人等ノ資格回復ニ関スル件）,せいじはんにんとうのしかくかいふくにかんするけん,昭和二十年十二月二十九日
320M20000800040,法律,昭和二十年運輸省令第四十号（航海ノ制限等ニ関スル件）,こうかいのせいげんとうにかんするけん,令和七年六月一日
320M30000001068,府省令,昭和二十年閣令第六十八号（位、勲章等ノ返上ノ請願ニ関スル件施行ノ件）,くらいくんしょうとうのへんじょうのせいがんにかんするけんせこうのけん,令和二年十二月二十二日
320M30002000002,府省令,昭和二十年一復省令第二号（死亡等ニ関スル諸手続ヲ完了セル軍人及軍属中生還セル者ノアリタル場合ニ於ケル届出ニ関スル件）,しょうわにじゅうねんいちふくしょうれいだいにごうしぼうとうにかんするしょてつづきをかんりょうせるぐんじんおよびぐんぞくちゅうせいかんせるもののありたるばあいにおけるとどけでにかんするけん,昭和二十年十二月二十一日
321AC0000000006,法律,金融機関経理応急措置法,きんゆうきかんけいりおうきゅうそちほう,昭和五十五年十月一日
321AC0000000007,法律,会社経理応急措置法,かいしゃけいりおうきゅうそちほう,令和七年六月一日
321AC0000000024,法律,昭和二十一年法律第二十四号（法人に対する政府の財政援助の制限に関する法律）,ほうじんにたいするせいふのざいせいえんじょのせいげんにかんするほうりつ,平成十三年一月六日
321AC0000000025,法律,労働関係調整法,ろうどうかんけいちょうせいほう,平成二十八年四月一日
321AC0000000039,法律,金融機関再建整備法,きんゆうきかんさいけんせいびほう,平成二十年一月四日
321AC0000000040,法律,企業再建整備法,きぎょうさいけんせいびほう,令和七年六月一日
321AC0000000056,法律,大蔵省預金部等損失特別処理法,おおくらしょうよきんぶとうそんしつとくべつしょりほう,平成十三年四月一日
321CONSTITUTION,憲法,日本国憲法,にほんこくけんぽう,昭和二十二年五月三日
321IO0000000118,法律,物価統制令,ぶっかとうせいれい,令和七年六月一日
321IO0000000390,勅令,金融機関経理応急措置法施行令,きんゆうきかんけいりおうきゅうそちほうしこうれい,平成十三年一月六日
321IO0000000391,勅令,会社経理応急措置法施行令,かいしゃけいりおうきゅうそちほうせこうれい,令和二年十二月一日
321IO0000000447,勅令,人口動態調査令,じんこうどうたいちょうされい,平成二十八年四月一日
321IO0000000478,勅令,労働関係調整法施行令,ろうどうかんけいちょうせいほうせこうれい,平成二十年十月一日
321IO0000000499,勅令,金融機関再建整備法施行令,きんゆうきかんさいけんせいびほうしこうれい,平成二十年一月四日
321IO0000000501,勅令,企業再建整備法施行令,きぎょうさいけんせいびほうしこうれい,令和二年十二月一日
321IO0000000558,勅令,予算決算及び会計令臨時特例,よさんけっさんおよびかいけいれいりんじとくれい,令和七年四月一日
321M30000010070,府省令,特別経理会社等に関する登記取扱手続,とくべつけいりかいしゃとうにかんするとうきとりあつかいてつづき,平成十七年三月七日
321M30000040092,府省令,金融機関経理応急措置法施行規則,きんゆうきかんけいりおうきゅうそちほうしこうきそく,昭和二十三年四月十六日
321M30000100042,法律,昭和二十一年厚生省令第四十二号（死産の届出に関する規程）,しざんのとどけでにかんするきてい,令和三年九月一日
321M30000140001,府省令,昭和二十一年大蔵省・厚生省令第一号（会社経理応急措置法施行令第八条第三項、第十二条第二項及び第十三条第二号の規定による命令）,かいしゃけいりおうきゅうそちほうしこうれいだいはちじょうだいさんこうだいじゅうにじょうだいにこうおよびだいじゅうさんじょうだいにごうのきていによるめいれい,昭和二十一年十月二十八日
321M30000640001,府省令,金融機関再建整備法施行規則,きんゆうきかんさいけんせいびほうしこうきそく,平成八年四月一日
321M30000F40001,府省令,会社経理応急措置法施行規則,かいしゃけいりおうきゅうそちほうしこうきそく,昭和二十六年六月三十日
321M30000F40002,府省令,昭和二十一年大蔵省・厚生省・農林省・商工省・運輸省令第二号（会社経理応急措置法施行令第二十四条の規定による債権に関する件）,かいしゃけいりおうきゅうそちほうしこうれいだいにじゅうよんじょうのきていによるさいけんにかんするけん,平成十三年一月六日
321M30000F50001,府省令,企業再建整備法施行規則,きぎょうさいけんせいびほうせこうきそく,昭和五十五年九月三十日
321M30004000001,府省令,昭和二十一年二復省令第一号（死亡ニ関スル諸手続ヲ完了シタル海軍軍人及軍属生還シタル場合ニ於ケル届出等ニ関スル件）,しょうわにじゅういちねんにふくしょうれいだいいちごうしぼうにかんするしょてつづきをかんりょうしたるかいぐんぐんじんおよびぐんぞくせいかんしたるばあいにおけるとどけでとうにかんするけん,昭和二十一年一月三十日
322AC0000000003,法律,皇室典範,こうしつてんぱん,平成三十一年四月三十日
322AC0000000004,法律,皇室経済法,こうしつけいざいほう,平成十三年一月六日
322AC0000000005,法律,内閣法,ないかくほう,令和八年十月一日
322AC0000000013,法律,請願法,せいがんほう,昭和二十二年三月十三日
322AC0000000020,法律,恩赦法,おんしゃほう,令和九年三月三十一日
322AC0000000026,法律,学校教育法,がっこうきょういくほう,令和八年四月一日
322AC0000000034,法律,財政法,ざいせいほう,令和三年九月一日
322AC0000000035,法律,会計法,かいけいほう,令和二年四月一日
322AC0000000042,法律,昭和二十二年法律第四十二号（公債金特別会計法外四法律の廃止等に関する法律）,こうさいきんとくべつかいけいほうがいしほうりつのはいしとうにかんするほうりつ,昭和三十九年四月三日
322AC0000000049,法律,労働基準法,ろうどうきじゅんほう,令和七年六月一日
322AC0000000050,法律,労働者災害補償保険法,ろうどうしゃさいがいほしょうほけんほう,令和八年五月十三日
322AC0000000053,法律,昭和二十二年法律第五十三号（社寺等に無償で貸し付けてある国有財産の処分に関する法律）,しゃじとうにむしょうでかしつけてあるこくゆうざいさんのしょぶんにかんするほうりつ,昭和三十七年十月一日
322AC0000000054,法律,昭和二十二年法律第五十四号（私的独占の禁止及び公正取引の確保に関する法律）,してきどくせんのきんしおよびこうせいとりひきのかくほにかんするほうりつ,令和八年五月二十一日
322AC0000000059,法律,裁判所法,さいばんしょほう,令和十年六月十三日
322AC0000000060,法律,裁判所法施行法,さいばんしょほうしこうほう,昭和二十二年十月二十九日
322AC0000000061,法律,検察庁法,けんさつちょうほう,令和七年六月一日
322AC0000000063,法律,下級裁判所の設立及び管轄区域に関する法律,かきゅうさいばんしょのせつりつおよびかんかつくいきにかんするほうりつ,平成十七年三月二十一日
322AC0000000067,法律,地方自治法,ちほうじちほう,令和十年十二月十一日
322AC0000000070,法律,宮内庁法,くないちょうほう,令和元年五月一日
322AC0000000072,法律,昭和二十二年法律第七十二号（日本国憲法施行の際現に効力を有する命令の規定の効力等に関する法律）,にほんこくけんぽうしこうのさいげんにこうりょくをゆうするめいれいのきていのこうりょくとうにかんするほうりつ,昭和二十三年六月三十日
322AC0000000073,法律,会計検査院法,かいけいけんさいんほう,令和七年六月一日
322AC0000000100,法律,船員法,せんいんほう,令和八年四月一日
322AC0000000101,法律,地域保健法,ちいきほけんほう,令和九年四月一日
322AC0000000109,法律,昭和二十二年法律第百九号（生命保険中央会及び損害保険中央会の保険業務に関する権利義務の承継等に関する法律）,せいめいほけんちゅうおうかいおよびそんがいほけんちゅうおうかいのほけんぎょうむにかんするけんりぎむのしょうけいとうにかんするほうりつ,平成十三年一月六日
322AC0000000111,法律,昭和二十二年法律第百十一号（皇族の身分を離れた者及び皇族となつた者の戸籍に関する法律）,こうぞくのみぶんをはなれたものおよびこうぞくとなつたもののこせきにかんするほうりつ,昭和二十四年五月十九日
322AC0000000113,法律,皇室経済法施行法,こうしつけいざいほうしこうほう,平成八年四月一日
322AC0000000117,法律,昭和二十二年法律第百十七号（裁判所予備金に関する法律）,さいばんしょよびきんにかんするほうりつ,昭和二十二年十月十五日
322AC0000000118,法律,災害救助法,さいがいきゅうじょほう,令和七年七月一日
322AC0000000120,法律,国家公務員法,こっかこうむいんほう,令和八年四月一日
322AC0000000121,法律,昭和二十二年法律第百二十一号（国家公務員法の規定が適用せられるまでの官吏その他政府職員の任免等に関する法律）,こっかこうむいんほうのきていがてきようせられるまでのかんりそのたせいふしょくいんのにんめんとうにかんするほうりつ,昭和四十年五月十九日
322AC0000000125,法律,国家賠償法,こっかばいしょうほう,昭和二十二年十月二十七日
322AC0000000127,法律,裁判官分限法,さいばんかんぶんげんほう,平成二十五年一月一日
322AC0000000129,法律,財政融資資金の債権の条件変更等に関する法律,ざいせいゆうししきんのさいけんのじょうけんへんこうとうにかんするほうりつ,平成十四年七月三十一日
322AC0000000132,法律,農業協同組合法,のうぎょうきょうどうくみあいほう,令和八年五月二十五日
322AC0000000135,法律,海難審判法,かいなんしんぱんほう,令和八年二月十四日
322AC0000000141,法律,職業安定法,しょくぎょうあんていほう,令和八年四月一日
322AC0000000148,法律,貨幣損傷等取締法,かへいそんしょうとうとりしまりほう,令和七年六月一日
322AC0000000149,法律,すき入紙製造取締法,すきいれかみせいぞうとりしまりほう,令和七年六月一日
322AC0000000151,法律,昭和二十二年法律第百五十一号（国際電気通信株式会社等の社員で公務員となつた者の在職年の計算に関する恩給法の特例等に関する法律）,こくさいでんきつうしんかぶしきがいしゃとうのしゃいんでこうむいんとなつたもののざいしょくねんのけいさんにかんするおんきゅうほうのとくれいとうにかんするほうりつ,昭和五十五年五月六日
322AC0000000159,法律,昭和二十二年法律第百五十九号（赤十字の標章及び名称等の使用の制限に関する法律）,せきじゅうじのひょうしょうおよびめいしょうとうのしようのせいげんにかんするほうりつ,令和七年六月一日
322AC0000000164,法律,児童福祉法,じどうふくしほう,令和十年十二月十一日
322AC0000000165,法律,郵便法,ゆうびんほう,令和八年五月二十一日
322AC0000000170,法律,昭和二十二年法律第百七十号（大蔵省預金部特別会計、国有鉄道事業特別会計、通信事業特別会計並びに簡易生命保険及郵便年金特別会計の保険勘定及び年金勘定の昭和二十二年度における歳入不足補填のための一般会計からする繰入金に関する法律）,おおくらしょうよきんぶとくべつかいけいこくゆうてつどうじぎょうとくべつかいけいつうしんじぎょうとくべつかいけいならびにかんいせいめいほけんきゅうゆうびんねんきんとくべつかいけいのほけんかんじょうおよびねんきんかんじょうのしょうわにじゅうにねんどにおけるさいにゅうふそくほてんのためのいっぱんかいけいからするくりいれきんにかんするほうりつ,昭和二十四年五月二十五日
322AC0000000175,法律,昭和二十二年法律第百七十五号（災害被害者に対する租税の減免、徴収猶予等に関する法律）,さいがいひがいしゃにたいするそぜいのげんめんちょうしゅうゆうよとうにかんするほうりつ,令和四年一月一日
322AC0000000181,法律,臨時金利調整法,りんじきんりちょうせいほう,令和三年十一月二十二日
322AC0000000185,法律,農業保険法,のうぎょうほけんほう,令和四年四月一日
322AC0000000189,法律,印紙等模造取締法,いんしとうもぞうとりしまりほう,令和七年六月一日
322AC0000000194,法律,国の利害に関係のある訴訟についての法務大臣の権限等に関する法律,くにのりがいにかんけいのあるそしょうについてのほうむだいじんのけんげんとうにかんするほうりつ,令和三年九月一日
322AC0000000217,法律,あん摩マツサージ指圧師、はり師、きゆう師等に関する法律,あんままつさーじしあつしはりしきゆうしとうにかんするほうりつ,令和七年六月一日
322AC0000000224,法律,戸籍法,こせきほう,令和十年六月十三日
322AC0000000226,法律,消防組織法,しょうぼうそしきほう,平成二十六年十一月一日
322AC0000000229,法律,昭和二十二年法律第二百二十九号（物品の無償貸付及び譲与等に関する法律）,ぶっぴんのむしょうかしつけおよびじょうよとうにかんするほうりつ,平成二十五年四月一日
322AC0000000231,法律,昭和二十二年法律第二百三十一号（国が施行する内国貿易設備に関する港湾工事に因り生ずる土地又は工作物の譲与又は貸付及び使用料の徴収に関する法律）,くにがしこうするないこくぼうえきせつびにかんするこうわんこうじによりしょうずるとちまたはこうさくぶつのじょうよまたはかしつけおよびしようりょうのちょうしゅうにかんするほうりつ,平成十三年一月六日
322AC0000000233,法律,食品衛生法,しょくひんえいせいほう,令和七年六月一日
322AC0000000234,法律,理容師法,りようしほう,令和七年六月一日
322AC0000000245,法律,栄養士法,えいようしほう,令和八年四月一日
322AC1000000079,法律,国会法,こっかいほう,令和九年三月三十一日
322AC1000000080,法律,国会議員の歳費、旅費及び手当等に関する法律,こっかいぎいんのさいひりょひおよびてあてとうにかんするほうりつ,令和七年十二月二十四日
322AC1000000081,法律,議院に出頭する証人等の旅費及び日当に関する法律,ぎいんにしゅっとうするしょうにんとうのりょひおよびにっとうにかんするほうりつ,令和七年四月一日
322AC1000000082,法律,昭和二十二年法律第八十二号（国会予備金に関する法律）,こっかいよびきんにかんするほうりつ,昭和二十二年四月三十日
322AC1000000083,法律,議院事務局法,ぎいんじむきょくほう,平成十年一月十二日
322AC1000000085,法律,国会職員法,こっかいしょくいんほう,令和七年十月一日
322AC1000000136,法律,最高裁判所裁判官国民審査法,さいこうさいばんしょさいばんかんこくみんしんさほう,令和七年六月一日
322AC1000000137,法律,裁判官弾劾法,さいばんかんだんがいほう,令和七年六月一日
322AC1000000225,法律,議院における証人の宣誓及び証言等に関する法律,ぎいんにおけるしょうにんのせんせいおよびしょうげんとうにかんするほうりつ,令和七年六月一日
322CO0000000001,政令,皇統譜令,こうとうふれい,昭和二十七年七月三十一日
322CO0000000005,政令,宮内庁法施行令,くないちょうほうせこうれい,平成十三年一月六日
322CO0000000014,政令,昭和二十二年政令第十四号（日本国憲法施行の際現に効力を有する勅令の規定の効力等に関する政令）,にほんこくけんぽうしこうのさいげんにこうりょくをゆうするちょくれいのきていのこうりょくとうにかんするせいれい,昭和二十二年五月三日
322CO0000000016,政令,地方自治法施行令,ちほうじちほうしこうれい,令和十年四月一日
322CO0000000019,政令,地方自治法施行規程,ちほうじちほうせこうきてい,平成三十年四月一日
322CO0000000024,政令,裁判所法施行令,さいばんしょほうせこうれい,昭和四十一年十二月二十日
322CO0000000034,政令,検察庁法施行令,けんさつちょうほうしこうれい,令和五年四月一日
322CO0000000035,政令,最高検察庁の位置並びに最高検察庁以外の検察庁の名称及び位置を定める政令,さいこうけんさつちょうのいちならびにさいこうけんさつちょういがいのけんさつちょうのめいしょうおよびいちをさだめるせいれい,令和七年四月一日
322CO0000000052,法律,昭和二十二年政令第五十二号（ポツダム宣言の受諾に伴い発する命令に関する件に基く陸軍刑法を廃止する等の政令）,ぽつだむせんげんのじゅだくにともないはっするめいれいにかんするけんにもとづくりくぐんけいほうをはいしするとうのせいれい,昭和二十八年八月一日
322CO0000000075,政令,合名会社等再建整備令,ごうめいがいしゃとうさいけんせいびれい,昭和二十六年六月三十日
322CO0000000109,政令,昭和二十二年政令第百九号（財産税法等による物納に因る不動産登記の特例に関する政令）,ざいさんぜいほうとうによるぶつのうによるふどうさんとうきのとくれいにかんするせいれい,昭和二十二年六月二十七日
322CO0000000164,政令,皇室会議議員及び予備議員互選規則,こうしつかいぎぎいんおよびよびぎいんごせんきそく,昭和二十四年五月三十一日
322CO0000000174,政令,労働基準監督機関令,ろうどうきじゅんかんとくきかんれい,平成十八年四月一日
322CO0000000225,政令,災害救助法施行令,さいがいきゅうじょほうせこうれい,令和七年七月一日
322CO0000000251,政令,大蔵省預金部等損失特別処理法施行令,おおくらしょうよきんぶとうそんしつとくべつしょりほうしこうれい,昭和二十三年七月二十日
322CO0000000268,政令,昭和二十二年政令第二百六十八号（災害被害者に対する租税の減免、徴収猶予等に関する法律の施行に関する政令）,さいがいひがいしゃにたいするそぜいのげんめんちょうしゅうゆうよとうにかんするほうりつのしこうにかんするせいれい,令和七年十二月一日
322IO0000000074,法律,閉鎖機関令,へいさきかんれい,令和七年六月一日
322IO0000000165,勅令,予算決算及び会計令,よさんけっさんおよびかいけいれい,令和七年八月四日
322IO0000000190,勅令,社寺等に無償で貸し付けてある国有財産の処分に関する法律施行令,しゃじとうにむしょうでかしづけてあるこくゆうざいさんのしょぶんにかんするほうりつしこうれい,昭和二十八年八月一日
322M30000010029,府省令,閉鎖機関に関する登記取扱手続,へいさきかんにかんするとうきとりあつかいてつづき,平成十七年三月七日
322M30000040046,府省令,昭和二十二年大蔵省令第四十六号（社寺等に無償で貸し付けてある国有財産の処分に関する法律施行規則）,しゃじとうにむしょうでかしつけてあるこくゆうざいさんのしょぶんにかんするほうりつしこうきそく,平成十三年一月六日
322M30000200041,府省令,昭和二十二年農林省令第四十一号（昭和十四年法律第七十八号（昭和二十二年法律第五十三号）施行に関する件）,しょうわじゅうよねんほうりつだいななじゅうはちごうしょうわにじゅうにねんほうりつだいごじゅうさんごうしこうにかんするけん,昭和二十二年五月二日
322M40000008029,府省令,地方自治法施行規則,ちほうじちほうせこうきそく,令和八年四月一日
322M40000010042,府省令,地方検察庁支部設置規則,ちほうけんさつちょうしぶせっちきそく,平成三十一年四月一日
322M40000010078,府省令,恩赦法施行規則,おんしゃほうしこうきそく,令和七年六月一日
322M40000010094,府省令,戸籍法施行規則,こせきほうせこうきそく,令和八年四月一日
322M40000040052,府省令,昭和二十二年大蔵省令第五十二号（生命保険会社が指定時後支払う保険金に関する権利及び義務に関する省令）,せいめいほけんがいしゃがしていじのちしはらうほけんきんにかんするけんりおよびぎむにかんするしょうれい,昭和二十二年五月十日
322M40000040059,府省令,昭和二十二年大蔵省令第五十九号（企業再建整備法施行令第七条第一項、第三項、第四項及び第六項の規定の益金等を定める省令）,きぎょうさいけんせいびほうしこうれいだいななじょうだいいっこうだいさんこうだいよんこうおよびだいろっこうのきていのえききんとうをさだめるしょうれい,平成十三年一月六日
322M40000040093,府省令,日本銀行国庫金取扱規程,にほんぎんこうこっこきんとりあつかいきてい,令和六年十月十五日
322M40000040094,府省令,支出官事務規程,ししゅつかんじむきてい,令和七年四月一日
322M40000040095,府省令,出納官吏事務規程,すいとうかんりじむきてい,令和七年五月一日
322M40000050005,府省令,昭和二十二年大蔵省・司法省令第五号（金融債券の登録の変更等に関する省令）,きんゆうさいけんのとうろくのへんこうとうにかんするしょうれい,昭和二十二年八月二十三日
322M40000080011,府省令,学校教育法施行規則,がっこうきょういくほうしこうきそく,令和八年四月一日
322M40000080021,府省令,昭和二十二年文部省令第二十一号（学校教育法施行規則第八十九条の規定により私立学校令によつてのみ設立された学校より除くものを定める省令）,がっこうきょういくほうせこうきそくだいはちじゅうきゅうじょうのきていによりしりつがっこうれいによつてのみせつりつされたがっこうよりのぞくものをさだめるしょうれい,昭和二十二年九月二十二日
322M40000080025,府省令,中学校通信教育規程,ちゅうがっこうつうしんきょういくきてい,平成十九年十二月二十六日
322M40000100023,府省令,労働基準法施行規則,ろうどうきじゅんほうしこうきそく,令和七年六月一日
322M40000800023,府省令,船員法施行規則,せんいんほうしこうきそく,令和八年四月一日
322M40000808002,府省令,昭和二十二年運輸省・内務省令第二号（軌道法第三十一条の一般交通の用に供する軌道に準ずべきものを定める省令）,きどうほうだいさんじゅういちじょうのいっぱんこうつうのようにきょうするきどうにじゅんずべきものをさだめるしょうれい,昭和二十二年十二月二十日
322M4000094A001,府省令,災害救助法施行規則,さいがいきゅうじょほうせこうきそく,令和七年七月一日
322M40001000024,府省令,昭和二十二年逓信省令第二十四号（意匠が軍国主義、神道等の象徴に関係ある郵便切手及び郵便葉書使用禁止に関する省令）,いしょうがぐんこくしゅぎしんとうとうのしょうちょうにかんけいあるゆうびんきっておよびゆうびんはがきしようきんしにかんするしょうれい,昭和二十四年二月十一日
322M40002000007,府省令,事業附属寄宿舎規程,じぎょうふぞくきしゅくしゃきてい,令和七年四月一日
322M40002000012,府省令,職業安定法施行規則,しょくぎょうあんていほうしこうきそく,令和八年十月一日
322M40010002003,府省令,経済産業省職員受託出張規則,けいざいさんぎょうしょうしょくいんじゅたくしゅっちょうきそく,平成二十年十二月一日
322M40010B50003,府省令,合名会社等再建整備令施行規則,ごうめいがいしゃとうさいけんせいびれいせこうきそく,昭和二十二年十二月二十日
322M40010B72001,府省令,昭和二十二年総理庁・大蔵省・外務省・商工省・運輸省・農林省・厚生省・司法省令第一号（閉鎖機関に対する債権の申出等に関する命令）,へいさきかんにたいするさいけんのもうしでとうにかんするめいれい,昭和三十一年五月二十一日
322M40010B72003,府省令,昭和二十二年総理庁・大蔵省・外務省・商工省・運輸省・農林省・厚生省・司法省令第三号（閉鎖機関の未払込株金等の払込に関する命令）,へいさきかんのみばらいこみかぶきんとうのはらいこみにかんするめいれい,平成十三年一月六日
322M40010B72004,府省令,昭和二十二年総理庁令、大蔵省令、外務省令、商工省令、運輸省令、農林省令、厚生省令、司法省令第四号（閉鎖機関の債務の弁済等に関する命令）,へいさきかんのさいむのべんさいとうにかんするめいれい,平成十三年一月六日
322R00000001001,規則,会計検査院規則の公布に関する規則,かいけいけんさいんきそくのこうふにかんするきそく,昭和二十二年五月三日
322R00000001003,規則,会計検査院事務総局事務分掌及び分課規則,かいけいけんさいんじむそうきょくじむぶんしょうおよびぶんかきそく,令和八年四月一日
322R00000001004,規則,会計検査院法施行規則,かいけいけんさいんほうしこうきそく,令和三年六月一日
323AC0000000013,法律,昭和二十三年法律第十三号（政府職員の俸給等の支給に関する措置等に伴う大蔵省預金部外三特別会計に対する一般会計の繰入金に関する法律）,せいふしょくいんのほうきゅうとうのしきゅうにかんするそちとうにともなうおおくらしょうよきんぶがいさんとくべつかいけいにたいするいっぱんかいけいのくりいれきんにかんするほうりつ,昭和二十四年五月二十五日
323AC0000000018,法律,大蔵省預金部特別会計外三特別会計の昭和二十三年度における歳入不足補填のための一般会計からする繰入金に関する法律,おおくらしょうよきんぶとくべつかいけいそとさんとくべつかいけいのしょうわにじゅうさんねんどにおけるさいにゅうふそくほてんのためのいっぱんかいけいからするくりいれきんにかんするほうりつ,昭和二十四年五月二十五日
323AC0000000025,法律,金融商品取引法,きんゆうしょうひんとりひきほう,令和十年六月十三日
323AC0000000027,法律,財政法第三条の特例に関する法律,ざいせいほうだいさんじょうのとくれいにかんするほうりつ,平成十五年四月一日
323AC0000000028,法律,海上保安庁法,かいじょうほあんちょうほう,令和七年六月一日
323AC0000000039,法律,軽犯罪法,けいはんざいほう,昭和四十八年十月一日
323AC0000000043,法律,行政代執行法,ぎょうせいだいしっこうほう,昭和三十七年十月一日
323AC0000000048,法律,墓地、埋葬等に関する法律,ぼちまいそうとうにかんするほうりつ,令和七年六月一日
323AC0000000068,法律,予防接種法,よぼうせっしゅほう,令和十年十二月十一日
323AC0000000073,法律,国有財産法,こくゆうざいさんほう,令和四年五月十八日
323AC0000000075,法律,裁判官の報酬等に関する法律,さいばんかんのほうしゅうとうにかんするほうりつ,令和七年十二月二十四日
323AC0000000076,法律,検察官の俸給等に関する法律,けんさつかんのほうきゅうとうにかんするほうりつ,令和七年十二月二十四日
323AC0000000080,法律,減額社債に対する措置等に関する法律,げんがくしゃさいにたいするそちとうにかんするほうりつ,令和三年三月一日
323AC0000000082,法律,農薬取締法,のうやくとりしまりほう,令和七年六月一日
323AC0000000083,法律,中小企業庁設置法,ちゅうしょうきぎょうちょうせっちほう,平成二十七年四月一日
323AC0000000103,法律,公認会計士法,こうにんかいけいしほう,令和十年六月十三日
323AC0000000109,法律,地方財政法,ちほうざいせいほう,令和十年十二月十一日
323AC0000000120,法律,国家行政組織法,こっかぎょうせいそしきほう,令和三年九月一日
323AC0000000121,法律,日本学術会議法,にほんがくじゅつかいぎほう,平成十七年十月一日
323AC0000000122,法律,風俗営業等の規制及び業務の適正化等に関する法律,ふうぞくえいぎょうとうのきせいおよびぎょうむのてきせいかとうにかんするほうりつ,令和九年四月一日
323AC0000000124,法律,大麻草の栽培の規制に関する法律,たいまそうのさいばいのきせいにかんするほうりつ,令和七年六月一日
323AC0000000125,法律,温泉法,おんせんほう,令和七年六月一日
323AC0000000129,法律,医療情報基盤・診療報酬審査支払機構法,いりょうじょうほうきばん・しんりょうほうしゅうしんさしはらいきこうほう,令和八年十月一日
323AC0000000130,法律,船員職業安定法,せんいんしょくぎょうあんていほう,令和八年四月一日
323AC0000000131,法律,刑事訴訟法,けいじそしょうほう,令和十年五月十六日
323AC0000000132,法律,教科書の発行に関する臨時措置法,きょうかしょのはっこうにかんするりんじそちほう,平成二十九年四月一日
323AC0000000135,法律,市町村立学校職員給与負担法,しちょうそんりつがっこうしょくいんきゅうよふたんほう,令和八年四月一日
323AC0000000136,法律,警察官職務執行法,けいさつかんしょくむしっこうほう,令和八年十月一日
323AC0000000137,法律,興行場法,こうぎょうじょうほう,令和七年六月一日
323AC0000000138,法律,旅館業法,りょかんぎょうほう,令和七年六月一日
323AC0000000139,法律,公衆浴場法,こうしゅうよくじょうほう,令和七年六月一日
323AC0000000140,法律,化製場等に関する法律,かせいじょうとうにかんするほうりつ,令和七年六月一日
323AC0000000142,法律,印紙をもつてする歳入金納付に関する法律,いんしをもつてするさいにゅうきんのうふにかんするほうりつ,令和二年四月一日
323AC0000000144,法律,当せん金付証票法,とうせんきんつきしょうひょうほう,令和七年六月一日
323AC0000000146,法律,判事補の職権の特例等に関する法律,はんじほのしょっけんのとくれいとうにかんするほうりつ,平成十五年四月九日
323AC0000000147,法律,検察審査会法,けんさつしんさかいほう,令和八年五月二十二日
323AC0000000158,法律,競馬法,けいばほう,令和七年六月一日
323AC0000000165,法律,農業改良助長法,のうぎょうかいりょうじょちょうほう,平成二十三年八月三十日
323AC0000000168,法律,少年法,しょうねんほう,令和十年六月十三日
323AC0000000174,法律,港則法,こうそくほう,令和七年六月一日
323AC0000000193,法律,損害保険料率算出団体に関する法律,そんがいほけんりょうりつさんしゅつだんたいにかんするほうりつ,令和四年九月一日
323AC0000000198,法律,民生委員法,みんせいいいんほう,令和五年四月一日
323AC0000000200,法律,消費生活協同組合法,しょうひせいかつきょうどうくみあいほう,令和八年六月一日
323AC0000000201,法律,医師法,いしほう,令和八年五月二十一日
323AC0000000202,法律,歯科医師法,しかいしほう,令和八年四月一日
323AC0000000203,法律,保健師助産師看護師法,ほけんしじょさんしかんごしほう,令和八年五月二十一日
323AC0000000204,法律,歯科衛生士法,しかえいせいしほう,令和七年六月一日
323AC0000000205,法律,医療法,いりょうほう,令和十年四月一日
323AC0000000234,法律,司法警察職員等指定応急措置法,しほうけいさつしょくいんとうしていおうきゅうそちほう,平成十三年三月一日
323AC0000000242,法律,水産業協同組合法,すいさんぎょうきょうどうくみあいほう,令和八年五月一日
323AC0000000249,法律,刑事訴訟法施行法,けいじそしょうほうしこうほう,令和八年五月二十二日
323AC0000000251,法律,罰金等臨時措置法,ばっきんとうりんじそちほう,平成三年五月七日
323AC0000000257,法律,行政執行法人の労働関係に関する法律,ぎょうせいしっこうほうじんのろうどうかんけいにかんするほうりつ,令和五年四月一日
323AC0100000156,法律,母体保護法,ぼたいほごほう,令和七年六月一日
323AC0100000199,法律,人身保護法,じんしんほごほう,令和七年六月一日
323AC1000000005,法律,国立国会図書館法,こくりつこっかいとしょかんほう,令和九年四月一日
323AC1000000006,法律,国立国会図書館建築委員会法,こくりつこっかいとしょかんけんちくいいんかいほう,平成十三年一月六日
323AC1000000092,法律,議院法制局法,ぎいんほうせいきょくほう,令和五年四月一日
323AC1000000178,法律,国民の祝日に関する法律,こくみんのしゅくじつにかんするほうりつ,令和二年一月一日
323AC1000000186,法律,消防法,しょうぼうほう,令和七年六月一日
323AC1000000194,法律,政治資金規正法,せいじしきんきせいほう,令和八年一月一日
323AC1000000209,法律,自転車競技法,じてんしゃきょうぎほう,令和七年六月一日
323AC1000000282,法律,道路の修繕に関する法律,どうろのしゅうぜんにかんするほうりつ,平成二十七年四月一日
323CO0000000012,政令,昭和二十三年政令第十二号（国際電気通信株式会社等の社員で公務員となつたものの在職年の計算に関する恩給法の特例等に関する法律第二条の規定に基く国庫納付金に関する政令）,こくさいでんきつうしんかぶしきがいしゃとうのしゃいんでこうむいんとなつたもののざいしょくねんのけいさんにかんするおんきゅうほうのとくれいとうにかんするほうりつだいにじょうのきていにもとづくこっこのうふきんにかんするせいれい,昭和二十三年一月十五日
323CO0000000052,政令,昭和二十三年政令第五十二号（消防組織法の施行に関する政令）,しょうぼうそしきほうのしこうにかんするせいれい,昭和二十三年三月六日
323CO0000000054,政令,海難審判法施行令,かいなんしんぱんほうしこうれい,平成二十八年四月一日
323CO0000000074,政令,児童福祉法施行令,じどうふくしほうしこうれい,令和八年四月一日
323CO0000000077,政令,地域保健法施行令,ちいきほけんほうしこうれい,令和六年四月一日
323CO0000000096,政令,海上保安庁法施行令,かいじょうほあんちょうほうしこうれい,昭和六十二年五月二十一日
323CO0000000120,政令,金融機関再建整備法第五十八条の規定に基く閉鎖機関の旧勘定の整理等の特例に関する政令,きんゆうきかんさいけんせいびほうだいごじゅうはちじょうのきていにもとづくへいさきかんのきゅうかんじょうのせいりとうのとくれいにかんするせいれい,昭和二十三年八月二十一日
323CO0000000122,政令,最高裁判所裁判官国民審査法施行令,さいこうさいばんしょさいばんかんこくみんしんさほうしこうれい,令和五年二月十七日
323CO0000000164,政令,船員法第一条第二項第二号の港の区域の特例に関する政令,せんいんほうだいいちじょうだいにこうだいにごうのみなとのくいきのとくれいにかんするせいれい,平成二十年十月一日
323CO0000000184,政令,食品衛生法施行に伴う国庫補助に関する政令,しょくひんえいせいほうせこうにともなうこっこほじょにかんするせいれい,令和三年六月一日
323CO0000000197,政令,予防接種法施行令,よぼうせっしゅほうしこうれい,令和八年四月一日
323CO0000000226,政令,民生委員法施行令,みんせいいいんほうしこうれい,平成二十五年六月十四日
323CO0000000242,政令,競馬法施行令,けいばほうしこうれい,令和五年五月一日
323CO0000000246,政令,国有財産法施行令,こくゆうざいさんほうしこうれい,令和七年四月一日
323CO0000000264,法律,閉鎖機関に関する債権の時効等の特例に関する政令,へいさきかんにかんするさいけんのじこうとうのとくれいにかんするせいれい,昭和二十八年八月一日
323CO0000000267,政令,地方財政法施行令,ちほうざいせいほうしこうれい,令和八年五月一日
323CO0000000292,政令,検察官適格審査会令,けんさつかんてきかくしんさかいれい,平成十三年一月六日
323CO0000000298,法律,連合国財産上の家屋等の譲渡等に関する政令,れんごうこくざいさんじょうのかおくとうのじょうととうにかんするせいれい,平成十三年一月六日
323CO0000000306,法律,沖縄関係事務整理に伴う恩給の特別措置に関する政令,おきなわかんけいじむせいりにともなうおんきゅうのとくべつそちにかんするせいれい,昭和四十六年十二月三十一日
323CO0000000326,政令,医療法施行令,いりょうほうしこうれい,令和八年四月一日
323CO0000000332,政令,私的独占の禁止及び公正取引の確保に関する法律の調査手続における参考人及び鑑定人の旅費及び手当に関する政令,してきどくせんのきんしおよびこうせいとりひきのかくほにかんするほうりつのちょうさてつづきにおけるさんこうにんおよびかんていにんのりょひおよびてあてにかんするせいれい,令和七年七月一日
323CO0000000353,政令,検察審査会の名称及び管轄区域等を定める政令,けんさつしんさかいのめいしょうおよびかんかつくいきとうをさだめるせいれい,平成二十一年四月二十日
323CO0000000354,政令,検察審査会法施行令,けんさつしんさかいほうしこうれい,令和八年五月二十一日
323CO0000000402,法律,会社等臨時措置法等を廃止する政令,かいしゃとうりんじそちほうとうをはいしするせいれい,昭和二十四年四月三十日
323M40000001001,府省令,昭和二十三年法務庁令第一号（検察庁法第二条第四項の規定による各高等裁判所支部に対応して各高等検察庁支部を設置する庁令）,けんさつちょうほうだいにじょうだいよんこうのきていによるかくこうとうさいばんしょしぶにたいおうしてかくこうとうけんさつちょうしぶをせっちするちょうれい,昭和四十七年五月十三日
323M40000001068,府省令,連合国財産上の家屋の譲渡等に関する登記取扱手続,れんごうこくざいさんじょうのかおくのじょうととうにかんするとうきとりあつかいてつづき,昭和二十六年三月一日
323M40000002029,府省令,最高裁判所裁判官国民審査法施行規則,さいこうさいばんしょさいばんかんこくみんしんさほうしこうきそく,令和五年二月十七日
323M40000040008,府省令,生命保険中央会及び損害保険中央会の保険業務に関する権利義務の承継等に関する法律第二条第三項の規定による協栄生命保険株式会社の損失及び利益を決定する基準等に関する件,せいめいほけんちゅうおうかいおよびそんがいほけんちゅうおうかいのほけんぎょうむにかんするけんりぎむのしょうけいとうにかんするほうりつだいにじょうだいさんこうのきていによるきょうさかえせいめいほけんかぶしきがいしゃのそんしつおよびりえきをけっていするきじゅんとうにかんするけん,平成十三年一月六日
323M40000040009,府省令,生命保険中央会及び損害保険中央会の保険業務に関する権利義務の承継等に関する法律第四条第四項の規定による東亜火災海上保険株式会社の損失及び利益決定の基準等に関する件,せいめいほけんちゅうおうかいおよびそんがいほけんちゅうおうかいのほけんぎょうむにかんするけんりぎむのしょうけいとうにかんするほうりつだいよんじょうだいよんこうのきていによるとうあかさいかいじょうほけんかぶしきがいしゃのそんしつおよびりえきけっていのきじゅんとうにかんするけん,平成十三年一月六日
323M40000040092,府省令,国有財産法施行細則,こくゆうざいさんほうせこうさいそく,令和三年十月二十二日
323M40000040111,府省令,閉鎖機関に対する債権の指定日以後における利息の弁済に関する省令,へいさきかんにたいするさいけんのしていびいごにおけるりそくのべんさいにかんするしょうれい,平成十三年一月六日
323M40000080015,府省令,教科書の発行に関する臨時措置法施行規則,きょうかしょのはっこうにかんするりんじそちほうせこうきそく,令和六年十月十六日
323M40000100002,府省令,栄養士法施行規則,えいようしほうしこうきそく,令和七年十一月一日
323M40000100006,府省令,人口動態調査令施行細則,じんこうどうたいちょうされいせこうさいそく,令和八年四月一日
323M40000100011,府省令,児童福祉法施行規則,じどうふくしほうしこうきそく,令和八年四月一日
323M40000100023,府省令,食品衛生法施行規則,しょくひんえいせいほうしこうきそく,令和八年四月一日
323M40000100024,府省令,墓地、埋葬等に関する法律施行規則,ぼちまいそうとうにかんするほうりつしこうきそく,令和八年四月一日
323M40000100027,府省令,公衆浴場法施行規則,こうしゅうよくじょうほうしこうきそく,令和五年十二月十三日
323M40000100028,府省令,旅館業法施行規則,りょかんぎょうほうしこうきそく,令和五年十二月十三日
323M40000100029,府省令,興行場法施行規則,こうぎょうじょうほうしこうきそく,昭和五十九年九月五日
323M40000100030,府省令,化製場等に関する法律施行規則,かせいじょうとうにかんするほうりつせこうきそく,平成二年五月一日
323M40000100034,府省令,社会保険診療報酬支払基金法施行規則,しゃかいほけんしんりょうほうしゅうしはらいききんほうしこうきそく,令和六年三月一日
323M40000100035,府省令,温泉法施行規則,おんせんほうせこうきそく,令和二年三月三十日
323M40000100036,府省令,予防接種法施行規則,よぼうせっしゅほうしこうきそく,令和八年四月一日
323M40000100047,府省令,医師法施行規則,いしほうしこうきそく,令和六年九月三日
323M40000100048,府省令,歯科医師法施行規則,しかいしほうしこうきそく,令和六年九月三日
323M40000100050,府省令,医療法施行規則,いりょうほうしこうきそく,令和十一年四月一日
323M40000100056,府省令,社会保険診療報酬請求書審査委員会及び社会保険診療報酬請求書特別審査委員会規程,しゃかいほけんしんりょうほうしゅうせいきゅうしょしんさいいんかいおよびしゃかいほけんしんりょうほうしゅうせいきゅうしょとくべつしんさいいんかいきてい,令和六年四月一日
323M40000100063,府省令,児童福祉施設の設備及び運営に関する基準,じどうふくししせつのせつびおよびうんえいにかんするきじゅん,令和八年四月一日
323M40000341001,府省令,消費生活協同組合法施行規則,しょうひせいかつきょうどうくみあいほうしこうきそく,令和八年四月一日
323M40000800008,府省令,海難審判法施行規則,かいなんしんぱんほうしこうきそく,令和七年七月一日
323M40000800029,府省令,港則法施行規則,こうそくほうしこうきそく,令和七年十二月一日
323M40000800032,府省令,船員職業安定法施行規則,せんいんしょくぎょうあんていほうしこうきそく,令和八年五月十三日
324AC0000000001,法律,教育公務員特例法,きょういくこうむいんとくれいほう,令和八年四月一日
324AC0000000057,法律,検察官の取り調べた者等に対する旅費、日当、宿泊料等支給法,けんさつかんのとりしらべたものとうにたいするりょひにっとうしゅくはくりょうとうしきゅうほう,令和九年三月三十一日
324AC0000000070,法律,鉱山保安法,こうざんほあんほう,令和七年六月一日
324AC0000000083,法律,公共企業体労働関係法の施行に関する法律,こうきょうきぎょうたいろうどうかんけいほうのしこうにかんするほうりつ,昭和二十七年八月一日
324AC0000000091,法律,郵便切手類販売所等に関する法律,ゆうびんきってるいはんばいじょとうにかんするほうりつ,平成二十四年十月一日
324AC0000000099,法律,航路標識法,こうろひょうしきほう,令和七年六月一日
324AC0000000100,法律,建設業法,けんせつぎょうほう,令和七年十二月十二日
324AC0000000108,法律,古物営業法,こぶつえいぎょうほう,令和七年六月一日
324AC0000000117,法律,国家公務員宿舎法,こっかこうむいんしゅくしゃほう,令和五年四月一日
324AC0000000121,法律,水先法,みずさきほう,令和七年六月一日
324AC0000000139,法律,人権擁護委員法,じんけんようごいいんほう,令和七年六月一日
324AC0000000140,法律,司法試験法,しほうしけんほう,令和四年十月一日
324AC0000000147,法律,教育職員免許法,きょういくしょくいんめんきょほう,令和八年四月一日
324AC0000000148,法律,教育職員免許法施行法,きょういくしょくいんめんきょほうしこうほう,令和四年七月一日
324AC0000000149,法律,文部科学省著作教科書の出版権等に関する法律,もんぶかがくしょうちょさくきょうかしょのしゅっぱんけんとうにかんするほうりつ,平成三十一年四月一日
324AC0000000173,法律,在外公館等借入金の確認に関する法律,ざいがいこうかんとうかりいれきんのかくにんにかんするほうりつ,昭和四十一年七月一日
324AC0000000174,法律,労働組合法,ろうどうくみあいほう,令和十年六月十三日
324AC0000000176,法律,国の所有に属する物品の売払代金の納付に関する法律,くにのしょゆうにぞくするぶっぴんのばいふつだいきんののうふにかんするほうりつ,平成十三年一月六日
324AC0000000181,法律,中小企業等協同組合法,ちゅうしょうきぎょうとうきょうどうくみあいほう,令和八年六月一日
324AC0000000182,法律,中小企業等協同組合法施行法,ちゅうしょうきぎょうとうきょうどうくみあいほうしこうほう,昭和五十五年六月九日
324AC0000000183,法律,協同組合による金融事業に関する法律,きょうどうくみあいによるきんゆうじぎょうにかんするほうりつ,令和八年五月一日
324AC0000000185,法律,産業標準化法,さんぎょうひょうじゅんかほう,令和七年六月一日
324AC0000000186,法律,獣医師法,じゅういしほう,令和八年四月一日
324AC0000000187,法律,海上運送法,かいじょううんそうほう,令和八年四月一日
324AC0000000188,法律,測量法,そくりょうほう,令和七年六月一日
324AC0000000189,法律,屋外広告物法,おくがいこうこくぶつほう,令和七年六月一日
324AC0000000193,法律,水防法,すいぼうほう,令和八年五月二十九日
324AC0000000195,法律,土地改良法,とちかいりょうほう,令和七年六月一日
324AC0000000196,法律,土地改良法施行法,とちかいりょうほうしこうほう,昭和二十四年八月四日
324AC0000000204,法律,死体解剖保存法,したいかいぼうほぞんほう,令和七年六月一日
324AC0000000207,法律,社会教育法,しゃかいきょういくほう,令和七年六月一日
324AC0000000210,法律,通訳案内士法,つうやくあんないしほう,令和七年六月一日
324AC0000000213,法律,簡易郵便局法,かんいゆうびんきょくほう,令和七年六月一日
324AC0000000224,法律,お年玉付郵便葉書等に関する法律,おとしだまつきゆうびんはがきとうにかんするほうりつ,平成二十四年十月一日
324AC0000000228,法律,外国為替及び外国貿易法,がいこくかわせおよびがいこくぼうえきほう,令和七年六月一日
324AC0000000240,法律,郵政事業特別会計の昭和二十四年度における歳入不足補てんのための一般会計からする繰入金に関する法律,ゆうせいじぎょうとくべつかいけいのしょうわにじゅうよねんどにおけるさいにゅうふそくほてんのためのいっぱんかいけいからするくりいれきんにかんするほうりつ,昭和二十四年十二月六日
324AC0000000252,法律,特別職の職員の給与に関する法律,とくべつしょくのしょくいんのきゅうよにかんするほうりつ,令和八年四月一日
324AC0000000257,法律,旧軍関係債権の処理に関する法律,きゅうぐんかんけいさいけんのしょりにかんするほうりつ,平成十三年一月六日
324AC0000000259,法律,国際観光事業の助成に関する法律,こくさいかんこうじぎょうのじょせいにかんするほうりつ,平成十三年一月六日
324AC0000000266,法律,警察用電話等の処理に関する法律,けいさつようでんわとうのしょりにかんするほうりつ,昭和二十九年六月八日
324AC0000000267,法律,漁業法,ぎょぎょうほう,令和八年四月一日
324AC0000000268,法律,漁業法施行法,ぎょぎょうほうしこうほう,昭和二十六年三月三十一日
324AC0000000270,法律,私立学校法,しりつがっこうほう,令和八年五月二十一日
324AC0000000284,法律,郵便物運送委託法,ゆうびんぶつうんそういたくほう,令和七年六月一日
324AC0100000096,法律,年齢のとなえ方に関する法律,ねんれいのとなえかたにかんするほうりつ,昭和二十四年五月二十四日
324AC1000000101,法律,国立国会図書館法の規定により行政各部門に置かれる支部図書館及びその職員に関する法律,こくりつこっかいとしょかんほうのきていによりぎょうせいかくぶもんにおかれるしぶとしょかんおよびそのしょくいんにかんするほうりつ,平成二十二年四月七日
324AC1000000200,法律,国家公務員の寒冷地手当に関する法律,こっかこうむいんのかんれいちてあてにかんするほうりつ,令和七年四月一日
324AC1000000205,法律,弁護士法,べんごしほう,令和十年六月十三日
324AC1000000206,法律,認知の訴の特例に関する法律,にんちのそのとくれいにかんするほうりつ,昭和二十四年六月十日
324AC1000000208,法律,家畜商法,かちくしょうほう,令和七年六月一日
324AC1000000219,法律,広島平和記念都市建設法,ひろしまへいわきねんとしけんせつほう,平成十三年一月六日
324AC1000000220,法律,長崎国際文化都市建設法,ながさきこくさいぶんかとしけんせつほう,平成十三年一月六日
324AC1000000256,法律,政府契約の支払遅延防止等に関する法律,せいふけいやくのしはらいちえんぼうしとうにかんするほうりつ,令和元年十二月十六日
324AC1000000271,法律,人事官弾劾の訴追に関する法律,じんじかんだんがいのそついにかんするほうりつ,昭和二十四年十二月十六日
324AC1000000279,法律,国際観光ホテル整備法,こくさいかんこうほてるせいびほう,令和七年六月一日
324AC1000000283,法律,身体障害者福祉法,しんたいしょうがいしゃふくしほう,令和七年十月一日
324CO0000000005,政令,未復員等についての届に関する政令,みふくいんとうについてのとどけにかんするせいれい,昭和二十四年一月十二日
324CO0000000006,政令,教育公務員特例法施行令,きょういくこうむいんとくれいほうしこうれい,令和八年四月一日
324CO0000000016,政令,母体保護法施行令,ぼたいほごほうしこうれい,令和五年四月一日
324CO0000000031,政令,検察審査員等の旅費、日当及び宿泊料を定める政令,けんさつしんさいんとうのりょひにっとうおよびしゅくはくりょうをさだめるせいれい,令和七年七月一日
324CO0000000034,法律,学校施設の確保に関する政令,がっこうしせつのかくほにかんするせいれい,令和七年六月一日
324CO0000000047,政令,水産業協同組合法の施行等に関する政令,すいさんぎょうきょうどうくみあいほうのしこうとうにかんするせいれい,平成五年十月十五日
324CO0000000061,政令,道路の修繕に関する法律の施行に関する政令,どうろのしゅうぜんにかんするほうりつのしこうにかんするせいれい,令和七年四月十六日
324CO0000000134,政令,法制審議会令,ほうせいしんぎかいれい,平成十三年一月六日
324CO0000000139,政令,公証人身元保証金令,こうしょうにんみもとほしょうきんれい,昭和二十四年五月三十一日
324CO0000000140,政令,登記手数料令,とうきてすうりょうれい,令和八年四月一日
324CO0000000144,政令,法務局及び地方法務局設置に伴う関係政令の整理等に関する政令,ほうむきよくおよびちほうほうむきよくせつちにともなうかんけいせいれいのせいりとうにかんするせいれい,昭和二十四年六月一日
324CO0000000231,政令,労働組合法施行令,ろうどうくみあいほうしこうれい,令和七年十月一日
324CO0000000271,政令,文部科学省著作教科書の出版権等に関する法律施行令,もんぶかがくしょうちょさくきょうかしょのしゅっぱんけんとうにかんするほうりつせこうれい,平成三十一年四月一日
324CO0000000280,政令,社会教育法施行令,しゃかいきょういくほうしこうれい,令和元年六月七日
324CO0000000281,政令,日本芸術院令,にほんげいじゅついんれい,平成十三年一月六日
324CO0000000291,法律,旧日本占領地域に本店を有する会社の本邦内にある財産の整理に関する政令,きゅうにほんせんりょうちいきにほんてんをゆうするかいしゃのほんぽうないにあるざいさんのせいりにかんするせいれい,令和七年六月一日
324CO0000000295,政令,土地改良法施行令,とちかいりょうほうしこうれい,令和八年四月一日
324CO0000000310,法律,連合国財産である株式の回復に関する政令,れんごうこくざいさんであるかぶしきのかいふくにかんするせいれい,平成十三年一月六日
324CO0000000311,法律,外国政府の不動産に関する権利の取得に関する政令,がいこくせいふのふどうさんにかんするけんりのしゅとくにかんするせいれい,平成十三年一月六日
324CO0000000321,政令,弁護士会登記令,べんごしかいとうきれい,令和四年九月一日
324CO0000000322,政令,測量法施行令,そくりょうほうしこうれい,令和七年四月一日
324CO0000000330,政令,獣医事審議会令,じゅういことしんぎかいれい,平成十七年十月一日
324CO0000000338,政令,教育職員免許法施行令,きょういくしょくいんめんきょほうしこうれい,令和四年七月一日
324CO0000000372,政令,検察官の職務を行う弁護士に給すべき手当の額を定める政令,けんさつかんのしょくむをおこなうべんごしにきゅうすべきてあてのがくをさだめるせいれい,平成二十八年一月一日
324CO0000000378,政令,輸出貿易管理令,ゆしゅつぼうえきかんりれい,令和八年二月十四日
324CO0000000379,政令,外国為替及び外国貿易法第五十六条の規定による意見の聴取の手続に関する政令,がいこくかわせおよびがいこくぼうえきほうだいごじゅうろくじょうのきていによるいけんのちょうしゅのてつづきにかんするせいれい,平成二十八年四月一日
324CO0000000385,政令,監察医を置くべき地域を定める政令,かんさついをおくべきちいきをさだめるせいれい,昭和六十年七月十二日
324CO0000000391,政令,在外公館等借入金の確認に関する法律施行令,ざいがいこうかんとうかりいれきんのかくにんにかんするほうりつしこうれい,昭和四十七年五月十三日
324CO0000000404,政令,国際観光事業の助成に関する法律第一条の法人を指定する政令,こくさいかんこうじぎょうのじょせいにかんするほうりつだいいちじょうのほうじんをしていするせいれい,昭和三十年六月一日
324CO0000000408,政令,産業標準化法に基づく登録申請手数料の額等を定める政令,さんぎょうひょうじゅんかほうにもとづくとうろくしんせいてすうりょうのがくとうをさだめるせいれい,令和元年十二月十六日
324CO0000000414,政令,輸入貿易管理令,ゆにゅうぼうえきかんりれい,平成十五年六月六日
324M40000040025,府省令,閉鎖機関の残余財産の処分の特例に関する省令,へいさきかんのざんよざいさんのしょぶんのとくれいにかんするしょうれい,平成十三年一月六日
324M40000040034,府省令,閉鎖機関のために特殊清算人のなす公告の方法に関する省令,へいさきかんのためにとくしゅせいさんにんのなすこうこくのほうほうにかんするしょうれい,平成十八年五月一日
324M40000080005,府省令,学校施設の確保に関する政令施行規則,がっこうしせつのかくほにかんするせいれいせこうきそく,令和七年六月一日
324M40002102001,府省令,都道府県に勤務する政府職員の勤務時間及び休憩時間等に関する命令,とどうふけんにきんむするせいふしょくいんのきんむじかんおよびきゅうけいじかんとうにかんするめいれい,昭和二十四年二月二十八日
324M50000001009,府省令,公証人法施行規則,こうしょうにんほうしこうきそく,令和八年三月十日
324M50000001010,府省令,公証人定員規則,こうしょうにんていいんきそく,令和七年三月三十一日
324M50000001011,府省令,確定日附簿及び日附印章調製規則,かくていひづけぼおよびひづけいんしょうちょうせいきそく,昭和二十四年六月一日
324M50000001013,府省令,登記事務委任規則,とうきじむいにんきそく,令和八年四月二十三日
324M50000001039,府省令,不動産登記嘱託職員を指定する府令,ふどうさんとうきしょくたくしょくいんをしていするふれい,令和六年四月一日
324M50000001040,府省令,人権擁護委員協議会、人権擁護委員連合会及び全国人権擁護委員連合会組織規則,じんけんようごいいんきょうぎかいじんけんようごいいんれんごうかいおよびぜんこくじんけんようごいいんれんごうかいそしききそく,令和六年四月一日
324M50000040049,府省令,調査査察部等の所掌事務の範囲を定める省令,ちょうさささつぶとうのしょしょうじむのはんいをさだめるしょうれい,令和八年四月一日
324M50000040085,府省令,連合国財産である株式の回復に関する政令の施行に関する省令,れんごうこくざいさんであるかぶしきのかいふくにかんするせいれいのしこうにかんするしょうれい,平成十三年一月六日
324M50000040100,府省令,日本銀行の歳入金等の受入に関する特別取扱手続,にほんぎんこうのさいにゅうきんとうのうけいれにかんするとくべつとりあつかいてつづき,令和七年五月七日
324M50000080027,府省令,文部科学省著作教科書の出版料算定規則,もんぶかがくしょうちょさくきょうかしょのしゅっぱんりょうさんていきそく,平成十三年一月六日
324M50000080028,府省令,文部科学省著作教科書出版資格審査申請書規則,もんぶかがくしょうちょさくきょうかしょしゅっぱんしかくしんさしんせいしょきそく,令和三年一月一日
324M50000100037,府省令,死体解剖保存法施行規則,したいかいぼうほぞんほうしこうきそく,令和二年十二月二十五日
324M50000400064,府省令,輸出貿易管理規則,ゆしゅつぼうえきかんりきそく,令和七年十月十二日
324M50000400077,府省令,輸入貿易管理規則,ゆにゅうぼうえきかんりきそく,令和七年十月十二日
324M50000800027,府省令,通訳案内士法施行規則,つうやくあんないしほうしこうきそく,令和七年六月一日
324M50000800030,府省令,航路標識法施行規則,こうろひょうしきほうしこうきそく,令和三年十一月一日
324M50000800049,府省令,海上運送法施行規則,かいじょううんそうほうしこうきそく,令和八年四月一日
324M50000804001,府省令,水先法施行規則,みずさきほうしこうきそく,令和七年四月一日
324M50004000014,府省令,建設業法施行規則,けんせつぎょうほうしこうきそく,令和八年七月一日
324M50004000016,府省令,測量法施行規則,そくりょうほうしこうきそく,令和七年四月一日
324M50010000075,府省令,土地改良法施行規則,とちかいりょうほうしこうきそく,令和七年四月一日
324M50010000093,府省令,獣医師法施行規則,じゅういしほうしこうきそく,令和八年五月一日
324M50010D61001,府省令,旧日本占領地域に本店を有する会社の本邦内にある財産の整理に関する政令の施行に関する命令,きゅうにほんせんりょうちいきにほんてんをゆうするかいしゃのほんぽうないにあるざいさんのせいりにかんするせいれいのしこうにかんするめいれい,平成十三年一月六日
324M50037D82001,府省令,産業標準化法施行規則,さんぎょうひょうじゅんかほうしこうきそく,令和七年六月三十日
324M50100000001,規則,労働委員会規則,ろうどういいんかいきそく,令和五年二月二十八日
324M50200000006,規則,昭和二十四年公正取引委員会規則第六号（連合国財産である株式の回復に関する政令第二十二条第一項の規定による認可申請に関する規則）,しょうわにじゅうよねんこうせいとりひきいいんかいきそくだいろくごうれんごうこくざいさんであるかぶしきのかいふくにかんするせいれいだいにじゅうにじょうだいいっこうのきていによるにんかしんせいにかんするきそく,昭和二十四年十二月六日
324R00000010002,規則,外国政府の不動産に関する権利の取得に関する規則,がいこくせいふのふどうさんにかんするけんりのしゅとくにかんするきそく,平成十三年一月六日
324RJNJ01001000,規則,人事院規則一―一（規則の分類）,じんじいんきそくいちのいちきそくのぶんるい,平成二十六年五月三十日
324RJNJ01002000,規則,人事院規則一―二（用語の定義）,じんじいんきそくいちのにようごのていぎ,令和四年十月一日
324RJNJ01003000,規則,人事院規則一―三（法の規定の適用）,じんじいんきそくいちのさんほうのきていのてきよう,昭和二十七年五月二十三日
324RJNJ01004000,規則,人事院規則一―四（現行の法律、命令及び規則の廃止）,じんじいんきそくいちのよんげんこうのほうりつめいれいおよびきそくのはいし,令和七年四月一日
324RJNJ01007000,規則,人事院規則一―七（政府若しくはその機関又は行政執行法人と外国人との間の勤務の契約）,じんじいんきそくいちのななせいふもしくはそのきかんまたはぎょうせいしっこうほうじんとがいこくじんとのあいだのきんむのけいやく,平成二十七年四月一日
324RJNJ02000000,規則,人事院規則二―〇（人事官の宣誓）,じんじいんきそくにのぜろじんじかんのせんせい,昭和二十四年一月四日
324RJNJ02001000,規則,人事院規則二―一（人事院会議及びその手続）,じんじいんきそくにのいちじんじいんかいぎおよびそのてつづき,令和五年四月十日
324RJNJ03000000,規則,人事院規則三―〇（事務総長の権限）,じんじいんきそくさんのぜろじむそうちょうのけんげん,平成二十七年四月一日
324RJNJ14005000,規則,人事院規則一四―五（公選による公職）,じんじいんきそくじゅうよんのごこうせんによるこうしょく,令和二年十二月一日
324RJNJ14007000,規則,人事院規則一四―七（政治的行為）,じんじいんきそくじゅうよんのななせいじてきこうい,令和五年四月一日
325AC0000000001,法律,刑事補償法,けいじほしょうほう,令和八年五月二十二日
325AC0000000005,法律,駐留軍労働者等に支払うべき給料その他の給与の支払事務の処理の特例に関する法律,ちゅうりゅうぐんろうどうしゃとうにしはらうべききゅうりょうそのたのきゅうよのしはらいじむのしょりのとくれいにかんするほうりつ,平成十三年一月六日
325AC0000000012,法律,家畜保健衛生所法,かちくほけんえいせいしょほう,平成十三年一月六日
325AC0000000041,法律,日本勧業銀行法等を廃止する法律,にほんかんぎょうぎんこうほうとうをはいしするほうりつ,昭和二十五年三月三十一日
325AC0000000047,法律,社会保険医療協議会法,しゃかいほけんいりょうきょうぎかいほう,令和八年四月一日
325AC0000000053,法律,森林病害虫等防除法,しんりんびょうがいちゅうとうぼうじょほう,令和七年六月一日
325AC0000000061,法律,国等の債権債務等の金額の端数計算に関する法律,くにとうのさいけんさいむとうのきんがくのはすうけいさんにかんするほうりつ,平成二十二年十月一日
325AC0000000062,法律,退職職員に支給する退職手当支給の財源に充てるための特別会計からする一般会計への繰入れに関する法律,たいしょくしょくいんにしきゅうするたいしょくてあてしきゅうのざいげんにあてるためのとくべつかいけいとうからするいっぱんかいけいへのくりいれにかんするほうりつ,令和六年四月二十五日
325AC0000000067,法律,貿易保険法,ぼうえきほけんほう,令和七年六月一日
325AC0000000073,法律,相続税法,そうぞくぜいほう,令和八年四月一日
325AC0000000081,法律,公立大学に置かれた文部事務官等の身分上の措置に関する法律,こうりつだいがくにおかれたもんぶじむかんとうのみぶんじょうのそちにかんするほうりつ,昭和二十五年四月一日
325AC0000000102,法律,水路業務法,すいろぎょうむほう,令和七年六月一日
325AC0000000105,法律,日本政府在外事務所設置法,にほんせいふざいがいじむしょせっちほう,昭和二十八年七月二十五日
325AC0000000110,法律,資産再評価法,しさんさいひょうかほう,令和七年六月一日
325AC0000000114,法律,国家公務員等の旅費に関する法律,こっかこうむいんとうのりょひにかんするほうりつ,令和七年四月一日
325AC0000000118,法律,図書館法,としょかんほう,令和七年四月一日
325AC0000000126,法律,北海道開発法,ほっかいどうかいはつほう,平成十八年四月一日
325AC0000000127,法律,肥料の品質の確保等に関する法律,ひりょうのひんしつのかくほとうにかんするほうりつ,令和七年六月一日
325AC0000000129,法律,造船法,ぞうせんほう,令和七年六月一日
325AC0000000131,法律,電波法,でんぱほう,令和八年四月一日
325AC0000000132,法律,放送法,ほうそうほう,令和七年十月一日
325AC0000000144,法律,生活保護法,せいかつほごほう,令和八年四月一日
325AC0000000147,法律,国籍法,こくせきほう,令和七年六月一日
325AC0000000149,法律,火薬類取締法,かやくるいとりしまりほう,令和七年六月一日
325AC0000000151,法律,植物防疫法,しょくぶつぼうえきほう,令和七年六月一日
325AC0000000158,法律,質屋営業法,しちやえいぎょうほう,令和七年六月一日
325AC0000000169,法律,農林水産業施設災害復旧事業費国庫補助の暫定措置に関する法律,のうりんすいさんぎょうしせつさいがいふっきゅうじぎょうひこっこほじょのざんていそちにかんするほうりつ,平成三十年十一月十六日
325AC0000000172,法律,予算執行職員等の責任に関する法律,よさんしっこうしょくいんとうのせきにんにかんするほうりつ,令和元年十二月十六日
325AC0000000175,法律,日本農林規格等に関する法律,にほんのうりんきかくとうにかんするほうりつ,令和七年六月一日
325AC0000000177,法律,船主相互保険組合法,せんしゅそうごほけんくみあいほう,令和七年六月一日
325AC0000000179,法律,国会議員の選挙等の執行経費の基準に関する法律,こっかいぎいんのせんきょとうのしっこうけいひのきじゅんにかんするほうりつ,令和七年六月四日
325AC0000000194,法律,牧野法,ぼくやほう,平成十三年一月六日
325AC0000000201,法律,建築基準法,けんちくきじゅんほう,令和八年四月一日
325AC0000000204,法律,保護司法,ほごしほう,令和八年十二月九日
325AC0000000205,法律,国土形成計画法,こくどけいせいけいかくほう,平成二十四年四月一日
325AC0000000209,法律,家畜改良増殖法,かちくかいりょうぞうしょくほう,令和二年十月一日
325AC0000000211,法律,地方交付税法,ちほうこうふぜいほう,令和十六年四月一日
325AC0000000218,法律,港湾法,こうわんほう,令和八年四月一日
325AC0000000226,法律,地方税法,ちほうぜいほう,令和十年四月一日
325AC0000000239,法律,商品先物取引法,しょうひんさきものとりひきほう,令和十年六月十三日
325AC0000000256,法律,旧令による共済組合等からの年金受給者のための特別措置法,きゅうれいによるきょうさいくみあいとうからのねんきんじゅきゅうしゃのためのとくべつそちほう,令和四年四月一日
325AC0000000261,法律,地方公務員法,ちほうこうむいんほう,令和七年六月一日
325AC0000000264,法律,中小企業信用保険法,ちゅうしょうきぎょうしんようほけんほう,令和七年六月十三日
325AC0000000276,法律,郵政事業特別会計の歳入不足を補てんするための一般会計からする繰入金に関する法律,ゆうせいじぎょうとくべつかいけいのさいにゅうふそくをほてんするためのいっぱんかいけいからするくりいれきんにかんするほうりつ,昭和二十五年十二月十八日
325AC0000000289,法律,鉱業法,こうぎょうほう,令和八年五月二十一日
325AC0000000290,法律,鉱業法施行法,こうぎょうほうしこうほう,平成十三年一月六日
325AC0000000291,法律,採石法,さいせきほう,令和七年六月一日
325AC0000000292,法律,鉱業等に係る土地利用の調整手続等に関する法律,こうぎょうとうにかかるとちりようのちょうせいてつづきとうにかんするほうりつ,令和七年六月一日
325AC0000000303,法律,毒物及び劇物取締法,どくぶつおよびげきぶつとりしまりほう,令和七年六月一日
325AC0100000123,法律,精神保健及び精神障害者福祉に関する法律,せいしんほけんおよびせいしんしょうがいしゃふくしにかんするほうりつ,令和八年十月一日
325AC0100000214,法律,文化財保護法,ぶんかざいほごほう,令和七年六月一日
325AC0100000220,法律,旧軍港市転換法,きゅうぐんこうしてんかんほう,平成十三年一月六日
325AC1000000095,法律,一般職の職員の給与に関する法律,いっぱんしょくのしょくいんのきゅうよにかんするほうりつ,令和八年四月一日
325AC1000000100,法律,公職選挙法,こうしょくせんきょほう,令和八年五月二十一日
325AC1000000137,法律,漁港及び漁場の整備等に関する法律,ぎょこうおよびぎょじょうのせいびとうにかんするほうりつ,令和六年四月一日
325AC1000000178,法律,漁船法,ぎょせんほう,令和七年六月一日
325AC1000000197,法律,司法書士法,しほうしょしほう,令和十年六月十三日
325AC1000000202,法律,建築士法,けんちくしほう,令和七年六月一日
325AC1000000207,法律,クリーニング業法,くりーにんぐぎょうほう,令和七年六月一日
325AC1000000208,法律,小型自動車競走法,こがたじどうしゃきょうそうほう,令和七年六月一日
325AC1000000221,法律,別府国際観光温泉文化都市建設法,べっぷこくさいかんこうおんせんぶんかとしけんせつほう,平成十三年一月六日
325AC1000000222,法律,伊東国際観光温泉文化都市建設法,いとうこくさいかんこうおんせんぶんかとしけんせつほう,平成十九年十月二十日
325AC1000000228,法律,土地家屋調査士法,とちかおくちょうさしほう,令和十年六月十三日
325AC1000000233,法律,熱海国際観光温泉文化都市建設法,あたみこくさいかんこうおんせんぶんかとしけんせつほう,平成十三年一月六日
325AC1000000247,法律,狂犬病予防法,きょうけんびょうよぼうほう,平成二十八年四月一日
325AC1000000248,法律,横浜国際港都建設法,よこはまこくさいみなとみやこけんせつほう,平成十三年一月六日
325AC1000000249,法律,神戸国際港都建設法,こうべこくさいみなとみやこけんせつほう,平成十三年一月六日
325AC1000000250,法律,奈良国際文化観光都市建設法,ならこくさいぶんかかんこうとしけんせつほう,平成十三年一月六日
325AC1000000251,法律,京都国際文化観光都市建設法,きょうとこくさいぶんかかんこうとしけんせつほう,平成十三年一月六日
325AC1000000253,法律,漁業用海岸局を開設運用する漁業協同組合及び漁業協同組合連合会に対する水産業協同組合法の適用の特例に関する法律,ぎょぎょうようかいがんきょくをかいせつうんようするぎょぎょうきょうどうくみあいおよびぎょぎょうきょうどうくみあいれんごうかいにたいするすいさんぎょうきょうどうくみあいほうのてきようのとくれいにかんするほうりつ,令和二年十二月一日
325CO0000000022,法律,国外居住外国人等に対する債務の弁済のためにする供託の特例に関する政令,こくがいきょじゅうがいこくじんとうにたいするさいむのべんさいのためにするきょうたくのとくれいにかんするせいれい,令和二年四月一日
325CO0000000030,政令,漁業法施行令,ぎょぎょうほうしこうれい,令和八年四月一日
325CO0000000031,政令,私立学校法施行令,しりつがっこうほうせこうれい,令和七年四月一日
325CO0000000064,政令,退職職員に支給する退職手当支給の財源に充てるための特別会計からする一般会計への繰入れに関する政令,たいしょくしょくいんにしきゅうするたいしょくてあてしきゅうのざいげんにあてるためのとくべつかいけいとうからするいっぱんかいけいへのくりいれにかんするせいれい,令和六年四月二十五日
325CO0000000071,政令,相続税法施行令,そうぞくぜいほうしこうれい,令和八年四月一日
325CO0000000077,政令,国等の債権債務等の金額の端数計算に関する法律施行令,くにとうのさいけんさいむとうのきんがくのはすうけいさんにかんするほうりつしこうれい,平成三十一年四月一日
325CO0000000078,政令,身体障害者福祉法施行令,しんたいしょうがいしゃふくしほうしこうれい,令和七年十月一日
325CO0000000089,政令,公職選挙法施行令,こうしょくせんきょほうしこうれい,令和八年四月一日
325CO0000000095,政令,資産再評価法施行令,しさんさいひょうかほうしこうれい,昭和四十七年五月一日
325CO0000000140,政令,教科用図書検定調査審議会令,きょうかようとしょけんていちょうさしんぎかいれい,平成十三年一月六日
325CO0000000148,政令,生活保護法施行令,せいかつほごほうせこうれい,令和八年四月一日
325CO0000000152,政令,農林水産業施設災害復旧事業費国庫補助の暫定措置に関する法律施行令,のうりんすいさんぎょうしせつさいがいふっきゅうじぎょうひこっこほじょのざんていそちにかんするほうりつしこうれい,平成二十四年十二月二十一日
325CO0000000155,政令,精神保健及び精神障害者福祉に関する法律施行令,せいしんほけんおよびせいしんしょうがいしゃふくしにかんするほうりつせこうれい,令和八年三月一日
325CO0000000163,政令,放送法施行令,ほうそうほうしこうれい,令和七年十月一日
325CO0000000173,政令,電波法による旅費等の額を定める政令,でんぱほうによるりょひとうのがくをさだめるせいれい,令和七年四月一日
325CO0000000186,政令,国際観光ホテル整備法施行令,こくさいかんこうほてるせいびほうせこうれい,平成二十年十月一日
325CO0000000188,政令,人権擁護委員に対する費用弁償に関する政令,じんけんようごいいんにたいするひようべんしょうにかんするせいれい,平成十八年四月一日
325CO0000000198,政令,肥料の品質の確保等に関する法律施行令,ひりょうのひんしつのかくほとうにかんするほうりつしこうれい,令和三年十二月一日
325CO0000000201,政令,建築士法施行令,けんちくしほうせこうれい,令和三年九月一日
325CO0000000239,政令,漁港及び漁場の整備等に関する法律施行令,ぎょこうおよびぎょじょうのせいびとうにかんするほうりつしこうれい,令和六年四月一日
325CO0000000244,政令,牧野法施行令,ぼくやほうしこうれい,平成三年五月二十一日
325CO0000000245,政令,地方税法施行令,ちほうぜいほうしこうれい,令和十年四月一日
325CO0000000252,法律,ドイツ財産管理令,どいつざいさんかんりれい,平成十三年一月六日
325CO0000000269,政令,家畜改良増殖法施行令,かちくかいりょうぞうしょくほうせこうれい,令和二年十月一日
325CO0000000277,政令,船主相互保険組合法施行令,せんしゅそうごほけんくみあいほうせこうれい,令和三年九月一日
325CO0000000280,政令,商品先物取引法施行令,しょうひんさきものとりひきほうしこうれい,令和七年四月一日
325CO0000000323,政令,火薬類取締法施行令,かやくるいとりしまりほうしこうれい,令和元年十二月十六日
325CO0000000338,政令,建築基準法施行令,けんちくきじゅんほうしこうれい,令和七年十二月一日
325CO0000000349,政令,検察官特別考試令,けんさつかんとくべつこうしれい,令和四年十月一日
325CO0000000350,政令,中小企業信用保険法施行令,ちゅうしょうきぎょうしんようほけんほうしこうれい,令和六年三月十五日
325CO0000000369,法律,閉鎖機関の引当財産の管理に関する政令,へいさきかんのひきあてざいさんのかんりにかんするせいれい,平成十三年一月六日
325M50000001106,府省令,ドイツ財産管理に関する登記取扱手続,どいつざいさんかんりにかんするとうきとりあつかいてつづき,昭和二十七年三月二十六日
325M50000002013,府省令,公職選挙法施行規則,こうしょくせんきょほうせこうきそく,令和七年十二月二十二日
325M50000002025,府省令,質屋営業法施行規則,しちやえいぎょうほうしこうきそく,令和六年十二月二日
325M50000040017,府省令,相続税法施行規則,そうぞくぜいほうせこうきそく,令和八年四月一日
325M50000040021,府省令,税務官署における収入官吏及び出納員並びに歳入歳出外現金出納官吏の備えるべき現金領収証書に関する省令,ぜいむかんしょにおけるしゅうにゅうかんりおよびすいとういんならびにさいにゅうさいしゅつそとげんきんすいとうかんりのそなえるべきげんきんりょうしゅうしょうかきにかんするしょうれい,令和三年一月一日
325M50000040022,府省令,相続税の物納財産収納後の手続等に関する省令,そうぞくぜいのぶつのうざいさんしゅうのうのちのてつづきとうにかんするしょうれい,令和三年四月一日
325M50000040031,府省令,日本銀行の公庫預託金取扱規程,にほんぎんこうのこうこよたくきんとりあつかいきてい,令和四年十一月四日
325M50000040037,府省令,資産再評価法施行規則,しさんさいひょうかほうしこうきそく,令和七年四月一日
325M50000040045,府省令,国家公務員等の旅費支給規程,こっかこうむいんとうのりょひしきゅうきてい,令和八年四月一日
325M50000040054,府省令,資産再評価の基準の特例に関する省令,しさんさいひょうかのきじゅんのとくれいにかんするしょうれい,昭和二十八年八月七日
325M50000040098,府省令,逓信省共済組合に属する権利義務の承継に関する省令,ていしんしょうきょうさいくみあいにぞくするけんりぎむのしょうけいにかんするしょうれい,昭和二十五年九月十二日
325M50000040100,府省令,外国政府の不動産に関する権利の取得に関する省令,がいこくせいふのふどうさんにかんするけんりのしゅとくにかんするしょうれい,令和元年七月一日
325M50000041001,府省令,国外居住外国人等に対する債務の弁済のためにする供託の特例に関する政令の施行に関する命令,こくがいきょじゅうがいこくじんとうにたいするさいむのべんさいのためにするきょうたくのとくれいにかんするせいれいのせこうにかんするめいれい,令和三年一月一日
325M50000042002,府省令,ドイツ財産管理令の施行に関する命令,どいつざいさんかんりれいのしこうにかんするめいれい,平成十三年一月六日
325M50000080012,府省令,私立学校法施行規則,しりつがっこうほうしこうきそく,令和八年三月十三日
325M50000080027,府省令,図書館法施行規則,としょかんほうせこうきそく,令和四年十月一日
325M50000100015,府省令,身体障害者福祉法施行規則,しんたいしょうがいしゃふくしほうしこうきそく,令和七年十月一日
325M50000100021,府省令,生活保護法施行規則,せいかつほごほうしこうきそく,令和八年四月一日
325M50000100031,府省令,精神保健及び精神障害者福祉に関する法律施行規則,せいしんほけんおよびせいしんしょうがいしゃふくしにかんするほうりつしこうきそく,令和八年三月一日
325M50000100035,府省令,クリーニング業法施行規則,くりーにんぐぎょうほうしこうきそく,令和八年四月一日
325M50000100052,府省令,狂犬病予防法施行規則,きょうけんびょうよぼうほうしこうきそく,令和七年九月一日
325M50000180001,府省令,歯科衛生士学校養成所指定規則,しかえいせいしがっこうようせいじょしていきそく,令和四年十月一日
325M50000400088,府省令,火薬類取締法施行規則,かやくるいとりしまりほうしこうきそく,令和七年六月一日
325M50000442001,府省令,外国為替及び外国貿易法における附属の島に関する命令,がいこくかわせおよびがいこくぼうえきほうにおけるふぞくのしまにかんするめいれい,平成十年四月一日
325M50000800008,府省令,国際観光事業の助成に関する法律施行規則,こくさいかんこうじぎょうのじょせいにかんするほうりつしこうきそく,平成十三年一月六日
325M50000800014,府省令,造船造機統計調査規則,ぞうせんぞうきとうけいちょうさきそく,令和元年十二月十六日
325M50000800042,府省令,造船法施行規則,ぞうせんほうしこうきそく,令和三年十一月二十日
325M50000800055,府省令,水路業務法施行規則,すいろぎょうむほうせこうきそく,令和元年七月一日
325M50000800092,府省令,無軌条電車運転規則,むきじょうでんしゃうんてんきそく,平成二十七年四月一日
325M50000840002,府省令,船主相互保険組合法施行規則,せんしゅそうごほけんくみあいほうしこうきそく,令和六年四月一日
325M50001000004,府省令,公職選挙郵便規則,こうしょくせんきょゆうびんきそく,平成二十四年十月一日
325M50004000038,府省令,建築士法施行規則,けんちくしほうしこうきそく,令和七年六月一日
325M50004000040,府省令,建築基準法施行規則,けんちくきじゅんほうしこうきそく,令和八年四月一日
325M50004000044,府省令,建築動態統計調査規則,けんちくどうたいとうけいちょうさきそく,令和六年十月一日
325M50004800001,府省令,無軌条電車建設規則,むきじょうでんしゃけんせつきそく,平成二十四年八月一日
325M50010000018,府省令,旧漁業法に基く省令の効力に関する省令,きゅうぎょぎょうほうにもとづくしょうれいのこうりょくにかんするしょうれい,昭和二十五年三月十四日
325M50010000020,府省令,漁業手数料規則,ぎょぎょうてすうりょうきそく,令和二年十二月一日
325M50010000029,府省令,家畜保健衛生所法施行規則,かちくほけんえいせいところほうせこうきそく,平成三十一年四月一日
325M50010000035,府省令,森林病害虫等防除法施行規則,しんりんびょうがいちゅうとうぼうじょほうせこうきそく,令和二年十二月二十一日
325M50010000062,府省令,農林水産省関係日本農林規格等に関する法律施行規則,のうりんすいさんしょうかんけいにほんのうりんきかくとうにかんするほうりつしこうきそく,令和七年四月一日
325M50010000064,府省令,肥料の品質の確保等に関する法律施行規則,ひりょうのひんしつのかくほとうにかんするほうりつしこうきそく,令和八年二月二十六日
325M50010000073,府省令,植物防疫法施行規則,しょくぶつぼうえきほうしこうきそく,令和七年十二月二十三日
325M50010000080,府省令,森林管理局署職員服制,しんりんかんりきょくしょしょくいんふくせい,平成十八年四月三日
325M50010000087,府省令,牧野法施行規則,ぼくやほうせこうきそく,令和三年十月二十二日
325M50010000094,府省令,農林水産業施設災害復旧事業費国庫補助の暫定措置に関する法律施行規則,のうりんすいさんぎょうしせつさいがいふっきゅうじぎょうひこっこほじょのざんていそちにかんするほうりつせこうきそく,令和四年一月十八日
325M50010000095,府省令,漁船法施行規則,ぎょせんほうしこうきそく,令和二年十二月二十一日
325M50010000096,府省令,家畜改良増殖法施行規則,かちくかいりょうぞうしょくほうしこうきそく,令和二年十二月二十一日
325M50010000124,府省令,漁船検査規則,ぎょせんけんさきそく,令和二年十二月一日
325M50010800006,府省令,農業協同組合法、水産業協同組合法及び森林組合法による倉荷証券発行の許可等に関する省令,のうぎょうきょうどうくみあいほうすいさんぎょうきょうどうくみあいほうおよびしんりんくみあいほうによるくらにしょうけんはっこうのきょかとうにかんするしょうれい,令和三年四月一日
325M50080000010,規則,放送法施行規則,ほうそうほうしこうきそく,令和七年十月一日
325M50080000012,規則,無線局（基幹放送局を除く。）の開設の根本的基準,むせんきょくきかんほうそうきょくをのぞくのかいせつのこんぽんてききじゅん,令和六年十二月二十日
325M50080000014,規則,電波法施行規則,でんぱほうしこうきそく,令和八年四月一日
325M50080000015,規則,無線局免許手続規則,むせんきょくめんきょてつづききそく,令和八年四月一日
325M50080000017,規則,無線局運用規則,むせんきょくうんようきそく,令和八年三月二十四日
325M50080000018,規則,無線設備規則,むせんせつびきそく,令和八年三月二十五日
325M50080000021,規則,基幹放送局の開設の根本的基準,きかんほうそうきょくのかいせつのこんぽんてききじゅん,令和六年四月一日
325R00000009007,規則,業務補助等に関する規則,ぎょうむほじょとうにかんするきそく,令和五年四月一日
325R00000011007,規則,国宝又は重要文化財指定書規則,こくほうまたはじゅうようぶんかざいしていしょきそく,平成十三年一月六日
325RJNJ02004000,規則,人事院規則二―四（人事院の職員に対する権限の委任）,じんじいんきそくにのよんじんじいんのしょくいんにたいするけんげんのいにん,平成十三年一月六日
325RJNJ14008000,規則,人事院規則一四―八（営利企業の役員等との兼業）,じんじいんきそくじゅうよんのはちえいりきぎょうのやくいんとうとのけんぎょう,令和五年四月一日
326AC0000000023,法律,郵政事業特別会計の歳入不足を補てんするための一般会計からする繰入金に関する法律,ゆうせいじぎょうとくべつかいけいのさいにゅうふそくをほてんするためのいっぱんかいけいからするくりいれきんにかんするほうりつ,昭和二十六年三月十五日
326AC0000000032,法律,海事代理士法,かいじだいりしほう,令和七年六月二十六日
326AC0000000033,法律,国家公務員共済組合法の規定による年金の額の改定に関する法律,こっかこうむいんきょうさいくみあいほうのきていによるねんきんのがくのかいていにかんするほうりつ,昭和五十七年十月一日
326AC0000000045,法律,社会福祉法,しゃかいふくしほう,令和七年十月一日
326AC0000000053,法律,裁判所職員定員法,さいばんしょしょくいんていいんほう,令和八年五月七日
326AC0000000088,法律,農業委員会等に関する法律,のうぎょういいんかいとうにかんするほうりつ,令和七年六月一日
326AC0000000097,法律,公共土木施設災害復旧事業費国庫負担法,こうきょうどぼくしせつさいがいふっきゅうじぎょうひこっこふたんほう,令和六年四月一日
326AC0000000099,法律,沖縄振興開発金融公庫の予算及び決算に関する法律,おきなわしんこうかいはつきんゆうこうこのよさんおよびけっさんにかんするほうりつ,平成二十年十月一日
326AC0000000100,法律,財政融資資金法,ざいせいゆうししきんほう,平成二十年十月一日
326AC0000000125,法律,文化功労者年金法,ぶんかこうろうしゃねんきんほう,平成十三年一月六日
326AC0000000126,法律,宗教法人法,しゅうきょうほうじんほう,令和七年六月一日
326AC0000000149,法律,船舶職員及び小型船舶操縦者法,せんぱくしょくいんおよびこがたせんぱくそうじゅうしゃほう,令和八年二月十四日
326AC0000000180,法律,国土調査法,こくどちょうさほう,令和七年六月一日
326AC0000000183,法律,道路運送法,どうろうんそうほう,令和七年六月一日
326AC0000000184,法律,道路運送法施行法,どうろうんそうほうしこうほう,昭和二十七年六月二十日
326AC0000000185,法律,道路運送車両法,どうろうんそうしゃりょうほう,令和八年四月一日
326AC0000000186,法律,道路運送車両法施行法,どうろうんそうしゃりょうほうしこうほう,平成七年一月一日
326AC0000000187,法律,自動車抵当法,じどうしゃていとうほう,令和二年四月一日
326AC0000000188,法律,自動車抵当法施行法,じどうしゃていとうほうしこうほう,昭和二十六年六月一日
326AC0000000191,法律,国家公務員災害補償法,こっかこうむいんさいがいほしょうほう,令和八年四月一日
326AC0000000201,法律,検疫法,けんえきほう,令和七年六月一日
326AC0000000204,法律,高圧ガス保安法,こうあつがすほあんほう,令和八年十二月二十一日
326AC0000000264,法律,連合国財産補償法,れんごうこくざいさんほしょうほう,平成二十八年四月一日
326AC0000000267,法律,旅券法,りょけんほう,令和八年七月一日
326AC0000000289,法律,旧外貨債処理法による借換済外貨債の証券の一部の有効化等に関する法律,きゅうがいかさいしょりほうによるしゃくかんすみがいかさいのしょうけんのいちぶのゆうこうかとうにかんするほうりつ,平成十九年四月一日
326AC0000000299,法律,裁判所職員臨時措置法,さいばんしょしょくいんりんじそちほう,令和五年四月一日
326AC0000000307,法律,旧令による共済組合等からの年金受給者のための特別措置法の規定による年金の額の改定に関する法律,きゅうれいによるきょうさいくみあいとうからのねんきんじゅきゅうしゃのためのとくべつそちほうのきていによるねんきんのがくのかいていにかんするほうりつ,昭和五十七年十月一日
326AC0000000308,法律,昭和二十六年度における給与の改訂に伴う国家公務員共済組合法の規定による年金の額の改定に関する法律,しょうわにじゅうろくねんどにおけるきゅうよのかいていにともなうこっかこうむいんきょうさいくみあいほうのきていによるねんきんのがくのかいていにかんするほうりつ,昭和五十七年十月一日
326AC0100000161,法律,港湾運送事業法,こうわんうんそうじぎょうほう,令和七年六月一日
326AC0100000198,法律,投資信託及び投資法人に関する法律,とうししんたくおよびとうしほうじんにかんするほうりつ,令和十年六月十三日
326AC0100000219,法律,土地収用法,とちしゅうようほう,令和十年六月十三日
326AC0100000220,法律,土地収用法施行法,とちしゅうようほうしこうほう,昭和二十六年十二月一日
326AC0100000226,法律,診療放射線技師法,しんりょうほうしゃせんぎしほう,令和七年六月一日
326AC0100000246,法律,国有林野の管理経営に関する法律,こくゆうりんやのかんりけいえいにかんするほうりつ,令和七年六月一日
326AC0100000252,法律,覚醒剤取締法,かくせいざいとりしまりほう,令和七年六月一日
326AC1000000004,法律,行政書士法,ぎょうせいしょしほう,令和十年六月十三日
326AC1000000007,法律,松江国際文化観光都市建設法,まつえこくさいぶんかかんこうとしけんせつほう,平成十三年一月六日
326AC1000000008,法律,芦屋国際文化住宅都市建設法,あしやこくさいぶんかじゅうたくとしけんせつほう,平成十三年一月六日
326AC1000000073,法律,北海道開発のためにする港湾工事に関する法律,ほっかいどうかいはつのためにするこうわんこうじにかんするほうりつ,令和七年十月一日
326AC1000000117,法律,松山国際観光温泉文化都市建設法,まつやまこくさいかんこうおんせんぶんかとしけんせつほう,平成十三年一月六日
326AC1000000144,法律,農産物検査法,のうさんぶつけんさほう,令和七年六月一日
326AC1000000145,法律,納税貯蓄組合法,のうぜいちょちくくみあいほう,令和三年十一月二十二日
326AC1000000166,法律,家畜伝染病予防法,かちくでんせんびょうよぼうほう,令和七年六月一日
326AC1000000181,法律,官公庁施設の建設等に関する法律,かんこうちょうしせつのけんせつとうにかんするほうりつ,令和四年五月三十一日
326AC1000000193,法律,公営住宅法,こうえいじゅうたくほう,令和四年四月一日
326AC1000000212,法律,日刊新聞紙の発行を目的とする株式会社の株式の譲渡の制限等に関する法律,にっかんしんぶんしのはっこうをもくてきとするかぶしきがいしゃのかぶしきのじょうとのせいげんとうにかんするほうりつ,平成二十七年五月一日
326AC1000000222,法律,民事調停法,みんじちょうていほう,令和十年六月十三日
326AC1000000227,法律,民間学術研究機関の助成に関する法律,みんかんがくじゅつけんきゅうきかんのじょせいにかんするほうりつ,平成二十三年七月十四日
326AC1000000228,法律,産業教育振興法,さんぎょうきょういくしんこうほう,平成二十九年四月一日
326AC1000000237,法律,税理士法,ぜいりしほう,令和十年六月十三日
326AC1000000238,法律,信用金庫法,しんようきんこほう,令和八年五月一日
326AC1000000239,法律,信用金庫法施行法,しんようきんこほうしこうほう,昭和二十七年六月三日
326AC1000000242,法律,モーターボート競走法,もーたーぼーときょうそうほう,令和七年六月一日
326AC1000000249,法律,森林法,しんりんほう,令和八年四月一日
326AC1000000250,法律,森林法施行法,しんりんほうしこうほう,昭和二十六年六月二十六日
326AC1000000253,法律,軽井沢国際親善文化観光都市建設法,かるいざわこくさいしんぜんぶんかかんこうとしけんせつほう,平成十三年一月六日
326AC1000000285,法律,博物館法,はくぶつかんほう,令和五年四月一日
326AC1000000313,法律,水産資源保護法,すいさんしげんほごほう,令和八年四月一日
326CO0000000004,政令,港湾法施行令,こうわんほうせこうれい,令和七年十一月十一日
326CO0000000006,法律,連合国財産の返還等に関する政令,れんごうこくざいさんのへんかんとうにかんするせいれい,平成十三年一月六日
326CO0000000015,政令,鉱業登録令,こうぎょうとうろくれい,令和八年四月一日
326CO0000000016,政令,鉱業法関係手数料令,こうぎょうほうかんけいてすうりょうれい,令和元年十二月十六日
326CO0000000040,法律,朝鮮総督府交通局共済組合の本邦内にある財産の整理に関する政令,ちょうせんそうとくふこうつうきょくきょうさいくみあいのほんぽうないにあるざいさんのせいりにかんするせいれい,昭和二十七年四月二十八日
326CO0000000078,政令,農業委員会等に関する法律施行令,のうぎょういいんかいとうにかんするほうりつしこうれい,令和六年十月一日
326CO0000000099,政令,納税貯蓄組合法施行令,のうぜいちょちくくみあいほうせこうれい,令和元年十二月十六日
326CO0000000107,政令,公共土木施設災害復旧事業費国庫負担法施行令,こうきょうどぼくしせつさいがいふっきゅうじぎょうひこっこふたんほうしこうれい,令和六年四月一日
326CO0000000146,政令,土地改良登記令,とちかいりょうとうきれい,平成二十三年十一月三十日
326CO0000000147,政令,文化功労者年金法施行令,ぶんかこうろうしゃねんきんほうせこうれい,平成十五年四月一日
326CO0000000162,政令,沖縄振興開発金融公庫の国庫納付金に関する政令,おきなわしんこうかいはつきんゆうこうこのこっこのうふきんにかんするせいれい,平成二十年十月一日
326CO0000000191,政令,沖縄振興開発金融公庫の予算及び決算に関する法律施行令,おきなわしんこうかいはつきんゆうこうこのよさんおよびけっさんにかんするほうりつしこうれい,平成二十年十月一日
326CO0000000196,政令,鉱業等に係る土地利用の調整手続等に関する法律第四十七条の規定により鑑定人が受ける鑑定料の額を定める政令,こうぎょうとうにかかるとちりようのちょうせいてつづきとうにかんするほうりつだいよんじゅうななじょうのきていによりかんていにんがうけるかんていりょうのがくをさだめるせいれい,昭和四十七年六月二十六日
326CO0000000205,法律,特別調達資金設置令,とくべつちょうたつしきんせっちれい,平成十九年九月一日
326CO0000000215,政令,港湾運送事業法施行令,こうわんうんそうじぎょうほうせこうれい,平成二十七年二月一日
326CO0000000216,政令,税理士法施行令,ぜいりしほうしこうれい,令和六年四月一日
326CO0000000240,政令,公営住宅法施行令,こうえいじゅうたくほうしこうれい,令和六年四月一日
326CO0000000250,政令,道路運送法施行令,どうろうんそうほうしこうれい,令和五年十月一日
326CO0000000252,政令,自動車道標識令,じどうしゃどうひょうしきれい,平成七年四月一日
326CO0000000254,政令,道路運送車両法施行令,どうろうんそうしゃりょうほうしこうれい,令和八年四月一日
326CO0000000255,政令,道路運送車両法関係手数料令,どうろうんそうしゃりょうほうかんけいてすうりょうれい,令和八年四月一日
326CO0000000256,政令,自動車登録令,じどうしゃとうろくれい,令和八年四月一日
326CO0000000271,政令,特別調達資金設置令施行令,とくべつちょうたつしきんせっちれいせこうれい,平成十九年九月一日
326CO0000000276,政令,森林法施行令,しんりんほうしこうれい,令和五年四月一日
326CO0000000291,政令,日本農林規格等に関する法律施行令,にほんのうりんきかくとうにかんするほうりつしこうれい,令和七年十月一日
326CO0000000292,政令,漁業登録令,ぎょぎょうとうろくれい,令和八年四月一日
326CO0000000316,政令,債券収入金等の払いもどし金の損益の計算の方法及び当該損益の帰属に関する政令,さいけんしゅうにゅうきんとうのはらいもどしきんのそんえきのけいさんのほうほうおよびとうがいそんえきのきぞくにかんするせいれい,平成十三年四月一日
326CO0000000319,法律,出入国管理及び難民認定法,しゅつにゅうこくかんりおよびなんみんにんていほう,令和八年六月十四日
326CO0000000342,政令,土地収用法施行令,とちしゅうようほうしこうれい,令和八年五月二十一日
326CO0000000377,政令,検疫法施行令,けんえきほうしこうれい,令和八年四月一日
326CO0000000389,政令,損害保険料率算出団体に関する法律施行令,そんがいほけんりょうりつさんしゅつだんたいにかんするほうりつしこうれい,令和四年九月一日
326M50000001029,府省令,連合国財産の返還等に関する登記取扱手続,れんごうこくざいさんのへんかんとうにかんするとうきとりあつかいてつづき,昭和二十六年三月一日
326M50000001111,府省令,地上権登記索引簿規則,ちじょうけんとうきさくいんぼきそく,昭和二十七年八月一日
326M50000001131,府省令,港湾運送事業抵当登記規則,こうわんうんそうじぎょうていとうとうききそく,平成十八年五月十五日
326M50000002005,府省令,行政書士法施行規則,ぎょうせいしょしほうせこうきそく,令和六年七月一日
326M50000002011,府省令,ガス事業生産動態統計調査規則,がすじぎょうせいさんどうたいとうけいちょうさきそく,平成二十九年四月一日
326M50000002024,府省令,朝鮮総督府交通局共済組合の本邦内にある財産の整理に関する政令の施行に関する総理府令,ちょうせんそうとくふこうつうきょくきょうさいくみあいのほんぽうないにあるざいさんのせいりにかんするせいれいのしこうにかんするそうりふれい,昭和三十五年七月八日
326M50000002049,府省令,特別調達資金会計官及び特別調達資金出納命令官受入事務規程,とくべつちょうたつしきんかいけいかんおよびとくべつちょうたつしきんすいとうめいれいかんうけいれじむきてい,令和三年一月一日
326M50000040004,府省令,旧令による共済組合等からの年金受給者のための特別措置法第四条第三項の規定に基く附属の島を定める省令,きゅうれいによるきょうさいくみあいとうからのねんきんじゅきゅうしゃのためのとくべつそちほうだいよんじょうだいさんこうのきていにもとづくふぞくのしまをさだめるしょうれい,昭和四十三年六月二十六日
326M50000040020,府省令,小切手振出等事務取扱規程,こぎってふりだしとうじむとりあつかいきてい,平成十七年四月一日
326M50000040029,府省令,財政融資資金預託金取扱規則,ざいせいゆうししきんよたくきんとりあつかいきそく,令和元年七月一日
326M50000040030,府省令,保管金払込事務等取扱規程,ほかんきんはらいこみじむとうとりあつかいきてい,令和三年一月一日
326M50000040055,府省令,税理士法施行規則,ぜいりしほうしこうきそく,令和八年四月一日
326M50000040071,府省令,駐留軍等労働者及び公共事業労務者に支払うべき給与金支払に関する特別取扱規則,ちゅうりゅうぐんとうろうどうしゃおよびこうきょうじぎょうろうむしゃにしはらうべききゅうよきんしはらいにかんするとくべつとりあつかいきそく,令和三年一月一日
326M50000040094,府省令,特別調達資金会計官及び特別調達資金出納命令官支払事務規程,とくべつちょうたつしきんかいけいかんおよびとくべつちょうたつしきんすいとうめいれいかんしはらいじむきてい,令和三年四月一日
326M50000040095,府省令,特別調達資金出納官吏事務規程,とくべつちょうたつしきんすいとうかんりじむきてい,令和七年四月一日
326M50000040096,府省令,特別調達資金使用計画等取扱規則,とくべつちょうたつしきんしようけいかくとうとりあつかいきそく,令和三年一月一日
326M50000040100,府省令,日本銀行特別調達資金出納取扱規程,にほんぎんこうとくべつちょうたつしきんすいとうとりあつかいきてい,令和六年十月十五日
326M50000041001,府省令,閉鎖機関令第二十八条の規定による閉鎖機関住宅営団の行う登記等の特例に関する命令,へいさきかんれいだいにじゅうはちじょうのきていによるへいさきかんじゅうたくえいだんのおこなうとうきとうのとくれいにかんするめいれい,昭和二十六年三月二十二日
326M50000042001,府省令,連合国財産の返還等に関する政令の施行に関する命令,れんごうこくざいさんのへんかんとうにかんするせいれいのしこうにかんするめいれい,平成十三年一月六日
326M50000080009,府省令,文化功労者年金法施行規則,ぶんかこうろうしゃねんきんほうせこうきそく,令和三年一月一日
326M50000080012,府省令,社会教育主事講習等規程,しゃかいきょういくしゅじこうしゅうとうきてい,令和八年四月一日
326M50000080020,府省令,民間学術研究機関の助成に関する法律施行規則,みんかんがくじゅつけんきゅうきかんのじょせいにかんするほうりつせこうきそく,令和三年一月一日
326M50000100004,府省令,毒物及び劇物取締法施行規則,どくぶつおよびげきぶつとりしまりほうしこうきそく,令和七年十一月一日
326M50000100028,府省令,社会福祉法施行規則,しゃかいふくしほうしこうきそく,令和七年十月一日
326M50000100030,府省令,覚醒剤取締法施行規則,かくせいざいとりしまりほうしこうきそく,令和五年十二月二十六日
326M50000100033,府省令,診療放射線技師法施行規則,しんりょうほうしゃせんぎしほうしこうきそく,令和六年四月一日
326M50000100034,府省令,保健師助産師看護師法施行規則,ほけんしじょさんしかんごしほうしこうきそく,令和八年四月一日
326M50000100052,府省令,乳及び乳製品の成分規格等に関する命令,にゅうおよびにゅうせいひんのせいぶんきかくとうにかんするめいれい,令和六年四月一日
326M50000100053,府省令,検疫法施行規則,けんえきほうしこうきそく,令和七年九月十九日
326M50000180001,府省令,保健師助産師看護師学校養成所指定規則,ほけんしじょさんしかんごしがっこうようせいじょしていきそく,令和八年四月一日
326M50000180002,府省令,あん摩マツサージ指圧師、はり師及びきゆう師に係る学校養成施設認定規則,あんままつさーじしあつしはりしおよびきゆうしにかかるがっこうようせいしせつにんていきそく,令和四年十月一日
326M50000180004,府省令,診療放射線技師学校養成所指定規則,しんりょうほうしゃせんぎしがっこうようせいじょしていきそく,令和四年十月一日
326M50000400002,府省令,鉱業法施行規則,こうぎょうほうしこうきそく,令和六年十一月十八日
326M50000400004,府省令,鉱業登録令施行規則,こうぎょうとうろくれいしこうきそく,令和八年四月一日
326M50000400006,府省令,採石法施行規則,さいせきほうしこうきそく,令和六年四月一日
326M50000800013,府省令,港湾調査規則,こうわんちょうさきそく,令和七年一月一日
326M50000800042,府省令,海事代理士法施行規則,かいじだいりしほうしこうきそく,令和六年四月一日
326M50000800054,府省令,船舶運航事業者等の提出する定期報告書に関する省令,せんぱくうんこうじぎょうしゃとうのていしゅつするていきほうこくかきにかんするしょうれい,令和七年四月一日
326M50000800055,府省令,運転の安全の確保に関する省令,うんてんのあんぜんのかくほにかんするしょうれい,昭和四十五年九月十日
326M50000800059,府省令,モーターボート競走法施行規則,もーたーぼーときょうそうほうしこうきそく,令和七年六月一日
326M50000800067,府省令,道路運送車両の保安基準,どうろうんそうしゃりょうのほあんきじゅん,令和八年二月十六日
326M50000800069,府省令,自動車登録番号標交付代行者規則,じどうしゃとうろくばんごうしるべこうふだいこうしゃきそく,令和七年六月一日
326M50000800070,府省令,自動車点検基準,じどうしゃてんけんきじゅん,令和五年十二月二十一日
326M50000800071,府省令,自動車整備士技能検定規則,じどうしゃせいびしぎのうけんていきそく,令和九年一月一日
326M50000800072,府省令,優良自動車整備事業者認定規則,ゆうりょうじどうしゃせいびじぎょうしゃにんていきそく,令和三年十月一日
326M50000800074,府省令,道路運送車両法施行規則,どうろうんそうしゃりょうほうしこうきそく,令和八年二月十六日
326M50000800075,府省令,道路運送法施行規則,どうろうんそうほうしこうきそく,令和七年三月二十四日
326M50000800077,府省令,ボート、モーター、選手、審判員及び検査員登録規則,ぼーともーたーせんしゅしんぱんいんおよびけんさいんとうろくきそく,令和七年六月一日
326M50000800081,府省令,海事代理士試験規程,かいじだいりししけんきてい,令和七年六月二十六日
326M50000800085,府省令,自動車型式指定規則,じどうしゃかたしきしていきそく,令和八年四月一日
326M50000800091,府省令,船舶職員及び小型船舶操縦者法施行規則,せんぱくしょくいんおよびこがたせんぱくそうじゅうしゃほうしこうきそく,令和八年五月十三日
326M50000800098,府省令,港湾法施行規則,こうわんほうしこうきそく,令和八年四月一日
326M50000800104,府省令,自動車事故報告規則,じどうしゃじこほうこくきそく,令和七年四月一日
326M50004000005,府省令,水防施設費国庫補助規則,すいぼうしせつひこっこほじょきそく,平成二十三年七月一日
326M50004000012,府省令,建設技術研究補助金交付規則,けんせつぎじゅつけんきゅうほじょきんこうふきそく,平成十三年一月六日
326M50004000019,府省令,公営住宅法施行規則,こうえいじゅうたくほうせこうきそく,令和八年三月三十一日
326M50004000033,府省令,土地収用法施行規則,とちしゅうようほうしこうきそく,令和六年四月一日
326M50004800001,府省令,道路管理者の意見聴取に関する省令,どうろかんりしゃのいけんちょうしゅにかんするしょうれい,平成十七年十月一日
326M50004800002,府省令,自動車道事業規則,じどうしゃどうじぎょうきそく,令和六年四月一日
326M50004800003,府省令,自動車道標識の様式を定める省令,じどうしゃどうひょうしきのようしきをさだめるしょうれい,昭和四十年十月四日
326M50010000021,府省令,農薬取締法施行規則,のうやくとりしまりほうしこうきそく,令和六年四月一日
326M50010000023,府省令,農業委員会等に関する法律施行規則,のうぎょういいんかいとうにかんするほうりつしこうきそく,令和四年四月一日
326M50010000032,府省令,農産物検査法施行規則,のうさんぶつけんさほうしこうきそく,令和五年十二月二十八日
326M50010000035,府省令,家畜伝染病予防法施行規則,かちくでんせんびょうよぼうほうしこうきそく,令和八年十月一日
326M50010000040,府省令,国有林野の管理経営に関する法律施行規則,こくゆうりんやのかんりけいえいにかんするほうりつしこうきそく,令和六年四月一日
326M50010000047,府省令,漁港及び漁場の整備等に関する法律施行規則,ぎょこうおよびぎょじょうのせいびとうにかんするほうりつしこうきそく,令和六年四月一日
326M50010000053,府省令,海岸、林地荒廃防止施設、地すべり防止施設及び漁港に関し公共土木施設災害復旧事業費国庫負担法を施行する省令,かいがんりんちこうはいぼうししせつじすべりぼうししせつおよびぎょこうにかんしこうきょうどぼくしせつさいがいふっきゅうじぎょうひこっこふたんほうをしこうするしょうれい,令和二年十二月二十一日
326M50010000054,府省令,森林法施行規則,しんりんほうしこうきそく,令和八年四月一日
326M50010000062,府省令,瀬戸内海漁業取締規則,せとないかいぎょぎょうとりしまりきそく,令和七年六月一日
326M50010000064,府省令,漁業登録令施行規則,ぎょぎょうとうろくれいせこうきそく,令和二年十二月二十一日
326R00000002002,府省令,海上保安学校の名称、位置及び内部組織に関する庁令,かいじょうほあんがっこうのめいしょういちおよびないぶそしきにかんするちょうれい,令和八年四月一日
326R00000004002,規則,鉱業等に係る土地利用の調整手続等に関する法律の施行等に関する規則,こうぎょうとうにかかるとちりようのちょうせいてつづきとうにかんするほうりつのしこうとうにかんするきそく,令和八年四月一日
326R00000011001,規則,国宝、重要文化財又は重要有形民俗文化財の管理に関する届出書等に関する規則,こくほうじゅうようぶんかざいまたはじゅうようゆうけいみんぞくぶんかざいのかんりにかんするとどけでしょとうにかんするきそく,平成三十一年四月一日
326R00000011003,規則,国宝、重要文化財又は重要有形民俗文化財売渡申出書に関する規則,こくほうじゅうようぶんかざいまたはじゅうようゆうけいみんぞくぶんかざいうりわたしもうしでしょにかんするきそく,平成十七年四月一日
326R00000011007,規則,国宝、重要文化財又は重要有形民俗文化財出品給与金支給基準規則,こくほうじゅうようぶんかざいまたはじゅうようゆうけいみんぞくぶんかざいしゅっぴんきゅうよきんしきゅうきじゅんきそく,平成十七年四月一日
326R00000011008,規則,特別史跡名勝天然記念物又は史跡名勝天然記念物の管理に関する届出書等に関する規則,とくべつしせきめいしょうてんねんきねんぶつまたはしせきめいしょうてんねんきねんぶつのかんりにかんするとどけでしょとうにかんするきそく,平成三十一年四月一日
326R00000011009,規則,国宝、重要文化財又は重要有形民俗文化財の出品及び公開に関する規則,こくほうじゅうようぶんかざいまたはじゅうようゆうけいみんぞくぶんかざいのしゅっぴんおよびこうかいにかんするきそく,平成十七年四月一日
326R00000011010,規則,特別史跡名勝天然記念物又は史跡名勝天然記念物の現状変更等の許可申請等に関する規則,とくべつしせきめいしょうてんねんきねんぶつまたはしせきめいしょうてんねんきねんぶつのげんじょうへんこうとうのきょかしんせいとうにかんするきそく,平成三十一年四月一日
326RJNJ09001000,規則,人事院規則九―一（非常勤職員の給与）,じんじいんきそくきゅうのいちひじょうきんしょくいんのきゅうよ,令和七年十二月二十四日
326RJNJ09005000,規則,人事院規則九―五（給与簿）,じんじいんきそくきゅうのごきゅうよぼ,令和八年四月一日
326RJNJ13002000,規則,人事院規則一三―二（勤務条件に関する行政措置の要求）,じんじいんきそくじゅうさんのにきんむじょうけんにかんするぎょうせいそちのようきゅう,令和三年四月一日
327AC0000000004,法律,財政法、会計法等の財政関係法律の一部を改正する等の法律,ざいせいほうかいけいほうとうのざいせいかんけいほうりつのいちぶをかいせいするとうのほうりつ,昭和二十七年三月五日
327AC0000000035,法律,海外からの日本国民の集団的引揚輸送のための航海命令に関する法律,かいがいからのにほんこくみんのしゅうだんてきひきようゆそうのためのこうかいめいれいにかんするほうりつ,令和七年六月一日
327AC0000000041,法律,外務公務員法,がいむこうむいんほう,令和七年六月一日
327AC0000000043,法律,ポツダム宣言の受諾に伴い発する命令に関する件に基く大蔵省関係諸命令の措置に関する法律,ぽつだむせんげんのじゅだくにともないはっするめいれいにかんするけんにもとづくおおくらしょうかんけいしょめいれいのそちにかんするほうりつ,平成二十六年四月一日
327AC0000000044,法律,在外公館等借入金の返済の実施に関する法律,ざいがいこうかんとうかりいれきんのへんさいのじっしにかんするほうりつ,平成十三年一月六日
327AC0000000072,法律,ポツダム宣言の受諾に伴い発する命令に関する件に基く運輸省関係諸命令の措置に関する法律,ぽつだむせんげんのじゅだくにともないはっするめいれいにかんするけんにもとづくうんゆしょうかんけいしょめいれいのそちにかんするほうりつ,昭和二十七年四月二十八日
327AC0000000079,法律,教職員の除去、就職禁止等に関する政令を廃止する法律,きょうしょくいんのじょきょしゅうしょくきんしとうにかんするせいれいをはいしするほうりつ,昭和二十七年四月九日
327AC0000000081,法律,ポツダム宣言の受諾に伴い発する命令に関する件の廃止に関する法律,ぽつだむせんげんのじゅだくにともないはっするめいれいにかんするけんのはいしにかんするほうりつ,昭和二十七年四月十一日
327AC0000000093,法律,在外公館の名称及び位置並びに在外公館に勤務する外務公務員の給与に関する法律,ざいがいこうかんのめいしょうおよびいちならびにざいがいこうかんにきんむするがいむこうむいんのきゅうよにかんするほうりつ,令和八年四月一日
327AC0000000094,法律,公職に関する就職禁止、退職等に関する勅令等の廃止に関する法律,こうしょくにかんするしゅうしょくきんしたいしょくとうにかんするちょくれいとうのはいしにかんするほうりつ,昭和二十七年四月二十一日
327AC0000000107,法律,日本国とアメリカ合衆国との間の相互協力及び安全保障条約第六条に基づく施設及び区域並びに日本国における合衆国軍隊の地位に関する協定等の実施に伴う電気通信事業法等の特例に関する法律,にほんこくとあめりかがっしゅうこくとのあいだのそうごきょうりょくおよびあんぜんほしょうじょうやくだいろくじょうにもとづくしせつおよびくいきならびににほんこくにおけるがっしゅうこくぐんたいのちいにかんするきょうていとうのじっしにともなうでんきつうしんじぎょうほうとうのとくれいにかんするほうりつ,昭和六十年四月一日
327AC0000000108,法律,日本国とアメリカ合衆国との間の相互協力及び安全保障条約第六条に基づく施設及び区域並びに日本国における合衆国軍隊の地位に関する協定の実施に伴う電波法の特例に関する法律,にほんこくとあめりかがっしゅうこくとのあいだのそうごきょうりょくおよびあんぜんほしょうじょうやくだいろくじょうにもとづくしせつおよびくいきならびににほんこくにおけるがっしゅうこくぐんたいのちいにかんするきょうていのじっしにともなうでんぱほうのとくれいにかんするほうりつ,昭和三十五年六月二十三日
327AC0000000110,法律,日本国とアメリカ合衆国との間の相互協力及び安全保障条約第六条に基づく施設及び区域並びに日本国における合衆国軍隊の地位に関する協定の実施に伴う国有の財産の管理に関する法律,にほんこくとあめりかがっしゅうこくとのあいだのそうごきょうりょくおよびあんぜんほしょうじょうやくだいろくじょうにもとづくしせつおよびくいきならびににほんこくにおけるがっしゅうこくぐんたいのちいにかんするきょうていのじっしにともなうこくゆうのざいさんのかんりにかんするほうりつ,平成二十五年四月一日
327AC0000000111,法律,日本国とアメリカ合衆国との間の相互協力及び安全保障条約第六条に基づく施設及び区域並びに日本国における合衆国軍隊の地位に関する協定の実施に伴う所得税法等の臨時特例に関する法律,にほんこくとあめりかがっしゅうこくとのあいだのそうごきょうりょくおよびあんぜんほしょうじょうやくだいろくじょうにもとづくしせつおよびくいきならびににほんこくにおけるがっしゅうこくぐんたいのちいにかんするきょうていのじっしにともなうしょとくぜいほうとうのりんじとくれいにかんするほうりつ,令和七年六月一日
327AC0000000112,法律,日本国とアメリカ合衆国との間の相互協力及び安全保障条約第六条に基づく施設及び区域並びに日本国における合衆国軍隊の地位に関する協定の実施に伴う関税法等の臨時特例に関する法律,にほんこくとあめりかがっしゅうこくとのあいだのそうごきょうりょくおよびあんぜんほしょうじょうやくだいろくじょうにもとづくしせつおよびくいきならびににほんこくにおけるがっしゅうこくぐんたいのちいにかんするきょうていのじっしにともなうかんぜいほうとうのりんじとくれいにかんするほうりつ,平成三十一年三月十七日
327AC0000000113,法律,日本国とアメリカ合衆国との間の相互協力及び安全保障条約第六条に基づく施設及び区域並びに日本国における合衆国軍隊の地位に関する協定の実施に伴う国税通則法等の臨時特例に関する法律,にほんこくとあめりかがっしゅうこくとのあいだのそうごきょうりょくおよびあんぜんほしょうじょうやくだいろくじょうにもとづくしせつおよびくいきならびににほんこくにおけるがっしゅうこくぐんたいのちいにかんするきょうていのじっしにともなうこくぜいはんそくとりしまりほうとうのりんじとくれいにかんするほうりつ,令和八年四月一日
327AC0000000114,法律,日本国とアメリカ合衆国との間の相互協力及び安全保障条約第六条に基づく施設及び区域並びに日本国における合衆国軍隊の地位に関する協定の実施に伴うたばこ事業法等の臨時特例に関する法律,にほんこくとあめりかがっしゅうこくとのあいだのそうごきょうりょくおよびあんぜんほしょうじょうやくだいろくじょうにもとづくしせつおよびくいきならびににほんこくにおけるがっしゅうこくぐんたいのちいにかんするきょうていのじっしにともなうたばこじぎょうほうとうのりんじとくれいにかんするほうりつ,平成九年四月一日
327AC0000000117,法律,公務員等の懲戒免除等に関する法律,こうむいんとうのちょうかいめんじょとうにかんするほうりつ,平成二十八年四月一日
327AC0000000119,法律,日本国とアメリカ合衆国との間の相互協力及び安全保障条約第六条に基づく施設及び区域並びに日本国における合衆国軍隊の地位に関する協定の実施に伴う地方税法の臨時特例に関する法律,にほんこくとあめりかがっしゅうこくとのあいだのそうごきょうりょくおよびあんぜんほしょうじょうやくだいろくじょうにもとづくしせつおよびくいきならびににほんこくにおけるがっしゅうこくぐんたいのちいにかんするきょうていのじっしにともなうちほうぜいほうのりんじとくれいにかんするほうりつ,令和八年四月一日
327AC0000000120,法律,ポツダム宣言の受諾に伴い発する命令に関する件に基く厚生省関係諸命令の措置に関する法律,ぽつだむせんげんのじゅだくにともないはっするめいれいにかんするけんにもとづくこうせいしょうかんけいしょめいれいのそちにかんするほうりつ,昭和二十七年四月二十八日
327AC0000000121,法律,日本国とアメリカ合衆国との間の相互協力及び安全保障条約第六条に基づく施設及び区域並びに日本国における合衆国軍隊の地位に関する協定の実施に伴う民事特別法,にほんこくとあめりかがっしゅうこくとのあいだのそうごきょうりょくおよびあんぜんほしょうじょうやくだいろくじょうにもとづくしせつおよびくいきならびににほんこくにおけるがっしゅうこくぐんたいのちいにかんするきょうていのじっしにともなうみんじとくべつほう,平成三年一月一日
327AC0000000122,法律,日本国とアメリカ合衆国との間の相互協力及び安全保障条約第六条に基づく施設及び区域並びに日本国における合衆国軍隊の地位に関する協定の実施に伴う郵便法の特例に関する法律,にほんこくとあめりかがっしゅうこくとのあいだのそうごきょうりょくおよびあんぜんほしょうじょうやくだいろくじょうにもとづくしせつおよびくいきならびににほんこくにおけるがっしゅうこくぐんたいのちいにかんするきょうていのじっしにともなうゆうびんほうのとくれいにかんするほうりつ,平成十九年十月一日
327AC0000000123,法律,日本国とアメリカ合衆国との間の相互協力及び安全保障条約第六条に基づく施設及び区域並びに日本国における合衆国軍隊の地位に関する協定及び日本国における国際連合の軍隊の地位に関する協定の実施に伴う道路運送法等の特例に関する法律,にほんこくとあめりかがっしゅうこくとのあいだのそうごきょうりょくおよびあんぜんほしょうじょうやくだいろくじょうにもとづくしせつおよびくいきならびににほんこくにおけるがっしゅうこくぐんたいのちいにかんするきょうていおよびにほんこくにおけるこくさいれんごうのぐんたいのちいにかんするきょうていのじっしにともなうどうろうんそうほうとうのとくれいにかんするほうりつ,令和二年十一月二十三日
327AC0000000124,法律,日本国とアメリカ合衆国との間の相互協力及び安全保障条約第六条に基づく施設及び区域並びに日本国における合衆国軍隊の地位に関する協定及び日本国における国際連合の軍隊の地位に関する協定の実施に伴う水先法の特例に関する法律,にほんこくとあめりかがっしゅうこくとのあいだのそうごきょうりょくおよびあんぜんほしょうじょうやくだいろくじょうにもとづくしせつおよびくいきならびににほんこくにおけるがっしゅうこくぐんたいのちいにかんするきょうていおよびにほんこくにおけるこくさいれんごうのぐんたいのちいにかんするきょうていのじっしにともなうみずさきほうのとくれいにかんするほうりつ,平成十九年四月一日
327AC0000000126,法律,ポツダム宣言の受諾に伴い発する命令に関する件に基く外務省関係諸命令の措置に関する法律,ぽつだむせんげんのじゅだくにともないはっするめいれいにかんするけんにもとづくがいむしょうかんけいしょめいれいのそちにかんするほうりつ,平成三年十一月一日
327AC0000000127,法律,戦傷病者戦没者遺族等援護法,せんしょうびょうしゃせんぼつしゃいぞくとうえんごほう,令和七年六月一日
327AC0000000137,法律,ポツダム宣言の受諾に伴い発する命令に関する件に基く法務府関係諸命令の措置に関する法律,ぽつだむせんげんのじゅだくにともないはっするめいれいにかんするけんにもとづくほうむふかんけいしょめいれいのそちにかんするほうりつ,昭和二十七年五月七日
327AC0000000138,法律,日本国とアメリカ合衆国との間の相互協力及び安全保障条約第六条に基づく施設及び区域並びに日本国における合衆国軍隊の地位に関する協定の実施に伴う刑事特別法,にほんこくとあめりかがっしゅうこくとのあいだのそうごきょうりょくおよびあんぜんほしょうじょうやくだいろくじょうにもとづくしせつおよびくいきならびににほんこくにおけるがっしゅうこくぐんたいのちいにかんするきょうていのじっしにともなうけいじとくべつほう,令和八年五月二十二日
327AC0000000140,法律,日本国とアメリカ合衆国との間の相互協力及び安全保障条約第六条に基づく施設及び区域並びに日本国における合衆国軍隊の地位に関する協定の実施に伴う土地等の使用等に関する特別措置法,にほんこくとあめりかがっしゅうこくとのあいだのそうごきょうりょくおよびあんぜんほしょうじょうやくだいろくじょうにもとづくしせつおよびくいきならびににほんこくにおけるがっしゅうこくぐんたいのちいにかんするきょうていのじっしにともなうとちとうのしようとうにかんするとくべつそちほう,平成二十八年四月一日
327AC0000000165,法律,気象業務法,きしょうぎょうむほう,令和八年五月二十九日
327AC0000000174,法律,日本国との平和条約の効力の発生及び日本国とアメリカ合衆国との間の安全保障条約第三条に基く行政協定の実施等に伴い国家公務員法等の一部を改正する等の法律,にほんこくとのへいわじょうやくのこうりょくのはっせいおよびにほんこくとあめりかがっしゅうこくとのあいだのあんぜんほしょうじょうやくだいさんじょうにもとづくぎょうせいきょうていのじっしとうにともないこっかこうむいんほうとうのいちぶをかいせいするとうのほうりつ,平成十九年九月一日
327AC0000000182,法律,外国の領事官に交付する認可状の認証に関する法律,がいこくのりょうじかんにこうふするにんかじょうのにんしょうにかんするほうりつ,昭和二十七年六月十二日
327AC0000000184,法律,公共工事の前払金保証事業に関する法律,こうきょうこうじのまえばらいきんほしょうじぎょうにかんするほうりつ,令和七年六月一日
327AC0000000187,法律,長期信用銀行法,ちょうきしんようぎんこうほう,令和八年一月一日
327AC0000000191,法律,国際通貨基金及び国際復興開発銀行への加盟に伴う措置に関する法律,こくさいつうかききんおよびこくさいふっこうかいはつぎんこうへのかめいにともなうそちにかんするほうりつ,令和六年四月十七日
327AC0000000195,法律,貸付信託法,かしつけしんたくほう,平成二十七年五月一日
327AC0000000201,法律,外国軍用艦船等に関する検疫法特例,がいこくぐんようかんせんとうにかんするけんえきほうとくれい,令和四年十二月十九日
327AC0000000207,法律,ユネスコ活動に関する法律,ゆねすこかつどうにかんするほうりつ,令和七年六月一日
327AC0000000219,法律,国有財産特別措置法,こくゆうざいさんとくべつそちほう,令和七年十月一日
327AC0000000229,法律,農地法,のうちほう,令和七年六月一日
327AC0000000230,法律,農地法施行法,のうちほうしこうほう,平成十九年四月一日
327AC0000000231,法律,航空法,こうくうほう,令和七年十二月一日
327AC0000000232,法律,日本国とアメリカ合衆国との間の相互協力及び安全保障条約第六条に基づく施設及び区域並びに日本国における合衆国軍隊の地位に関する協定及び日本国における国際連合の軍隊の地位に関する協定の実施に伴う航空法の特例に関する法律,にほんこくとあめりかがっしゅうこくとのあいだのそうごきょうりょくおよびあんぜんほしょうじょうやくだいろくじょうにもとづくしせつおよびくいきならびににほんこくにおけるがっしゅうこくぐんたいのちいにかんするきょうていおよびにほんこくにおけるこくさいれんごうのぐんたいのちいにかんするきょうていのじっしにともなうこうくうほうのとくれいにかんするほうりつ,令和四年十二月五日
327AC0000000237,法律,航空機製造事業法,こうくうきせいぞうじぎょうほう,令和七年六月一日
327AC0000000240,法律,破壊活動防止法,はかいかつどうぼうしほう,令和九年三月三十一日
327AC0000000241,法律,公安調査庁設置法,こうあんちょうさちょうせっちほう,平成十三年一月六日
327AC0000000242,法律,公安審査委員会設置法,こうあんしんさいいんかいせっちほう,令和七年六月一日
327AC0000000243,法律,日本国とアメリカ合衆国との間の相互協力及び安全保障条約に基づき日本国にあるアメリカ合衆国の軍隊の水面の使用に伴う漁船の操業制限等に関する法律,にほんこくとあめりかがっしゅうこくとのあいだのそうごきょうりょくおよびあんぜんほしょうじょうやくにもとづきにほんこくにあるあめりかがっしゅうこくのぐんたいのすいめんのしようにともなうぎょせんのそうぎょうせいげんとうにかんするほうりつ,平成二十八年四月一日
327AC0000000252,法律,内閣法制局設置法,ないかくほうせいきょくせっちほう,昭和四十四年五月十六日
327AC0000000266,法律,防衛省の職員の給与等に関する法律,ぼうえいしょうのしょくいんのきゅうよとうにかんするほうりつ,令和八年四月一日
327AC0000000289,法律,地方公営企業等の労働関係に関する法律,ちほうこうえいきぎょうとうのろうどうかんけいにかんするほうりつ,平成二十八年四月一日
327AC0000000292,法律,地方公営企業法,ちほうこうえいきぎょうほう,令和八年九月二十四日
327AC0000000299,法律,輸出入取引法,ゆしゅつにゅうとりひきほう,令和七年六月一日
327AC0000000302,法律,連合国及び連合国民の著作権の特例に関する法律,れんごうこくおよびれんごうこくたみのちょさくけんのとくれいにかんするほうりつ,昭和四十六年一月一日
327AC0000000310,法律,地方制度調査会設置法,ちほうせいどちょうさかいせっちほう,平成十三年一月六日
327AC0000000337,法律,国際連合の決議に基く民生事業のため必要な物品の無償譲渡に関する法律,こくさいれんごうのけつぎにもとづくみんせいじぎょうのためひつようなぶっぴんのむしょうじょうとにかんするほうりつ,昭和二十七年十二月二十六日
327AC0000000346,法律,中小漁業融資保証法,ちゅうしょうぎょぎょうゆうしほしょうほう,令和四年四月一日
327AC0100000204,法律,道路交通事業抵当法,どうろこうつうじぎょうていとうほう,令和七年六月一日
327AC0100000239,法律,旅行業法,りょこうぎょうほう,令和七年六月一日
327AC1000000005,法律,企業合理化促進法,きぎょうごうりかそくしんほう,令和六年四月一日
327AC1000000028,法律,漁船損害等補償法,ぎょせんそんがいとうほしょうほう,令和四年九月一日
327AC1000000096,法律,特殊土壌地帯災害防除及び振興臨時措置法,とくしゅどじょうちたいさいがいぼうじょおよびしんこうりんじそちほう,令和四年三月三十一日
327AC1000000151,法律,内航海運業法,ないこうかいうんぎょうほう,令和八年五月二十一日
327AC1000000176,法律,宅地建物取引業法,たくちたてものとりひきぎょうほう,令和八年四月一日
327AC1000000180,法律,道路法,どうろほう,令和七年十月一日
327AC1000000181,法律,道路法施行法,どうろほうしこうほう,平成二十六年四月一日
327AC1000000226,法律,離島航路整備法,りとうこうろせいびほう,平成十四年七月一日
327AC1000000244,法律,昭和二十三年六月三十日以前に給与事由の生じた恩給の特別措置に関する法律,しょうわにじゅうさんねんろくがつさんじゅうにちいぜんにきゅうよじゆうのしょうじたおんきゅうのとくべつそちにかんするほうりつ,昭和二十七年七月二十三日
327AC1000000245,法律,警察官の職務に協力援助した者の災害給付に関する法律,けいさつかんのしょくむにきょうりょくえんじょしたもののさいがいきゅうふにかんするほうりつ,令和四年四月一日
327AC1000000286,法律,法廷等の秩序維持に関する法律,ほうていとうのちつじょいじにかんするほうりつ,令和十一年三月三十日
327AC1000000303,法律,義務教育費国庫負担法,ぎむきょういくひこっこふたんほう,平成二十九年四月一日
327AC1000000305,法律,日本赤十字社法,にほんせきじゅうじしゃほう,平成二十五年十月一日
327AC1000000356,法律,飼料需給安定法,しりょうじゅきゅうあんていほう,平成十九年四月一日
327AC1000000358,法律,農山漁村電気導入促進法,のうさんぎょそんでんきどうにゅうそくしんほう,平成二十八年四月一日
327CO0000000013,政令,鹿児島県大島郡十島村に関する地方自治法の適用及びこれに伴う経過措置に関する政令,かごしまけんおおしまぐんとしまむらにかんするちほうじちほうのてきようおよびこれにともなうけいかそちにかんするせいれい,昭和二十七年二月四日
327CO0000000015,政令,親族、相続等につき鹿児島県大島郡十島村に関する暫定措置の特例を定める政令,しんぞくそうぞくとうにつきかごしまけんおおしまぐんとしまむらにかんするざんていそちのとくれいをさだめるせいれい,昭和二十七年二月九日
327CO0000000019,政令,鹿児島県大島郡十島村に関する文部省関係法令の適用及びこれに伴う経過措置等に関する政令,かごしまけんおおしまぐんとしまむらにかんするもんぶしょうかんけいほうれいのてきようおよびこれにともなうけいかそちとうにかんするせいれい,平成十七年四月一日
327CO0000000047,政令,博物館法施行令,はくぶつかんほうしこうれい,令和五年四月一日
327CO0000000057,政令,鹿児島県大島郡十島村に関する所得税法等の適用及びこれに伴う経過措置に関する政令,かごしまけんおおしまぐんとしまむらにかんするしょとくぜいほうとうのてきようおよびこれにともなうけいかそちにかんするせいれい,昭和二十七年十月一日
327CO0000000058,政令,鹿児島県大島郡十島村の区域に関する法令の適用に関する政令,かごしまけんおおしまぐんとしまむらのくいきにかんするほうれいのてきようにかんするせいれい,昭和二十七年四月一日
327CO0000000059,政令,国土調査法施行令,こくどちょうさほうしこうれい,令和六年十月三十日
327CO0000000068,政令,漁船損害等補償法施行令,ぎょせんそんがいとうほしょうほうしこうれい,令和四年九月一日
327CO0000000074,政令,領事官の徴収する手数料に関する政令,りょうじかんのちょうしゅうするてすうりょうにかんするせいれい,令和五年三月二十七日
327CO0000000078,政令,旧外貨債処理法による借換済外貨債の証券の一部の有効化等に関する法律施行令,きゅうがいかさいしょりほうによるしゃくかんすみがいかさいのしょうけんのいちぶのゆうこうかとうにかんするほうりつせこうれい,令和二年四月一日
327CO0000000101,政令,外務人事審議会令,がいむじんじしんぎかいれい,平成十五年四月一日
327CO0000000105,政令,鹿児島県大島郡十島村に関する鉱業法等の適用及びこれに伴う経過措置に関する政令,かごしまけんおおしまぐんとしまむらにかんするこうぎょうほうとうのてきようおよびこれにともなうけいかそちにかんするせいれい,昭和二十七年四月十一日
327CO0000000124,政令,日本国とアメリカ合衆国との間の相互協力及び安全保障条約第六条に基づく施設及び区域並びに日本国における合衆国軍隊の地位に関する協定の実施に伴う所得税法等の臨時特例に関する法律施行令,にほんこくとあめりかがっしゅうこくとのあいだのそうごきょうりょくおよびあんぜんほしょうじょうやくだいろくじょうにもとづくしせつおよびくいきならびににほんこくにおけるがっしゅうこくぐんたいのちいにかんするきょうていのじっしにともなうしょとくぜいほうとうのりんじとくれいにかんするほうりつせこうれい,令和四年四月一日
327CO0000000125,政令,日本国とアメリカ合衆国との間の相互協力及び安全保障条約第六条に基づく施設及び区域並びに日本国における合衆国軍隊の地位に関する協定の実施に伴う関税法等の臨時特例に関する法律施行令,にほんこくとあめりかがっしゅうこくとのあいだのそうごきょうりょくおよびあんぜんほしょうじょうやくだいろくじょうにもとづくしせつおよびくいきならびににほんこくにおけるがっしゅうこくぐんたいのちいにかんするきょうていのじっしにともなうかんぜいほうとうのりんじとくれいにかんするほうりつせこうれい,平成二十九年十月八日
327CO0000000127,政令,日本国とアメリカ合衆国との間の相互協力及び安全保障条約第六条に基づく施設及び区域並びに日本国における合衆国軍隊の地位に関する協定の実施に伴う外国為替令等の臨時特例に関する政令,にほんこくとあめりかがっしゅうこくとのあいだのそうごきょうりょくおよびあんぜんほしょうじょうやくだいろくじょうにもとづくしせつおよびくいきならびににほんこくにおけるがっしゅうこくぐんたいのちいにかんするきょうていのじっしにともなうがいこくかわせれいとうのりんじとくれいにかんするせいれい,令和七年十月九日
327CO0000000129,政令,連合国財産補償法施行令,れんごうこくざいさんほしょうほうしこうれい,平成十三年一月六日
327CO0000000130,政令,日本国との平和条約の効力発生に伴う国家公務員等の懲戒免除に関する政令,にほんこくとのへいわじょうやくのこうりょくはっせいにともなうこっかこうむいんとうのちょうかいめんじょにかんするせいれい,昭和二十七年四月二十八日
327CO0000000131,政令,日本国との平和条約の効力発生に伴う予算執行職員等の弁償責任の減免に関する政令,にほんこくとのへいわじょうやくのこうりょくはっせいにともなうよさんしっこうしょくいんとうのべんしょうせきにんのげんめんにかんするせいれい,昭和二十七年四月二十八日
327CO0000000138,政令,鹿児島県大島郡十島村に関する恩給法の適用及びこれに伴う経過措置に関する政令,かごしまけんおおしまぐんとしまむらにかんするおんきゅうほうのてきようおよびこれにともなうけいかそちにかんするせいれい,昭和二十七年五月九日
327CO0000000143,政令,戦傷病者戦没者遺族等援護法施行令,せんしょうびょうしゃせんぼつしゃいぞくとうえんごほうせこうれい,平成十三年一月六日
327CO0000000148,政令,農業改良助長法施行令,のうぎょうかいりょうじょちょうほうせこうれい,令和五年四月一日
327CO0000000149,政令,日本国とアメリカ合衆国との間の相互協力及び安全保障条約第六条に基づく施設及び区域並びに日本国における合衆国軍隊の地位に関する協定の実施に伴う土地等の使用等に関する特別措置法施行令,にほんこくとあめりかがっしゅうこくとのあいだのそうごきょうりょくおよびあんぜんほしょうじょうやくだいろくじょうにもとづくしせつおよびくいきならびににほんこくにおけるがっしゅうこくぐんたいのちいにかんするきょうていのじっしにともなうとちとうのしようとうにかんするとくべつそちほうせこうれい,平成十九年九月一日
327CO0000000171,政令,公職に関する就職禁止、退職等に関する勅令等の廃止に関する法律及び教職員の除去、就職禁止等に関する政令を廃止する法律の規定に基き取得する恩給、年金等を受ける権利又は資格に関する政令,こうしょくにかんするしゅうしょくきんしたいしょくとうにかんするちょくれいとうのはいしにかんするほうりつおよびきょうしょくいんのじょきょしゅうしょくきんしとうにかんするせいれいをはいしするほうりつのきていにもとづきしゅとくするおんきゅうねんきんとうをうけるけんりまたはしかくにかんするせいれい,昭和二十七年六月三日
327CO0000000194,政令,水産資源保護法施行令,すいさんしげんほごほうせこうれい,令和二年十二月一日
327CO0000000211,政令,貸付信託法施行令,かしつけしんたくほうせこうれい,平成十九年九月三十日
327CO0000000212,政令,ユネスコ活動に関する法律施行令,ゆねすこかつどうにかんするほうりつしこうれい,平成二十二年七月二十三日
327CO0000000220,政令,鹿児島県大島郡十島村に関する国家公務員共済組合法等の適用及びこれに伴う経過措置に関する政令,かごしまけんおおしまぐんとしまむらにかんするこっかこうむいんきょうさいくみあいほうとうのてきようおよびこれにともなうけいかそちにかんするせいれい,昭和五十七年九月二十五日
327CO0000000261,政令,道路交通事業抵当法施行令,どうろこうつうじぎょうていとうほうしこうれい,令和七年四月一日
327CO0000000264,政令,国有財産特別措置法施行令,こくゆうざいさんとくべつそちほうせこうれい,令和七年十月一日
327CO0000000286,政令,公共工事の前払金保証事業に関する法律施行令,こうきょうこうじのまえばらいきんほしょうじぎょうにかんするほうりつせこうれい,令和三年九月一日
327CO0000000290,政令,内閣法制局設置法施行令,ないかくほうせいきょくせっちほうしこうれい,令和五年九月一日
327CO0000000307,政令,企業会計審議会令,きぎょうかいけいしんぎかいれい,平成三十年七月十七日
327CO0000000319,政令,物価統制令施行令,ぶっかとうせいれいしこうれい,令和三年十月二十二日
327CO0000000341,政令,航空機製造事業法施行令,こうくうきせいぞうじぎょうほうしこうれい,令和元年七月十九日
327CO0000000343,政令,公認会計士法施行令,こうにんかいけいしほうしこうれい,令和七年四月一日
327CO0000000365,政令,連合国財産の返還等に関する政令第二条第二項第一号に掲げる政令で定める国を定める政令,れんごうこくざいさんのへんかんとうにかんするせいれいだいにじょうだいにこうだいいちごうにかかげるせいれいでさだめるくにをさだめるせいれい,昭和三十年四月十六日
327CO0000000368,政令,防衛省の職員の給与等に関する法律施行令,ぼうえいしょうのしょくいんのきゅうよとうにかんするほうりつせこうれい,令和八年四月一日
327CO0000000373,政令,公正取引委員会事務総局組織令,こうせいとりひきいいんかいじむそうきょくそしきれい,令和八年一月一日
327CO0000000377,政令,宮内庁組織令,くないちょうそしきれい,令和七年十二月二十四日
327CO0000000403,政令,地方公営企業法施行令,ちほうこうえいきぎょうほうしこうれい,令和八年九月二十四日
327CO0000000405,政令,産業教育振興法施行令,さんぎょうきょういくしんこうほうせこうれい,平成十九年四月一日
327CO0000000421,政令,航空法施行令,こうくうほうしこうれい,令和八年四月一日
327CO0000000428,政令,在外公館に勤務する外務公務員の特殊語学手当に関する政令,ざいがいこうかんにきんむするがいむこうむいんのとくしゅごがくてあてにかんするせいれい,令和八年四月一日
327CO0000000429,政令,警察官の職務に協力援助した者の災害給付に関する法律施行令,けいさつかんのしょくむにきょうりょくえんじょしたもののさいがいきゅうふにかんするほうりつしこうれい,令和七年八月一日
327CO0000000435,政令,援護審査会令,えんごしんさかいれい,平成二十七年四月一日
327CO0000000445,政令,農地法施行令,のうちほうしこうれい,令和七年四月一日
327CO0000000446,政令,鹿児島県大島郡十島村の区域に関する法令の適用の経過措置に関する政令,かごしまけんおおしまぐんとしまむらのくいきにかんするほうれいのてきようのけいかそちにかんするせいれい,昭和二十九年六月三十日
327CO0000000461,政令,地方制度調査会令,ちほうせいどちょうさかいれい,平成二十年七月四日
327CO0000000471,政令,気象業務法施行令,きしょうぎょうむほうしこうれい,令和五年十一月三十日
327CO0000000473,政令,外務公務員法施行令,がいむこうむいんほうせこうれい,令和三年一月一日
327CO0000000479,政令,道路法施行令,どうろほうしこうれい,令和八年四月一日
327M50000001081,府省令,破壊活動防止法施行規則,はかいかつどうぼうしほうせこうきそく,令和七年四月一日
327M50000002012,府省令,内閣府所管旅費取扱規則,ないかくふしょかんりょひとりあつかいきそく,令和八年四月一日
327M50000002030,府省令,日本国とアメリカ合衆国との間の相互協力及び安全保障条約第六条に基づく施設及び区域並びに日本国における合衆国軍隊の地位に関する協定の実施に伴う土地等の使用等に関する特別措置法施行規則,にほんこくとあめりかがっしゅうこくとのあいだのそうごきょうりょくおよびあんぜんほしょうじょうやくだいろくじょうにもとづくしせつおよびくいきならびににほんこくにおけるがっしゅうこくぐんたいのちいにかんするきょうていのじっしにともなうとちとうのしようとうにかんするとくべつそちほうせこうきそく,令和三年一月二十九日
327M50000002041,府省令,日本国とアメリカ合衆国との間の相互協力及び安全保障条約に基づき日本国にあるアメリカ合衆国の軍隊の水面の使用に伴う漁船の操業制限等に関する法律施行規則,にほんこくとあめりかがっしゅうこくとのあいだのそうごきょうりょくおよびあんぜんほしょうじょうやくにもとづきにほんこくにあるあめりかがっしゅうこくのぐんたいのすいめんのしようにともなうぎょせんのそうぎょうせいげんとうにかんするほうりつせこうきそく,令和三年一月二十九日
327M50000002052,府省令,基準点測量基礎計画,きじゅんてんそくりょうきそけいかく,令和二年五月二十七日
327M50000002073,府省令,地方公営企業法施行規則,ちほうこうえいきぎょうほうしこうきそく,令和八年四月一日
327M50000002074,府省令,地方公営企業資産再評価規則,ちほうこうえいきぎょうしさんさいひょうかきそく,平成二十四年四月一日
327M50000010015,府省令,道路交通事業抵当登記規則,どうろこうつうじぎょうていとうとうききそく,令和六年四月一日
327M50000020004,府省令,領事官の徴収する手数料の額を定める省令,りょうじかんのちょうしゅうするてすうりょうのがくをさだめるしょうれい,令和八年四月一日
327M50000020006,府省令,外務省本省に勤務する外務職員の範囲を定める省令,がいむしょうほんしょうにきんむするがいむしょくいんのはんいをさだめるしょうれい,昭和二十七年四月二十二日
327M50000020007,府省令,外務職員の公の名称に関する省令,がいむしょくいんのおおやけのめいしょうにかんするしょうれい,平成十一年十月十八日
327M50000020013,府省令,調査報告に関する規則,ちょうさほうこくにかんするきそく,昭和四十六年三月二十七日
327M50000020018,府省令,外務職員の研修に関する省令,がいむしょくいんのけんしゅうにかんするしょうれい,平成三十年七月一日
327M50000020021,府省令,査察使に関する省令,ささつしにかんするしょうれい,平成十二年十一月二十八日
327M50000020024,府省令,在外公館に勤務する外務公務員の特殊語学手当に関する政令施行規則,ざいがいこうかんにきんむするがいむこうむいんのとくしゅごがくてあてにかんするせいれいせこうきそく,令和八年四月一日
327M50000040018,府省令,支出負担行為等取扱規則,ししゅつふたんこういとうとりあつかいきそく,令和七年四月一日
327M50000040034,府省令,在外公館等借入金返済実施規程,ざいがいこうかんとうかりいれきんへんさいじっしきてい,令和二年十二月二十五日
327M50000040035,府省令,在外公館等借入金の提供地域の区分に関する省令,ざいがいこうかんとうかりいれきんのていきょうちいきのくぶんにかんするしょうれい,昭和二十七年三月三十一日
327M50000040036,府省令,旧外貨債処理法による借換済外貨債の証券の一部の有効化等に関する法律施行令に規定する書類の様式及び記載事項を定める省令,きゅうがいかさいしょりほうによるしゃくかんすみがいかさいのしょうけんのいちぶのゆうこうかとうにかんするほうりつせこうれいにきていするしょるいのようしきおよびきさいじこうをさだめるしょうれい,令和二年十二月二十五日
327M50000040037,府省令,国債証券の分割の一部停止等に関する省令,こくさいしょうけんのぶんかつのいちぶていしとうにかんするしょうれい,平成十九年九月三十日
327M50000040050,府省令,連合国財産補償法施行規則,れんごうこくざいさんほしょうほうしこうきそく,平成二十八年四月一日
327M50000040071,府省令,遺族国庫債券の発行交付等に関する省令,いぞくこっこさいけんのはっこうこうふとうにかんするしょうれい,令和三年四月一日
327M50000040074,府省令,遺族国庫債券の担保権の設定に関する省令,いぞくこっこさいけんのたんぽけんのせっていにかんするしょうれい,平成二十年十月一日
327M50000040098,府省令,割増金の徴収等に関する省令,わりましきんのちょうしゅうとうにかんするしょうれい,平成十三年一月六日
327M50000040131,府省令,日本銀行の本邦外における外貨債の特別取扱に関する省令,にほんぎんこうのほんぽうそとにおけるがいかさいのとくべつとりあつかいにかんするしょうれい,平成十三年一月六日
327M50000040141,府省令,歳入徴収官事務規程,さいにゅうちょうしゅうかんじむきてい,令和八年一月一日
327M50000080004,府省令,学校基本調査規則,がっこうきほんちょうさきそく,令和八年四月一日
327M50000080005,府省令,学校保健統計調査規則,がっこうほけんとうけいちょうさきそく,令和元年十二月十六日
327M50000080024,府省令,日本ユネスコ国内委員会専門小委員会組織規程,にほんゆねすここくないいいんかいせんもんしょういいんかいそしききてい,令和二年十二月一日
327M50000100010,府省令,薬事工業生産動態統計調査規則,やくじこうぎょうせいさんどうたいとうけいちょうさきそく,令和七年十一月二十日
327M50000100012,府省令,死産届書、死産証書及び死胎検案書に関する省令,しざんとどけしょしざんしょうしょおよびしたいけんあんかきにかんするしょうれい,令和三年九月一日
327M50000100016,府省令,戦傷病者戦没者遺族等援護法施行規則,せんしょうびょうしゃせんぼつしゃいぞくとうえんごほうしこうきそく,令和六年四月一日
327M50000100032,府省令,母体保護法施行規則,ぼたいほごほうしこうきそく,令和七年四月一日
327M50000100043,府省令,日本赤十字社法施行規則,にほんせきじゅうじしゃほうしこうきそく,令和元年七月一日
327M50000100044,府省令,検疫所長等服制,けんえきしょちょうとうふくせい,令和六年四月一日
327M50000110001,府省令,出生証明書の様式等を定める省令,しゅっせいしょうめいしょのようしきとうをさだめるしょうれい,令和二年十二月二十五日
327M50000800001,府省令,中小企業等協同組合法等による倉荷証券発行許可等に関する省令,ちゅうしょうきぎょうとうきょうどうくみあいほうとうによるくらにしょうけんはっこうきょかとうにかんするしょうれい,平成十九年四月一日
327M50000800002,府省令,自動車登録官及び自動車検査官の任命、服務及び研修に関する規則,じどうしゃとうろくかんおよびじどうしゃけんさかんのにんめいふくむおよびけんしゅうにかんするきそく,令和六年二月十九日
327M50000800008,府省令,運輸審議会一般規則,うんゆしんぎかいいっぱんきそく,令和五年九月二十九日
327M50000800042,府省令,内航海運業法施行規則,ないこうかいうんぎょうほうしこうきそく,令和八年四月一日
327M50000800044,府省令,空港管理規則,くうこうかんりきそく,平成二十八年三月一日
327M50000800056,府省令,航空法施行規則,こうくうほうしこうきそく,令和十年四月一日
327M50000800071,府省令,離島航路整備法施行規則,りとうこうろせいびほうしこうきそく,令和六年四月一日
327M50000800097,府省令,船舶区画規程,せんぱくくかくきてい,令和六年十月三十日
327M50000800101,府省令,気象業務法施行規則,きしょうぎょうむほうせこうきそく,令和七年十月一日
327M50000840002,府省令,連合国財産の返還の請求の手続等に関する命令,れんごうこくざいさんのへんかんのせいきゅうのてつづきとうにかんするめいれい,平成二十年十月一日
327M50001000024,府省令,電波監理審議会規則,でんぱかんりしんぎかいきそく,令和四年十月一日
327M50002000024,府省令,労働基準法第十八条第四項の規定に基づき使用者が労働者の預金を受け入れる場合の利率を定める省令,ろうどうきじゅんほうだいじゅうはちじょうだいよんこうのきていにもとづきしようしゃがろうどうしゃのよきんをうけいれるばあいのりりつをさだめるしょうれい,平成十三年四月一日
327M50004000023,府省令,公共工事の前払金保証事業に関する法律施行規則,こうきょうこうじのまえばらいきんほしょうじぎょうにかんするほうりつしこうきそく,令和六年四月一日
327M50004000025,府省令,道路法施行規則,どうろほうしこうきそく,令和八年四月一日
327M50004800005,府省令,道路交通事業抵当法施行規則,どうろこうつうじぎょうていとうほうしこうきそく,令和五年四月一日
327M50010000018,府省令,漁船損害等補償法施行規則,ぎょせんそんがいとうほしょうほうしこうきそく,令和八年四月一日
327M50010000044,府省令,水産資源保護法施行規則,すいさんしげんほごほうしこうきそく,令和八年六月九日
327M50010000065,府省令,海面漁業生産統計調査規則,かいめんぎょぎょうせいさんとうけいちょうさきそく,令和六年十一月十五日
327M50010000079,府省令,農地法施行規則,のうちほうしこうきそく,令和七年七月二十八日
327M50014D40002,府省令,企業合理化促進法施行規則,きぎょうごうりかそくしんほうしこうきそく,平成二十八年四月十三日
327R00000001003,規則,計算証明規則,けいさんしょうめいきそく,令和七年十二月一日
327R00000007006,規則,合衆国軍隊等の証明の様式に関する地方財政委員会規則,がっしゅうこくぐんたいとうのしょうめいのようしきにかんするちほうざいせいいいんかいきそく,昭和三十五年六月二十三日
327R00000011001,規則,身分証明証票規則,みぶんしょうめいしょうひょうきそく,令和元年七月一日
327R00000011006,規則,国宝、重要文化財又は重要有形民俗文化財の出品又は公開に起因する損失の補償に関する規則,こくほうじゅうようぶんかざいまたはじゅうようゆうけいみんぞくぶんかざいのしゅっぴんまたはこうかいにきいんするそんしつのほしょうにかんするきそく,平成十七年四月一日
327R00000012002,規則,日本ユネスコ国内委員会運営規則,にほんゆねすここくないいいんかいうんえいきそく,平成二十五年五月三十一日
327RJNJ09013000,規則,人事院規則九―一三（休職者の給与）,じんじいんきそくきゅうのじゅうさんきゅうしょくしゃのきゅうよ,令和四年六月二十四日
327RJNJ11004000,規則,人事院規則一一―四（職員の身分保障）,じんじいんきそくじゅういちのよんしょくいんのみぶんほしょう,令和八年三月一日
327RJNJ12000000,規則,人事院規則一二―〇（職員の懲戒）,じんじいんきそくじゅうにのぜろしょくいんのちょうかい,令和五年四月一日
328AC0000000001,法律,外航船舶建造融資利子補給臨時措置法,がいこうせんはくけんぞうゆうしりしほきゅうりんじそちほう,平成十一年十月一日
328AC0000000006,法律,酒税法,しゅぜいほう,令和八年五月二十五日
328AC0000000007,法律,酒税の保全及び酒類業組合等に関する法律,しゅぜいのほぜんおよびしゅるいぎょうくみあいとうにかんするほうりつ,令和七年六月一日
328AC0000000014,法律,麻薬及び向精神薬取締法,まやくおよびこうせいしんやくとりしまりほう,令和八年十月一日
328AC0000000051,法律,国際復興開発銀行等からの外資の受入に関する特別措置に関する法律,こくさいふっこうかいはつぎんこうとうからのがいしのうけいれにかんするとくべつそちにかんするほうりつ,平成二十四年四月一日
328AC0000000062,法律,金管理法,きんかんりほう,令和七年六月一日
328AC0000000066,法律,航空機抵当法,こうくうきていとうほう,令和二年四月一日
328AC0000000068,法律,逃亡犯罪人引渡法,とうぼうはんざいにんひきわたしほう,令和八年五月二十二日
328AC0000000083,法律,地方青少年問題協議会法,ちほうせいしょうねんもんだいきょうぎかいほう,平成二十六年四月一日
328AC0000000087,法律,消防施設強化促進法,しょうぼうしせつきょうかそくしんほう,平成十四年二月八日
328AC0000000096,法律,有線電気通信法,ゆうせんでんきつうしんほう,令和七年六月一日
328AC0000000098,法律,有線電気通信法及び公衆電気通信法施行法,ゆうせんでんきつうしんほうおよびこうしゅうでんきつうしんほうしこうほう,昭和五十八年十二月十日
328AC0000000114,法律,と畜場法,とちくじょうほう,令和七年六月一日
328AC0000000145,法律,武器等製造法,ぶきとうせいぞうほう,令和七年六月一日
328AC0000000149,法律,臨時船舶建造調整法,りんじせんぱくけんぞうちょうせいほう,令和七年六月一日
328AC0000000156,法律,元南西諸島官公署職員等の身分、恩給等の特別措置に関する法律,もとなんせいしょとうかんこうしょしょくいんとうのみぶんおんきゅうとうのとくべつそちにかんするほうりつ,令和五年四月一日
328AC0000000157,法律,昭和二十七年十月三十一日以前に給与事由の生じた恩給等の年額の改定に関する法律,しょうわにじゅうななねんじゅうがつさんじゅうついたちいぜんにきゅうよじゆうのしょうじたおんきゅうとうのねんがくのかいていにかんするほうりつ,昭和二十八年八月一日
328AC0000000159,法律,昭和二十三年六月三十日以前に給付事由の生じた国家公務員共済組合法等の規定による年金の特別措置に関する法律,しょうわにじゅうさんねんろくがつさんじゅうにちいぜんにきゅうふじゆうのしょうじたこっかこうむいんきょうさいくみあいほうとうのきていによるねんきんのとくべつそちにかんするほうりつ,昭和五十七年十月一日
328AC0000000160,法律,昭和二十七年度における給与の改訂に伴う国家公務員共済組合法等の規定による年金の額の改定に関する法律,しょうわにじゅうななねんどにおけるきゅうよのかいていにともなうこっかこうむいんきょうさいくみあいほうとうのきていによるねんきんのがくのかいていにかんするほうりつ,昭和五十七年十月一日
328AC0000000161,法律,未帰還者留守家族等援護法,みきかんしゃるすかぞくとうえんごほう,平成十三年一月六日
328AC0000000170,法律,港湾整備促進法,こうわんせいびそくしんほう,平成二十三年四月一日
328AC0000000171,法律,電気事業及び石炭鉱業における争議行為の方法の規制に関する法律,でんきじぎょうおよびせきたんこうぎょうにおけるそうぎこういのほうほうのきせいにかんするほうりつ,平成二十八年四月一日
328AC0000000196,法律,信用保証協会法,しんようほしょうきょうかいほう,令和七年六月一日
328AC0000000200,法律,一般財団法人日本遺族会に対する国有財産の無償貸付け等に関する法律,いっぱんざいだんほうじんにほんいぞくかいにたいするこくゆうざいさんのむしょうかしつけとうにかんするほうりつ,平成二十六年十一月二十八日
328AC0000000206,法律,社会保険審査官及び社会保険審査会法,しゃかいほけんしんさかんおよびしゃかいほけんしんさかいほう,令和十二年六月十九日
328AC0000000236,法律,国の援助等を必要とする帰国者に関する領事官の職務等に関する法律,くにのえんじょとうをひつようとするきこくものにかんするりょうじかんのしょくむとうにかんするほうりつ,平成二十六年八月五日
328AC0000000245,法律,私立学校教職員共済法,しりつがっこうきょうしょくいんきょうさいほう,令和十年四月一日
328AC0000000246,法律,日本国に駐留するアメリカ合衆国軍隊等の行為による特別損失の補償に関する法律,にほんこくにちゅうりゅうするあめりかがっしゅうこくぐんたいとうのこういによるとくべつそんしつのほしょうにかんするほうりつ,平成二十八年四月一日
328AC0000000247,法律,公立学校施設災害復旧費国庫負担法,こうりつがっこうしせつさいがいふっきゅうひこっこふたんほう,平成二十九年四月一日
328AC0000000253,法律,久六島周辺における漁業についての漁業法の特例に関する法律,きゅうろくしましゅうへんにおけるぎょぎょうについてのぎょぎょうほうのとくれいにかんするほうりつ,昭和五十三年七月五日
328AC0000000265,法律,日本国における国際連合の軍隊に対する刑事裁判権の行使に関する議定書の実施に伴う刑事特別法,にほんこくにおけるこくさいれんごうのぐんたいにたいするけいじさいばんけんのこうしにかんするぎていしょのじっしにともなうけいじとくべつほう,令和八年五月二十二日
328AC0000000267,法律,奄美群島の復帰に伴う法令の適用の暫定措置等に関する法律,あまみぐんとうのふっきにともなうほうれいのてきようのざんていそちとうにかんするほうりつ,昭和三十九年七月二日
328AC0100000227,法律,労働金庫法,ろうどうきんこほう,令和八年五月一日
328AC1000000033,法律,海上保安官に協力援助した者等の災害給付に関する法律,かいじょうほあんかんにきょうりょくえんじょしたものとうのさいがいきゅうふにかんするほうりつ,平成八年四月一日
328AC1000000035,法律,飼料の安全性の確保及び品質の改善に関する法律,しりょうのあんぜんせいのかくほおよびひんしつのかいぜんにかんするほうりつ,令和七年六月一日
328AC1000000052,法律,国会における各会派に対する立法事務費の交付に関する法律,こっかいにおけるかくかいはにたいするりっぽうじむひのこうふにかんするほうりつ,昭和六十一年四月五日
328AC1000000064,法律,北海道防寒住宅建設等促進法,ほっかいどうぼうかんじゅうたくけんせつとうそくしんほう,平成十九年四月一日
328AC1000000072,法律,離島振興法,りとうしんこうほう,令和六年四月一日
328AC1000000143,法律,商工会議所法,しょうこうかいぎしょほう,令和七年六月一日
328AC1000000169,法律,鉄道軌道整備法,てつどうきどうせいびほう,平成三十年八月一日
328AC1000000182,法律,国家公務員退職手当法,こっかこうむいんたいしょくてあてほう,令和七年十月一日
328AC1000000185,法律,学校図書館法,がっこうとしょかんほう,令和八年四月一日
328AC1000000186,法律,理科教育振興法,りかきょういくしんこうほう,平成二十九年四月一日
328AC1000000224,法律,財団法人労働科学研究所に対する国有財産の譲与に関する法律,ざいだんほうじんろうどうかがくけんきゅうじょにたいするこくゆうざいさんのじょうよにかんするほうりつ,平成二十三年七月十四日
328AC1000000238,法律,高等学校の定時制教育及び通信教育振興法,こうとうがっこうのていじせいきょういくおよびつうしんきょういくしんこうほう,令和八年四月一日
328CO0000000009,政令,昭和二十三年六月三十日以前に給与事由の生じた恩給の特別措置に関する法律の規定による恩給年額の改定期月を定める政令,しょうわにじゅうさんねんろくがつさんじゅうにちいぜんにきゅうよじゆうのしょうじたおんきゅうのとくべつそちにかんするほうりつのきていによるおんきゅうねんがくのかいていきがつをさだめるせいれい,昭和二十八年一月三十一日
328CO0000000016,政令,中小漁業融資保証法施行令,ちゅうしょうぎょぎょうゆうしほしょうほうせこうれい,令和二年十二月一日
328CO0000000028,政令,酒税の保全及び酒類業組合等に関する法律施行令,しゅぜいのほぜんおよびしゅるいぎょうくみあいとうにかんするほうりつしこうれい,令和四年四月一日
328CO0000000040,政令,農山漁村電気導入促進法施行令,のうさんぎょそんでんきどうにゅうそくしんほうしこうれい,平成十三年一月六日
328CO0000000057,政令,麻薬及び向精神薬取締法施行令,まやくおよびこうせいしんやくとりしまりほうしこうれい,令和七年四月一日
328CO0000000062,政令,海上保安官に協力援助した者等の災害給付に関する法律施行令,かいじょうほあんかんにきょうりょくえんじょしたものとうのさいがいきゅうふにかんするほうりつしこうれい,令和七年八月一日
328CO0000000124,政令,消防施設強化促進法施行令,しょうぼうしせつきょうかそくしんほうしこうれい,平成十四年二月八日
328CO0000000130,政令,有線電気通信法施行令,ゆうせんでんきつうしんほうせこうれい,平成二十四年九月十九日
328CO0000000131,政令,有線電気通信設備令,ゆうせんでんきつうしんせつびれい,平成十三年十二月二十一日
328CO0000000141,政令,貿易保険法施行令,ぼうえきほけんほうしこうれい,令和四年七月一日
328CO0000000148,政令,金管理法施行令,きんかんりほうしこうれい,平成十三年一月六日
328CO0000000173,政令,農地法による不動産登記に関する政令,のうちほうによるふどうさんとうきにかんするせいれい,平成二十一年十二月十五日
328CO0000000188,政令,臨時船舶建造調整法施行令,りんじせんぱくけんぞうちょうせいほうしこうれい,平成十三年一月六日
328CO0000000190,政令,社会保険審査官及び社会保険審査会法施行令,しゃかいほけんしんさかんおよびしゃかいほけんしんさかいほうせこうれい,令和三年一月一日
328CO0000000198,政令,武器等製造法施行令,ぶきとうせいぞうほうせこうれい,令和元年十二月十六日
328CO0000000201,政令,国の援助等を必要とする帰国者に関する領事官の職務等に関する法律施行令,くにのえんじょとうをひつようとするきこくしゃにかんするりょうじかんのしょくむとうにかんするほうりつしこうれい,平成十三年一月六日
328CO0000000211,政令,未帰還者留守家族等援護法施行令,みきかんしゃるすかぞくとうえんごほうしこうれい,令和七年四月一日
328CO0000000215,政令,国家公務員退職手当法施行令,こっかこうむいんたいしょくてあてほうしこうれい,令和八年四月一日
328CO0000000216,政令,と畜場法施行令,とちくじょうほうせこうれい,平成十六年二月二十七日
328CO0000000229,政令,食品衛生法施行令,しょくひんえいせいほうしこうれい,令和七年四月一日
328CO0000000231,政令,栄養士法施行令,えいようしほうしこうれい,令和七年十一月一日
328CO0000000232,政令,理容師法施行令,りようしほうせこうれい,平成二十七年九月三十日
328CO0000000233,政令,クリーニング業法施行令,くりーにんぐぎょうほうしこうれい,平成十三年一月六日
328CO0000000235,政令,家畜伝染病予防法施行令,かちくでんせんびょうよぼうほうしこうれい,令和八年五月一日
328CO0000000236,政令,狂犬病予防法施行令,きょうけんびょうよぼうほうせこうれい,令和七年九月一日
328CO0000000237,政令,水難救護法施行令,すいなんきゅうごほうしこうれい,平成十二年四月一日
328CO0000000240,政令,船員保険法施行令,せんいんほけんほうしこうれい,令和八年四月一日
328CO0000000242,政令,職業安定法施行令,しょくぎょうあんていほうしこうれい,令和九年四月一日
328CO0000000250,政令,輸出入取引審議会令,ゆしゅつにゅうとりひきしんぎかいれい,令和六年七月一日
328CO0000000252,政令,家畜商法施行令,かちくしょうほうせこうれい,令和三年一月一日
328CO0000000255,政令,小型自動車競走法施行令,こがたじどうしゃきょうそうほうしこうれい,平成二十年四月一日
328CO0000000256,政令,モーターボート競走法施行令,もーたーぼーときょうそうほうしこうれい,平成二十年四月一日
328CO0000000257,政令,軌道法に規定する国土交通大臣の権限に属する事務で都道府県が処理するもの等を定める政令,きどうほうにきていするこくどこうつうだいじんのけんげんにぞくするじむでとどうふけんがしょりするものとうをさだめるせいれい,令和四年四月一日
328CO0000000258,政令,軌道法施行令,きどうほうせこうれい,令和四年四月一日
328CO0000000259,政令,小型漁船の総トン数の測度に関する政令,こがたぎょせんのそうとんすうのそくどにかんするせいれい,平成十四年四月一日
328CO0000000260,政令,船員法第百四条第一項の規定により市町村が処理する事務に関する政令,せんいんほうだいひゃくしじょうだいいっこうのきていによりしちょうそんがしょりするじむにかんするせいれい,平成二十五年三月一日
328CO0000000264,政令,私的独占の禁止及び公正取引の確保に関する法律第四十七条第二項の審査官の指定に関する政令,してきどくせんのきんしおよびこうせいとりひきのかくほにかんするほうりつだいよんじゅうななじょうだいにこうのしんさかんのしていにかんするせいれい,令和三年四月一日
328CO0000000271,政令,信用保証協会法施行令,しんようほしょうきょうかいほうせこうれい,平成三十年四月一日
328CO0000000280,政令,港湾整備促進法施行令,こうわんせいびそくしんほうせこうれい,平成十三年一月六日
328CO0000000285,政令,日本国とアメリカ合衆国との間の相互協力及び安全保障条約第六条に基づく施設及び区域並びに日本国における合衆国軍隊の地位に関する協定の実施に伴う国有の財産の管理に関する法律施行令,にほんこくとあめりかがっしゅうこくとのあいだのそうごきょうりょくおよびあんぜんほしょうじょうやくだいろくじょうにもとづくしせつおよびくいきならびににほんこくにおけるがっしゅうこくぐんたいのちいにかんするきょうていのじっしにともなうこくゆうのざいさんのかんりにかんするほうりつしこうれい,昭和三十五年六月二十三日
328CO0000000296,政令,航空機登録令,こうくうきとうろくれい,令和八年四月一日
328CO0000000312,政令,他の都府県又は他の都府県内の公共団体に砂防工事の費用を負担させる場合の手続に関する政令,たのとふけんまたはたのとふけんないのこうきょうだんたいにさぼうこうじのひようをふたんさせるばあいのてつづきにかんするせいれい,平成十三年一月六日
328CO0000000315,政令,商工会議所法施行令,しょうこうかいぎしょほうしこうれい,平成二十七年四月一日
328CO0000000322,政令,元南西諸島官公署職員等の身分、恩給等の特別措置に関する法律施行令,もとなんせいしょとうかんこうしょしょくいんとうのみぶんおんきゅうとうのとくべつそちにかんするほうりつしこうれい,平成二十六年五月三十日
328CO0000000340,政令,学校教育法施行令,がっこうきょういくほうしこうれい,令和八年四月一日
328CO0000000342,政令,押収物還付等公告令,おうしゅうぶつかんぷこうこくれい,令和五年十一月十五日
328CO0000000355,政令,日本国に駐留するアメリカ合衆国軍隊等の行為による特別損失の補償に関する法律施行令,にほんこくにちゅうりゅうするあめりかがっしゅうこくぐんたいとうのこういによるとくべつそんしつのほしょうにかんするほうりつせこうれい,令和四年四月一日
328CO0000000373,政令,公立学校施設災害復旧費国庫負担法施行令,こうりつがっこうしせつさいがいふっきゅうひこっこふたんほうせこうれい,平成二十九年四月一日
328CO0000000381,政令,死体解剖保存法施行令,したいかいぼうほぞんほうしこうれい,平成十三年一月六日
328CO0000000382,政令,医師法施行令,いしほうせこうれい,令和七年四月一日
328CO0000000383,政令,歯科医師法施行令,しかいしほうしこうれい,令和八年四月一日
328CO0000000385,政令,診療放射線技師法施行令,しんりょうほうしゃせんぎしほうしこうれい,令和六年四月一日
328CO0000000386,政令,保健師助産師看護師法施行令,ほけんしじょさんしかんごしほうせこうれい,令和四年五月一日
328CO0000000401,政令,奄美群島の復帰に伴う琉球政府の職員の引継の暫定措置等に関する政令,あまみぐんとうのふっきにともなうりゅうきゅうせいふのしょくいんのひきつぎのざんていそちとうにかんするせいれい,昭和三十九年三月三十一日
328CO0000000402,政令,奄美群島の復帰に伴う自治省関係法令の適用の暫定措置等に関する政令,あまみぐんとうのふっきにともなうじちしょうかんけいほうれいのてきようのざんていそちとうにかんするせいれい,昭和三十九年八月二十五日
328CO0000000403,政令,奄美群島の復帰に伴う警察消防関係法令の適用の経過措置に関する政令,あまみぐんとうのふっきにともなうけいさつしょうぼうかんけいほうれいのてきようのけいかそちにかんするせいれい,昭和二十九年六月三十日
328CO0000000404,政令,奄美群島の復帰に伴う法務省関係法令の適用の経過措置等に関する政令,あまみぐんとうのふっきにともなうほうむしょうかんけいほうれいのてきようのけいかそちとうにかんするせいれい,平成二十七年六月一日
328CO0000000406,政令,奄美群島の復帰に伴うたばこ専売法等の適用の暫定措置等に関する政令,あまみぐんとうのふっきにともなうたばこせんばいほうとうのてきようのざんていそちとうにかんするせいれい,昭和五十七年九月二十五日
328CO0000000407,政令,奄美群島の復帰に伴う国税関係法令の適用の暫定措置等に関する政令,あまみぐんとうのふっきにともなうこくぜいかんけいほうれいのてきようのざんていそちとうにかんするせいれい,昭和四十一年三月三十一日
328CO0000000408,政令,奄美群島の復帰に伴う通貨及び債権等の措置に関する政令,あまみぐんとうのふっきにともなうつうかおよびさいけんとうのそちにかんするせいれい,昭和二十八年十二月二十四日
328CO0000000409,政令,奄美群島の復帰に伴う文部省関係法令の適用の暫定措置等に関する政令,あまみぐんとうのふっきにともなうもんぶしょうかんけいほうれいのてきようのざんていそちとうにかんするせいれい,昭和二十九年八月二十七日
328CO0000000410,政令,奄美群島の復帰に伴う厚生省関係法律の適用の経過措置に関する政令,あまみぐんとうのふっきにともなうこうせいしょうかんけいほうりつのてきようのけいかそちにかんするせいれい,昭和三十二年九月二十七日
328CO0000000411,政令,奄美群島の復帰に伴う農林省関係法令の適用の暫定措置等に関する政令,あまみぐんとうのふっきにともなうのうりんしょうかんけいほうれいのてきようのざんていそちとうにかんするせいれい　,昭和二十九年六月二十八日
328CO0000000412,政令,奄美群島の復帰に伴う通商産業省関係の法律の適用の暫定措置等に関する政令,あまみぐんとうのふっきにともなうつうしょうさんぎょうしょうかんけいのほうりつのてきようのざんていそちとうにかんするせいれい,昭和二十八年十二月二十四日
328CO0000000414,政令,奄美群島の復帰に伴う運輸省関係法令の適用の暫定措置等に関する政令,あまみぐんとうのふっきにともなううんゆしょうかんけいほうれいのてきようのざんていそちとうにかんするせいれい,昭和二十八年十二月二十五日
328CO0000000415,政令,奄美群島の復帰に伴う郵政省関係法令の適用の暫定措置等に関する政令,あまみぐんとうのふっきにともなうゆうせいしょうかんけいほうれいのてきようのざんていそちとうにかんするせいれい,昭和二十八年十二月二十四日
328CO0000000416,政令,奄美群島の復帰に伴う労働省関係法令の適用の暫定措置等に関する政令,あまみぐんとうのふっきにともなうろうどうしょうかんけいほうれいのてきようのざんていそちとうにかんするせいれい,昭和二十八年十二月二十四日
328CO0000000417,政令,奄美群島の復帰に伴う建設省関係法律の適用の経過措置に関する政令,あまみぐんとうのふっきにともなうけんせつしょうかんけいほうりつのてきようのけいかそちにかんするせいれい,昭和二十八年十二月二十四日
328CO0000000425,政令,私立学校教職員共済法施行令,しりつがっこうきょうしょくいんきょうさいほうしこうれい,令和八年四月一日
328M50000002035,府省令,水基本調査作業規程準則,みずきほんちょうささぎょうきていじゅんそく,平成十四年四月一日
328M50000002042,府省令,水基本調査基礎計画,みずきほんちょうさきそけいかく,平成二十五年六月十四日
328M50000002049,府省令,日本国に駐留するアメリカ合衆国軍隊等の行為による特別損失の補償に関する法律施行規則,にほんこくにちゅうりゅうするあめりかがっしゅうこくぐんたいとうのこういによるとくべつそんしつのほしょうにかんするほうりつしこうきそく,令和三年一月二十九日
328M50000002067,府省令,恩給給与細則,おんきゅうきゅうよさいそく,令和八年四月一日
328M50000002074,府省令,元南西諸島官公署職員等の身分、恩給等の特別措置に関する法律施行規則,もとなんせいしょとうかんこうしょしょくいんとうのみぶんおんきゅうとうのとくべつそちにかんするほうりつしこうきそく,平成十三年一月六日
328M50000002091,府省令,地方税法第三百八十九条第一項の規定により道府県知事又は総務大臣が決定する固定資産の価格の配分に関する規則,ちほうぜいほうだいさんひゃくはちじゅうきゅうじょうだいいっこうのきていによりどうふけんちじまたはそうむだいじんがけっていするこていしさんのかかくのはいぶんにかんするきそく,令和六年四月二十五日
328M50000040009,府省令,連続式蒸留機の新設及び拡張の臨時制限に関する省令,れんぞくしきじょうりゅうきのしんせつおよびかくちょうのりんじせいげんにかんするしょうれい,平成十八年五月一日
328M50000040011,府省令,酒税の保全及び酒類業組合等に関する法律施行規則,しゅぜいのほぜんおよびしゅるいぎょうくみあいとうにかんするほうりつしこうきそく,令和四年四月一日
328M50000040065,府省令,閉鎖機関の調整勘定受益権の信託等に関する省令,へいさきかんのちょうせいかんじょうじゅえきけんのしんたくとうにかんするしょうれい,平成十三年一月六日
328M50000040075,府省令,金融商品取引法第百六十一条の二に規定する取引及びその保証金に関する内閣府令,きんゆうしょうひんとりひきほうだいひゃくろくじゅういちじょうのににきていするとりひきおよびそのほしょうきんにかんするないかくふれい,令和七年五月一日
328M50000080009,府省令,学位規則,がくいきそく,令和四年十月一日
328M50000080012,府省令,学校教員統計調査規則,がっこうきょういんとうけいちょうさきそく,令和八年四月一日
328M50000080028,府省令,私立学校教職員共済法施行規則,しりつがっこうきょうしょくいんきょうさいほうしこうきそく,令和八年四月一日
328M50000100014,府省令,麻薬及び向精神薬取締法施行規則,まやくおよびこうせいしんやくとりしまりほうしこうきそく,令和七年六月一日
328M50000100025,府省令,医療施設調査規則,いりょうしせつちょうさきそく,令和八年四月一日
328M50000100026,府省令,患者調査規則,かんじゃちょうさきそく,令和五年十二月二十六日
328M50000100040,府省令,戦傷病者戦没者遺族等援護法の一部を改正する法律により増額される障害年金及び遺族年金の額の改定に関する省令,せんしょうびょうしゃせんぼつしゃいぞくとうえんごほうのいちぶをかいせいするほうりつによりぞうがくされるしょうがいねんきんおよびいぞくねんきんのがくのかいていにかんするしょうれい,令和二年十二月二十五日
328M50000100042,府省令,未帰還者留守家族等援護法施行規則,みきかんしゃるすかぞくとうえんごほうしこうきそく,令和六年四月一日
328M50000100043,府省令,社会保険審査官及び社会保険審査会法施行規則,しゃかいほけんしんさかんおよびしゃかいほけんしんさかいほうしこうきそく,令和二年十二月二十五日
328M50000100044,府省令,と畜場法施行規則,とちくじょうほうせこうきそく,令和七年七月二十八日
328M50000100049,府省令,国立公園集団施設地区等管理規則,こくりつこうえんしゅうだんしせつちくとうかんりきそく,令和二年十二月二十八日
328M50000100055,府省令,地域保健法施行規則,ちいきほけんほうしこうきそく,令和七年四月一日
328M50000400010,府省令,経済産業省生産動態統計調査規則,けいざいさんぎょうしょうせいさんどうたいとうけいちょうさきそく,令和八年一月一日
328M50000400017,府省令,商業動態統計調査規則,しょうぎょうどうたいとうけいちょうさきそく,令和六年四月一日
328M50000400043,府省令,武器等製造法施行規則,ぶきとうせいぞうほうしこうきそく,令和五年十二月二十八日
328M50000400052,府省令,商工会議所法施行規則,しょうこうかいぎしょほうしこうきそく,令和五年十二月二十八日
328M50000400061,府省令,奄美群島の復帰に伴う通商産業省関係の法律の適用の暫定措置等に関する政令の施行に伴う鉱業権の設定の出願の手続等に関する省令,あまみぐんとうのふっきにともなうつうしょうさんぎょうしょうかんけいのほうりつのてきようのざんていそちとうにかんするせいれいのしこうにともなうこうぎょうけんのせっていのしゅつがんのてつづきとうにかんするしょうれい,平成六年十月一日
328M50000440002,府省令,金管理法第五条第二項の規定に基づく立入検査をする職員の携帯する身分を示す証票の書式を定める省令,きんかんりほうだいごじょうだいにこうのきていにもとづくたちいりけんさをするしょくいんのけいたいするみぶんをしめすしょうひょうのしょしきをさだめるしょうれい,昭和六十二年四月二十四日
328M50000440003,府省令,信用保証協会法施行規則,しんようほしょうきょうかいほうせこうきそく,令和四年一月七日
328M50000800042,府省令,臨時船舶建造調整法施行規則,りんじせんぱくけんぞうちょうせいほうせこうきそく,平成十四年七月一日
328M50000800046,府省令,小型漁船の総トン数の測度に関する省令,こがたぎょせんのそうとんすうのそくどにかんするしょうれい,令和三年一月一日
328M50000800050,府省令,航空機登録規則,こうくうきとうろくきそく,令和三年一月一日
328M50000800051,府省令,外航船舶建造融資利子補給臨時措置法施行規則,がいこうせんはくけんぞうゆうしりしほきゅうりんじそちほうしこうきそく,平成十一年十月一日
328M50000800077,府省令,気象測器等委託検定規則,きしょうそっきとういたくけんていきそく,令和元年十二月十六日
328M50000800081,府省令,鉄道軌道整備法施行規則,てつどうきどうせいびほうしこうきそく,令和三年一月一日
328M50001000036,府省令,有線電気通信法施行規則,ゆうせんでんきつうしんほうしこうきそく,令和五年十二月二十七日
328M50004000023,府省令,北海道防寒住宅建設等促進法施行規則,ほっかいどうぼうかんじゅうたくけんせつとうそくしんほうせこうきそく,令和三年九月一日
328M50004800001,府省令,一般自動車道構造設備規則,いっぱんじどうしゃどうこうぞうせつびきそく,平成十三年一月六日
328M50010000008,府省令,飼料需給安定法施行規則,しりょうじゅきゅうあんていほうしこうきそく,令和五年九月二十九日
328M50010000020,府省令,農山漁村電気導入促進法施行規則,のうさんぎょそんでんきどうにゅうそくしんほうしこうきそく,平成十三年一月六日
328M50010000046,府省令,森林保険法施行規則,しんりんほけんほうしこうきそく,令和二年十二月二十一日
328M50200000001,規則,私的独占の禁止及び公正取引の確保に関する法律第九条から第十六条までの規定による認可の申請、報告及び届出等に関する規則,してきどくせんのきんしおよびこうせいとりひきのかくほにかんするほうりつだいきゅうじょうからだいじゅうろくじょうまでのきていによるにんかのしんせいほうこくおよびとどけでとうにかんするきそく,令和六年四月一日
328M50200000004,規則,再販売価格維持契約の届出に関する規則,さいはんばいかかくいじけいやくのとどけでにかんするきそく,令和二年十二月二十五日
328M51000000001,規則,公安審査委員会審査規則,こうあんしんさいいんかいしんさきそく,令和三年六月三十日
328RJNJ09007000,規則,人事院規則九―七（俸給等の支給）,じんじいんきそくきゅうのななほうきゅうとうのしきゅう,令和八年四月一日
329AC0000000036,法律,国税収納金整理資金に関する法律,こくぜいしゅうのうきんせいりしきんにかんするほうりつ,令和六年一月一日
329AC0000000051,法律,ガス事業法,がすじぎょうほう,令和七年十二月二十五日
329AC0000000061,法律,関税法,かんぜいほう,令和八年四月一日
329AC0000000064,法律,刑事訴訟法第百九十四条に基く懲戒処分に関する法律,けいじそしょうほうだいひゃくきゅうじゅうよんじょうにもとづくちょうかいしょぶんにかんするほうりつ,昭和二十九年四月六日
329AC0000000066,法律,日本銀行券預入令等を廃止する法律,にほんぎんこうけんよにゅうれいとうをはいしするほうりつ,平成十三年一月六日
329AC0000000071,法律,あへん法,あへんほう,令和七年六月一日
329AC0000000091,法律,株式会社日本政策金融公庫が行う恩給担保金融に関する法律,かぶしきがいしゃにっぽんせいさくきんゆうこうこがおこなうおんきゅうたんぽきんゆうにかんするほうりつ,令和四年四月一日
329AC0000000097,法律,建設機械抵当法,けんせつきかいていとうほう,令和七年六月一日
329AC0000000100,法律,利息制限法,りそくせいげんほう,平成二十二年六月十八日
329AC0000000108,法律,軍事郵便貯金等特別処理法,ぐんじゆうびんちょきんとうとくべつしょりほう,平成三十一年四月一日
329AC0000000109,法律,国の所有に属する自動車等の交換に関する法律,くにのしょゆうにぞくするじどうしゃとうのこうかんにかんするほうりつ,昭和四十六年六月一日
329AC0000000110,法律,株式会社以外の法人の再評価積立金の資本組入に関する法律,かぶしきがいしゃいがいのほうじんのさいひょうかつみたてきんのしほんくみはいにかんするほうりつ,平成十八年五月一日
329AC0000000112,法律,日本国とアメリカ合衆国との間の相互防衛援助協定の実施に伴う関税法等の臨時特例に関する法律,にほんこくとあめりかがっしゅうこくとのあいだのそうごぼうえいえんじょきょうていのじっしにともなうかんぜいほうとうのりんじとくれいにかんするほうりつ,令和七年六月一日
329AC0000000113,法律,交通事件即決裁判手続法,こうつうじけんそっけつさいばんてつづきほう,令和八年五月二十二日
329AC0000000115,法律,厚生年金保険法,こうせいねんきんほけんほう,令和十年四月一日
329AC0000000119,法律,土地区画整理法,とちくかくせいりほう,令和七年六月一日
329AC0000000120,法律,土地区画整理法施行法,とちくかくせいりほうしこうほう,平成十二年四月一日
329AC0000000143,法律,へき地教育振興法,へきちきょういくしんこうほう,令和七年四月一日
329AC0000000144,法律,特別支援学校への就学奨励に関する法律,とくべつしえんがっこうへのしゅうがくしょうれいにかんするほうりつ,平成二十九年四月一日
329AC0000000148,法律,日本国における国際連合の軍隊の地位に関する協定の実施に伴う土地等の使用及び漁船の操業制限等に関する法律,にほんこくにおけるこくさいれんごうのぐんたいのちいにかんするきょうていのじっしにともなうとちとうのしようおよびぎょせんのそうぎょうせいげんとうにかんするほうりつ,昭和二十九年六月一日
329AC0000000149,法律,日本国における国際連合の軍隊の地位に関する協定の実施に伴う所得税法等の臨時特例に関する法律,にほんこくにおけるこくさいれんごうのぐんたいのちいにかんするきょうていのじっしにともなうしょとくぜいほうとうのりんじとくれいにかんするほうりつ,平成三十一年一月七日
329AC0000000150,法律,国際連合の軍隊に関する民事特別法の適用に関する法律,こくさいれんごうのぐんたいにかんするみんじとくべつほうのてきようにかんするほうりつ,昭和三十五年六月二十三日
329AC0000000151,法律,日本国における国際連合の軍隊の地位に関する協定の実施に伴う刑事特別法,にほんこくにおけるこくさいれんごうのぐんたいのちいにかんするきょうていのじっしにともなうけいじとくべつほう,令和八年五月二十二日
329AC0000000157,法律,義務教育諸学校における教育の政治的中立の確保に関する臨時措置法,ぎむきょういくしょがっこうにおけるきょういくのせいじてきちゅうりつのかくほにかんするりんじそちほう,令和八年四月一日
329AC0000000160,法律,学校給食法,がっこうきゅうしょくほう,令和七年四月一日
329AC0000000162,法律,警察法,けいさつほう,令和七年六月一日
329AC0000000164,法律,防衛省設置法,ぼうえいしょうせっちほう,令和八年三月二十三日
329AC0000000165,法律,自衛隊法,じえいたいほう,令和八年四月一日
329AC0000000166,法律,日米相互防衛援助協定等に伴う秘密保護法,にちべいそうごぼうえいえんじょきょうていとうにともなうひみつほごほう,令和七年六月一日
329AC0000000182,法律,酪農及び肉用牛生産の振興に関する法律,らくのうおよびにくよううしせいさんのしんこうにかんするほうりつ,平成二十三年八月三十日
329AC0000000188,法律,日本国における国際連合の軍隊の地位に関する協定の実施に伴う地方税法の臨時特例に関する法律,にほんこくにおけるこくさいれんごうのぐんたいのちいにかんするきょうていのじっしにともなうちほうぜいほうのりんじとくれいにかんするほうりつ,令和八年四月一日
329AC0000000194,法律,遺産、相続及び贈与に対する租税に関する二重課税の回避及び脱税の防止のための日本国とアメリカ合衆国との間の条約の実施に伴う相続税法の特例等に関する法律,いさんそうぞくおよびぞうよにたいするそぜいにかんするにじゅうかぜいのかいひおよびだつぜいのぼうしのためのにほんこくとあめりかがっしゅうこくとのあいだのじょうやくのじっしにともなうそうぞくぜいほうのとくれいとうにかんするほうりつ,平成十三年一月六日
329AC0000000195,法律,出資の受入れ、預り金及び金利等の取締りに関する法律,しゅっしのうけいれよりきんおよびきんりとうのとりしまりにかんするほうりつ,令和七年六月一日
329AC0000000205,法律,日本中央競馬会法,にほんちゅうおうけいばかいほう,令和八年九月三十日
329AC1000000154,法律,輸出水産業の振興に関する法律,ゆしゅつすいさんぎょうのしんこうにかんするほうりつ,令和七年六月一日
329AC1000000189,法律,奄美群島振興開発特別措置法,あまみぐんとうしんこうかいはつとくべつそちほう,令和九年四月一日
329AC1000000227,法律,国有の炭鉱医療施設の譲渡及び貸付に関する特例法,こくゆうのたんこういりょうしせつのじょうとおよびかしつけにかんするとくれいほう,昭和四十八年七月二十七日
329CO0000000051,政令,国税収納金整理資金に関する法律施行令,こくぜいしゅうのうきんせいりしきんにかんするほうりつしこうれい,令和十六年四月一日
329CO0000000068,政令,ガス事業法施行令,がすじぎょうほうしこうれい,令和七年十二月二十五日
329CO0000000103,政令,日本国とアメリカ合衆国との間の相互防衛援助協定の実施に伴う関税法等の臨時特例に関する法律施行令,にほんこくとあめりかがっしゅうこくとのあいだのそうごぼうえいえんじょきょうていのじっしにともなうかんぜいほうとうのりんじとくれいにかんするほうりつせこうれい,令和七年四月一日
329CO0000000110,政令,厚生年金保険法施行令,こうせいねんきんほけんほうしこうれい,令和七年六月二十日
329CO0000000121,政令,国有林野の管理経営に関する法律施行令,こくゆうりんやのかんりけいえいにかんするほうりつせこうれい,令和二年四月一日
329CO0000000128,政令,日本国における国際連合の軍隊の地位に関する協定の実施に伴う所得税法等の臨時特例に関する法律施行令,にほんこくにおけるこくさいれんごうのぐんたいのちいにかんするきょうていのじっしにともなうしょとくぜいほうとうのりんじとくれいにかんするほうりつせこうれい,平成三十一年一月七日
329CO0000000129,政令,日本国における国際連合の軍隊の地位に関する協定の実施に伴う外国為替令等の臨時特例に関する政令,にほんこくにおけるこくさいれんごうのぐんたいのちいにかんするきょうていのじっしにともなうがいこくかわせれいとうのりんじとくれいにかんするせいれい,平成十五年四月一日
329CO0000000136,政令,日本銀行券預入令等を廃止する法律施行令,にほんぎんこうけんよにゅうれいとうをはいしするほうりつしこうれい,平成十三年一月六日
329CO0000000137,政令,義務教育諸学校における教育の政治的中立の確保に関する臨時措置法第五条の請求の手続を定める政令,ぎむきょういくしょがっこうにおけるきょういくのせいじてきちゅうりつのかくほにかんするりんじそちほうだいごじょうのせいきゅうのてつづきをさだめるせいれい,昭和二十九年六月十日
329CO0000000149,政令,日米相互防衛援助協定等に伴う秘密保護法施行令,にちべいそうごぼうえいえんじょきょうていとうにともなうひみつほごほうしこうれい,令和三年九月一日
329CO0000000150,政令,関税法施行令,かんぜいほうしこうれい,令和八年四月一日
329CO0000000151,政令,警察法施行令,けいさつほうしこうれい,令和七年四月一日
329CO0000000155,政令,関税定率法施行令,かんぜいていりつほうしこうれい,令和十年四月一日
329CO0000000157,政令,特別支援学校への就学奨励に関する法律施行令,とくべつしえんがっこうへのしゅうがくしょうれいにかんするほうりつしこうれい,平成二十一年四月一日
329CO0000000164,政令,税関関係手数料令,ぜいかんかんけいてすうりょうれい,令和七年四月一日
329CO0000000178,政令,防衛省組織令,ぼうえいしょうそしきれい,令和七年七月二十二日
329CO0000000179,政令,自衛隊法施行令,じえいたいほうせこうれい,令和八年四月一日
329CO0000000180,政令,警察庁組織令,けいさつちょうそしきれい,令和七年九月一日
329CO0000000198,政令,国債の元利金の支払の特例に関する政令,こくさいのがんりきんのしはらいのとくれいにかんするせいれい,平成十三年一月六日
329CO0000000210,政令,へき地教育振興法施行令,へきちきょういくしんこうほうしこうれい,平成二十一年四月一日
329CO0000000212,政令,学校給食法施行令,がっこうきゅうしょくほうせこうれい,平成二十九年四月一日
329CO0000000233,政令,酪農及び肉用牛生産の振興に関する法律施行令,らくのうおよびにくよううしせいさんのしんこうにかんするほうりつせこうれい,平成二十八年四月一日
329CO0000000239,政令,奄美群島振興開発特別措置法施行令,あまみぐんとうしんこうかいはつとくべつそちほうしこうれい,令和六年四月一日
329CO0000000258,政令,日本中央競馬会法施行令,にほんちゅうおうけいばかいほうせこうれい,平成二十七年十一月一日
329CO0000000281,政令,あへんの売渡価格を定める政令,あへんのうりわたしかかくをさだめるせいれい,令和元年十月一日
329CO0000000294,政令,建設機械抵当法施行令,けんせつきかいていとうほうしこうれい,平成二十年十一月四日
329CO0000000303,政令,輸出水産業の振興に関する法律施行令,ゆしゅつすいさんぎょうのしんこうにかんするほうりつしこうれい,平成十三年一月六日
329CO0000000305,政令,建設機械登記令,けんせつきかいとうきれい,令和七年十月一日
329CO0000000311,政令,理科教育振興法施行令,りかきょういくしんこうほうせこうれい,平成二十八年四月一日
329CO0000000312,政令,高等学校の定時制教育及び通信教育振興法施行令,こうとうがっこうのていじせいきょういくおよびつうしんきょういくしんこうほうしこうれい,平成十八年四月一日
329M50000002023,府省令,地方税法施行規則,ちほうぜいほうしこうきそく,令和十年四月一日
329M50000002031,府省令,土地分類基本調査基礎計画,とちぶんるいきほんちょうさきそけいかく,令和二年五月二十七日
329M50000002039,府省令,防衛大学校、防衛医科大学校、防衛研究所及び防衛監察本部組織規則,ぼうえいだいがっこうぼうえいいかだいがっこうぼうえいけんきゅうしょおよびぼうえいかんさつほんぶそしききそく,令和七年四月一日
329M50000002040,府省令,自衛隊法施行規則,じえいたいほうしこうきそく,令和八年四月一日
329M50000002044,府省令,警察法施行規則,けいさつほうせこうきそく,令和七年九月一日
329M50000002050,府省令,地形調査作業規程準則,ちけいちょうささぎょうきていじゅんそく,平成二十三年三月十八日
329M50000002053,府省令,日本国における国際連合の軍隊の地位に関する協定の実施に伴う地方税法の臨時特例に関する法律第四条の規定に基く国際連合の軍隊等の証明の様式に関する総理府令,にほんこくにおけるこくさいれんごうのぐんたいのちいにかんするきょうていのじっしにともなうちほうぜいほうのりんじとくれいにかんするほうりつだいよんじょうのきていにもとづくこくさいれんごうのぐんたいとうのしょうめいのようしきにかんするそうりふれい,昭和三十五年六月二十三日
329M50000002057,府省令,特需契約から生ずる紛争の調停付託手続等に関する省令,とくじゅけいやくからしょうずるふんそうのちょうていふたくてつづきとうにかんするしょうれい,令和三年一月二十九日
329M50000002061,府省令,日本国内にある国際連合の軍隊により損害を受けた者に対する補償金並びに見舞金の支給等に関する省令,にほんこくないにあるこくさいれんごうのぐんたいによりそんがいをうけたものにたいするほしょうきんならびにみまいきんのしきゅうとうにかんするしょうれい,令和三年一月二十九日
329M50000002065,府省令,表層地質調査作業規程準則,ひょうそうちしつちょうささぎょうきていじゅんそく,平成十三年一月六日
329M50000002074,府省令,自衛隊の使用する船舶における火薬類の貯蔵等に関する省令,じえいたいのしようするせんぱくにおけるかやくるいのちょぞうとうにかんするしょうれい,令和七年三月二十四日
329M50000002075,府省令,水位及び流量調査作業規程準則,すいいおよびりゅうりょうちょうささぎょうきていじゅんそく,令和元年五月七日
329M50000002086,府省令,降水量調査作業規程準則,こうすいりょうちょうささぎょうきていじゅんそく,令和元年五月七日
329M50000010047,府省令,保護司実費弁償金支給規則,ほごしじっぴべんしょうきんしきゅうきそく,令和元年十月一日
329M50000020003,府省令,在外公館に勤務する外務公務員の休暇帰国に関する省令,ざいがいこうかんにきんむするがいむこうむいんのきゅうかきこくにかんするしょうれい,令和五年五月十八日
329M50000040035,府省令,閉鎖機関の未払送金為替に係る債務、退職金その他の債務等を定める省令,へいさきかんのみばらいそうきんかわせにかかるさいむたいしょくきんそのたのさいむとうをさだめるしょうれい,昭和三十一年五月二十一日
329M50000040039,府省令,国税収納金整理資金事務取扱規則,こくぜいしゅうのうきんせいりしきんじむとりあつかいきそく,令和六年四月一日
329M50000040051,府省令,引揚者の携帯した旧日本銀行券の立証手続に関する省令,ひきあげしゃのけいたいしたきゅうにほんぎんこうけんのりっしょうてつづきにかんするしょうれい,令和元年五月七日
329M50000040064,府省令,税関職員の身分を示す証票等の書式に関する省令,ぜいかんしょくいんのみぶんをしめすしょうひょうとうのしょしきにかんするしょうれい,令和四年四月一日
329M50000040084,府省令,国債の元利金の支払の特例等に関する省令,こくさいのがんりきんのしはらいのとくれいとうにかんするしょうれい,平成十三年一月六日
329M50000042001,府省令,元南西諸島官公署職員に係る国家公務員共済組合法の規定による年金等の請求手続等の特例に関する命令,もとなんせいしょとうかんこうしょしょくいんにかかるこっかこうむいんきょうさいくみあいほうのきていによるねんきんとうのせいきゅうてつづきとうのとくれいにかんするめいれい,昭和五十七年十月二日
329M50000080020,府省令,特別支援学校への就学奨励に関する法律施行規則,とくべつしえんがっこうへのしゅうがくしょうれいにかんするほうりつしこうきそく,平成十九年四月一日
329M50000080021,府省令,学校図書館司書教諭講習規程,がっこうとしょかんししょきょうゆこうしゅうきてい,令和二年九月二十五日
329M50000080022,府省令,教育映像等審査規程,きょういくえいぞうとうしんさきてい,令和七年四月一日
329M50000080024,府省令,学校給食法施行規則,がっこうきゅうしょくほうしこうきそく,平成二十一年四月一日
329M50000080026,府省令,教育職員免許法施行規則,きょういくしょくいんめんきょほうせこうきそく,令和八年四月一日
329M50000080027,府省令,教育職員免許法施行法施行規則,きょういくしょくいんめんきょほうしこうほうしこうきそく,令和四年七月一日
329M50000080031,府省令,理科教育のための設備の基準に関する細目を定める省令,りかきょういくのためのせつびのきじゅんにかんするこまめをさだめるしょうれい,令和三年八月二十三日
329M50000100026,府省令,あへん法施行規則,あへんほうしこうきそく,令和三年十月二十二日
329M50000100037,府省令,厚生年金保険法施行規則,こうせいねんきんほけんほうしこうきそく,令和八年四月一日
329M50000400015,府省令,ガス事業会計規則,がすじぎょうかいけいきそく,令和七年七月十五日
329M50000400052,府省令,航空機製造事業法施行規則,こうくうきせいぞうじぎょうほうしこうきそく,令和七年九月二十六日
329M50000800010,府省令,気象等証明及び鑑定規則,きしょうとうしょうめいおよびかんていきそく,令和元年十二月十六日
329M50000800015,府省令,鉄道車両等生産動態統計調査規則,てつどうしゃりょうとうせいさんどうたいとうけいちょうさきそく,令和元年十二月十六日
329M50000800022,府省令,軌道運転規則,きどううんてんきそく,平成二十七年四月一日
329M50001042001,府省令,逓信共済組合の組合員であつた元南西諸島官公署職員の取扱に関する命令,ていしんきょうさいくみあいのくみあいいんであつたもとなんせいしょとうかんこうしょしょくいんのとりあつかいにかんするめいれい,昭和四十七年九月三十日
329M50002000013,府省令,年少者労働基準規則,ねんしょうものろうどうきじゅんきそく,令和三年四月一日
329M50004000035,府省令,建設機械抵当法施行規則,けんせつきかいていとうほうしこうきそく,令和七年四月一日
329M50010000051,府省令,酪農及び肉用牛生産の振興に関する法律施行規則,らくのうおよびにくよううしせいさんのしんこうにかんするほうりつせこうきそく,令和二年十二月二十一日
329M50010000055,府省令,競馬法施行規則,けいばほうせこうきそく,令和七年六月一日
329M50010000056,府省令,日本中央競馬会法施行規則,にほんちゅうおうけいばかいほうせこうきそく,令和二年十二月二十一日
329M50010000072,府省令,輸出水産業の振興に関する法律施行規則,ゆしゅつすいさんぎょうのしんこうにかんするほうりつしこうきそく,令和五年十二月二十八日
329M50400000001,規則,国家公安委員会運営規則,こっかこうあんいいんかいうんえいきそく,平成二十八年四月一日
329M50400000002,規則,従前の国家公安委員会のした定の効力の経過措置に関する規則,じゅうぜんのこっかこうあんいいんかいのしたさだめのこうりょくのけいかそちにかんするきそく,昭和二十九年七月一日
329M50400000004,規則,警察手帳規則,けいさつてちょうきそく,平成十四年十月一日
329M50400000005,規則,刑事訴訟法第百八十九条第一項および第百九十九条第二項の規定に基づく司法警察員等の指定に関する規則,けいじそしょうほうだいひゃくはちじゅうきゅうじょうだいいちこうおよびだいひゃくきゅうじゅうきゅうじょうにこうのきていにもとづくしほうけいさついんとうのしていにかんするきそく,令和六年四月一日
329M50400000007,規則,警察職員の服務の宣誓に関する規則,けいさつしょくいんのふくむのせんせいにかんするきそく,令和五年四月一日
329M50400000008,規則,府県情報通信部等の位置及び内部組織に関する規則,ふけんじょうほうつうしんぶとうのいちおよびないぶそしきにかんするきそく,平成三十一年四月一日
329M50400000013,規則,警察礼式,けいさつれいしき,昭和二十九年八月二日
329M50400000014,規則,警察表彰規則,けいさつひょうしょうきそく,令和七年六月一日
329M50400000017,規則,移動警察規則,いどうけいさつきそく,平成元年七月三日
329M60000000002,規則,地方警務官の懲戒の取扱に関する規程,ちほうけいむかんのけいかいのちょうかいのとりあつかいにかんするきてい,令和二年十二月二十八日
329R00000001003,規則,会計検査院事務総局定員規則,かいけいけんさいんじむそうきょくていいんきそく,令和四年四月一日
329R00000011003,規則,国宝又は重要文化財の現状変更等及び輸出並びに重要有形民俗文化財の輸出の許可申請等に関する規則,こくほうまたはじゅうようぶんかざいのげんじょうへんこうとうおよびゆしゅつならびにじゅうようゆうけいみんぞくぶんかざいのゆしゅつのきょかしんせいとうにかんするきそく,平成三十一年四月一日
329R00000011004,規則,国宝又は重要文化財の修理の届出に関する規則,こくほうまたはじゅうようぶんかざいのしゅうりのとどけでにかんするきそく,平成三十一年四月一日
329R00000011005,規則,埋蔵文化財の発掘又は遺跡の発見の届出等に関する規則,まいぞうぶんかざいのはっくつまたはいせきのはっけんのとどけでとうにかんするきそく,平成三十一年四月一日
329R00000011007,規則,史跡名勝天然記念物標識等設置基準規則,しせきめいしょうてんねんきねんぶつひょうしきとうせっちきじゅんきそく,平成三十一年四月一日
329R00000011009,規則,特別史跡名勝天然記念物又は史跡名勝天然記念物の復旧の届出に関する規則,とくべつしせきめいしょうてんねんきねんぶつまたはしせきめいしょうてんねんきねんぶつのふっきゅうのとどけでにかんするきそく,平成三十一年四月一日
329R00000011011,規則,文化財保護法の規定による処分等に関する聴聞、意見の聴取及び審査請求規則,ぶんかざいほごほうのきていによるしょぶんとうにかんするちょうもんいけんのちょうしゅおよびしんさせいきゅうきそく,令和三年六月十一日
329R00000011012,規則,文化財の保護のための条例の制定等の場合の報告に関する規則,ぶんかざいのほごのためのじょうれいのせいていとうのばあいのほうこくにかんするきそく,平成三十一年四月一日
330AC0000000037,法律,輸入品に対する内国消費税の徴収等に関する法律,ゆにゅうひんにたいするないこくしょうひぜいのちょうしゅうとうにかんするほうりつ,令和十年四月一日
330AC0000000063,法律,住宅融資保険法,じゅうたくゆうしほけんほう,令和六年九月一日
330AC0000000068,法律,昭和二十七年九月三十日以前に給与事由の生じた旧財団法人私学恩給財団の年金の特別措置に関する法律,しょうわにじゅうななねんくがつさんじゅうにちいぜんにきゅうよじゆうのしょうじたきゅうざいだんほうじんしがくおんきゅうざいだんのねんきんのとくべつそちにかんするほうりつ,平成十五年十月一日
330AC0000000097,法律,自動車損害賠償保障法,じどうしゃそんがいばいしょうほしょうほう,令和八年四月一日
330AC0000000104,法律,地方揮発油税法,ちほうきはつゆぜいほう,令和十六年四月一日
330AC0000000113,法律,地方揮発油譲与税法,ちほうきはつゆじょうよぜいほう,平成三十一年四月一日
330AC0000000168,法律,歯科技工士法,しかぎこうしほう,令和七年六月一日
330AC0000000179,法律,補助金等に係る予算の執行の適正化に関する法律,ほじょきんとうにかかるよさんのしっこうのてきせいかにかんするほうりつ,令和七年六月一日
330AC0000000188,法律,原子力委員会設置法,げんしりょくいいんかいせっちほう,平成二十六年十二月十六日
330AC0100000125,法律,女子教職員の出産に際しての補助教職員の確保に関する法律,じょしきょうしょくいんのしゅっさんにさいしてのほじょきょうしょくいんのかくほにかんするほうりつ,令和八年四月一日
330AC1000000080,法律,財団法人日本海員会館に対する国有の財産の譲与に関する法律,ざいだんほうじんにほんかいいんかいかんにたいするこくゆうのざいさんのじょうよにかんするほうりつ,平成十三年一月六日
330AC1000000085,法律,教育公務員特例法附則第二条の規定の適用を受ける公立学校職員等について学校看護婦としての在職を準教育職員としての在職とみなすことに関する法律,きょういくこうむいんとくれいほうふそくだいにじょうのきていのてきようをうけるこうりつがっこうしょくいんとうについてがっこうかんごふとしてのざいしょくをじゅんきょういくしょくいんとしてのざいしょくとみなすことにかんするほうりつ,平成十八年四月一日
330AC1000000136,法律,天災による被害農林漁業者等に対する資金の融通に関する暫定措置法,てんさいによるひがいのうりんぎょぎょうものとうにたいするしきんのゆうづうにかんするざんていそちほう,平成二十三年八月一日
330AC1000000180,法律,養蜂振興法,ようほうしんこうほう,平成二十五年一月一日
330AC1000000186,法律,原子力基本法,げんしりょくきほんほう,令和七年六月六日
330CO0000000027,政令,鉱害賠償登録令,こうがいばいしょうとうろくれい,令和七年四月一日
330CO0000000047,政令,土地区画整理法施行令,とちくかくせいりほうしこうれい,令和八年四月一日
330CO0000000079,政令,市警察の廃止に伴う経過措置に関する政令,しけいさつのはいしにともなうけいかそちにかんするせいれい,昭和三十年五月三十日
330CO0000000100,政令,輸入品に対する内国消費税の徴収等に関する法律施行令,ゆにゅうひんにたいするないこくしょうひぜいのちょうしゅうとうにかんするほうりつしこうれい,令和七年四月一日
330CO0000000109,政令,あへん法施行令,あへんほうしこうれい,平成十三年一月六日
330CO0000000111,政令,海外交流審議会令,かいがいこうりゅうしんぎかいれい,平成十六年八月一日
330CO0000000132,政令,住宅融資保険法施行令,じゅうたくゆうしほけんほうしこうれい,平成十九年十二月十九日
330CO0000000137,政令,予算執行職員等の責任に関する法律第十条第一項又は第十一条第一項に規定する公庫の現金出納職員又は物品管理職員がその保管に係る現金又は物品を亡失した場合等における報告に関する政令,よさんしっこうしょくいんとうのせきにんにかんするほうりつだいじゅうじょうだいいっこうまたはだいじゅういちじょうだいいっこうにきていするこうこのげんきんすいとうしょくいんまたはぶっぴんかんりしょくいんがそのほかんにかかるげんきんまたはぶっぴんをぼうしつしたばあいとうにおけるほうこくにかんするせいれい,平成二十年十月一日
330CO0000000151,政令,地方揮発油税法施行令,ちほうきはつゆぜいほうせこうれい,令和十六年四月一日
330CO0000000221,政令,土地区画整理登記令,とちくかくせいりとうきれい,令和四年五月十八日
330CO0000000228,政令,歯科技工士法施行令,しかぎこうしほうしこうれい,令和四年五月一日
330CO0000000237,政令,関税定率法第五条の規定による便益関税の適用に関する政令,かんぜいていりつほうだいごじょうのきていによるべんえきかんぜいのてきようにかんするせいれい,令和七年四月一日
330CO0000000244,政令,輸出入取引法施行令,ゆしゅつにゅうとりひきほうしこうれい,平成十九年十月一日
330CO0000000255,政令,補助金等に係る予算の執行の適正化に関する法律施行令,ほじょきんとうにかかるよさんのしっこうのてきせいかにかんするほうりつしこうれい,令和八年四月一日
330CO0000000261,政令,毒物及び劇物取締法施行令,どくぶつおよびげきぶつとりしまりほうしこうれい,令和八年五月一日
330CO0000000270,政令,恩給法の一部を改正する法律の一部を改正する法律附則第十一項の期間を定める政令,おんきゅうほうのいちぶをかいせいするほうりつのいちぶをかいせいするほうりつふそくだいじゅういっこうのきかんをさだめるせいれい,昭和三十年十月三日
330CO0000000276,政令,海上運送法施行令,かいじょううんそうほうしこうれい,令和七年四月一日
330CO0000000286,政令,自動車損害賠償保障法施行令,じどうしゃそんがいばいしょうほしょうほうしこうれい,令和八年四月一日
330CO0000000298,政令,奄美群島の復帰に伴う琉球政府等の職員の恩給等の特別措置に関する政令,あまみぐんとうのふっきにともなうりゅうきゅうせいふとうのしょくいんのおんきゅうとうのとくべつそちにかんするせいれい,昭和五十七年九月二十五日
330CO0000000316,政令,自動車事故対策事業賦課金等の金額を定める政令,じどうしゃじこたいさくじぎょうふかきんとうのきんがくをさだめるせいれい,令和五年四月一日
330M50000002003,府省令,土じよう調査作業規程準則,どじょうちょうささぎょうきていじゅんそく,平成十三年一月六日
330M50000002067,府省令,内閣府の所管に属する補助金等の事務委任の範囲及びその委任を受ける者を定める内閣府令,ないかくふのしょかんにぞくするほじょきんとうのじむいにんのはんいおよびそのいにんをうけるものをさだめるないかくふれい,令和八年四月一日
330M50000010047,府省令,鉱害賠償登録規則,こうがいばいしょうとうろくきそく,令和六年六月二十四日
330M50000010112,府省令,供託金の繰替使用に関する事務取扱規程,きょうたくきんのそうかえしようにかんするじむとりあつかいきてい,平成十七年四月一日
330M50000040003,府省令,民間給与実態統計調査規則,みんかんきゅうよじったいとうけいちょうさきそく,令和五年十二月二十八日
330M50000040014,府省令,歳入歳出外の国庫内移換に関する規則,さいにゅうさいしゅつそとのこっこないいかんにかんするきそく,令和八年四月一日
330M50000040015,府省令,支出官等が隔地者に支払をする場合等における隔地の範囲を定める省令,ししゅつかんとうがかくちしゃにしはらいをするばあいとうにおけるかくちのはんいをさだめるしょうれい,平成二十八年四月一日
330M50000040045,府省令,証券金融会社に関する内閣府令,しょうけんきんゆうかいしゃにかんするないかくふれい,令和六年四月一日
330M50000040071,府省令,公認会計士等の懲戒事件等に関する調書の謄本等の交付に関する内閣府令,こうにんかいけいしとうのちょうかいじけんとうにかんするちょうしょのとうほんとうのこうふにかんするないかくふれい,令和五年四月一日
330M50000080002,府省令,公立学校施設災害復旧費国庫負担法施行規則,こうりつがっこうしせつさいがいふっきゅうひこっこふたんほうしこうきそく,平成十九年四月一日
330M50000080024,府省令,博物館法施行規則,はくぶつかんほうしこうきそく,令和五年四月一日
330M50000100023,府省令,歯科技工士法施行規則,しかぎこうしほうせこうきそく,令和五年四月一日
330M50000400054,府省令,輸出入取引法に基く輸出の承認に関する省令,ゆしゅつにゅうとりひきほうにもとづくゆしゅつのしょうにんにかんするしょうれい,令和六年八月五日
330M50000400068,府省令,鉱業法の一部を改正する法律の施行に伴う鉱業権の設定の手続等に関する省令,こうぎょうほうのいちぶをかいせいするほうりつのしこうにともなうこうぎょうけんのせっていのてつづきとうにかんするしょうれい,平成十七年三月七日
330M50000800066,府省令,自動車損害賠償保障法施行規則,じどうしゃそんがいばいしょうほしょうほうせこうきそく,令和七年四月一日
330M50000800070,府省令,自動車運送事業等監査規則,じどうしゃうんそうじぎょうとうかんさきそく,令和七年四月一日
330M50002000022,府省令,労働者災害補償保険法施行規則,ろうどうしゃさいがいほしょうほけんほうしこうきそく,令和七年八月一日
330M50004000005,府省令,土地区画整理法施行規則,とちくかくせいりほうしこうきそく,令和六年四月一日
330M50004000029,府省令,建設工事統計調査規則,けんせつこうじとうけいちょうさきそく,令和七年六月六日
330M50010000045,府省令,養蜂振興法施行規則,ようほうしんこうほうしこうきそく,令和二年十二月二十一日
330M50400000003,規則,銃器弾丸類取扱規則,じゅうきだんがんるいとりあつかいきそく,令和四年四月一日
330M50400000004,規則,偽造通貨取扱規則,ぎぞうつうかとりあつかいきそく,令和四年四月一日
330M50400000007,規則,警察通信規則,けいさつつうしんきそく,平成十六年四月一日
330R00000011002,規則,重要無形文化財又は選定保存技術の保持者等の氏名変更等の届出に関する規則,じゅうようむけいぶんかざいまたはせんていほぞんぎじゅつのほじしゃとうのしめいへんこうとうのとどけでにかんするきそく,令和三年六月十四日
331AC0000000007,法律,道路整備特別措置法,どうろせいびとくべつそちほう,令和七年十月一日
331AC0000000027,法律,日本学士院法,にほんがくしいんほう,平成十三年一月六日
331AC0000000040,法律,就学困難な児童及び生徒に係る就学奨励についての国の援助に関する法律,しゅうがくこんなんなじどうおよびせいとにかかるしゅうがくしょうれいについてのくにのえんじょにかんするほうりつ,平成二十八年四月一日
331AC0000000079,法律,都市公園法,としこうえんほう,令和七年六月一日
331AC0000000080,法律,空港法,くうこうほう,令和七年十二月一日
331AC0000000082,法律,国有資産等所在市町村交付金法,こくゆうしさんとうしょざいしちょうそんこうふきんほう,令和六年四月一日
331AC0000000083,法律,首都圏整備法,しゅとけんせいびほう,平成十七年十二月二十二日
331AC0000000086,法律,万国著作権条約の実施に伴う著作権法の特例に関する法律,ばんこくちょさくけんじょうやくのじっしにともなうちょさくけんほうのとくれいにかんするほうりつ,平成十四年三月六日
331AC0000000101,法律,海岸法,かいがんほう,令和七年六月一日
331AC0000000102,法律,農業改良資金融通法,のうぎょうかいりょうしきんゆうづうほう,令和四年四月一日
331AC0000000107,法律,消防団員等公務災害補償等責任共済等に関する法律,しょうぼうだんいんとうこうむさいがいほしょうとうせきにんきょうさいとうにかんするほうりつ,令和七年六月一日
331AC0000000113,法律,物品管理法,ぶっぴんかんりほう,令和元年十二月十六日
331AC0000000114,法律,国の債権の管理等に関する法律,くにのさいけんのかんりとうにかんするほうりつ,令和六年六月十四日
331AC0000000118,法律,売春防止法,ばいしゅんぼうしほう,令和七年六月一日
331AC0000000120,法律,製造委託等に係る中小受託事業者に対する代金の支払の遅延等の防止に関する法律,せいぞういたくとうにかかるちゅうしょうじゅたくじぎょうしゃにたいするだいきんのしはらいのちえんとうのぼうしにかんするほうりつ,令和八年一月一日
331AC0000000121,法律,倉庫業法,そうこぎょうほう,令和七年六月一日
331AC0000000123,法律,家畜取引法,かちくとりひきほう,令和七年六月一日
331AC0000000126,法律,労働保険審査官及び労働保険審査会法,ろうどうほけんしんさかんおよびろうどうほけんしんさかいほう,令和八年五月二十一日
331AC0000000132,法律,国家公務員共済組合法第九十条の規定による公務傷病年金等の額の改定に関する法律,こっかこうむいんきょうさいくみあいほうだいきゅうじゅうじょうのきていによるこうむしょうびょうねんきんとうのがくのかいていにかんするほうりつ,昭和三十一年七月一日
331AC0000000133,法律,昭和二十三年六月三十日以前に給付事由の生じた国家公務員共済組合法等の規定による年金の額の改定に関する法律,しょうわにじゅうさんねんろくがつさんじゅうにちいぜんにきゅうふじゆうのしょうじたこっかこうむいんきょうさいくみあいほうとうのきていによるねんきんのがくのかいていにかんするほうりつ,昭和五十七年十月一日
331AC0000000146,法律,工業用水法,こうぎょうようすいほう,令和七年六月一日
331AC0000000149,法律,昭和二十三年六月三十日以前に給与事由の生じた恩給等の年額の改定に関する法律,しょうわにじゅうさんねんろくがつさんじゅうにちいぜんにきゅうよじゆうのしょうじたおんきゅうとうのねんがくのかいていにかんするほうりつ,昭和四十六年五月二十九日
331AC0000000160,法律,安全な血液製剤の安定供給の確保等に関する法律,あんぜんなけつえきせいざいのあんていきょうきゅうのかくほとうにかんするほうりつ,令和七年六月一日
331AC0000000162,法律,地方教育行政の組織及び運営に関する法律,ちほうきょういくぎょうせいのそしきおよびうんえいにかんするほうりつ,令和八年四月一日
331AC0000000167,法律,国際金融公社への加盟に伴う措置に関する法律,こくさいきんゆうこうしゃへのかめいにともなうそちにかんするほうりつ,令和二年三月三十一日
331AC0100000157,法律,夜間課程を置く高等学校における学校給食に関する法律,やかんかていをおくこうとうがっこうにおけるがっこうきゅうしょくにかんするほうりつ,平成二十一年四月一日
331AC1000000072,法律,積雪寒冷特別地域における道路交通の確保に関する特別措置法,せきせつかんれいとくべつちいきにおけるどうろこうつうのかくほにかんするとくべつそちほう,平成二十二年四月一日
331AC1000000138,法律,接収不動産に関する借地借家臨時処理法,せっしゅうふどうさんにかんするしゃくちしゃくやりんじしょりほう,平成二十五年一月一日
331AC1000000177,法律,旧軍人等の遺族に対する恩給等の特例に関する法律,きゅうぐんじんとうのいぞくにたいするおんきゅうとうのとくれいにかんするほうりつ,令和五年四月一日
331CO0000000004,政令,原子力委員会設置法施行令,げんしりょくいいんかいせっちほうせこうれい,令和三年四月一日
331CO0000000086,政令,奄美群島における自動車抵当法及び道路交通事業抵当法の施行に関する政令,あまみぐんとうにおけるじどうしゃていとうほうおよびどうろこうつうじぎょうていとうほうのしこうにかんするせいれい,昭和三十一年四月三日
331CO0000000087,政令,就学困難な児童及び生徒に係る就学奨励についての国の援助に関する法律施行令,しゅうがくこんなんなじどうおよびせいとにかかるしゅうがくしょうれいについてのくにのえんじょにかんするほうりつせこうれい,平成二十八年四月一日
331CO0000000107,政令,国有資産等所在市町村交付金法施行令,こくゆうしさんとうしょざいしちょうそんこうふきんほうしこうれい,令和七年四月一日
331CO0000000131,政令,農業改良資金融通法施行令,のうぎょうかいりょうしきんゆうづうほうしこうれい,平成二十二年十月一日
331CO0000000154,政令,国際復興開発銀行等からの外資の受入に関する特別措置に関する法律に規定する外国政府金融機関を定める政令,こくさいふっこうかいはつぎんこうとうからのがいしのうけいれにかんするとくべつそちにかんするほうりつにきていするがいこくせいふきんゆうきかんをさだめるせいれい,昭和五十五年十月十一日
331CO0000000197,政令,倉庫業法施行令,そうこぎょうほうせこうれい,平成十四年七月一日
331CO0000000199,政令,農林水産技術会議令,のうりんすいさんぎじゅつかいぎれい,平成二十七年十月一日
331CO0000000221,政令,地方教育行政の組織及び運営に関する法律施行令,ちほうきょういくぎょうせいのそしきおよびうんえいにかんするほうりつしこうれい,令和五年四月一日
331CO0000000232,政令,空港法施行令,くうこうほうしこうれい,令和七年九月五日
331CO0000000248,政令,労働保険審査官及び労働保険審査会法施行令,ろうどうほけんしんさかんおよびろうどうほけんしんさかいほうしこうれい,令和八年五月二十一日
331CO0000000249,政令,行政執行法人の労働関係に関する法律施行令,ぎょうせいしっこうほうじんのろうどうかんけいにかんするほうりつしこうれい,平成二十七年四月一日
331CO0000000254,政令,地方自治法第二百五十二条の十九第一項の指定都市の指定に関する政令,ちほうじちほうだいにひゃくごじゅうにじょうのじゅうきゅうだいいっこうのしていとしのしていにかんするせいれい,平成二十四年四月一日
331CO0000000256,政令,旅客自動車運送事業用自動車の運転者の要件に関する政令,りょきゃくじどうしゃうんそうじぎょうようじどうしゃのうんてんしゃのようけんにかんするせいれい,令和四年五月十三日
331CO0000000263,政令,国の債権者代位権の行使に伴う現金又は有価証券の保管に関する政令,くにのさいけんしゃだいいけんのこうしにともなうげんきんまたはゆうかしょうけんのほかんにかんするせいれい,昭和三十一年十一月十日
331CO0000000273,政令,建設業法施行令,けんせつぎょうほうしこうれい,令和八年四月一日
331CO0000000285,政令,化製場等に関する法律施行令,かせいじょうとうにかんするほうりつしこうれい,平成二年五月一日
331CO0000000290,政令,都市公園法施行令,としこうえんほうしこうれい,令和七年十月一日
331CO0000000319,政令,道路整備特別措置法施行令,どうろせいびとくべつそちほうしこうれい,令和七年十月一日
331CO0000000332,政令,海岸法施行令,かいがんほうしこうれい,令和六年四月一日
331CO0000000335,政令,非常勤消防団員等に係る損害補償の基準を定める政令,ひじょうきんしょうぼうだんいんとうにかかるそんがいほしょうのきじゅんをさだめるせいれい,令和八年四月一日
331CO0000000337,政令,国の債権の管理等に関する法律施行令,くにのさいけんのかんりとうにかんするほうりつしこうれい,令和七年十月一日
331CO0000000339,政令,物品管理法施行令,ぶっぴんかんりほうせこうれい,令和六年六月十日
331CO0000000346,政令,消防団員等公務災害補償等責任共済等に関する法律施行令,しょうぼうだんいんとうこうむさいがいほしょうとうせきにんきょうさいとうにかんするほうりつせこうれい,令和七年四月一日
331CO0000000366,政令,旧軍人等の遺族に対する恩給等の特例に関する法律施行令,きゅうぐんじんとうのいぞくにたいするおんきゅうとうのとくれいにかんするほうりつしこうれい,昭和三十一年十二月二十九日
331M50000002007,府省令,地方揮発油譲与税法施行規則,ちほうきはつゆじょうよぜいほうせこうきそく,令和十六年四月一日
331M50000002031,府省令,国有資産等所在市町村交付金法施行規則,こくゆうしさんとうしょざいしちょうそんこうふきんほうしこうきそく,令和三年四月一日
331M50000002047,府省令,アメリカ合衆国軍隊等が行う免税軽油の引取りの手続に関する総理府令,あめりかがっしゅうこくぐんたいとうがおこなうめんぜいけいゆのひきとりのてつづきにかんするそうりふれい,平成二十一年四月一日
331M50000002088,府省令,消防団員等公務災害補償等共済基金の会計及び資産の運用その他財務に関する規則,しょうぼうだんいんとうこうむさいがいほしょうとうきょうさいききんのかいけいおよびしさんのうんようそのほかざいむにかんするきそく,平成十九年十月一日
331M50000002093,府省令,旧軍人等の遺族に対する恩給等の特例に関する法律の規定により給すべき扶助料又は改定すべき扶助料の請求手続に関する省令,きゅうぐんじんとうのいぞくにたいするおんきゅうとうのとくれいにかんするほうりつのきていによりきゅうすべきふじょりょうまたはかいていすべきふじょりょうのせいきゅうてつづきにかんするしょうれい,令和八年四月一日
331M50000040035,府省令,補助金等に係る予算の執行の適正化に関する法律第二十三条第二項の証票の書式を定める省令,ほじょきんとうにかかるよさんのしっこうのてきせいかにかんするほうりつだいにじゅうさんじょうだいにこうのしょうひょうのしょしきをさだめるしょうれい,令和三年十月二十二日
331M50000040085,府省令,物品管理法施行規則,ぶっぴんかんりほうしこうきそく,令和三年一月一日
331M50000040086,府省令,債権管理事務取扱規則,さいけんかんりじむとりあつかいきそく,令和七年十月二十四日
331M50000080028,府省令,大学設置基準,だいがくせっちきじゅん,令和八年二月二十四日
331M50000080031,府省令,各種学校規程,かくしゅがっこうきてい,平成十九年十二月二十六日
331M50000080032,府省令,幼稚園設置基準,ようちえんせっちきじゅん,令和八年四月一日
331M50000100003,府省令,歯科技工士学校養成所指定規則,しかぎこうしがっこうようせいじょしていきそく,令和四年十月一日
331M50000100022,府省令,安全な血液製剤の安定供給の確保等に関する法律施行規則,あんぜんなけつえきせいざいのあんていきょうきゅうのかくほとうにかんするほうりつしこうきそく,令和六年三月二十六日
331M50000100057,府省令,旧軍人等の遺族に対する恩給等の特例に関する法律に基づく事実調査に関する省令,きゅうぐんじんとうのいぞくにたいするおんきゅうとうのとくれいにかんするほうりつにもとづくじじつちょうさにかんするしょうれい,令和二年十二月二十五日
331M50000800003,府省令,自動車損害賠償保障事業業務委託契約準則,じどうしゃそんがいばいしょうほしょうじぎょうぎょうむいたくけいやくじゅんそく,令和八年四月一日
331M50000800041,府省令,空港法施行規則,くうこうほうしこうきそく,令和六年四月一日
331M50000800043,府省令,動力車操縦者運転免許に関する省令,どうりょくしゃそうじゅうしゃうんてんめんきょにかんするしょうれい,令和七年九月三十日
331M50000800044,府省令,旅客自動車運送事業運輸規則,りょきゃくじどうしゃうんそうじぎょううんゆきそく,令和七年四月一日
331M50000800059,府省令,倉庫業法施行規則,そうこぎょうほうしこうきそく,令和七年六月一日
331M50000800076,府省令,船舶復原性規則,せんぱくふくげんせいきそく,令和六年十月三十日
331M50002000015,府省令,中小企業労働実態調査規則,ちゅうしょうきぎょうろうどうじったいちょうさきそく,平成十三年一月六日
331M50002000017,府省令,労働保険審査官及び労働保険審査会法施行規則,ろうどうほけんしんさかんおよびろうどうほけんしんさかいほうしこうきそく,令和七年四月一日
331M50004000006,府省令,水防功労者表彰規則,すいぼうこうろうしゃひょうしょうきそく,平成二十八年十月十七日
331M50004000018,府省令,道路整備特別措置法施行規則,どうろせいびとくべつそちほうしこうきそく,令和七年十一月九日
331M50004000030,府省令,都市公園法施行規則,としこうえんほうしこうきそく,令和三年一月一日
331M50010000018,府省令,農林畜水産業関係補助金等交付規則,のうりんちくすいさんぎょうかんけいほじょきんとうこうふきそく,令和八年一月十三日
331M50010000043,府省令,家畜取引法施行規則,かちくとりひきほうしこうきそく,令和六年四月一日
331M50014800001,府省令,海岸法施行規則,かいがんほうしこうきそく,令和六年四月一日
331M50400000003,規則,現場写真の作成及び現場写真記録の取扱に関する規則,げんばしゃしんのさくせいおよびげんばしゃしんきろくのとりあつかいにかんするきそく,令和七年四月一日
331M50400000004,規則,警察官の服制に関する規則,けいさつかんのふくせいにかんするきそく,令和七年四月一日
331M50400000005,規則,皇宮護衛官の服制に関する規則,こうぐうごえいかんのふくせいにかんするきそく,平成二十八年一月一日
331R00000011001,規則,重要有形民俗文化財指定書規則,じゅうようゆうけいみんぞくぶんかざいしていしょきそく,平成十七年四月一日
331RJNJ01005000,規則,人事院規則一―五（特別職）,じんじいんきそくいちのごとくべつしょく,令和六年四月一日
332AC0000000018,法律,私立大学の研究設備に対する国の補助に関する法律,しりつだいがくのけんきゅうせつびにたいするくにのほじょにかんするほうりつ,平成十四年二月八日
332AC0000000026,法律,租税特別措置法,そぜいとくべつそちほう,令和十年四月一日
332AC0000000035,法律,特定多目的ダム法,とくていたもくてきだむほう,令和四年四月一日
332AC0000000037,法律,とん税法,とんぜいほう,令和七年六月一日
332AC0000000038,法律,特別とん税法,とくべつとんぜいほう,令和七年六月一日
332AC0000000048,法律,国際学会等への加入に伴う分担金の債務負担に関する法律,こくさいがっかいとうへのかにゅうにともなうぶんたんきんのさいむふたんにかんするほうりつ,昭和三十二年四月一日
332AC0000000055,法律,揮発油税法,きはつゆぜいほう,令和十六年四月一日
332AC0000000065,法律,公衆衛生修学資金貸与法,こうしゅうえいせいしゅうがくしきんたいよほう,平成十三年一月六日
332AC0000000077,法律,特別とん譲与税法,とくべつとんじょうよぜいほう,平成十三年一月六日
332AC0000000079,法律,高速自動車国道法,こうそくじどうしゃこくどうほう,令和七年十月一日
332AC0000000094,法律,滞納処分と強制執行等との手続の調整に関する法律,たいのうしょぶんときょうせいしっこうとうとのてつづきのちょうせいにかんするほうりつ,令和十年六月十三日
332AC0000000104,法律,国有提供施設等所在市町村助成交付金に関する法律,こくゆうていきょうしせつとうしょざいしちょうそんじょせいこうふきんにかんするほうりつ,平成十七年四月一日
332AC0000000106,法律,駐車場法,ちゅうしゃじょうほう,平成二十九年六月十五日
332AC0000000109,法律,引揚者給付金等支給法,ひきあげしゃきゅうふきんとうしきゅうほう,令和二年四月一日
332AC0000000115,法律,国の庁舎等の使用調整等に関する特別措置法,くにのちょうしゃとうのしようちょうせいとうにかんするとくべつそちほう,平成二十五年四月一日
332AC0000000135,法律,準備預金制度に関する法律,じゅんびよきんせいどにかんするほうりつ,平成二十年十月一日
332AC0000000136,法律,預金等に係る不当契約の取締に関する法律,よきんとうにかかるふとうけいやくのとりしまりにかんするほうりつ,令和七年六月一日
332AC0000000161,法律,自然公園法,しぜんこうえんほう,令和七年六月一日
332AC0000000166,法律,核原料物質、核燃料物質及び原子炉の規制に関する法律,かくげんりょうぶっしつかくねんりょうぶっしつおよびげんしろのきせいにかんするほうりつ,令和九十九年十二月三十一日
332AC0000000167,法律,放射性同位元素等の規制に関する法律,ほうしゃせいどういげんそとうのきせいにかんするほうりつ,令和七年六月一日
332AC0000000172,法律,国際海上物品運送法,こくさいかいじょうぶっぴんうんそうほう,平成三十一年四月一日
332AC0000000177,法律,水道法,すいどうほう,令和七年七月一日
332AC0000000185,法律,中小企業団体の組織に関する法律,ちゅうしょうきぎょうだんたいのそしきにかんするほうりつ,令和七年六月一日
332AC0100000118,法律,特別支援学校の幼稚部及び高等部における学校給食に関する法律,とくべつしえんがっこうのようちぶおよびこうとうぶにおけるがっこうきゅうしょくにかんするほうりつ,平成二十一年四月一日
332AC0100000143,法律,公立学校の学校医、学校歯科医及び学校薬剤師の公務災害補償に関する法律,こうりつがっこうのがっこういがっこうしかいおよびがっこうやくざいしのこうむさいがいほしょうにかんするほうりつ,令和四年四月一日
332AC1000000068,法律,国土開発幹線自動車道建設法,こくどかいはつかんせんじどうしゃどうけんせつほう,平成十三年一月六日
332AC1000000117,法律,公立の学校の事務職員の休職の特例に関する法律,こうりつのがっこうのじむしょくいんのきゅうしょくのとくれいにかんするほうりつ,平成二十七年四月一日
332AC1000000145,法律,農業、水産、工業又は商船に係る産業教育に従事する公立の高等学校の教員及び実習助手に対する産業教育手当の支給に関する法律,のうぎょうすいさんこうぎょうまたはしょうせんにかかるさんぎょうきょういくにじゅうじするこうりつのこうとうがっこうのきょういんおよびじっしゅうじょしゅにたいするさんぎょうきょういくてあてのしきゅうにかんするほうりつ,令和八年四月一日
332AC1000000162,法律,内航海運組合法,ないこうかいうんくみあいほう,令和七年四月一日
332AC1000000163,法律,美容師法,びようしほう,令和七年六月一日
332AC1000000164,法律,生活衛生関係営業の運営の適正化及び振興に関する法律,せいかつえいせいかんけいえいぎょうのうんえいのてきせいかおよびしんこうにかんするほうりつ,令和三年六月一日
332CO0000000009,政令,家畜取引法施行令,かちくとりひきほうせこうれい,平成二十八年四月一日
332CO0000000012,政令,鉱害賠償供託金配当令,こうがいばいしょうきょうたくきんはいとうれい,平成二十四年一月二十一日
332CO0000000025,政令,夜間課程を置く高等学校における学校給食に関する法律施行令,やかんかていをおくこうとうがっこうにおけるがっこうきゅうしょくにかんするほうりつせこうれい,平成十九年十二月二十六日
332CO0000000043,政令,租税特別措置法施行令,そぜいとくべつそちほうしこうれい,令和十年四月一日
332CO0000000048,政令,とん税法施行令,とんぜいほうしこうれい,令和二年十月一日
332CO0000000049,政令,特別とん税法施行令,とくべつとんぜいほうしこうれい,令和二年十月一日
332CO0000000057,政令,揮発油税法施行令,きはつゆぜいほうしこうれい,令和七年四月一日
332CO0000000074,政令,公衆衛生修学資金貸与法施行令,こうしゅうえいせいしゅうがくしきんたいよほうしこうれい,平成十三年一月六日
332CO0000000087,政令,保険医療機関及び保険薬局の指定並びに保険医及び保険薬剤師の登録に関する政令,ほけんいりょうきかんおよびほけんやっきょくのしていならびにほけんいおよびほけんやくざいしのとうろくにかんするせいれい,平成二十年十月一日
332CO0000000088,政令,国土開発幹線自動車道建設会議令,こくどかいはつかんせんじどうしゃどうけんせつかいぎれい,平成十三年一月六日
332CO0000000112,政令,引揚者給付金等支給法施行令,ひきあげしゃきゅうふきんとうしきゅうほうせこうれい,平成二十年十月一日
332CO0000000114,政令,国の庁舎等の使用調整等に関する特別措置法施行令,くにのちょうしゃとうのしようちょうせいとうにかんするとくべつそちほうしこうれい,平成二十二年四月一日
332CO0000000130,政令,国土調査法による不動産登記に関する政令,こくどちょうさほうによるふどうさんとうきにかんするせいれい,令和二年九月二十九日
332CO0000000135,政令,準備預金制度に関する法律施行令,じゅんびよきんせいどにかんするほうりつしこうれい,平成十九年九月三十日
332CO0000000142,政令,工業用水法施行令,こうぎょうようすいほうしこうれい,平成二十七年四月一日
332CO0000000143,政令,特別支援学校の幼稚部及び高等部における学校給食に関する法律施行令,とくべつしえんがっこうのようちぶおよびこうとうぶにおけるがっこうきゅうしょくにかんするほうりつしこうれい,平成十九年十二月二十六日
332CO0000000151,政令,国土開発幹線自動車道建設法施行令,こくどかいはつかんせんじどうしゃどうけんせつほうしこうれい,平成十七年十月一日
332CO0000000152,政令,旅館業法施行令,りょかんぎょうほうしこうれい,令和五年十二月十三日
332CO0000000188,政令,特定多目的ダム法施行令,とくていたもくてきだむほうしこうれい,令和六年四月一日
332CO0000000192,政令,積雪寒冷特別地域における道路交通の確保に関する特別措置法施行令,せきせつかんれいとくべつちいきにおけるどうろこうつうのかくほにかんするとくべつそちほうしこうれい,平成十四年二月八日
332CO0000000205,政令,高速自動車国道法施行令,こうそくじどうしゃこくどうほうしこうれい,令和七年十月一日
332CO0000000219,政令,内閣官房組織令,ないかくかんぼうそしきれい,令和八年四月一日
332CO0000000248,政令,滞納処分と強制執行等との手続の調整に関する政令,たいのうしょぶんときょうせいしっこうとうとのてつづきのちょうせいにかんするせいれい,平成十七年四月一日
332CO0000000275,政令,高速自動車国道の路線を指定する政令,こうそくじどうしゃこくどうのろせんをしていするせいれい,平成二十年一月十八日
332CO0000000277,政令,美容師法施行令,びようしほうせこうれい,平成二十七年九月三十日
332CO0000000279,政令,生活衛生関係営業の運営の適正化及び振興に関する法律施行令,せいかつえいせいかんけいえいぎょうのうんえいのてきせいかおよびしんこうにかんするほうりつしこうれい,平成三十年六月十五日
332CO0000000283,政令,公立学校の学校医、学校歯科医及び学校薬剤師の公務災害補償の基準を定める政令,こうりつがっこうのがっこういがっこうしかいおよびがっこうやくざいしのこうむさいがいほしょうのきじゅんをさだめるせいれい,令和七年八月一日
332CO0000000292,政令,内航海運組合法施行令,ないこうかいうんくみあいほうせこうれい,平成十四年七月一日
332CO0000000298,政令,自然公園法施行令,しぜんこうえんほうしこうれい,令和六年四月一日
332CO0000000321,政令,国有提供施設等所在市町村助成交付金に関する法律施行令,こくゆうていきょうしせつとうしょざいしちょうそんじょせいこうふきんにかんするほうりつせこうれい,令和七年三月二十四日
332CO0000000324,政令,核原料物質、核燃料物質及び原子炉の規制に関する法律施行令,かくげんりょうぶっしつかくねんりょうぶっしつおよびげんしろのきせいにかんするほうりつしこうれい,令和七年六月六日
332CO0000000325,政令,核燃料物質、核原料物質、原子炉及び放射線の定義に関する政令,かくねんりょうぶっしつかくげんりょうぶっしつげんしろおよびほうしゃせんのていぎにかんするせいれい,昭和六十三年三月二十九日
332CO0000000333,政令,首都圏整備法施行令,しゅとけんせいびほうせこうれい,令和七年四月一日
332CO0000000336,政令,水道法施行令,すいどうほうしこうれい,令和七年四月一日
332CO0000000340,政令,駐車場法施行令,ちゅうしゃじょうほうせこうれい,令和八年四月一日
332CO0000000341,政令,私立大学の研究設備に対する国の補助に関する法律施行令,しりつだいがくのけんきゅうせつびにたいするくにのほじょにかんするほうりつしこうれい,平成十九年四月一日
332M50000002005,府省令,消防団員等公務災害補償等責任共済等に関する法律施行規則,しょうぼうだんいんとうこうむさいがいほしょうとうせきにんきょうさいとうにかんするほうりつしこうきそく,平成十七年三月七日
332M50000002014,府省令,水質調査作業規程準則,すいしつちょうささぎょうきていじゅんそく,令和元年五月七日
332M50000002021,府省令,特別とん譲与税法施行規則,とくべつとんじょうよぜいほうしこうきそく,平成十三年一月六日
332M50000002027,府省令,法人企業投資実績統計調査規則,ほうじんきぎょうとうしじっせきとうけいちょうさきそく,平成十三年一月六日
332M50000002071,府省令,地籍調査作業規程準則,ちせきちょうささぎょうきていじゅんそく,令和六年六月二十八日
332M50000002080,府省令,国有提供施設等所在市町村助成交付金に関する法律施行規則,こくゆうていきょうしせつとうしょざいしちょうそんじょせいこうふきんにかんするほうりつしこうきそく,令和元年五月七日
332M50000002083,府省令,試験研究の用に供する原子炉等の設置、運転等に関する規則,しけんけんきゅうのようにきょうするげんしろとうのせっちうんてんとうにかんするきそく,令和六年三月七日
332M50000002084,府省令,核燃料物質の使用等に関する規則,かくねんりょうぶっしつのしようとうにかんするきそく,令和六年五月三十日
332M50000010027,府省令,戸籍法附則第三条第一項の戸籍の改製に関する省令,こせきほうふそくだいさんじょうだいいっこうのこせきのかいせいにかんするしょうれい,平成二十二年六月一日
332M50000040012,府省令,財務諸表等の監査証明に関する内閣府令,ざいむしょひょうとうのかんさしょうめいにかんするないかくふれい,令和七年五月一日
332M50000040015,府省令,租税特別措置法施行規則,そぜいとくべつそちほうしこうきそく,令和十年四月一日
332M50000040049,府省令,引揚者国庫債券の発行交付等に関する省令,ひきあげしゃこっこさいけんのはっこうこうふとうにかんするしょうれい,令和三年四月一日
332M50000040051,府省令,国の庁舎等の使用調整等に関する特別措置法施行細則,くにのちょうしゃとうのしようちょうせいとうにかんするとくべつそちほうしこうさいそく,令和元年十二月十六日
332M50000040059,府省令,指定金融機関の日本銀行預け金の額が不足する場合における日本銀行の政府に対する納付金の納付手続に関する命令,していきんゆうきかんのにほんぎんこうあずけきんのがくがふそくするばあいにおけるにほんぎんこうのせいふにたいするのうふきんののうふてつづきにかんするめいれい,令和元年五月七日
332M50000040087,府省令,旧令共済組合年金等交付金交付規則,きゅうれいきょうさいくみあいねんきんとうこうふきんこうふきそく,令和二年十二月十一日
332M50000040088,府省令,日本製鉄八幡共済組合年金交付金交付規則,にほんせいてつやはたきょうさいくみあいねんきんこうふきんこうふきそく,令和二年十二月十一日
332M50000080006,府省令,夜間課程を置く高等学校における学校給食に関する法律施行規則,やかんかていをおくこうとうがっこうにおけるがっこうきゅうしょくにかんするほうりつしこうきそく,平成十三年一月六日
332M50000100001,府省令,財団法人日本遺族会に対する国有財産の無償貸付に関する法律第二条第二項の規定による財産使用の承認手続に関する省令,ざいだんほうじんにほんいぞくかいにたいするこくゆうざいさんのむしょうかしつけにかんするほうりつだいにじょうだいにこうのきていによるざいさんしようのしょうにんてつづきにかんするしょうれい,平成十三年一月六日
332M50000100013,府省令,保険医療機関及び保険薬局の指定並びに保険医及び保険薬剤師の登録に関する省令,ほけんいりょうきかんおよびほけんやっきょくのしていならびにほけんいおよびほけんやくざいしのとうろくにかんするしょうれい,令和八年四月一日
332M50000100015,府省令,保険医療機関及び保険医療養担当規則,ほけんいりょうきかんおよびほけんいりょうようたんとうきそく,令和八年四月一日
332M50000100016,府省令,保険薬局及び保険薬剤師療養担当規則,ほけんやっきょくおよびほけんやくざいしりょうようたんとうきそく,令和八年四月一日
332M50000100025,府省令,引揚者給付金等支給法施行規則,ひきあげしゃきゅうふきんとうしきゅうほうしこうきそく,令和六年四月一日
332M50000100026,府省令,公衆衛生修学資金貸与法施行規則,こうしゅうえいせいしゅうがくしきんたいよほうしこうきそく,令和五年十二月二十六日
332M50000100037,府省令,生活衛生関係営業の運営の適正化及び振興に関する法律施行規則,せいかつえいせいかんけいえいぎょうのうんえいのてきせいかおよびしんこうにかんするほうりつしこうきそく,令和五年十二月二十七日
332M50000100038,府省令,公衆浴場入浴料金の統制額の指定等に関する省令,こうしゅうよくじょうにゅうよくりょうきんのとうせいがくのしていとうにかんするしょうれい,平成十二年四月一日
332M50000100041,府省令,自然公園法施行規則,しぜんこうえんほうしこうきそく,令和七年四月一日
332M50000100045,府省令,水道法施行規則,すいどうほうしこうきそく,令和八年四月一日
332M50000400022,府省令,工業用水法施行規則,こうぎょうようすいほうせこうきそく,令和二年十二月二十八日
332M50000400039,府省令,競輪審判員、選手および自転車登録規則,けいりんしんぱんいんせんしゅおよびじてんしゃとうろくきそく,令和七年六月一日
332M50000400041,府省令,小型自動車競走審判員、選手および小型自動車登録規則,こがたじどうしゃきょうそうしんぱんいんせんしゅおよびこがたじどうしゃとうろくきそく,令和七年六月一日
332M50000402001,府省令,核原料物質又は核燃料物質の製錬の事業に関する規則,かくげんりょうぶっしつまたはかくねんりょうぶっしつのせいれんのじぎょうにかんするきそく,令和六年五月三十日
332M50000410001,府省令,鉱害賠償供託金配当令施行規則,こうがいばいしょうきょうたくきんはいとうれいしこうきそく,令和六年三月一日
332M50000800008,府省令,船員労働統計調査規則,せんいんろうどうとうけいちょうさきそく,令和元年十二月十六日
332M50000800030,府省令,危険物船舶運送及び貯蔵規則,きけんぶつせんぱくうんそうおよびちょぞうきそく,令和五年十二月二十八日
332M50000800039,府省令,内航海運組合法施行規則,ないこうかいうんくみあいほうしこうきそく,令和六年四月一日
332M50002000015,府省令,毎月勤労統計調査規則,まいつききんろうとうけいちょうさきそく,令和四年一月一日
332M50002000022,府省令,労働基準法第七十六条第二項の規定による常時百人未満の労働者を使用する事業場に使用される労働者に対して行う休業補償の額の改訂及び改訂後の休業補償の額の改訂の方法の特例に関する省令,ろうどうきじゅんほうだいななじゅうろくじょうだいにこうのきていによるじょうじひゃくにんみまんのろうどうしゃをしようするじぎょうばにしようされるろうどうしゃにたいしておこなうきゅうぎょうほしょうのがくのかいていおよびかいていのちのきゅうぎょうほしょうのがくのかいていのほうほうのとくれいにかんするしょうれい,平成十三年一月六日
332M50004000012,府省令,宅地建物取引業法施行規則,たくちたてものとりひきぎょうほうしこうきそく,令和八年四月一日
332M50004000018,府省令,特定多目的ダム法施行規則,とくていたもくてきだむほうしこうきそく,令和六年四月一日
332M50004010001,府省令,宅地建物取引業者営業保証金規則,たくちたてものとりひきぎょうしゃえいぎょうほしょうきんきそく,令和三年一月一日
332M50400000002,規則,犯罪捜査規範,はんざいそうさきはん,令和七年七月一日
332M50400000003,規則,犯罪捜査共助規則,はんざいそうさきょうじょきそく,令和四年四月一日
332RJNJ09002000,規則,人事院規則九―二（俸給表の適用範囲）,じんじいんきそくきゅうのにほうきゅうひょうのてきようはんい,令和七年七月一日
332RJNJ09006000,規則,人事院規則九―六（俸給の調整額）,じんじいんきそくきゅうのろくほうきゅうのちょうせいがく,令和七年七月一日
333AC0000000006,法律,銃砲刀剣類所持等取締法,じゅうほうとうけんるいしょじとうとりしまりほう,令和七年九月一日
333AC0000000030,法律,地すべり等防止法,じすべりとうぼうしほう,令和七年六月一日
333AC0000000034,法律,道路整備事業に係る国の財政上の特別措置に関する法律,どうろせいびじぎょうにかかるくにのざいせいじょうのとくべつそちにかんするほうりつ,令和七年十月一日
333AC0000000056,法律,学校保健安全法,がっこうほけんあんぜんほう,平成二十八年四月一日
333AC0000000057,法律,分収林特別措置法,ぶんしゅうりんとくべつそちほう,平成二十九年四月一日
333AC0000000079,法律,下水道法,げすいどうほう,令和七年六月一日
333AC0000000081,法律,義務教育諸学校等の施設費の国庫負担等に関する法律,ぎむきょういくしょがっこうとうのしせつひのこっこふたんとうにかんするほうりつ,令和八年四月一日
333AC0000000084,法律,工業用水道事業法,こうぎょうようすいどうじぎょうほう,令和七年六月一日
333AC0000000098,法律,首都圏の近郊整備地帯及び都市開発区域の整備に関する法律,しゅとけんのきんこうせいびちたいおよびとしかいはつくいきのせいびにかんするほうりつ,令和八年五月二十五日
333AC0000000106,法律,企業担保法,きぎょうたんぽほう,令和十年六月十三日
333AC0000000109,法律,証人等の被害についての給付に関する法律,しょうにんとうのひがいについてのきゅうふにかんするほうりつ,令和四年四月一日
333AC0000000116,法律,公立義務教育諸学校の学級編制及び教職員定数の標準に関する法律,こうりつぎむきょういくしょがっこうのがっきゅうへんせいおよびきょうしょくいんていすうのひょうじゅんにかんするほうりつ,令和八年四月一日
333AC0000000126,法律,旧令による共済組合等からの年金受給者のための特別措置法等の規定による年金の額の改定に関する法律,きゅうれいによるきょうさいくみあいとうからのねんきんじゅきゅうしゃのためのとくべつそちほうとうのきていによるねんきんのがくのかいていにかんするほうりつ,昭和五十七年十月一日
333AC0000000128,法律,国家公務員共済組合法,こっかこうむいんきょうさいくみあいほう,令和十年四月一日
333AC0000000129,法律,国家公務員共済組合法の長期給付に関する施行法,こっかこうむいんきょうさいくみあいほうのちょうききゅうふにかんするしこうほう,令和四年四月一日
333AC0000000138,法律,電話加入権質に関する臨時特例法,でんわかにゅうけんしつにかんするりんじとくれいほう,令和十年六月十三日
333AC0000000150,法律,航空機工業振興法,こうくうきこうぎょうしんこうほう,令和七年六月一日
333AC0000000162,法律,放射線障害防止の技術的基準に関する法律,ほうしゃせんしょうがいぼうしのぎじゅつてききじゅんにかんするほうりつ,令和元年九月一日
333AC0000000178,法律,産業投資特別会計の貸付の財源に充てるための外貨債の発行に関する法律,さんぎょうとうしとくべつかいけいのかしつけのざいげんにあてるためのがいかさいのはっこうにかんするほうりつ,平成十三年一月六日
333AC0000000192,法律,国民健康保険法,こくみんけんこうほけんほう,令和十年十二月十一日
333AC0000000193,法律,国民健康保険法施行法,こくみんけんこうほけんほうしこうほう,昭和三十八年三月三十一日
333AC0100000147,法律,調理師法,ちょうりしほう,令和七年六月一日
333AC1000000072,法律,台風常襲地帯における災害の防除に関する特別措置法,たいふうじょうしゅうちたいにおけるさいがいのぼうじょにかんするとくべつそちほう,平成二十一年四月一日
333AC1000000076,法律,臨床検査技師等に関する法律,りんしょうけんさぎしとうにかんするほうりつ,令和七年六月一日
333AC1000000134,法律,水洗炭業に関する法律,すいせんたんぎょうにかんするほうりつ,令和七年六月一日
333AC1000000135,法律,たばこ耕作組合法,たばここうさくくみあいほう,平成二十八年四月一日
333AC1000000158,法律,駐留軍関係離職者等臨時措置法,ちゅうりゅうぐんかんけいりしょくしゃとうりんじそちほう,令和五年三月三十一日
333CO0000000033,政令,銃砲刀剣類所持等取締法施行令,じゅうほうとうけんるいしょじとうとりしまりほうしこうれい,令和八年五月二十五日
333CO0000000043,政令,中小企業等協同組合法施行令,ちゅうしょうきぎょうとうきょうどうくみあいほうしこうれい,令和八年五月二十五日
333CO0000000045,政令,中小企業団体の組織に関する法律施行令,ちゅうしょうきぎょうだんたいのそしきにかんするほうりつしこうれい,令和六年十二月二十八日
333CO0000000060,政令,日本銀行に交付した国債の元利払資金の戻入期限の特例に関する政令,にほんぎんこうにこうふしたこくさいのがんりふつしきんのれいにゅうきげんのとくれいにかんするせいれい,昭和三十三年三月三十一日
333CO0000000112,政令,地すべり等防止法施行令,じすべりとうぼうしほうしこうれい,平成三十一年四月一日
333CO0000000117,政令,地方交付税法施行令,ちほうこうふぜいほうしこうれい,平成十三年一月六日
333CO0000000131,政令,駐留軍関係離職者等臨時措置法施行令,ちゅうりゅうぐんかんけいりしょくしゃとうりんじそちほうせこうれい,平成十九年九月一日
333CO0000000135,政令,放射線審議会令,ほうしゃせんしんぎかいれい,平成二十四年九月十九日
333CO0000000164,政令,一般国道の指定区間を指定する政令,いっぱんこくどうのしていくかんをしていするせいれい,令和八年四月一日
333CO0000000174,政令,学校保健安全法施行令,がっこうほけんあんぜんほうしこうれい,令和八年四月一日
333CO0000000180,政令,電話加入権質に関する臨時特例法施行令,でんわかにゅうけんしつにかんするりんじとくれいほうしこうれい,平成十三年一月六日
333CO0000000185,政令,社会福祉法施行令,しゃかいふくしほうしこうれい,令和七年十月一日
333CO0000000187,政令,企業担保登記登録令,きぎょうたんぽとうきとうろくれい,令和七年十月一日
333CO0000000189,政令,義務教育諸学校等の施設費の国庫負担等に関する法律施行令,ぎむきょういくしょがっこうとうのしせつひのこっこふたんとうにかんするほうりつせこうれい,令和七年四月一日
333CO0000000202,政令,公立義務教育諸学校の学級編制及び教職員定数の標準に関する法律施行令,こうりつぎむきょういくしょがっこうのがっきゅうへんせいおよびきょうしょくいんていすうのひょうじゅんにかんするほうりつしこうれい,令和八年四月一日
333CO0000000207,政令,国家公務員共済組合法施行令,こっかこうむいんきょうさいくみあいほうせこうれい,令和八年四月一日
333CO0000000216,政令,台風常襲地帯の指定基準に関する政令,たいふうじょうしゅうちたいのしていきじゅんにかんするせいれい,平成十三年一月六日
333CO0000000226,政令,臨床検査技師等に関する法律施行令,りんしょうけんさぎしとうにかんするほうりつしこうれい,令和四年五月一日
333CO0000000227,政令,証人等の被害についての給付に関する法律施行令,しょうにんとうのひがいについてのきゅうふにかんするほうりつしこうれい,令和七年八月一日
333CO0000000256,政令,鉄道軌道整備法施行令,てつどうきどうせいびほうせこうれい,平成三十年八月一日
333CO0000000279,政令,お年玉付郵便葉書等に関する法律施行令,おとしだまつきゆうびんはがきとうにかんするほうりつしこうれい,平成二十四年十月一日
333CO0000000291,政令,工業用水道事業法施行令,こうぎょうようすいどうじぎょうほうせこうれい,令和元年七月一日
333CO0000000303,政令,調理師法施行令,ちょうりしほうせこうれい,平成二十七年四月一日
333CO0000000307,政令,電波法関係手数料令,でんぱほうかんけいてすうりょうれい,令和七年十月一日
333CO0000000315,政令,産業教育手当の支給を受ける実習助手の範囲を定める政令,さんぎょうきょういくてあてのしきゅうをうけるじっしゅうじょしゅのはんいをさだめるせいれい,平成十六年四月一日
333CO0000000337,政令,産業投資特別会計の貸付の財源に充てるための外貨債の発行に関する法律に基く外貨債の利子の非課税等に関する規定の適用を受けない者の範囲を定める政令,さんぎょうとうしとくべつかいけいのかしつけのざいげんにあてるためのがいかさいのはっこうにかんするほうりつにもとづくがいかさいのりしのひかぜいとうにかんするきていのてきようをうけないもののはんいをさだめるせいれい,平成二十九年十月一日
333CO0000000341,政令,国家公務員宿舎法施行令,こっかこうむいんしゅくしゃほうしこうれい,令和六年四月一日
333CO0000000362,政令,国民健康保険法施行令,こくみんけんこうほけんほうしこうれい,令和八年四月一日
333M50000002001,府省令,防衛省所管に属する物品の無償貸付及び譲与等に関する省令,ぼうえいしょうしょかんにぞくするぶっぴんのむしょうかしつけおよびじょうよとうにかんするしょうれい,令和七年三月二十四日
333M50000002016,府省令,銃砲刀剣類所持等取締法施行規則,じゅうほうとうけんるいしょじとうとりしまりほうしこうきそく,令和七年三月一日
333M50000002028,府省令,防衛装備庁受託試験研究規則,ぼうえいそうびちょうじゅたくしけんけんきゅうきそく,令和三年一月二十九日
333M50000002036,府省令,駐留軍関係離職者等臨時措置法に基づく特別給付金の支給に関する省令,ちゅうりゅうぐんかんけいりしょくしゃとうりんじそちほうにもとづくとくべつきゅうふきんのしきゅうにかんするしょうれい,平成十九年九月一日
333M50000002039,府省令,消防施設強化促進法第五条の規定に基く補助金の交付申請書の提出に関する総理府令,しょうぼうしせつきょうかそくしんほうだいごじょうのきていにもとづくほじょきんのこうふしんせいしょのていしゅつにかんするそうりふれい,平成十四年二月八日
333M50000002057,府省令,地方公務員給与実態調査規則,ちほうこうむいんきゅうよじったいちょうさきそく,令和五年三月三十日
333M50000002059,府省令,台風常襲地帯の指定基準に関する政令第一号に規定する期間を定める内閣府令,たいふうじょうしゅうちたいのしていきじゅんにかんするせいれいだいいちごうにきていするきかんをさだめるないかくふれい,平成十三年一月六日
333M50000010038,府省令,企業担保登記規則,きぎょうたんぽとうききそく,令和六年四月一日
333M50000010043,府省令,証人等の被害についての給付に関する法律施行規則,しょうにんとうのひがいについてのきゅうふにかんするほうりつしこうきそく,令和七年六月一日
333M50000040017,府省令,日本銀行に交付した国債元利払資金の残額の報告期限の特例に関する省令,にほんぎんこうにこうふしたこくさいがんりばらいしきんのざんがくのほうこくきげんのとくれいにかんするしょうれい,昭和三十三年四月十二日
333M50000040019,府省令,アメリカ合衆国軍隊の構成員等の免税輸入物品の譲渡申告書等の様式を定める省令,あめりかがっしゅうこくぐんたいのこうせいいんとうのめんぜいゆにゅうぶつひんのじょうとしんこくしょとうのようしきをさだめるしょうれい,令和三年九月一日
333M50000040022,府省令,たばこ耕作組合法施行規則,たばここうさくくみあいほうしこうきそく,令和五年十二月二十八日
333M50000040045,府省令,特別調達資金債権管理事務取扱規則,とくべつちょうたつしきんさいけんかんりじむとりあつかいきそく,令和三年一月一日
333M50000040049,府省令,特定の出納官吏の出納保管に関する特別取扱規則,とくていのすいとうかんりのすいとうほかんにかんするとくべつとりあつかいきそく,令和三年一月一日
333M50000040054,府省令,国家公務員共済組合法施行規則,こっかこうむいんきょうさいくみあいほうしこうきそく,令和八年四月一日
333M50000080018,府省令,学校保健安全法施行規則,がっこうほけんあんぜんほうしこうきそく,令和五年五月八日
333M50000080019,府省令,公立義務教育諸学校の学級編制及び教職員定数の標準に関する法律施行規則,こうりつぎむきょういくしょがっこうのがっきゅうへんせいおよびきょうしょくいんていすうのひょうじゅんにかんするほうりつしこうきそく,平成二十九年四月一日
333M50000080021,府省令,義務教育諸学校等の施設費の国庫負担等に関する法律施行規則,ぎむきょういくしょがっこうとうのしせつひのこっこふたんとうにかんするほうりつしこうきそく,令和八年四月一日
333M50000100024,府省令,臨床検査技師等に関する法律施行規則,りんしょうけんさぎしとうにかんするほうりつしこうきそく,令和六年四月一日
333M50000100027,府省令,予防接種実施規則,よぼうせっしゅじっしきそく,令和八年五月一日
333M50000100046,府省令,調理師法施行規則,ちょうりしほうしこうきそく,令和七年四月一日
333M50000100053,府省令,国民健康保険法施行規則,こくみんけんこうほけんほうしこうきそく,令和八年四月一日
333M50000400086,府省令,水洗炭業に関する法律施行規則,すいせんたんぎょうにかんするほうりつしこうきそく,令和二年十二月二十八日
333M50000400118,府省令,工業用水道事業法施行規則,こうぎょうようすいどうじぎょうほうしこうきそく,令和五年十二月二十八日
333M50000400119,府省令,工業用水道施設の技術的基準を定める省令,こうぎょうようすいどうしせつのぎじゅつてききじゅんをさだめるしょうれい,平成二十八年四月一日
333M50000410001,府省令,水洗炭業者保証金規則,すいせんたんぎょうしゃほしょうきんきそく,令和四年九月一日
333M50000800032,府省令,ユース・ホステル整備費補助金交付規則,ゆーすほすてるせいびひほじょきんこうふきそく,平成十三年一月六日
333M50001000018,府省令,電話加入権質に関する臨時特例法施行規則,でんわかにゅうけんしつにかんするりんじとくれいほうしこうきそく,令和元年七月一日
333M50010000041,府省令,農林漁業団体職員共済組合の財務及び会計に関する省令,のうりんぎょぎょうだんたいしょくいんきょうさいくみあいのざいむおよびかいけいにかんするしょうれい,令和二年四月一日
333M50014000001,府省令,地すべり等防止法施行規則,じすべりとうぼうしほうしこうきそく,令和六年十一月一日
333M50400000003,規則,検視規則,けんしきそく,昭和三十三年十一月二十七日
333R00000006001,規則,首都圏整備法施行規則,しゅとけんせいびほうしこうきそく,平成十三年一月六日
333R00000011001,規則,銃砲刀剣類登録規則,じゅうほうとうけんるいとうろくきそく,令和七年六月一日
333RJNJ09024000,規則,人事院規則九―二四（通勤手当）,じんじいんきそくきゅうのにじゅうよんつうきんてあて,令和八年四月一日
334AC0000000024,法律,工場立地法,こうじょうりっちほう,令和七年六月一日
334AC0000000067,法律,特定港湾施設整備特別措置法,とくていこうわんしせつせいびとくべつそちほう,令和四年四月一日
334AC0000000091,法律,北海道寒冷地畑作営農改善資金融通臨時措置法,ほっかいどうかんれいちはたさくえいのうかいぜんしきんゆうづうりんじそちほう,平成十三年五月一日
334AC0000000121,法律,特許法,とっきょほう,令和八年五月二十一日
334AC0000000122,法律,特許法施行法,とっきょほうしこうほう,平成八年一月一日
334AC0000000123,法律,実用新案法,じつようしんあんほう,令和八年五月二十一日
334AC0000000124,法律,実用新案法施行法,じつようしんあんほうしこうほう,平成六年一月一日
334AC0000000125,法律,意匠法,いしょうほう,令和八年五月二十一日
334AC0000000126,法律,意匠法施行法,いしょうほうしこうほう,昭和三十四年四月十三日
334AC0000000127,法律,商標法,しょうひょうほう,令和八年五月二十一日
334AC0000000128,法律,商標法施行法,しょうひょうほうしこうほう,昭和三十四年四月十三日
334AC0000000135,法律,接収貴金属等の処理に関する法律,せっしゅうききんぞくとうのしょりにかんするほうりつ,平成十三年一月六日
334AC0000000136,法律,自動車ターミナル法,じどうしゃたーみなるほう,令和七年六月一日
334AC0000000137,法律,最低賃金法,さいていちんぎんほう,令和七年六月一日
334AC0000000141,法律,国民年金法,こくみんねんきんほう,令和十年四月一日
334AC0000000147,法律,国税徴収法,こくぜいちょうしゅうほう,令和八年四月一日
334AC0000000155,法律,小売商業調整特別措置法,こうりしょうぎょうちょうせいとくべつそちほう,平成二十八年四月一日
334AC0000000160,法律,中小企業退職金共済法,ちゅうしょうきぎょうたいしょくきんきょうさいほう,令和七年六月一日
334AC0000000165,法律,連合国財産の返還等に伴う損失の処理等に関する法律,れんごうこくざいさんのへんかんとうにともなうそんしつのしょりとうにかんするほうりつ,昭和三十七年十月一日
334AC0000000194,法律,核燃料物質の加工の請負に伴う外国人等の責任の免除等に関する法律,かくねんりょうぶっしつのかこうのうけおいにともなうがいこくじんとうのせきにんのめんじょとうにかんするほうりつ,昭和三十四年十二月十一日
334AC1000000007,法律,未帰還者に関する特別措置法,みきかんしゃにかんするとくべつそちほう,令和二年四月一日
334CO0000000017,政令,道路整備事業に係る国の財政上の特別措置に関する法律施行令,どうろせいびじぎょうにかかるくにのざいせいじょうのとくべつそちにかんするほうりつしこうれい,令和七年十月一日
334CO0000000033,政令,内閣府設置法第四条第一項第二十四号に規定する北方地域の範囲を定める政令,ないかくふせっちほうだいよんじょうだいいっこうだいにじゅうよんごうにきていするほっぽうちいきのはんいをさだめるせいれい,平成二十八年四月一日
334CO0000000041,政令,国民健康保険の国庫負担金等の算定に関する政令,こくみんけんこうほけんのこっこふたんきんとうのさんていにかんするせいれい,令和八年四月一日
334CO0000000051,政令,未帰還者に関する特別措置法施行令,みきかんしゃにかんするとくべつそちほうせこうれい,平成十三年一月六日
334CO0000000108,政令,特定港湾施設整備特別措置法施行令,とくていこうわんしせつせいびとくべつそちほうせこうれい,平成十三年四月一日
334CO0000000147,政令,下水道法施行令,げすいどうほうしこうれい,令和七年四月一日
334CO0000000158,政令,図書館法施行令,としょかんほうしこうれい,昭和三十四年四月三十日
334CO0000000163,政令,最低賃金審議会令,さいていちんぎんしんぎかいれい,平成二十八年六月二十一日
334CO0000000183,政令,北海道寒冷地畑作営農改善資金融通臨時措置法施行令,ほっかいどうかんれいちはたさくえいのうかいぜんしきんゆうづうりんじそちほうしこうれい,昭和三十四年五月二十三日
334CO0000000184,政令,国民年金法施行令,こくみんねんきんほうせこうれい,令和八年四月一日
334CO0000000188,政令,接収貴金属等の処理に関する法律施行令,せっしゅうききんぞくとうのしょりにかんするほうりつしこうれい,昭和四十二年三月十七日
334CO0000000199,政令,消防審議会令,しょうぼうしんぎかいれい,平成十三年一月六日
334CO0000000240,政令,首都圏の近郊整備地帯及び都市開発区域の整備に関する法律施行令,しゅとけんのきんこうせいびちたいおよびとしかいはつくいきのせいびにかんするほうりつしこうれい,令和五年四月一日
334CO0000000242,政令,小売商業調整特別措置法施行令,こうりしょうぎょうちょうせいとくべつそちほうせこうれい,平成二十八年四月一日
334CO0000000266,政令,連合国財産の返還等に伴う損失の処理等に関する法律施行令,れんごうこくざいさんのへんかんとうにともなうそんしつのしょりとうにかんするほうりつしこうれい,昭和三十七年九月二十九日
334CO0000000269,政令,独立行政法人等の恩給納付金に関する政令,どくりつぎょうせいほうじんとうのおんきゅうのうふきんにかんするせいれい,平成二十六年五月三十日
334CO0000000306,政令,危険物の規制に関する政令,きけんぶつのきせいにかんするせいれい,令和七年五月十五日
334CO0000000320,政令,自動車ターミナルの位置、構造及び設備の基準を定める政令,じどうしゃたーみなるのいちこうぞうおよびせつびのきじゅんをさだめるせいれい,令和二年十二月一日
334CO0000000329,政令,国税徴収法施行令,こくぜいちょうしゅうほうしこうれい,令和八年四月一日
334CO0000000334,政令,日本国とアメリカ合衆国との間の相互協力及び安全保障条約第六条に基づく施設及び区域並びに日本国における合衆国軍隊の地位に関する協定及び日本国における国際連合の軍隊の地位に関する協定の実施に伴う航空法の特例に関する法律施行令,にほんこくとあめりかがっしゅうこくとのあいだのそうごきょうりょくおよびあんぜんほしょうじょうやくだいろくじょうにもとづくしせつおよびくいきならびににほんこくにおけるがっしゅうこくぐんたいのちいにかんするきょうていおよびにほんこくにおけるこくさいれんごうのぐんたいのちいにかんするきょうていのじっしにともなうこうくうほうのとくれいにかんするほうりつせこうれい,令和元年九月十八日
334M50000002048,府省令,内閣府の主管又は所管に係る一般会計及び特別会計の歳入について証券をもって納付しうる種目を定める内閣府令,ないかくふのしゅかんまたはしょかんにかかるいっぱんかいけいおよびとくべつかいけいのさいにゅうについてしょうけんをもってのうふしうるしゅもくをさだめるないかくふれい,平成十三年一月六日
334M50000002055,府省令,危険物の規制に関する規則,きけんぶつのきせいにかんするきそく,令和八年二月二十八日
334M50000002058,府省令,地下水調査作業規程準則,ちかすいちょうささぎょうきていじゅんそく,令和元年五月七日
334M50000002062,府省令,陸上総隊司令部、方面総監部、師団司令部及び旅団司令部組織規則,りくじょうそうたいしれいぶほうめんそうかんぶしだんしれいぶおよびりょだんしれいぶそしききそく,令和八年三月二十三日
334M50000010002,府省令,供託規則,きょうたくきそく,令和七年十二月一日
334M50000040005,府省令,日本銀行貨幣回収準備資金出納取扱規則,にほんぎんこうかへいかいしゅうじゅんびしきんすいとうとりあつかいきそく,令和三年一月一日
334M50000040007,府省令,米貨公債の事務の取扱に関する省令,べいかこうさいのじむのとりあつかいにかんするしょうれい,平成十三年一月六日
334M50000040009,府省令,米貨公債の発行に関する省令,べいかこうさいのはっこうにかんするしょうれい,平成十三年一月六日
334M50000040010,府省令,国家公務員宿舎法施行規則,こっかこうむいんしゅくしゃほうしこうきそく,令和八年四月一日
334M50000040043,府省令,接収貴金属等の処理に関する法律施行規則,せっしゅうききんぞくとうのしょりにかんするほうりつしこうきそく,昭和五十九年九月二十一日
334M50000040044,府省令,日本銀行保管貴金属等取扱規則,にほんぎんこうほかんききんぞくとうとりあつかいきそく,昭和三十四年五月三十日
334M50000040059,府省令,連合国財産の返還等に伴う損失の処理等に関する法律施行規則,れんごうこくざいさんのへんかんとうにともなうそんしつのしょりとうにかんするほうりつしこうきそく,昭和三十七年十月一日
334M50000042001,府省令,独立行政法人等の恩給納付金額通知書等の書式を定める命令,どくりつぎょうせいほうじんとうのおんきゅうのうふきんがくつうちしょとうのしょしきをさだめるめいれい,令和元年七月一日
334M50000080021,府省令,へき地教育振興法施行規則,へきちきょういくしんこうほうしこうきそく,令和八年二月十八日
334M50000100005,府省令,未帰還者に関する特別措置法施行規則,みきかんしゃにかんするとくべつそちほうしこうきそく,令和六年四月一日
334M50000100013,府省令,国民公園、千鳥ケ淵戦没者墓苑並びに戦後強制抑留及び引揚死没者慰霊碑苑地管理規則,こくみんこうえんちとりがふちせんぼつしゃぼえんならびにせんごきょうせいよくりゅうおよびひきあげしぼつしゃいれいひえんちかんりきそく,令和二年十二月二十八日
334M50000100017,府省令,老齢福祉年金支給規則,ろうれいふくしねんきんしきゅうきそく,令和八年四月一日
334M50000800035,府省令,船員の最低賃金に関する省令,せんいんのさいていちんぎんにかんするしょうれい,平成二十年十月一日
334M50000800046,府省令,港湾運送事業法施行規則,こうわんうんそうじぎょうほうしこうきそく,令和六年四月一日
334M50000800047,府省令,自動車ターミナル法施行規則,じどうしゃたーみなるほうしこうきそく,令和六年四月一日
334M50000800053,府省令,船員に関する中小企業退職金共済法施行規則,せんいんにかんするちゅうしょうきぎょうたいしょくきんきょうさいほうせこうきそく,平成十五年十月一日
334M50002000016,府省令,最低賃金法施行規則,さいていちんぎんほうしこうきそく,令和六年三月三十一日
334M50002000023,府省令,中小企業退職金共済法施行規則,ちゅうしょうきぎょうたいしょくきんきょうさいほうしこうきそく,令和五年十二月一日
334M50010000022,府省令,北海道寒冷地畑作営農改善資金融通臨時措置法施行規則,ほっかいどうかんれいちはたさくえいのうかいぜんしきんゆうづうりんじそちほうしこうきそく,昭和五十三年七月五日
334M50010000038,府省令,不要存置林野の売払いについての国有林野の管理経営に関する法律施行規則及び国有林野の活用に関する法律施行規則の臨時特例に関する省令,ふようそんちりんやのばいはらいについてのこくゆうりんやのかんりけいえいにかんするほうりつせこうきそくおよびこくゆうりんやのかつようにかんするほうりつせこうきそくのりんじとくれいにかんするしょうれい,平成三十一年三月二十五日
334M50010540001,府省令,小売商業調整特別措置法施行規則,こうりしょうぎょうちょうせいとくべつそちほうしこうきそく,平成十七年三月七日
334M50400000002,規則,科学警察研究所の各部の内部組織に関する規則,かがくけいさつけんきゅうじょのかくぶのないぶそしきにかんするきそく,平成三十一年四月一日
335AC0000000023,法律,経済及び技術協力のため必要な物品等の外国政府等に対する譲与等に関する法律,けいざいおよびぎじゅつきょうりょくのためひつようなぶっぴんとうのがいこくせいふとうにたいするじょうよとうにかんするほうりつ,昭和四十五年四月十六日
335AC0000000030,法律,じん肺法,じんぱいほう,令和二年四月一日
335AC0000000036,法律,関税暫定措置法,かんぜいざんていそちほう,令和八年四月一日
335AC0000000037,法律,知的障害者福祉法,ちてきしょうがいしゃふくしほう,令和七年十月一日
335AC0000000049,法律,養鶏振興法,ようけいしんこうほう,平成十七年一月一日
335AC0000000084,法律,住宅地区改良法,じゅうたくちくかいりょうほう,令和七年六月一日
335AC0000000089,法律,商工会法,しょうこうかいほう,令和七年六月一日
335AC0000000100,法律,裁判官の災害補償に関する法律,さいばんかんのさいがいほしょうにかんするほうりつ,平成七年十月一日
335AC0000000105,法律,道路交通法,どうろこうつうほう,令和八年四月一日
335AC0000000123,法律,障害者の雇用の促進等に関する法律,しょうがいしゃのこようのそくしんとうにかんするほうりつ,令和八年十月一日
335AC0000000139,法律,電気工事士法,でんきこうじしほう,令和七年六月一日
335AC0000000145,法律,医薬品、医療機器等の品質、有効性及び安全性の確保等に関する法律,いやくひんいりょうききとうのひんしつゆうこうせいおよびあんぜんせいのかくほとうにかんするほうりつ,令和十年五月二十日
335AC0000000146,法律,薬剤師法,やくざいしほう,令和八年五月二十一日
335AC0000000153,法律,国際開発協会への加盟に伴う措置に関する法律,こくさいかいはつきょうかいへのかめいにともなうそちにかんするほうりつ,令和七年四月十八日
335CO0000000004,政令,輸出入取引法第二条第四号の規定に基づく政令,ゆしゅつにゅうとりひきほうだいにじょうだいよんごうのきていにもとづくせいれい,昭和三十五年一月二十八日
335CO0000000006,政令,核燃料物質の加工の請負に伴う外国人等の責任の免除等に関する法律施行令,かくねんりょうぶっしつのかこうのうけおいにともなうがいこくじんとうのせきにんのめんじょとうにかんするほうりつせこうれい,昭和三十六年九月一日
335CO0000000016,政令,特許法施行令,とっきょほうしこうれい,令和八年五月一日
335CO0000000017,政令,実用新案法施行令,じつようしんあんほうせこうれい,令和四年四月一日
335CO0000000018,政令,意匠法施行令,いしょうほうしこうれい,令和四年四月一日
335CO0000000019,政令,商標法施行令,しょうひょうほうしこうれい,令和六年四月一日
335CO0000000020,政令,特許法等関係手数料令,とっきょほうとうかんけいてすうりょうれい,令和六年四月一日
335CO0000000039,政令,特許登録令,とっきょとうろくれい,令和八年四月一日
335CO0000000040,政令,実用新案登録令,じつようしんあんとうろくれい,令和八年四月一日
335CO0000000041,政令,意匠登録令,いしょうとうろくれい,令和八年四月一日
335CO0000000042,政令,商標登録令,しょうひょうとうろくれい,令和八年四月一日
335CO0000000054,政令,指定都市の設置する高等学校の定時制課程の校長等に係る退職年金及び退職一時金の基礎となるべき在職期間の通算等の経過措置に関する政令,していとしのせっちするこうとうがっこうのていじせいかていのこうちょうとうにかかるたいしょくねんきんおよびたいしょくいちじきんのきそとなるべきざいしょくきかんのつうさんとうのけいかそちにかんするせいれい,平成二十七年四月一日
335CO0000000069,政令,関税暫定措置法施行令,かんぜいざんていそちほうしこうれい,令和八年四月一日
335CO0000000103,政令,知的障害者福祉法施行令,ちてきしょうがいしゃふくしほうせこうれい,令和七年十二月五日
335CO0000000122,政令,国民年金法に基づき市町村に交付する事務費に関する政令,こくみんねんきんほうにもとづきしちょうそんにこうふするじむひにかんするせいれい,令和八年三月六日
335CO0000000128,政令,住宅地区改良法施行令,じゅうたくちくかいりょうほうせこうれい,平成二十九年七月二十六日
335CO0000000149,政令,商工会法第六十条の規定により都道府県が処理する事務に関する政令,しょうこうかいほうだいろくじゅうじょうのきていによりとどうふけんがしょりするじむにかんするせいれい,平成二十年十二月一日
335CO0000000259,政令,放射性同位元素等の規制に関する法律施行令,ほうしゃせいどういげんそとうのきせいにかんするほうりつしこうれい,令和七年四月一日
335CO0000000260,政令,電気工事士法施行令,でんきこうじしほうしこうれい,令和七年十一月十四日
335CO0000000270,政令,道路交通法施行令,どうろこうつうほうしこうれい,令和八年四月一日
335CO0000000289,政令,国家消防本部に属していた職員に係る警察共済組合の権利義務の承継に関する政令,こっかしょうぼうほんぶにぞくしていたしょくいんにかかるけいさつきょうさいくみあいのけんりぎむのしょうけいにかんするせいれい,昭和三十五年十一月二十五日
335CO0000000292,政令,障害者の雇用の促進等に関する法律施行令,しょうがいしゃのこようのそくしんとうにかんするほうりつしこうれい,令和八年四月一日
335CO0000000294,政令,航空機工業振興法施行令,こうくうきこうぎょうしんこうほうせこうれい,平成二十七年十月一日
335M50000002048,府省令,防衛省職員給与留守宅渡実施規則,ぼうえいしょうしょくいんきゅうよるすたくわたりじっしきそく,令和二年十二月二十八日
335M50000002056,府省令,放射性同位元素等の規制に関する法律施行規則,ほうしゃせいどういげんそとうのきせいにかんするほうりつしこうきそく,令和八年二月二十五日
335M50000002060,府省令,道路交通法施行規則,どうろこうつうほうしこうきそく,令和八年四月一日
335M50000002065,府省令,火薬類の運搬に関する内閣府令,かやくるいのうんぱんにかんするないかくふれい,令和六年九月六日
335M50000010019,府省令,警察拘禁費用償還規則,けいさつこうきんひようしょうかんきそく,令和七年四月一日
335M50000020002,府省令,外務省の管理に属する物品の無償貸付及び譲与に関する省令,がいむしょうのかんりにぞくするぶっぴんのむしょうかしつけおよびじょうよにかんするしょうれい,昭和三十五年七月一日
335M50000040063,府省令,国際開発協会への加盟に伴う国債の発行等に関する省令,こくさいかいはつきょうかいへのかめいにともなうこくさいのはっこうとうにかんするしょうれい,平成十五年三月二十八日
335M50000080011,府省令,社会教育調査規則,しゃかいきょういくちょうさきそく,令和五年四月一日
335M50000100012,府省令,国民年金法施行規則,こくみんねんきんほうしこうきそく,令和八年四月一日
335M50000100016,府省令,知的障害者福祉法施行規則,ちてきしょうがいしゃふくしほうしこうきそく,平成二十七年四月一日
335M50000100034,府省令,民生委員及び児童委員表彰規則,みんせいいいんおよびじどういいんひょうしょうきそく,平成十七年四月一日
335M50000400010,府省令,特許法施行規則,とっきょほうしこうきそく,令和八年四月一日
335M50000400011,府省令,実用新案法施行規則,じつようしんあんほうしこうきそく,令和八年四月一日
335M50000400012,府省令,意匠法施行規則,いしょうほうしこうきそく,令和八年四月一日
335M50000400013,府省令,商標法施行規則,しょうひょうほうしこうきそく,令和八年四月一日
335M50000400033,府省令,特許登録令施行規則,とっきょとうろくれいしこうきそく,令和八年四月一日
335M50000400034,府省令,実用新案登録令施行規則,じつようしんあんとうろくれいしこうきそく,令和六年四月一日
335M50000400035,府省令,意匠登録令施行規則,いしょうとうろくれいせこうきそく,令和二年四月一日
335M50000400036,府省令,商標登録令施行規則,しょうひょうとうろくれいしこうきそく,令和八年四月一日
335M50000400058,府省令,商工会法施行規則,しょうこうかいほうしこうきそく,令和五年十二月二十八日
335M50000400097,府省令,電気工事士法施行規則,でんきこうじしほうしこうきそく,令和五年十二月二十八日
335M50000800015,府省令,自動車輸送統計調査規則,じどうしゃゆそうとうけいちょうさきそく,令和五年一月一日
335M50000802001,府省令,故障車両の整備確認の手続等に関する命令,こしょうしゃりょうのせいびかくにんのてつづきとうにかんするめいれい,平成十四年七月一日
335M50002000006,府省令,じん肺法施行規則,じんぱいほうしこうきそく,令和八年四月一日
335M50004000010,府省令,住宅地区改良法施行規則,じゅうたくちくかいりょうほうしこうきそく,令和六年四月一日
335M50004000017,府省令,施工技術検定規則,せこうぎじゅつけんていきそく,令和六年十二月十三日
335M50004002002,府省令,工事又は作業を行なう場合の道路の管理者と警察署長との協議に関する命令,こうじまたはさぎょうをおこなうばあいのどうろのかんりしゃとけいさつしょちょうとのきょうぎにかんするめいれい,昭和三十五年十二月三日
335M50004002003,府省令,道路標識、区画線及び道路標示に関する命令,どうろひょうしきくかくせんおよびどうろひょうじにかんするめいれい,令和八年四月一日
335M50010000018,府省令,養鶏振興法施行規則,ようけいしんこうほうしこうきそく,令和二年十二月二十一日
335RJNJ09030000,規則,人事院規則九―三〇（特殊勤務手当）,じんじいんきそくきゅうのさんじゅうとくしゅきんむてあて,令和七年四月一日
336AC0000000015,法律,果樹農業振興特別措置法,かじゅのうぎょうしんこうとくべつそちほう,平成二十三年八月三十日
336AC0000000023,法律,矯正医官修学資金貸与法,きょうせいいかんしゅうがくしきんたいよほう,令和六年四月一日
336AC0000000048,法律,農業協同組合合併助成法,のうぎょうきょうどうくみあいがっぺいじょせいほう,平成二十三年七月十四日
336AC0000000081,法律,技術研究組合法,ぎじゅつけんきゅうくみあいほう,令和十年六月十三日
336AC0000000112,法律,後進地域の開発に関する公共事業に係る国の負担割合の特例に関する法律,こうしんちいきのかいはつにかんするこうきょうじぎょうにかかるくにのふたんわりあいのとくれいにかんするほうりつ,平成十九年五月三十日
336AC0000000119,法律,選挙制度審議会設置法,せんきょせいどしんぎかいせっちほう,平成十三年一月六日
336AC0000000138,法律,オリンピック東京大会の準備等のために必要な特別措置に関する法律,おりんぴっくとうきょうたいかいのじゅんびとうのためにひつようなとくべつそちにかんするほうりつ,昭和三十九年十月一日
336AC0000000147,法律,原子力損害の賠償に関する法律,げんしりょくそんがいのばいしょうにかんするほうりつ,令和七年六月一日
336AC0000000148,法律,原子力損害賠償補償契約に関する法律,げんしりょくそんがいばいしょうほしょうけいやくにかんするほうりつ,令和二年四月一日
336AC0000000150,法律,公共用地の取得に関する特別措置法,こうきょうようちのしゅとくにかんするとくべつそちほう,令和四年四月一日
336AC0000000155,法律,社会福祉施設職員等退職手当共済法,しゃかいふくししせつしょくいんとうたいしょくてあてきょうさいほう,令和七年十月一日
336AC0000000159,法律,割賦販売法,かっぷはんばいほう,令和七年六月一日
336AC0000000162,法律,北方地域旧漁業権者等に対する特別措置に関する法律,ほっぽうちいききゅうぎょぎょうけんものとうにたいするとくべつそちにかんするほうりつ,平成三十一年四月一日
336AC0000000183,法律,畜産経営の安定に関する法律,ちくさんけいえいのあんていにかんするほうりつ,令和七年六月一日
336AC0000000188,法律,公立高等学校の適正配置及び教職員定数の標準等に関する法律,こうりつこうとうがっこうのてきせいはいちおよびきょうしょくいんていすうのひょうじゅんとうにかんするほうりつ,令和八年四月一日
336AC0000000191,法律,宅地造成及び特定盛土等規制法,たくちぞうせいおよびとくていもりどとうきせいほう,令和七年六月一日
336AC0000000195,法律,踏切道改良促進法,ふみきりどうかいりょうそくしんほう,令和四年四月一日
336AC0000000199,法律,特殊海事損害の賠償の請求に関する特別措置法,とくしゅかいじそんがいのばいしょうのせいきゅうにかんするとくべつそちほう,平成十九年九月一日
336AC0000000202,法律,農業近代化資金融通法,のうぎょうきんだいかしきんゆうずうほう,平成十七年四月一日
336AC0000000204,法律,農業信用保証保険法,のうぎょうしんようほしょうほけんほう,令和三年九月一日
336AC0000000215,法律,連合国占領軍等の行為等による被害者等に対する給付金の支給に関する法律,れんごうこくせんりょうぐんとうのこういとうによるひがいしゃとうにたいするきゅうふきんのしきゅうにかんするほうりつ,令和二年四月一日
336AC0000000216,法律,低開発地域工業開発促進法,ていかいはつちいきこうぎょうかいはつそくしんほう,平成十四年四月一日
336AC0000000217,法律,水資源開発促進法,みずしげんかいはつそくしんほう,令和六年四月一日
336AC0000000223,法律,災害対策基本法,さいがいたいさくきほんほう,令和七年七月一日
336AC0000000234,法律,電気用品安全法,でんきようひんあんぜんほう,令和七年十二月二十五日
336AC0000000238,法律,児童扶養手当法,じどうふようてあてほう,令和九十九年十二月三十一日
336AC0100000103,法律,酒に酔つて公衆に迷惑をかける行為の防止等に関する法律,さけによつてこうしゅうにめいわくをかけるこういのぼうしとうにかんするほうりつ,昭和三十六年六月一日
336CO0000000011,政令,医薬品、医療機器等の品質、有効性及び安全性の確保等に関する法律施行令,いやくひんいりょうききとうのひんしつゆうこうせいおよびあんぜんせいのかくほとうにかんするほうりつしこうれい,令和八年五月一日
336CO0000000013,政令,薬剤師法施行令,やくざいしほうしこうれい,令和七年十二月二十六日
336CO0000000037,政令,消防法施行令,しょうぼうほうしこうれい,令和七年十月一日
336CO0000000095,政令,矯正医官修学資金貸与法施行令,きょうせいいかんしゅうがくしきんたいよほうしこうれい,平成二十七年四月十日
336CO0000000145,政令,果樹農業振興特別措置法施行令,かじゅのうぎょうしんこうとくべつそちほうしこうれい,平成十三年一月六日
336CO0000000153,政令,関税割当制度に関する政令,かんぜいわりあてせいどにかんするせいれい,令和八年四月一日
336CO0000000167,政令,農業協同組合合併助成法施行令,のうぎょうきょうどうくみあいがっぺいじょせいほうしこうれい,平成十四年一月一日
336CO0000000182,政令,選挙制度審議会令,せんきょせいどしんぎかいれい,平成十三年一月六日
336CO0000000198,政令,恩給法の一部を改正する法律附則第四十一条第一項の職員及び同法附則第四十二条第三項の俸給の額を定める政令,おんきゅうほうのいちぶをかいせいするほうりつふそくだいよんじゅういちじょうだいいっこうのしょくいんおよびどうほうふそくだいよんじゅうにじょうだいさんこうのほうきゅうのがくをさだめるせいれい,昭和三十六年六月十六日
336CO0000000258,政令,後進地域の開発に関する公共事業に係る国の負担割合の特例に関する法律施行令,こうしんちいきのかいはつにかんするこうきょうじぎょうにかかるくにのふたんわりあいのとくれいにかんするほうりつしこうれい,令和六年四月一日
336CO0000000265,政令,車両制限令,しゃりょうせいげんれい,令和四年四月一日
336CO0000000285,政令,公共用地の取得に関する特別措置法施行令,こうきょうようちのしゅとくにかんするとくべつそちほうせこうれい,平成二十三年四月一日
336CO0000000286,政令,社会福祉施設職員等退職手当共済法施行令,しゃかいふくししせつしょくいんとうたいしょくてあてきょうさいほうしこうれい,令和六年四月一日
336CO0000000341,政令,割賦販売法施行令,かっぷはんばいほうしこうれい,令和三年四月一日
336CO0000000346,政令,農業近代化資金融通法施行令,のうぎょうきんだいかしきんゆうずうほうせこうれい,平成二十八年四月一日
336CO0000000348,政令,農業信用保証保険法施行令,のうぎょうしんようほしょうほけんほうせこうれい,平成二十八年四月一日
336CO0000000387,政令,畜産経営の安定に関する法律施行令,ちくさんけいえいのあんていにかんするほうりつしこうれい,令和九十九年十二月三十一日
336CO0000000405,政令,児童扶養手当法施行令,じどうふようてあてほうしこうれい,令和八年四月一日
336CO0000000415,政令,連合国占領軍等の行為等による被害者等に対する給付金の支給に関する法律施行令,れんごうこくせんりょうぐんとうのこういとうによるひがいしゃとうにたいするきゅうふきんのしきゅうにかんするほうりつせこうれい,平成十八年十月一日
336M50000002023,府省令,内閣府の管理に属する物品の無償貸付及び譲与に関する内閣府令,ないかくふのかんりにぞくするぶっぴんのむしょうかしつけおよびじょうよにかんするないかくふれい,令和八年四月一日
336M50000002040,府省令,統合幕僚学校組織規則,とうごうばくりょうがっこうそしききそく,平成二十四年八月一日
336M50000002062,府省令,連合国占領軍等の行為等による被害者等に対する給付金の支給に関する法律施行規則,れんごうこくせんりょうぐんとうのこういとうによるひがいしゃとうにたいするきゅうふきんのしきゅうにかんするほうりつせこうきそく,令和三年一月二十九日
336M50000008006,府省令,消防法施行規則,しょうぼうほうしこうきそく,令和八年三月六日
336M50000010011,府省令,矯正医官修学資金貸与法施行規則,きょうせいいかんしゅうがくしきんたいよほうしこうきそく,平成十七年一月一日
336M50000080023,府省令,高等専門学校設置基準,こうとうせんもんがっこうせっちきじゅん,令和四年十月一日
336M50000100001,府省令,医薬品、医療機器等の品質、有効性及び安全性の確保等に関する法律施行規則,いやくひんいりょうききとうのひんしつゆうこうせいおよびあんぜんせいのかくほとうにかんするほうりつしこうきそく,令和八年五月一日
336M50000100002,府省令,薬局等構造設備規則,やっきょくとうこうぞうせつびきそく,令和八年五月一日
336M50000100004,府省令,放射性医薬品の製造及び取扱規則,ほうしゃせいいやくひんのせいぞうおよびとりあつかいきそく,令和三年四月一日
336M50000100005,府省令,薬剤師法施行規則,やくざいしほうしこうきそく,令和七年十月一日
336M50000100036,府省令,社会福祉施設職員等退職手当共済法施行規則,しゃかいふくししせつしょくいんとうたいしょくてあてきょうさいほうしこうきそく,令和元年七月一日
336M50000100051,府省令,児童扶養手当法施行規則,じどうふようてあてほうしこうきそく,令和六年十一月一日
336M50000400035,府省令,重油及び粗油等の関税割当制度に関する省令,じゅうゆおよびそあぶらとうのかんぜいわりあてせいどにかんするしょうれい,令和二年十二月二十八日
336M50000400095,府省令,割賦販売法施行規則,かっぷはんばいほうしこうきそく,令和九年四月一日
336M50000410001,府省令,許可割賦販売業者等の営業保証金等に関する規則,きょかかっぷはんばいぎょうしゃとうのえいぎょうほしょうきんとうにかんするきそく,令和五年九月八日
336M50000800001,府省令,火薬類運送規則,かやくるいうんそうきそく,令和五年三月一日
336M50000800036,府省令,港湾関係補助金等交付規則,こうわんかんけいほじょきんとうこうふきそく,平成二十六年四月一日
336M50000800063,府省令,管区海上保安本部の所掌事務の特例に関する省令,かんくかいじょうほあんほんぶのしょしょうじむのとくれいにかんするしょうれい,平成二十五年四月一日
336M50001000040,府省令,無線機器型式検定規則,むせんききかたしきけんていきそく,令和七年一月一日
336M50004000007,府省令,砂防指定地台帳等整備規則,さぼうしていちだいちょうとうせいびきそく,平成十五年五月二十六日
336M50004000025,府省令,公共用地の取得に関する特別措置法施行規則,こうきょうようちのしゅとくにかんするとくべつそちほうせこうきそく,令和三年一月一日
336M50004000028,府省令,車両の通行の許可の手続等を定める省令,しゃりょうのつうこうのきょかのてつづきとうをさだめるしょうれい,令和七年八月十二日
336M50010000058,府省令,畜産経営の安定に関する法律施行規則,ちくさんけいえいのあんていにかんするほうりつしこうきそく,令和七年四月一日
336M50010002001,府省令,北方地域旧漁業権者等に対する特別措置に関する法律施行規則,ほっぽうちいききゅうぎょぎょうけんしゃとうにたいするとくべつそちにかんするほうりつせこうきそく,平成三十一年四月一日
336R00000002002,府省令,海上保安大学校の名称、位置及び内部組織に関する庁令,かいじょうほあんだいがっこうのめいしょういちおよびないぶそしきにかんするちょうれい,令和六年四月一日
336RJNJ09034000,規則,人事院規則九―三四（初任給調整手当）,じんじいんきそくきゅうのさんじゅうよんしょにんきゅうちょうせいてあて,令和八年四月一日
337AC0000000060,法律,義務教育諸学校の教科用図書の無償に関する法律,ぎむきょういくしょがっこうのきょうかようとしょのむしょうにかんするほうりつ,昭和三十七年三月三十一日
337AC0000000066,法律,国税通則法,こくぜいつうそくほう,令和十年四月一日
337AC0000000069,法律,建物の区分所有等に関する法律,たてもののくぶんしょゆうとうにかんするほうりつ,令和八年四月一日
337AC0000000088,法律,辺地に係る公共的施設の総合整備のための財政上の特別措置等に関する法律,へんちにかかるこうきょうてきしせつのそうごうせいびのためのざいせいじょうのとくべつそちとうにかんするほうりつ,平成二十八年四月一日
337AC0000000100,法律,建築物用地下水の採取の規制に関する法律,けんちくぶつようちかすいのさいしゅのきせいにかんするほうりつ,令和七年六月一日
337AC0000000104,法律,家庭用品品質表示法,かていようひんひんしつひょうじほう,平成二十四年四月一日
337AC0000000116,法律,昭和三十七年度における旧令による共済組合等からの年金受給者のための特別措置法等の規定による年金の額の改定に関する法律,しょうわさんじゅうななねんどにおけるきゅうれいによるきょうさいくみあいとうからのねんきんじゅきゅうしゃのためのとくべつそちほうとうのきていによるねんきんのがくのかいていにかんするほうりつ,昭和五十七年十月一日
337AC0000000119,法律,住居表示に関する法律,じゅうきょひょうじにかんするほうりつ,平成二十八年四月一日
337AC0000000134,法律,不当景品類及び不当表示防止法,ふとうけいひんるいおよびふとうひょうじぼうしほう,令和八年五月十五日
337AC0000000139,法律,行政事件訴訟法,ぎょうせいじけんそしょうほう,令和八年十月一日
337AC0000000144,法律,外国居住者等の所得に対する相互主義による所得税等の非課税等に関する法律,がいこくきょじゅうしゃとうのしょとくにたいするそうごしゅぎによるしょとくぜいとうのひかぜいとうにかんするほうりつ,令和八年四月一日
337AC0000000145,法律,自動車の保管場所の確保等に関する法律,じどうしゃのほかんばしょのかくほとうにかんするほうりつ,令和七年六月一日
337AC0000000150,法律,激甚災害に対処するための特別の財政援助等に関する法律,げきじんさいがいにたいしょするためのとくべつのざいせいえんじょとうにかんするほうりつ,令和七年十月一日
337AC0000000152,法律,地方公務員等共済組合法,ちほうこうむいんとうきょうさいくみあいほう,令和十年四月一日
337AC0000000153,法律,地方公務員等共済組合法の長期給付等に関する施行法,ちほうこうむいんとうきょうさいくみあいほうのちょうききゅうふとうにかんするしこうほう,平成二十九年八月一日
337AC1000000073,法律,豪雪地帯対策特別措置法,ごうせつちたいたいさくとくべつそちほう,令和四年三月三十一日
337AC1000000141,法律,商店街振興組合法,しょうてんがいしんこうくみあいほう,令和七年六月一日
337AC1000000142,法律,都市の美観風致を維持するための樹木の保存に関する法律,としのびかんふうちをいじするためのじゅもくのほぞんにかんするほうりつ,平成十七年四月一日
337AC1000000143,法律,国土調査促進特別措置法,こくどちょうさそくしんとくべつそちほう,令和二年四月一日
337CO0000000016,政令,宅地造成及び特定盛土等規制法施行令,たくちぞうせいおよびとくていもりどとうきせいほうしこうれい,令和五年五月二十六日
337CO0000000036,政令,低開発地域工業開発促進法施行令,ていかいはつちいきこうぎょうかいはつそくしんほうしこうれい,平成十四年四月一日
337CO0000000044,政令,原子力損害の賠償に関する法律施行令,げんしりょくそんがいのばいしょうにかんするほうりつせこうれい,令和三年五月二十日
337CO0000000045,政令,原子力損害賠償補償契約に関する法律施行令,げんしりょくそんがいばいしょうほしょうけいやくにかんするほうりつせこうれい,平成二十九年七月十日
337CO0000000062,政令,特殊海事損害の賠償の請求に関する特別措置法施行令,とくしゅかいじそんがいのばいしょうのせいきゅうにかんするとくべつそちほうしこうれい,平成十九年九月一日
337CO0000000097,政令,酒税法施行令,しゅぜいほうしこうれい,令和七年四月一日
337CO0000000135,政令,国税通則法施行令,こくぜいつうそくほうしこうれい,令和八年四月一日
337CO0000000215,政令,公立高等学校の適正配置及び教職員定数の標準等に関する法律施行令,こうりつこうとうがっこうのてきせいはいちおよびきょうしょくいんていすうのひょうじゅんとうにかんするほうりつしこうれい,令和八年四月一日
337CO0000000227,政令,外国居住者等の所得に対する相互主義による所得税等の非課税等に関する法律施行令,がいこくきょじゅうしゃとうのしょとくにたいするそうごしゅぎによるしょとくぜいとうのひかぜいとうにかんするほうりつせこうれい,令和八年四月一日
337CO0000000271,政令,農業協同組合法施行令,のうぎょうきょうどうくみあいほうしこうれい,令和八年五月二十五日
337CO0000000288,政令,災害対策基本法施行令,さいがいたいさくきほんほうしこうれい,令和八年四月一日
337CO0000000301,政令,辺地に係る公共的施設の総合整備のための財政上の特別措置等に関する法律施行令,へんちにかかるこうきょうてきしせつのそうごうせいびのためのざいせいじょうのとくべつそちとうにかんするほうりつしこうれい,令和六年四月一日
337CO0000000302,政令,踏切道改良促進法施行令,ふみきりどうかいりょうそくしんほうせこうれい,令和三年九月二十五日
337CO0000000321,政令,商店街振興組合法施行令,しょうてんがいしんこうくみあいほうしこうれい,令和三年三月一日
337CO0000000324,政令,電気用品安全法施行令,でんきようひんあんぜんほうしこうれい,令和七年十二月二十五日
337CO0000000329,政令,自動車の保管場所の確保等に関する法律施行令,じどうしゃのほかんばしょのかくほとうにかんするほうりつせしこうれい,令和七年四月一日
337CO0000000335,政令,建築物用地下水の採取の規制に関する法律施行令,けんちくぶつようちかすいのさいしゅのきせいにかんするほうりつしこうれい,平成十三年一月六日
337CO0000000352,政令,地方公務員等共済組合法施行令,ちほうこうむいんとうきょうさいくみあいほうしこうれい,令和八年四月一日
337CO0000000362,政令,船員法関係手数料令,せんいんほうかんけいてすうりょうれい,令和八年二月十四日
337CO0000000390,政令,家庭用品品質表示法施行令,かていようひんひんしつひょうじほうしこうれい,平成二十八年四月一日
337CO0000000393,政令,国の利害に関係のある訴訟についての法務大臣の権限等に関する法律第七条第一項の公法人を定める政令,くにのりがいにかんけいのあるそしょうについてのほうむだいじんのけんげんとうにかんするほうりつだいななじょうだいいっこうのこうほうじんをさだめるせいれい,令和九年四月一日
337CO0000000394,政令,領事官の行う船舶法等の事務に係る処分又はその不作為についての審査請求に関する政令,りょうじかんのおこなうせんぱくほうとうのじむにかかるしょぶんまたはそのふさくためについてのしんさせいきゅうにかんするせいれい,令和七年六月二十六日
337CO0000000403,政令,激甚災害に対処するための特別の財政援助等に関する法律施行令,げきじんさいがいにたいしょするためのとくべつのざいせいえんじょとうにかんするほうりつしこうれい,令和六年四月一日
337CO0000000404,政令,都市の美観風致を維持するための樹木の保存に関する法律施行令,としのびかんふうちをいじするためのじゅもくのほぞんにかんするほうりつしこうれい,昭和三十七年十月十五日
337CO0000000412,政令,防衛施設地方審議会令,ぼうえいしせつちほうしんぎかいれい,平成十九年九月一日
337M50000002005,府省令,原子力損害の賠償に関する法律施行規則,げんしりょくそんがいのばいしょうにかんするほうりつせこうきそく,令和三年五月二十日
337M50000002011,府省令,内閣府の所管に属する不動産及び船舶に関する権利の登記嘱託職員を指定する内閣府令,ないかくふのしょかんにぞくするふどうさんおよびせんぱくにかんするけんりのとうきしょくたくしょくいんをしていするないかくふれい,令和六年四月一日
337M50000002042,府省令,合衆国軍隊等の行為等による被害者等に対する賠償金の支給等に関する省令,がっしゅうこくぐんたいとうのこういとうによるひがいしゃとうにたいするばいしょうきんのしきゅうとうにかんするしょうれい,令和元年五月二十二日
337M50000002046,府省令,指定射撃場の指定に関する内閣府令,していしゃげきばのしていにかんするないかくふれい,令和七年三月一日
337M50000002052,府省令,災害対策基本法施行規則,さいがいたいさくきほんほうしこうきそく,令和八年二月二十日
337M50000008012,府省令,低開発地域工業開発促進法施行令第三条第一号の額の計算に関する省令,ていかいはつちいきこうぎょうかいはつそくしんほうしこうれいだいさんじょうだいいちごうのがくのけいさんにかんするしょうれい,平成十三年一月六日
337M50000008014,府省令,辺地に係る公共的施設の総合整備のための財政上の特別措置等に関する法律施行規則,へんちにかかるこうきょうてきしせつのそうごうせいびのためのざいせいじょうのとくべつそちとうにかんするほうりつせこうきそく,令和三年四月一日
337M50000008017,府省令,普通交付税に関する省令,ふつうこうふぜいにかんするしょうれい,令和七年十二月二十三日
337M50000008020,府省令,地方公務員等共済組合法施行規則,ちほうこうむいんとうきょうさいくみあいほうしこうきそく,令和七年十月一日
337M50000008023,府省令,災害対策基本法第百二条第一項の徴収金等の範囲を定める省令,さいがいたいさくきほんほうだいひゃくにじょうだいいっこうのちょうしゅうきんとうのはんいをさだめるしょうれい,令和六年十二月二十七日
337M50000040008,府省令,財務省所管に属する物品の無償貸付及び譲与に関する省令,ざいむしょうしょかんにぞくするぶっぴんのむしょうかしつけおよびじょうよにかんするしょうれい,平成十五年四月一日
337M50000040026,府省令,酒税法施行規則,しゅぜいほうしこうきそく,令和七年四月一日
337M50000040028,府省令,国税通則法施行規則,こくぜいつうそくほうしこうきそく,令和八年四月一日
337M50000040030,府省令,揮発油税法施行規則,きはつゆぜいほうせこうきそく,令和元年十二月十六日
337M50000040031,府省令,国税徴収法施行規則,こくぜいちょうしゅうほうしこうきそく,令和六年一月一日
337M50000040052,府省令,契約事務取扱規則,けいやくじむとりあつかいきそく,令和二年十二月四日
337M50000080008,府省令,技能教育施設の指定等に関する規則,ぎのうきょういくしせつのしていとうにかんするきそく,平成十九年十二月二十六日
337M50000080018,府省令,社会通信教育規程,しゃかいつうしんきょういくきてい,令和五年一月三十日
337M50000080032,府省令,高等学校通信教育規程,こうとうがっこうつうしんきょういくきてい,令和八年四月一日
337M5000008A001,府省令,地方公務員等共済組合法施行規程,ちほうこうむいんとうきょうさいくみあいほうしこうきてい,令和八年三月一日
337M50000400014,府省令,中小企業信用保険法施行規則,ちゅうしょうきぎょうしんようほけんほうしこうきそく,令和八年一月一日
337M50000400084,府省令,電気用品安全法施行規則,でんきようひんあんぜんほうしこうきそく,令和七年十二月二十五日
337M50000400106,府省令,家庭用品品質表示法施行規則,かていようひんひんしつひょうじほうせこうきそく,令和元年五月七日
337M50000800031,府省令,海上保安庁職員服制,かいじょうほあんちょうしょくいんふくせい,令和七年十月二十日
337M50000800043,府省令,船舶に乗り組む医師及び衛生管理者に関する省令,せんぱくにのりくむいしおよびえいせいかんりしゃにかんするしょうれい,令和八年四月一日
337M50000800047,府省令,救命艇手規則,きゅうめいていしゅきそく,令和八年四月一日
337M50000800049,府省令,指定自動車整備事業規則,していじどうしゃせいびじぎょうきそく,令和十一年四月一日
337M50004000003,府省令,宅地造成及び特定盛土等規制法施行規則,たくちぞうせいおよびとくていもりどとうきせいほうしこうきそく,令和七年九月二日
337M50004000019,府省令,首都圏の近郊整備地帯及び都市開発区域における工業団地造成事業に関する省令,しゅとけんのきんこうせいびちたいおよびとしかいはつくいきにおけるこうぎょうだんちぞうせいじぎょうにかんするしょうれい,平成十六年七月一日
337M50004000022,府省令,建築物用地下水の採取の規制に関する法律施行規則,けんちくぶつようちかすいのさいしゅのきせいにかんするほうりつしこうきそく,令和二年十二月二十八日
337M50004000030,府省令,都市の美観風致を維持するための樹木の保存に関する法律施行規則,としのびかんふうちをいじするためのじゅもくのほぞんにかんするほうりつしこうきそく,昭和六十一年三月二十九日
337M50004100001,府省令,下水の水質の検定方法等に関する省令,げすいのすいしつのけんていほうほうとうにかんするしょうれい,令和七年四月一日
337M50010000004,府省令,家畜商法施行規則,かちくしょうほうせこうきそく,令和三年十一月十二日
337M50010000039,府省令,地方競馬全国協会の財務及び会計に関する省令,ちほうけいばぜんこくきょうかいのざいむおよびかいけいにかんするしょうれい,令和五年四月一日
337M50010000042,府省令,森林法施行令の一部を改正する政令附則第五項の規定により都道府県知事が期日を定める場合の基準を定める省令,しんりんほうしこうれいのいちぶをかいせいするせいれいふそくだいごこうのきていによりとどうふけんちじがきじつをさだめるばあいのきじゅんをさだめるしょうれい,昭和三十七年七月二十六日
337M50010010001,府省令,家畜商営業保証金規則,かちくしょうえいぎょうほしょうきんきそく,令和二年十二月二十四日
337M50400000003,規則,警察用航空機の運用等に関する規則,けいさつようこうくうきのうんようとうにかんするきそく,令和三年四月一日
337M50400000004,規則,警察法施行令の一部を改正する政令の施行に伴う国家公安委員会規則の効力の経過措置に関する規則,けいさつほうしこうれいのいちぶをかいせいするせいれいのしこうにともなうこっかこうあんいいんかいきそくのこうりょくのけいかそちにかんするきそく,昭和三十七年四月一日
337M50400000007,規則,警察官等拳銃使用及び取扱い規範,けいさつかんとうけんじゅうしようおよびとりあつかいきはん,令和七年六月一日
337R00000006001,規則,首都圏の近郊整備地帯及び都市開発区域の整備に関する法律施行規則,しゅとけんのきんこうせいびちたいおよびとしかいはつくいきのせいびにかんするほうりつしこうきそく,平成十八年一月二十六日
337RJNJ13004000,規則,人事院規則一三―四（給与の決定に関する審査の申立て）,じんじいんきそくじゅうさんのよんきゅうよのけっていにかんするしんさのもうしたて,令和三年四月一日
338AC0000000056,法律,森林組合合併助成法,しんりんくみあいがっぺいじょせいほう,平成十一年四月一日
338AC0000000061,法律,戦没者等の妻に対する特別給付金支給法,せんぼつしゃとうのつまにたいするとくべつきゅうふきんしきゅうほう,令和十年四月一日
338AC0000000063,法律,外貨公債の発行に関する法律,がいかこうさいのはっこうにかんするほうりつ,平成二十六年四月一日
338AC0000000081,法律,共同溝の整備等に関する特別措置法,きょうどうこうのせいびとうにかんするとくべつそちほう,令和四年四月一日
338AC0000000101,法律,中小企業投資育成株式会社法,ちゅうしょうきぎょうとうしいくせいかぶしきがいしゃほう,令和七年六月一日
338AC0000000125,法律,商業登記法,しょうぎょうとうきほう,令和十年六月十三日
338AC0000000126,法律,商業登記法の施行に伴う関係法令の整理等に関する法律,しょうぎょうとうきほうのしこうにともなうかんけいほうれいのせいりとうにかんするほうりつ,昭和三十九年四月一日
338AC0000000129,法律,近畿圏整備法,きんきけんせいびほう,平成十七年十二月二十二日
338AC0000000130,法律,明治三十二年発行の英貨公債を償還する等のため発行する外貨公債に関する特別措置法,めいじさんじゅうにねんはっこうのえいかこうさいをしょうかんするとうのためはっこうするがいかこうさいにかんするとくべつそちほう,昭和三十八年七月十日
338AC0000000133,法律,老人福祉法,ろうじんふくしほう,令和七年六月一日
338AC0000000134,法律,新住宅市街地開発法,しんじゅうたくしがいちかいはつほう,令和八年五月二十五日
338AC0000000137,法律,豪雪に際して地方公共団体が行なう公共の施設の除雪事業に要する費用の補助に関する特別措置法,ごうせつにさいしてちほうこうきょうだんたいがおこなうこうきょうのしせつのじょせつじぎょうにようするひようのほじょにかんするとくべつそちほう,昭和三十八年七月十二日
338AC0000000138,法律,刑事事件における第三者所有物の没収手続に関する応急措置法,けいじじけんにおけるだいさんしゃしょゆうぶつのぼっしゅうてつづきにかんするおうきゅうそちほう,令和八年五月二十二日
338AC0000000147,法律,中小企業支援法,ちゅうしょうきぎょうしえんほう,令和七年六月一日
338AC0000000152,法律,不動産の鑑定評価に関する法律,ふどうさんのかんていひょうかにかんするほうりつ,令和七年六月一日
338AC0000000154,法律,中小企業基本法,ちゅうしょうきぎょうきほんほう,令和八年一月一日
338AC0000000182,法律,義務教育諸学校の教科用図書の無償措置に関する法律,ぎむきょういくしょがっこうのきょうかようとしょのむしょうそちにかんするほうりつ,令和七年六月一日
338AC1000000168,法律,戦傷病者特別援護法,せんしょうびょうしゃとくべつえんごほう,令和八年十月一日
338CO0000000011,政令,指定都市又は中核市の指定があつた場合における必要な事項を定める政令,していとしまたはちゅうかくしのしていがあつたばあいにおけるひつようなじこうをさだめるせいれい,令和五年四月一日
338CO0000000054,政令,船員法第一条第二項第三号の漁船の範囲を定める政令,せんいんほうだいいちじょうだいにこうだいさんごうのぎょせんのはんいをさだめるせいれい,令和二年十二月一日
338CO0000000122,政令,外貨公債の発行に関する法律に基づく外貨債の利子の非課税等に関する規定の適用を受けない者の範囲を定める政令,がいかこうさいのはっこうにかんするほうりつにもとづくがいかさいのりしのひかぜいとうにかんするきていのてきようをうけないもののはんいをさだめるせいれい,平成二十九年十月一日
338CO0000000125,政令,戦没者等の妻に対する特別給付金支給法施行令,せんぼつしゃとうのつまにたいするとくべつきゅうふきんしきゅうほうしこうれい,令和五年四月一日
338CO0000000146,政令,住宅宅地債券令,じゅうたくたくちさいけんれい,令和四年四月一日
338CO0000000183,政令,森林組合合併助成法施行令,しんりんくみあいがっぺいじょせいほうしこうれい,平成九年四月一日
338CO0000000220,政令,恩給法の一部を改正する法律附則第四十三条の外国特殊法人及び職員を定める政令,おんきゅうほうのいちぶをかいせいするほうりつふそくだいよんじゅうさんじょうのがいこくとくしゅほうじんおよびしょくいんをさだめるせいれい,平成十一年七月一日
338CO0000000234,政令,外国政府の財産の処分等に伴つて生ずる現金の保管に関する政令,がいこくせいふのざいさんのしょぶんとうにともなつてしょうずるげんきんのほかんにかんするせいれい,平成十三年一月六日
338CO0000000247,政令,老人福祉法施行令,ろうじんふくしほうせこうれい,令和八年四月一日
338CO0000000275,政令,明治三十二年発行の英貨公債を償還する等のため発行する外貨公債に関する特別措置法に基づく外貨債の利子の非課税等に関する規定の適用を受けない者の範囲を定める政令,めいじさんじゅうにねんはっこうのえいかこうさいをしょうかんするとうのためはっこうするがいかこうさいにかんするとくべつそちほうにもとづくがいかさいのりしのひかぜいとうにかんするきていのてきようをうけないもののはんいをさだめるせいれい,平成二十九年十月一日
338CO0000000316,政令,日本消防検定協会に対する出資の目的とする土地等の評価に関する政令,にほんしょうぼうけんていきょうかいにたいするしゅっしのもくてきとするとちとうのひょうかにかんするせいれい,昭和三十八年八月三十日
338CO0000000334,政令,中小企業支援法施行令,ちゅうしょうきぎょうしえんほうしこうれい,平成十八年五月一日
338CO0000000343,政令,共同溝の整備等に関する特別措置法施行令,きょうどうこうのせいびとうにかんするとくべつそちほうしこうれい,平成二十二年四月一日
338CO0000000344,政令,豪雪地帯の指定基準に関する政令,ごうせつちたいのしていきじゅんにかんするせいれい,平成十三年一月六日
338CO0000000358,政令,戦傷病者特別援護法施行令,せんしょうびょうしゃとくべつえんごほうしこうれい,令和七年四月一日
338CO0000000365,政令,新住宅市街地開発法施行令,しんじゅうたくしがいちかいはつほうしこうれい,令和四年四月一日
338M50000002002,府省令,特殊海事損害の賠償の請求に関する特別措置法施行規則,とくしゅかいじそんがいのばいしょうのせいきゅうにかんするとくべつそちほうしこうきそく,令和三年一月二十九日
338M50000002047,府省令,豪雪地帯の指定基準に関する政令に規定する期間及び施設を定める省令,ごうせつちたいのしていきじゅんにかんするせいれいにきていするきかんおよびしせつをさだめるしょうれい,平成十三年一月六日
338M50000008027,府省令,日本消防検定協会の業務方法書に記載すべき事項を定める省令,にほんしょうぼうけんていきょうかいのぎょうむほうほうかきにきさいすべきじこうをさだめるしょうれい,平成二十五年四月一日
338M50000008028,府省令,日本消防検定協会の財務及び会計に関する省令,にほんしょうぼうけんていきょうかいのざいむおよびかいけいにかんするしょうれい,平成二十五年四月一日
338M50000008029,府省令,日本消防検定協会に対する出資の目的とする土地等の評価に関する省令,にほんしょうぼうけんていきょうかいにたいするしゅっしのもくてきとするとちとうのひょうかにかんするしょうれい,昭和三十八年九月三十日
338M50000040022,府省令,米貨公債の発行等に関する省令,べいかこうさいのはっこうとうにかんするしょうれい,平成十三年一月六日
338M50000040025,府省令,戦没者等の妻に対する特別給付金支給法第四条第二項の規定により発行する国債の発行交付等に関する省令,せんぼつしゃとうのつまにたいするとくべつきゅうふきんしきゅうほうだいよんじょうだいにこうのきていによりはっこうするこくさいのはっこうこうふとうにかんするしょうれい,令和五年四月一日
338M50000040045,府省令,明治三十二年発行の英貨公債を償還する等のため発行する英貨公債の発行等に関する省令,めいじさんじゅうにねんはっこうのえいかこうさいをしょうかんするとうのためはっこうするえいかこうさいのはっこうとうにかんするしょうれい,平成十三年一月六日
338M50000040059,府省令,財務諸表等の用語、様式及び作成方法に関する規則,ざいむしょひょうとうのようごようしきおよびさくせいほうほうにかんするきそく,令和八年三月三十一日
338M50000080022,府省令,奈良県の区域内に所在する文部科学省の所管に属する国有財産に係る不動産に関する権利の登記嘱託職員を指定する省令,ならけんのくいきないにしょざいするもんぶかがくしょうのしょかんにぞくするこくゆうざいさんにかかるふどうさんにかんするけんりのとうきしょくたくしょくいんをしていするしょうれい,平成三十一年四月一日
338M50000100010,府省令,国民健康保険の調整交付金等の交付額の算定に関する省令,こくみんけんこうほけんのちょうせいこうふきんとうのこうふがくのさんていにかんするしょうれい,令和八年四月一日
338M50000100013,府省令,戦没者等の妻に対する特別給付金支給法施行規則,せんぼつしゃとうのつまにたいするとくべつきゅうふきんしきゅうほうしこうきそく,令和五年十二月二十六日
338M50000100028,府省令,老人福祉法施行規則,ろうじんふくしほうしこうきそく,令和六年十月三日
338M50000100046,府省令,戦傷病者特別援護法施行規則,せんしょうびょうしゃとくべつえんごほうしこうきそく,令和六年四月一日
338M50000400123,府省令,中小企業支援事業の実施に関する基準を定める省令,ちゅうしょうきぎょうしえんじぎょうのじっしにかんするきじゅんをさだめるしょうれい,令和四年四月一日
338M50000400143,府省令,中小企業投資育成株式会社業務処理規則,ちゅうしょうきぎょうとうしいくせいかぶしきがいしゃぎょうむしょりきそく,令和五年十二月二十八日
338M50000402001,府省令,試験研究の用に供する発電用原子炉の運転計画に関する規則,しけんけんきゅうのようにきょうするはつでんようげんしろのうんてんけいかくにかんするきそく,令和元年七月一日
338M50000800016,府省令,内航船舶輸送統計調査規則,ないこうせんぱくゆそうとうけいちょうさきそく,令和四年四月一日
338M50000800038,府省令,特定港湾施設整備特別措置法施行規則,とくていこうわんしせつせいびとくべつそちほうしこうきそく,平成十三年一月六日
338M50000800041,府省令,船舶安全法施行規則,せんぱくあんぜんほうしこうきそく,令和八年一月一日
338M50004000022,府省令,共同溝の整備等に関する特別措置法施行規則,きょうどうこうのせいびとうにかんするとくべつそちほうしこうきそく,平成十三年一月六日
338M50004000025,府省令,新住宅市街地開発法施行規則,しんじゅうたくしがいちかいはつほうしこうきそく,平成二十八年四月一日
338M50010000004,府省令,激甚災害に対処するための特別の財政援助等に関する法律施行令第十八条第一項の特別措置適用申請書に関する省令,げきじんさいがいにたいしょするためのとくべつのざいせいえんじょとうにかんするほうりつせこうれいだいじゅうはちじょうだいいっこうのとくべつそちてきようしんせいしょにかんするしょうれい,令和元年十二月二十七日
338M50010000005,府省令,漁業の許可及び取締り等に関する省令,ぎょぎょうのきょかおよびとりしまりとうにかんするしょうれい,令和八年四月一日
338M50010000039,府省令,漁業センサス規則,ぎょぎょうせんさすきそく,令和五年四月二十四日
338M50400000003,規則,警備実施要則,けいびじっしようそく,平成三十一年四月一日
338RJNJ09040000,規則,人事院規則九―四〇（期末手当及び勤勉手当）,じんじいんきそくきゅうのよんじゅうきまつてあておよびきんべんてあて,令和八年四月一日
338RJNJ10005000,規則,人事院規則一〇―五（職員の放射線障害の防止）,じんじいんきそくじゅうのじゅうごしょくいんのほうしゃせんしょうがいのぼうし,令和三年四月一日
339AC0000000083,法律,国事行為の臨時代行に関する法律,こくじこういのりんじだいこうにかんするほうりつ,昭和三十九年五月二十日
339AC0000000100,法律,遺言の方式の準拠法に関する法律,ゆいごんのほうしきのじゅんきょほうにかんするほうりつ,平成十九年一月一日
339AC0000000101,法律,自家用自動車の一時輸入に関する通関条約の実施に伴う関税法等の特例に関する法律,じかようじどうしゃのいちじゆにゅうにかんするつうかんじょうやくのじっしにともなうかんぜいほうとうのとくれいにかんするほうりつ,平成十三年一月六日
339AC0000000106,法律,大規模な公有水面の埋立てに伴う村の設置に係る地方自治法等の特例に関する法律,だいきぼなこうゆうすいめんのうめたててにともなうむらのせっちにかかるちほうじちほうとうのとくれいにかんするほうりつ,平成二十八年四月一日
339AC0000000109,法律,道路交通に関する条約の実施に伴う道路運送車両法の特例等に関する法律,どうろこうつうにかんするじょうやくのじっしにともなうどうろうんそうしゃりょうほうのとくれいとうにかんするほうりつ,平成十八年十月一日
339AC0000000111,法律,新幹線鉄道における列車運行の安全を妨げる行為の処罰に関する特例法,しんかんせんてつどうにおけるれっしゃうんこうのあんぜんをさまたげるこういのしょばつにかんするとくれいほう,令和七年六月一日
339AC0000000118,法律,労働災害防止団体法,ろうどうさいがいぼうしだんたいほう,令和七年六月一日
339AC0000000123,法律,公認会計士特例試験等に関する法律,こうにんかいけいしとくれいしけんとうにかんするほうりつ,平成十八年一月一日
339AC0000000129,法律,母子及び父子並びに寡婦福祉法,ぼしおよびふしならびにかふふくしほう,令和八年四月一日
339AC0000000134,法律,特別児童扶養手当等の支給に関する法律,とくべつじどうふようてあてとうのしきゅうにかんするほうりつ,令和七年六月一日
339AC0000000145,法律,近畿圏の近郊整備区域及び都市開発区域の整備及び開発に関する法律,きんきけんのきんこうせいびくいきおよびとしかいはつくいきのせいびおよびかいはつにかんするほうりつ,令和八年五月二十五日
339AC0000000150,法律,日本電気計器検定所法,にほんでんきけいきけんていじょほう,令和七年六月一日
339AC0000000155,法律,保健所において執行される事業等に伴う経理事務の合理化に関する特別措置法,ほけんしょにおいてしっこうされるじぎょうとうにともなうけいりじむのごうりかにかんするとくべつそちほう,令和六年四月一日
339AC0000000158,法律,漁業災害補償法,ぎょぎょうさいがいほしょうほう,令和八年四月一日
339AC0000000161,法律,森林・林業基本法,しんりんりんぎょうきほんほう,令和五年五月二十六日
339AC0000000167,法律,河川法,かせんほう,令和七年六月一日
339AC0000000168,法律,河川法施行法,かせんほうしこうほう,平成十三年一月六日
339AC0000000170,法律,電気事業法,でんきじぎょうほう,令和七年六月六日
339CO0000000005,政令,不動産の鑑定評価に関する法律施行令,ふどうさんのかんていひょうかにかんするほうりつしこうれい,令和七年四月一日
339CO0000000014,政令,義務教育諸学校の教科用図書の無償措置に関する法律施行令,ぎむきょういくしょがっこうのきょうかようとしょのむしょうそちにかんするほうりつしこうれい,令和二年四月一日
339CO0000000028,政令,独立行政法人等登記令,どくりつぎょうせいほうじんとうとうきれい,令和九年四月一日
339CO0000000029,政令,組合等登記令,くみあいとうとうきれい,令和七年四月一日
339CO0000000182,政令,自家用自動車の一時輸入に関する通関条約の実施に伴う関税法等の特例に関する法律施行令,じかようじどうしゃのいちじゆにゅうにかんするつうかんじょうやくのじっしにともなうかんぜいほうとうのとくれいにかんするほうりつしこうれい,平成十五年四月一日
339CO0000000188,政令,中小企業退職金共済法施行令,ちゅうしょうきぎょうたいしょくきんきょうさいほうしこうれい,令和三年十月一日
339CO0000000221,政令,国有林野管理審議会令,こくゆうりんやかんりしんぎかいれい,平成二十五年四月一日
339CO0000000224,政令,母子及び父子並びに寡婦福祉法施行令,ぼしおよびふしならびにかふふくしほうしこうれい,令和八年四月一日
339CO0000000233,政令,恩給法の一部を改正する法律附則第二十四条第五項及び第十一項の服務期間等並びに同法附則第四十三条の二の外国特殊機関の職員を定める政令,おんきゅうほうのいちぶをかいせいするほうりつふそくだいにじゅうよんじょうだいごこうおよびだいじゅういっこうのふくむきかんとうならびにどうほうふそくだいよんじゅうさんじょうのにのがいこくとくしゅきかんのしょくいんをさだめるせいれい,昭和五十一年六月三日
339CO0000000259,政令,万国著作権条約の実施に伴う著作権法の特例に関する法律施行令,ばんこくちょさくけんじょうやくのじっしにともなうちょさくけんほうのとくれいにかんするほうりつしこうれい,平成十七年三月七日
339CO0000000290,政令,道路交通に関する条約の実施に伴う道路運送車両法の特例等に関する法律施行令,どうろこうつうにかんするじょうやくのじっしにともなうどうろうんそうしゃりょうほうのとくれいとうにかんするほうりつしこうれい,平成十四年七月一日
339CO0000000293,政令,漁業災害補償法施行令,ぎょぎょうさいがいほしょうほうせこうれい,令和八年四月一日
339CO0000000311,政令,保健所において執行される事業等に伴う経理事務の合理化に関する特別措置法第一条の費用を定める政令,ほけんじょにおいてしっこうされるじぎょうとうにともなうけいりじむのごうりかにかんするとくべつそちほうだいいちじょうのひようをさだめるせいれい,平成十九年四月一日
339CO0000000354,政令,水先法施行令,みずさきほうしこうれい,令和二年十月一日
339CO0000000383,政令,宅地建物取引業法施行令,たくちたてものとりひきぎょうほうしこうれい,令和八年四月一日
339M50000002011,府省令,警察庁旅費取扱規則,けいさつちょうりょひとりあつかいきそく,令和七年四月一日
339M50000002014,府省令,都道府県警察に無償使用させる警察用の国有財産及び国有物品の取扱いに関する内閣府令,とどうふけんけいさつにむしょうしようさせるけいさつようのこくゆうざいさんおよびこくゆうぶっぴんのとりあつかいにかんするないかくふれい,平成十三年一月六日
339M50000002033,府省令,寒冷地手当支給規則,かんれいちてあてしきゅうきそく,令和八年四月一日
339M50000002035,府省令,防衛省の職員に対する寒冷地手当支給規則,ぼうえいしょうのしょくいんにたいするかんれいちてあてしきゅうきそく,令和七年四月一日
339M50000002042,府省令,指定職俸給表の適用を受ける書記官その他の官職及びこれらに準ずる自衛官の官職を定める省令,していしょくほうきゅうひょうのてきようをうけるしょきかんそのたのかんしょくおよびこれらにじゅんずるじえいかんのかんしょくをさだめるしょうれい,令和八年三月二十三日
339M50000008027,府省令,消火器の技術上の規格を定める省令,しょうかきのぎじゅつじょうのきかくをさだめるしょうれい,令和元年七月一日
339M50000008028,府省令,消火器用消火薬剤の技術上の規格を定める省令,しょうかきようしょうかやくざいのぎじゅつじょうのきかくをさだめるしょうれい,令和元年七月一日
339M50000010023,府省令,商業登記規則,しょうぎょうとうききそく,令和八年三月十日
339M50000010046,府省令,各種法人等登記規則,かくしゅほうじんとうききそく,令和六年十月一日
339M50000040003,府省令,スイス貨公債の発行等に関する省令,すいすかこうさいのはっこうとうにかんするしょうれい,平成十三年一月六日
339M50000040022,府省令,国の会計機関の使用する公印に関する規則,くにのかいけいきかんのしようするこういんにかんするきそく,平成十九年四月一日
339M50000040032,府省令,ドイツ貨公債の発行等に関する省令,どいつかこうさいのはっこうとうにかんするしょうれい,平成十三年一月六日
339M50000040048,府省令,戦没者等の妻に対する特別給付金支給法施行令第一条第一項第三号に規定する担保権者を定める省令,せんぼつしゃとうのつまにたいするとくべつきゅうふきんしきゅうほうしこうれいだいいちじょうだいいっこうだいさんごうにきていするたんぽごんじゃをさだめるしょうれい,平成二十七年四月一日
339M50000040049,府省令,保証団体となるための認可を申請する際の添附書類及び保証業務を廃止する際の届出に関する省令,ほしょうだんたいとなるためのにんかをしんせいするさいのそえふしょるいおよびほしょうぎょうむをはいしするさいのとどけでにかんするしょうれい,平成十七年三月七日
339M50000080002,府省令,義務教育諸学校の教科用図書の無償措置に関する法律施行規則,ぎむきょういくしょがっこうのきょうかようとしょのむしょうそちにかんするほうりつせこうきそく,令和三年一月一日
339M50000100003,府省令,薬局並びに店舗販売業及び配置販売業の業務を行う体制を定める省令,やっきょくならびにてんぽはんばいぎょうおよびはいちはんばいぎょうのぎょうむをおこなうたいせいをさだめるしょうれい,令和八年五月一日
339M50000100008,府省令,救急病院等を定める省令,きゅうきゅうびょういんとうをさだめるしょうれい,平成十九年四月一日
339M50000100019,府省令,国立ハンセン病療養所名誉所長の称号の授与に関する省令,こくりつはんせんびょうりょうようじょめいよしょちょうのしょうごうのじゅよにかんするしょうれい,平成二十二年四月一日
339M50000100032,府省令,母子及び父子並びに寡婦福祉法施行規則,ぼしおよびふしならびにかふふくしほうしこうきそく,令和六年十一月一日
339M50000100038,府省令,特別児童扶養手当等の支給に関する法律施行規則,とくべつじどうふようてあてとうのしきゅうにかんするほうりつせこうきそく,令和六年八月一日
339M50000400159,府省令,日本電気計器検定所の検定等を行う者の資格を定める省令,にほんでんきけいきけんていじょのけんていとうをおこなうもののしかくをさだめるしょうれい,令和三年四月一日
339M50000800018,府省令,自動車検査登録印紙の売りさばきに関する省令,じどうしゃけんさとうろくいんしのうりさばきにかんするしょうれい,令和元年十月一日
339M50000800021,府省令,旅客自動車運送事業等報告規則,りょきゃくじどうしゃうんそうじぎょうとうほうこくきそく,令和二年十一月二十七日
339M50000800053,府省令,船員労働安全衛生規則,せんいんろうどうあんぜんえいせいきそく,令和八年四月一日
339M50000800062,府省令,特殊貨物船舶運送規則,とくしゅかもつせんぱくうんそうきそく,令和五年十二月一日
339M50000800063,府省令,道路交通に関する条約の実施に伴う道路運送車両法の特例等に関する法律施行規則,どうろこうつうにかんするじょうやくのじっしにともなうどうろうんそうしゃりょうほうのとくれいとうにかんするほうりつしこうきそく,令和七年五月七日
339M50000800066,府省令,新幹線鉄道における列車運行の安全を妨げる行為の処罰に関する特例法施行規則,しんかんせんてつどうにおけるれっしゃうんこうのあんぜんをさまたげるこういのしょばつにかんするとくれいほうしこうきそく,平成十三年一月六日
339M50001000016,府省令,電波法による伝搬障害の防止に関する規則,でんぱほうによるでんぱんしょうがいのぼうしにかんするきそく,令和七年十月一日
339M50002000008,府省令,賃金構造基本統計調査規則,ちんぎんこうぞうきほんとうけいちょうさきそく,令和七年六月二十日
339M50002000018,府省令,激甚災害時における雇用保険法による求職者給付の支給の特例に関する省令,げきじんさいがいじにおけるこようほけんほうによるきゅうしょくしゃきゅうふのしきゅうのとくれいにかんするしょうれい,令和四年十月一日
339M50002000019,府省令,労働災害防止団体法施行規則,ろうどうさいがいぼうしだんたいほうしこうきそく,令和七年一月一日
339M50002400002,府省令,鉱業に係る労働災害防止協会に関する省令,こうぎょうにかかるろうどうさいがいぼうしきょうかいにかんするしょうれい,平成三十一年四月一日
339M50004000009,府省令,不動産の鑑定評価に関する法律施行規則,ふどうさんのかんていひょうかにかんするほうりつせこうきそく,令和六年五月二十七日
339M50004800003,府省令,自動車道事業会計規則,じどうしゃどうじぎょうかいけいきそく,平成三十一年三月二十九日
339M50004800004,府省令,自動車道事業報告規則,じどうしゃどうじぎょうほうこくきそく,令和元年七月一日
339M50010000035,府省令,漁業災害補償法施行規則,ぎょぎょうさいがいほしょうほうしこうきそく,令和八年四月一日
339M50200000001,規則,中小企業等協同組合法第七条第三項の規定による届出に関する規則,ちゅうしょうきぎょうとうきょうどうくみあいほうだいななじょうだいさんこうのきていによるとどけでにかんするきそく,令和二年十二月二十五日
339RJNJ09015000,規則,人事院規則九―一五（宿日直手当）,じんじいんきそくきゅうのじゅうごしゅくにっちょくてあて,令和七年十二月二十四日
339RJNJ09017000,規則,人事院規則九―一七（俸給の特別調整額）,じんじいんきそくきゅうのじゅうななほうきゅうのとくべつちょうせいがく,令和八年四月一日
339RJNJ10006000,規則,人事院規則一〇―六（職員のレクリエーションの根本基準）,じんじいんきそくじゅうのろくしょくいんのれくりえーしょんのこんぽんきじゅん,昭和四十一年二月十九日
340AC0000000033,法律,所得税法,しょとくぜいほう,令和十二年六月十九日
340AC0000000034,法律,法人税法,ほうじんぜいほう,令和十二年六月十九日
340AC0000000038,法律,地方行政連絡会議法,ちほうぎょうせいれんらくかいぎほう,平成十四年七月一日
340AC0000000100,法律,戦没者等の遺族に対する特別弔慰金支給法,せんぼつしゃとうのいぞくにたいするとくべつちょういきんしきゅうほう,令和十二年四月一日
340AC0000000101,法律,昭和四十年度における旧令による共済組合等からの年金受給者のための特別措置法等の規定による年金の額の改定に関する法律,しょうわよんじゅうねんどにおけるきゅうれいによるきょうさいくみあいとうからのねんきんじゅきゅうしゃのためのとくべつそちほうとうのきていによるねんきんのがくのかいていにかんするほうりつ,昭和五十七年十月一日
340AC0000000102,法律,小規模企業共済法,しょうきぼきぎょうきょうさいほう,令和三年六月十七日
340AC0000000109,法律,砂糖及びでん粉の価格調整に関する法律,さとうおよびでんぷんのかかくちょうせいにかんするほうりつ,令和七年六月一日
340AC0000000124,法律,地方住宅供給公社法,ちほうじゅうたくきょうきゅうこうしゃほう,平成二十五年六月十四日
340AC0000000133,法律,国有の会議場施設の管理の委託等に関する特別措置法,こくゆうのかいぎじょうしせつのかんりのいたくとうにかんするとくべつそちほう,昭和四十年六月十二日
340AC0000000137,法律,理学療法士及び作業療法士法,りがくりょうほうしおよびさぎょうりょうほうしほう,令和七年六月一日
340AC0000000141,法律,母子保健法,ぼしほけんほう,令和八年四月一日
340AC0000000144,法律,財産及び請求権に関する問題の解決並びに経済協力に関する日本国と大韓民国との間の協定第二条の実施に伴う大韓民国等の財産権に対する措置に関する法律,ざいさんおよびせいきゅうけんにかんするもんだいのかいけつならびにけいざいきょうりょくにかんするにほんこくとだいかんみんこくとのあいだのきょうていだいにじょうのじっしにともなうだいかんみんこくとうのざいさんけんにたいするそちにかんするほうりつ,昭和四十年十二月十七日
340AC0000000156,法律,石油ガス税法,せきゆがすぜいほう,令和八年五月二十五日
340AC0000000157,法律,石油ガス譲与税法,せきゆがすじょうよぜいほう,平成二十一年四月一日
340AC0100000085,法律,閉鎖機関令等の規定によつてされた信託の処理に関する法律,へいさきかんれいとうのきていによつてされたしんたくのしょりにかんするほうりつ,平成十三年一月六日
340AC1000000064,法律,山村振興法,さんそんしんこうほう,令和七年四月一日
340AC1000000118,法律,地方公共団体の議会の解散に関する特例法,ちほうこうきょうだんたいのぎかいのかいさんにかんするとくれいほう,昭和四十年六月三日
340CO0000000002,政令,毒物及び劇物指定令,どくぶつおよびげきぶつしていれい,令和七年十一月一日
340CO0000000014,政令,河川法施行令,かせんほうしこうれい,令和七年六月十一日
340CO0000000043,政令,河川法第四条第一項の水系を指定する政令,かせんほうだいよんじょうだいいっこうのすいけいをしていするせいれい,昭和五十年四月八日
340CO0000000058,政令,一般国道の路線を指定する政令,いっぱんこくどうのろせんをしていするせいれい,平成十六年四月一日
340CO0000000084,政令,国際復興開発銀行等からの外資の受入に関する特別措置に関する法律に基づく債券の利子の非課税等に関する規定の適用を受けない者の範囲を定める政令,こくさいふっこうかいはつぎんこうとうからのがいしのうけいれにかんするとくべつそちにかんするほうりつにもとづくさいけんのりしのひかぜいとうにかんするきていのてきようをうけないもののはんいをさだめるせいれい,平成二十九年十月一日
340CO0000000096,政令,所得税法施行令,しょとくぜいほうしこうれい,令和八年四月一日
340CO0000000097,政令,法人税法施行令,ほうじんぜいほうしこうれい,令和十年一月一日
340CO0000000101,政令,林政審議会令,りんせいしんぎかいれい,平成十三年一月六日
340CO0000000130,政令,地方行政連絡会議法第四条第一項第十一号の国の地方行政機関を定める政令,ちほうぎょうせいれんらくかいぎほうだいよんじょうだいいっこうだいじゅういちごうのくにのちほうぎょうせいきかんをさだめるせいれい,平成十七年十月一日
340CO0000000157,政令,近畿圏の近郊整備区域及び都市開発区域の整備及び開発に関する法律施行令,きんきけんのきんこうせいびくいきおよびとしかいはつくいきのせいびおよびかいはつにかんするほうりつせこうれい,令和四年四月一日
340CO0000000159,政令,近畿圏整備法施行令,きんきけんせいびほうしこうれい,令和七年四月一日
340CO0000000183,政令,戦没者等の遺族に対する特別弔慰金支給法施行令,せんぼつしゃとうのいぞくにたいするとくべつちょういきんしきゅうほうしこうれい,令和七年四月一日
340CO0000000185,政令,小規模企業共済法施行令,しょうきぼきぎょうきょうさいほうしこうれい,平成二十八年四月一日
340CO0000000198,政令,地方住宅供給公社法施行令,ちほうじゅうたくきょうきゅうこうしゃほうしこうれい,令和七年四月一日
340CO0000000203,政令,国際復興開発銀行等からの外資の受入に関する特別措置に関する法律に基づき政府が保証契約をすることができる地方債証券を定める政令,こくさいふっこうかいはつぎんこうとうからのがいしのうけいれにかんするとくべつそちにかんするほうりつにもとづきせいふがほしょうけいやくをすることができるちほうさいしょうけんをさだめるせいれい,昭和六十二年六月二十六日
340CO0000000204,政令,国際復興開発銀行等からの外資の受入に関する特別措置に関する法律に規定する主務大臣を定める政令,こくさいふっこうかいはつぎんこうとうからのがいしのうけいれにかんするとくべつそちにかんするほうりつにきていするしゅむだいじんをさだめるせいれい,平成二十一年六月一日
340CO0000000206,政令,電気事業法施行令,でんきじぎょうほうしこうれい,令和八年四月一日
340CO0000000216,政令,国立教育政策研究所評議員会令,こくりつきょういくせいさくけんきゅうしょひょうぎいんかいれい,平成十三年四月一日
340CO0000000219,政令,港則法施行令,こうそくほうしこうれい,令和五年五月一日
340CO0000000261,政令,人事管理官を置く機関を指定する政令,じんじかんりかんをおくきかんをしていするせいれい,平成二十四年九月十九日
340CO0000000270,政令,特別児童扶養手当等の支給に関する法律に基づき都道府県及び市町村に交付する事務費に関する政令,とくべつじどうふようてあてとうのしきゅうにかんするほうりつにもとづきとどうふけんおよびしちょうそんにこうふするじむひにかんするせいれい,令和八年三月六日
340CO0000000277,政令,地方公営企業等の労働関係に関する法律施行令,ちほうこうえいきぎょうとうのろうどうかんけいにかんするほうりつしこうれい,平成二十年十月一日
340CO0000000278,政令,地方公営企業法第三十九条第二項の規定に基づき地方公共団体の長が定める職の基準に関する政令,ちほうこうえいきぎょうほうだいさんじゅうきゅうじょうだいにこうのきていにもとづきちほうこうきょうだんたいのちょうがさだめるしょくのきじゅんにかんするせいれい,昭和四十一年七月五日
340CO0000000282,政令,砂糖及びでん粉の価格調整に関する法律施行令,さとうおよびでんぷんのかかくちょうせいにかんするほうりつしこうれい,平成三十一年四月一日
340CO0000000287,政令,国際復興開発銀行等からの外資の受入に関する特別措置に関する法律に基づき政府が保証契約をすることができる法人を定める政令,こくさいふっこうかいはつぎんこうとうからのがいしのうけいれにかんするとくべつそちにかんするほうりつにもとづきせいふがほしょうけいやくをすることができるほうじんをさだめるせいれい,平成二十一年六月一日
340CO0000000317,政令,昭和四十年度における旧令による共済組合等からの年金受給者のための特別措置法等の規定による年金の額の改定に関する法律施行令,しょうわよんじゅうねんどにおけるきゅうれいによるきょうさいくみあいとうからのねんきんじゅきゅうしゃのためのとくべつそちほうとうのきていによるねんきんのがくのかいていにかんするほうりつしこうれい,昭和五十七年九月二十五日
340CO0000000321,政令,金融商品取引法施行令,きんゆうしょうひんとりひきほうせこうれい,令和八年五月二十五日
340CO0000000327,政令,理学療法士及び作業療法士法施行令,りがくりょうほうしおよびさぎょうりょうほうしほうしこうれい,令和四年五月一日
340CO0000000330,政令,新住宅市街地開発法等による不動産登記に関する政令,しんじゅうたくしがいちかいはつほうとうによるふどうさんとうきにかんするせいれい,平成十七年三月七日
340CO0000000331,政令,山村振興法施行令,さんそんしんこうほうせこうれい,令和三年九月二十五日
340CO0000000382,政令,豪雪に際して地方公共団体が行なう公共の施設の除雪事業に要する費用の補助に関する特別措置法施行令,ごうせつにさいしてちほうこうきょうだんたいがおこなうこうきょうのしせつのじょせつじぎょうにようするひようのほじょにかんするとくべつそちほうしこうれい,令和七年十月一日
340CO0000000385,政令,母子保健法施行令,ぼしほけんほうしこうれい,令和五年四月一日
340M50000002022,府省令,近畿圏整備法施行規則,きんきけんせいびほうしこうきそく,平成十三年一月六日
340M50000002042,府省令,近畿圏の近郊整備区域及び都市開発区域の整備及び開発に関する法律施行規則,きんきけんのきんこうせいびくいきおよびとしかいはつくいきのせいびおよびかいはつにかんするほうりつせこうきそく,令和三年一月一日
340M50000002045,府省令,山村振興法施行規則,さんそんしんこうほうしこうきそく,平成二十七年四月一日
340M50000008002,府省令,閉鎖型スプリンクラーヘッドの技術上の規格を定める省令,へいさがたすぷりんくらーへっどのぎじゅつじょうのきかくをさだめるしょうれい,令和七年七月三十日
340M50000008003,府省令,金属製避難はしごの技術上の規格を定める省令,きんぞくせいひなんはしごのぎじゅつじょうのきかくをさだめるしょうれい,令和元年七月一日
340M50000040011,府省令,所得税法施行規則,しょとくぜいほうしこうきそく,令和八年四月一日
340M50000040012,府省令,法人税法施行規則,ほうじんぜいほうしこうきそく,令和八年四月一日
340M50000040015,府省令,減価償却資産の耐用年数等に関する省令,げんかしょうきゃくしさんのたいようねんすうとうにかんするしょうれい,令和八年四月一日
340M50000040041,府省令,戦没者等の遺族に対する特別弔慰金支給法第五条第二項の規定により発行する国債の発行交付等に関する省令,せんぼつしゃとうのいぞくにたいするとくべつちょういきんしきゅうほうだいごじょうだいにこうのきていによりはっこうするこくさいのはっこうこうふとうにかんするしょうれい,令和七年四月一日
340M50000040045,府省令,国民年金法等に基づく保険料の納付手続の特例に関する省令,こくみんねんきんほうとうにもとづくほけんりょうののうふてつづきのとくれいにかんするしょうれい,令和七年四月一日
340M50000040049,府省令,国税質問検査章規則,こくぜいしつもんけんさしょうきそく,令和八年一月一日
340M50000100027,府省令,戦没者等の遺族に対する特別弔慰金支給法施行規則,せんぼつしゃとうのいぞくにたいするとくべつちょういきんしきゅうほうしこうきそく,令和七年四月一日
340M50000100047,府省令,理学療法士及び作業療法士法施行規則,りがくりょうほうしおよびさぎょうりょうほうしほうせこうきそく,令和四年七月二十八日
340M50000100055,府省令,母子保健法施行規則,ぼしほけんほうしこうきそく,令和八年四月一日
340M50000400003,府省令,日本電気計器検定所法施行規則,にほんでんきけいきけんていじょほうしこうきそく,令和五年十二月二十八日
340M50000400050,府省令,小規模企業共済法施行規則,しょうきぼきぎょうきょうさいほうせこうきそく,平成三十一年三月六日
340M50000400052,府省令,電気事業法の規定に基づく主任技術者の資格等に関する省令,でんきじぎょうほうのきていにもとづくしゅにんぎじゅつしゃのしかくとうにかんするしょうれい,令和七年一月三十一日
340M50000400054,府省令,電気関係報告規則,でんきかんけいほうこくきそく,令和七年十一月二十日
340M50000400055,府省令,発電水力流量測定規則,はつでんすいりょくりゅうりょうそくていきそく,令和五年十二月二十八日
340M50000400057,府省令,電気事業会計規則,でんきじぎょうかいけいきそく,令和七年六月六日
340M50000400062,府省令,発電用原子力設備に関する技術基準を定める命令,はつでんようげんしりょくせつびにかんするぎじゅつきじゅんをさだめるめいれい,令和三年一月一日
340M50000800016,府省令,戦傷病者等の旅客鉄道株式会社の鉄道等への無賃乗車等に係る運賃の負担方法等に関する省令,せんしょうびょうしゃとうのりょかくてつどうかぶしきがいしゃのてつどうとうへのむちんじょうしゃとうにかかるうんちんのふたんほうほうとうにかんするしょうれい,平成二十八年四月一日
340M50000800036,府省令,船舶救命設備規則,せんぱくきゅうめいせつびきそく,令和六年十月三十日
340M50000800037,府省令,船舶消防設備規則,せんぱくしょうぼうせつびきそく,令和八年一月一日
340M50000800039,府省令,海上における人命の安全のための国際条約等による証書に関する省令,かいじょうにおけるじんめいのあんぜんのためのこくさいじょうやくとうによるしょうしょにかんするしょうれい,令和八年一月一日
340M50001000043,府省令,財産及び請求権に関する問題の解決並びに経済協力に関する日本国と大韓民国との間の協定第二条の実施に伴う大韓民国等の財産権に対する措置に関する法律の施行に伴う大韓民国の国民等の有する郵便貯金、郵便為替及び郵便振替貯金に関する権利並びに簡易生命保険及び郵便年金に関する権利の確認に関する省令,ざいさんおよびせいきゅうけんにかんするもんだいのかいけつならびにけいざいきょうりょくにかんするにほんこくとだいかんみんこくとのあいだのきょうていだいにじょうのじっしにともなうだいかんみんこくとうのざいさんけんにたいするそちにかんするほうりつのしこうにともなうだいかんみんこくのこくみんとうのゆうするゆうびんちょきんゆうびんかわせおよびゆうびんふりかえちょきんにかんするけんりならびにかんいせいめいほけんおよびゆうびんねんきんにかんするけんりのかくにんにかんするしょうれい,平成十五年四月一日
340M50004000007,府省令,河川法施行規則,かせんほうしこうきそく,令和六年十一月一日
340M50004000017,府省令,道の区域内の国土交通大臣が管理する河川に係る流水占用料等に関する省令,みちのくいきないのこくどこうつうだいじんがかんりするかせんにかかるりゅうすいせんようりょうとうにかんするしょうれい,令和三年一月一日
340M50004000020,府省令,河川附帯工事の費用負担に関する事務取扱規則,かせんふおびこうじのひようふたんにかんするじむとりあつかいきそく,令和元年五月七日
340M50004000023,府省令,地方住宅供給公社法施行規則,ちほうじゅうたくきょうきゅうこうしゃほうしこうきそく,令和七年十月一日
340M50004000029,府省令,近畿圏の近郊整備区域及び都市開発区域における工業団地造成事業に関する省令,きんきけんのきんこうせいびくいきおよびとしかいはつくいきにおけるこうぎょうだんちぞうせいじぎょうにかんするしょうれい,平成十六年七月一日
340M50010000013,府省令,とうもろこし等の関税割当制度に関する省令,とうもろこしとうのかんぜいわりあてせいどにかんするしょうれい,令和四年四月一日
340M50010000017,府省令,農林水産技術会議事務局組織規則,のうりんすいさんぎじゅつかいぎじむきょくそしききそく,令和八年四月一日
340M50010000043,府省令,砂糖及びでん粉の価格調整に関する法律施行規則,さとうおよびでんぷんのかかくちょうせいにかんするほうりつしこうきそく,平成三十一年四月一日
340M50200000001,規則,公正取引委員会事務総局組織規程,こうせいとりひきいいんかいじむそうきょくそしききてい,令和八年一月一日
340M50400000001,規則,国家公安委員会公印規則,こっかこうあんいいんかいこういんきそく,昭和四十年四月一日
340M50400000004,規則,犯罪統計規則,はんざいとうけいきそく,令和四年四月一日
341AC0000000020,法律,都市開発資金の貸付けに関する法律,としかいはつしきんのかしつけにかんするほうりつ,令和六年十一月八日
341AC0000000045,法律,交通安全施設等整備事業の推進に関する法律,こうつうあんぜんしせつとうせいびじぎょうのすいしんにかんするほうりつ,平成二十三年十一月三十日
341AC0000000052,法律,最高裁判所裁判官退職手当特例法,さいこうさいばんしょさいばんかんたいしょくてあてとくれいほう,平成二十六年五月三十日
341AC0000000073,法律,地震保険に関する法律,じしんほけんにかんするほうりつ,令和二年四月一日
341AC0000000097,法律,官公需についての中小企業者の受注の確保に関する法律,かんこうじゅについてのちゅうしょうきぎょうしゃのじゅちゅうのかくほにかんするほうりつ,平成二十七年八月十日
341AC0000000099,法律,行政相談委員法,ぎょうせいそうだんいいんほう,令和三年九月一日
341AC0000000101,法律,首都圏近郊緑地保全法,しゅとけんきんこうりょくちほぜんほう,令和六年十一月八日
341AC0000000103,法律,野菜生産出荷安定法,やさいせいさんしゅっかあんていほう,平成二十五年六月十四日
341AC0000000105,法律,日本万国博覧会の準備及び運営のために必要な特別措置に関する法律,にほんばんこくはくらんかいのじゅんびおよびうんえいのためにひつようなとくべつそちにかんするほうりつ,昭和四十三年五月十六日
341AC0000000109,法律,戦傷病者等の妻に対する特別給付金支給法,せんしょうびょうしゃとうのつまにたいするとくべつきゅうふきんしきゅうほう,令和七年六月一日
341AC0000000110,法律,流通業務市街地の整備に関する法律,りゅうつうぎょうむしがいちのせいびにかんするほうりつ,令和八年五月二十五日
341AC0000000111,法律,執行官法,しっこうかんほう,令和十年六月十三日
341AC0000000114,法律,首都圏、近畿圏及び中部圏の近郊整備地帯等の整備のための国の財政上の特別措置に関する法律,しゅとけんきんきけんおよびちゅうぶけんのきんこうせいびちたいとうのせいびのためのくにのざいせいじょうのとくべつそちにかんするほうりつ,平成二十四年四月一日
341AC0000000119,法律,小型船造船業法,こがたせんぞうせんぎょうほう,令和三年八月二十日
341AC0000000126,法律,入会林野等に係る権利関係の近代化の助長に関する法律,いりあいりんやとうにかかるけんりかんけいのきんだいかのじょちょうにかんするほうりつ,令和五年四月一日
341AC0000000132,法律,労働施策の総合的な推進並びに労働者の雇用の安定及び職業生活の充実等に関する法律,ろうどうしさくのそうごうてきなすいしんならびにろうどうしゃのこようのあんていおよびしょくぎょうせいかつのじゅうじつとうにかんするほうりつ,令和八年四月一日
341AC0000000138,法律,アジア開発銀行への加盟に伴う措置に関する法律,あじあかいはつぎんこうへのかめいにともなうそちにかんするほうりつ,平成十年四月一日
341AC1000000001,法律,古都における歴史的風土の保存に関する特別措置法,ことにおけるれきしてきふうどのほぞんにかんするとくべつそちほう,令和七年六月一日
341AC1000000102,法律,中部圏開発整備法,ちゅうぶけんかいはつせいびほう,平成十七年十二月二十二日
341AC1000000115,法律,製菓衛生師法,せいかえいせいしほう,令和七年六月一日
341AC1000000133,法律,日本勤労者住宅協会法,にほんきんろうしゃじゅうたくきょうかいほう,令和四年四月一日
341CO0000000005,政令,石油ガス税法施行令,せきゆがすぜいほうしこうれい,令和七年四月一日
341CO0000000009,政令,国有の会議場施設の管理の委託等に関する特別措置法施行令,こくゆうのかいぎじょうしせつのかんりのいたくとうにかんするとくべつそちほうしこうれい,昭和四十一年二月二日
341CO0000000011,政令,人事記録の記載事項等に関する政令,じんじきろくのきさいじこうとうにかんするせいれい,平成二十六年五月三十日
341CO0000000012,政令,人事統計報告に関する政令,じんじとうけいほうこくにかんするせいれい,令和四年三月一日
341CO0000000014,政令,職員の服務の宣誓に関する政令,しょくいんのふくむのせんせいにかんするせいれい,令和五年四月一日
341CO0000000015,政令,職員の兼業の許可に関する政令,しょくいんのけんぎょうのきょかにかんするせいれい,令和五年四月一日
341CO0000000103,政令,交通安全施設等整備事業の推進に関する法律施行令,こうつうあんぜんしせつとうせいびじぎょうのすいしんにかんするほうりつせこうれい,令和二年十一月二十五日
341CO0000000122,政令,都市開発資金の貸付けに関する法律施行令,としかいはつしきんのかしつけにかんするほうりつしこうれい,平成三十年七月十五日
341CO0000000164,政令,地震保険に関する法律施行令,じしんほけんにかんするほうりつしこうれい,令和八年四月二日
341CO0000000222,政令,行政相談委員法第二条第一項第一号の法人を定める政令,ぎょうせいそうだんいいんほうだいにじょうだいいっこうだいいちごうのほうじんをさだめるせいれい,令和九年四月一日
341CO0000000224,政令,野菜生産出荷安定法施行令,やさいせいさんしゅっかあんていほうせこうれい,令和八年四月一日
341CO0000000227,政令,戦傷病者等の妻に対する特別給付金支給法施行令,せんしょうびょうしゃとうのつまにたいするとくべつきゅうふきんしきゅうほうしこうれい,令和五年四月一日
341CO0000000232,政令,古都における歴史的風土の保存に関する特別措置法第二条第一項の市町村を定める政令,ことにおけるれきしてきふうどのほぞんにかんするとくべつそちほうだいにじょうだいいっこうのしちょうそんをさだめるせいれい,平成十五年十月十日
341CO0000000245,政令,恩給法の一部を改正する法律附則第四十一条の二の日本赤十字社の救護員の範囲等を定める政令,おんきゅうほうのいちぶをかいせいするほうりつふそくだいよんじゅういちじょうのにのにほんせきじゅうじしゃのきゅうごいんのはんいとうをさだめるせいれい,昭和四十一年七月八日
341CO0000000248,政令,官公需についての中小企業者の受注の確保に関する法律施行令,かんこうじゅについてのちゅうしょうきぎょうしゃのじゅちゅうのかくほにかんするほうりつしこうれい,令和八年四月一日
341CO0000000262,政令,労働施策の総合的な推進並びに労働者の雇用の安定及び職業生活の充実等に関する法律施行令,ろうどうしさくのそうごうてきなすいしんならびにろうどうしゃのこようのあんていおよびしょくぎょうせいかつのじゅうじつとうにかんするほうりつしこうれい,令和四年四月一日
341CO0000000281,政令,恩給法等の一部を改正する法律附則第七条第一項の仮定俸給年額を定める政令,おんきゅうほうとうのいちぶをかいせいするほうりつふそくだいななじょうだいいっこうのかていほうきゅうねんがくをさだめるせいれい,昭和四十一年八月八日
341CO0000000290,政令,日本勤労者住宅協会法施行令,にほんきんろうしゃじゅうたくきょうかいほうしこうれい,平成二十年十二月一日
341CO0000000312,政令,防衛省職員の災害補償に関する政令,ぼうえいしょうしょくいんのさいがいほしょうにかんするせいれい,令和八年四月一日
341CO0000000318,政令,首都圏、近畿圏及び中部圏の近郊整備地帯等の整備のための国の財政上の特別措置に関する法律施行令,しゅとけんきんきけんおよびちゅうぶけんのきんこうせいびちたいとうのせいびのためのくにのざいせいじょうのとくべつそちにかんするほうりつしこうれい,令和二年六月二十一日
341CO0000000331,政令,昭和四十年度における旧令による共済組合等からの年金受給者のための特別措置法等の規定による年金の額の改定に関する法律等の一部を改正する法律附則第二条第一項の仮定俸給の額を定める政令,しょうわよんじゅうねんどにおけるきゅうれいによるきょうさいくみあいとうからのねんきんじゅきゅうしゃのためのとくべつそちほうとうのきていによるねんきんのがくのかいていにかんするほうりつとうのいちぶをかいせいするほうりつふそくだいにじょうだいいっこうのかていほうきゅうのがくをさだめるせいれい,昭和四十一年九月二十九日
341CO0000000376,政令,建国記念の日となる日を定める政令,けんこくきねんのにちとなるひをさだめるせいれい,昭和四十一年十二月九日
341CO0000000384,政令,古都における歴史的風土の保存に関する特別措置法施行令,ことにおけるれきしてきふうどのほぞんにかんするとくべつそちほうしこうれい,令和六年十一月八日
341CO0000000387,政令,製菓衛生師法施行令,せいかえいせいしほうしこうれい,平成二十七年四月一日
341CO0000000394,政令,執行官国庫補助基準額令,しっこうかんこっこほじょきじゅんがくれい,平成十九年四月一日
341M50000002002,府省令,人事記録の記載事項等に関する内閣官房令,じんじきろくのきさいじこうとうにかんするないかくかんぼうれい,令和五年四月一日
341M50000002003,府省令,人事統計報告に関する内閣官房令,じんじとうけいほうこくにかんするないかくかんぼうれい,令和五年四月一日
341M50000002005,府省令,職員の兼業の許可に関する内閣官房令,しょくいんのけんぎょうのきょかにかんするないかくかんぼうれい,令和二年一月三十一日
341M50000002006,府省令,旧軍人であつた自衛官の退職手当に係る在職期間の計算に関する総理府令,きゅうぐんじんであつたじえいかんのたいしょくてあてにかかるざいしょくきかんのけいさんにかんするそうりふれい,平成二年十月一日
341M50000002012,府省令,土地分類調査作業規程準則,とちぶんるいちょうささぎょうきていじゅんそく,平成十七年三月七日
341M50000002037,府省令,核燃料物質の加工の事業に関する規則,かくねんりょうぶっしつのかこうのじぎょうにかんするきそく,令和六年五月三十日
341M50000002046,府省令,猟銃用火薬類等の譲渡、譲受け、輸入及び消費に関する内閣府令,りょうじゅうようかやくるいとうのじょうとゆずるうけゆにゅうおよびしょうひにかんするないかくふれい,令和七年三月一日
341M50000002049,府省令,防衛省職員の災害補償に関する省令,ぼうえいしょうしょくいんのさいがいほしょうにかんするしょうれい,令和八年四月一日
341M50000008002,府省令,石油ガス譲与税法施行規則,せきゆがすじょうよぜいほうしこうきそく,令和元年十一月二十八日
341M50000008028,府省令,首都圏、近畿圏及び中部圏の近郊整備地帯等の整備のための国の財政上の特別措置に関する法律施行規則,しゅとけんきんきけんおよびちゅうぶけんのきんこうせいびちたいとうのせいびのためのくにのざいせいじょうのとくべつそちにかんするほうりつしこうきそく,平成十九年十一月七日
341M50000040004,府省令,石油ガス税法施行規則,せきゆがすぜいほうせこうきそく,令和七年四月一日
341M50000040019,府省令,とん税の納付書の様式を定める省令,とんぜいののうふしょのようしきをさだめるしょうれい,昭和四十一年三月三十一日
341M50000040035,府省令,地震保険に関する法律施行規則,じしんほけんにかんするほうりつせこうきそく,令和七年四月二日
341M50000040043,府省令,戦傷病者等の妻に対する特別給付金支給法第四条第二項の規定により発行する国債の発行交付等に関する省令,せんしょうびょうしゃとうのつまにたいするとくべつきゅうふきんしきゅうほうだいよんじょうだいにこうのきていによりはっこうするこくさいのはっこうこうふとうにかんするしょうれい,令和三年十月一日
341M50000040044,府省令,日本銀行の国債元利金の支払等の特別取扱手続に関する省令,にほんぎんこうのこくさいがんりきんのしはらいとうのとくべつとりあつかいてつづきにかんするしょうれい,平成二十一年一月五日
341M50000040052,府省令,アジア開発銀行への加盟に伴う国債の発行等に関する省令,あじあかいはつぎんこうへのかめいにともなうこくさいのはっこうとうにかんするしょうれい,平成十五年三月二十八日
341M50000040055,府省令,関税法施行規則,かんぜいほうせこうきそく,令和九年一月一日
341M50000040059,府省令,戦没者等の遺族に対する特別弔慰金支給法施行令第一条第一項第三号に規定する担保権者を定める省令,せんぼつしゃとうのいぞくにたいするとくべつちょういきんしきゅうほうしこうれいだいいちじょうだいいっこうだいさんごうにきていするたんぽごんじゃをさだめるしょうれい,平成二十七年四月一日
341M50000080036,府省令,就学義務猶予免除者等の中学校卒業程度認定規則,しゅうがくぎむゆうよめんじょものとうのちゅうがっこうそつぎょうていどにんていきそく,令和二年三月二十五日
341M50000100001,府省令,毒物又は劇物を含有する物の定量方法を定める省令,どくぶつまたはげきぶつをがんゆうするもののていりょうほうほうをさだめるしょうれい,令和元年七月一日
341M50000100018,府省令,救護施設、更生施設、授産施設及び宿所提供施設の設備及び運営に関する基準,きゅうごしせつこうせいしせつじゅさんしせつおよびしゅくじょていきょうしせつのせつびおよびうんえいにかんするきじゅん,令和七年四月一日
341M50000100019,府省令,養護老人ホームの設備及び運営に関する基準,ようごろうじんほーむのせつびおよびうんえいにかんするきじゅん,令和七年四月一日
341M50000100022,府省令,戦傷病者等の妻に対する特別給付金支給法施行規則,せんしょうびょうしゃとうのつまにたいするとくべつきゅうふきんしきゅうほうしこうきそく,令和七年六月一日
341M50000100030,府省令,医薬品等に使用することができるタール色素を定める省令,いやくひんとうにしようすることができるたーるしきそをさだめるしょうれい,令和元年七月一日
341M50000100045,府省令,製菓衛生師法施行規則,せいかえいせいしほうしこうきそく,令和七年四月一日
341M50000180002,府省令,管理栄養士学校指定規則,かんりえいようしがっこうしていきそく,令和七年十一月一日
341M50000180003,府省令,理学療法士作業療法士学校養成施設指定規則,りがくりょうほうしさぎょうりょうほうしがっこうようせいしせつしていきそく,令和四年十月一日
341M50000400050,府省令,容器保安規則,ようきほあんきそく,令和七年八月一日
341M50000400051,府省令,冷凍保安規則,れいとうほあんきそく,令和七年四月十八日
341M50000400052,府省令,液化石油ガス保安規則,えきかせきゆがすほあんきそく,令和七年十月一日
341M50000400053,府省令,一般高圧ガス保安規則,いっぱんこうあつがすほあんきそく,令和七年十月一日
341M50000400054,府省令,高圧ガス保安法に基づく高圧ガス製造保安責任者試験等に関する規則,こうあつがすほあんほうにもとづくこうあつがすせいぞうほあんせきにんしゃしけんとうにかんするきそく,令和五年六月九日
341M50000400055,府省令,高圧ガス保安協会規則,こうあつがすほあんきょうかいきそく,令和六年十月二十三日
341M50000800054,府省令,小型船造船業法施行規則,こがたせんぞうせんぎょうほうせこうきそく　しょう,令和六年六月三十日
341M50002000023,府省令,労働施策の総合的な推進並びに労働者の雇用の安定及び職業生活の充実等に関する法律施行規則,ろうどうしさくのそうごうてきなすいしんならびにろうどうしゃのこようのあんていおよびしょくぎょうせいかつのじゅうじつとうにかんするほうりつしこうきそく,令和八年四月一日
341M50002000026,府省令,駐留軍関係離職者等臨時措置法に基づく就職指導に関する省令,ちゅうりゅうぐんかんけいりしょくしゃとうりんじそちほうにもとづくしゅうしょくしどうにかんするしょうれい,平成十三年一月六日
341M50004000039,府省令,日本勤労者住宅協会法施行規則,にほんきんろうしゃじゅうたくきょうかいほうしこうきそく,平成二十年四月一日
341M50004002001,府省令,交通安全施設等整備事業の推進に関する法律施行規則,こうつうあんぜんしせつとうせいびじぎょうのすいしんにかんするほうりつせこうきそく,平成二十八年四月一日
341M50010000036,府省令,野菜生産出荷安定法施行規則,やさいせいさんしゅっかあんていほうしこうきそく,令和八年四月一日
341M50010000043,府省令,入会林野等に係る権利関係の近代化の助長に関する法律施行規則,いりあいりんやとうにかかるけんりかんけいのきんだいかのじょちょうにかんするほうりつしこうきそく,令和六年四月一日
341M50010040002,府省令,農業信用保証保険法施行規則,のうぎょうしんようほしょうほけんほうしこうきそく,令和五年十二月二十八日
341RJNJ17000000,規則,人事院規則一七―〇（管理職員等の範囲）,じんじいんきそくじゅうななのぜろかんりしょくいんとうのはんい,令和八年三月二日
341RJNJ17001000,規則,人事院規則一七―一（職員団体の登録）,じんじいんきそくじゅうななのいちしょくいんだんたいのとうろく,平成二十年十二月一日
342AC0000000023,法律,印紙税法,いんしぜいほう,令和十年十二月十一日
342AC0000000035,法律,登録免許税法,とうろくめんきょぜいほう,令和十年六月十日
342AC0000000057,法律,戦没者の父母等に対する特別給付金支給法,せんぼつしゃのふぼとうにたいするとくべつきゅうふきんしきゅうほう,令和二年四月一日
342AC0000000060,法律,外国人漁業の規制に関する法律,がいこくじんぎょぎょうのきせいにかんするほうりつ,令和七年六月一日
342AC0000000061,法律,船員災害防止活動の促進に関する法律,せんいんさいがいぼうしかつどうのそくしんにかんするほうりつ,令和七年六月一日
342AC0000000075,法律,土地収用法の一部を改正する法律施行法,とちしゅうようほうのいちぶをかいせいするほうりつしこうほう,昭和四十四年六月十四日
342AC0000000078,法律,漁業協同組合合併促進法,ぎょぎょうきょうどうくみあいがっぺいそくしんほう,令和二年十二月一日
342AC0000000081,法律,住民基本台帳法,じゅうみんきほんだいちょうほう,令和十年十月一日
342AC0000000086,法律,札幌オリンピック冬季大会の準備等のために必要な特別措置に関する法律,さっぽろおりんぴっくとうきたいかいのじゅんびとうのためにひつようなとくべつそちにかんするほうりつ,昭和四十四年四月三十日
342AC0000000092,法律,炭鉱災害による一酸化炭素中毒症に関する特別措置法,たんこうさいがいによるいっさんかたんそちゅうどくしょうにかんするとくべつそちほう,平成二十七年十二月一日
342AC0000000102,法律,中部圏の都市整備区域、都市開発区域及び保全区域の整備等に関する法律,ちゅうぶけんのとしせいびくいきとしかいはつくいきおよびほぜんくいきのせいびとうにかんするほうりつ,平成二十三年八月三十日
342AC0000000103,法律,近畿圏の保全区域の整備に関する法律,きんきけんのほぜんくいきのせいびにかんするほうりつ,令和六年十一月八日
342AC0000000104,法律,昭和四十二年度以後における国家公務員等共済組合等からの年金の額の改定に関する法律,しょうわよんじゅうにねんどいごにおけるこっかこうむいんとうきょうさいくみあいとうからのねんきんのがくのかいていにかんするほうりつ,昭和六十年六月七日
342AC0000000105,法律,昭和四十二年度以後における地方公務員等共済組合法の年金の額の改定等に関する法律,しょうわよんじゅうにねんどいごにおけるちほうこうむいんとうきょうさいくみあいほうのねんきんのがくのかいていとうにかんするほうりつ,平成二十三年六月一日
342AC0000000110,法律,公共用飛行場周辺における航空機騒音による障害の防止等に関する法律,こうきょうようひこうじょうしゅうへんにおけるこうくうきそうおんによるしょうがいのぼうしとうにかんするほうりつ,平成二十八年四月一日
342AC0000000114,法律,引揚者等に対する特別交付金の支給に関する法律,ひきあげしゃとうにたいするとくべつこうふきんのしきゅうにかんするほうりつ,平成二十八年四月一日
342AC0000000121,法律,地方公務員災害補償法,ちほうこうむいんさいがいほしょうほう,令和十年十二月十一日
342AC0000000122,法律,通関業法,つうかんぎょうほう,令和七年六月一日
342AC0000000135,法律,石炭鉱業年金基金法,せきたんこうぎょうねんきんききんほう,令和八年四月一日
342AC0000000149,法律,液化石油ガスの保安の確保及び取引の適正化に関する法律,えきかせきゆがすのほあんのかくほおよびとりひきのてきせいかにかんするほうりつ,令和八年十二月二十一日
342AC1000000130,法律,計理士の名称の使用に関する法律,けいりしのめいしょうのしようにかんするほうりつ,昭和四十二年八月二日
342AC1000000131,法律,土砂等を運搬する大型自動車による交通事故の防止等に関する特別措置法,どしゃとうをうんぱんするおおがたじどうくるまによるこうつうじこのぼうしとうにかんするとくべつそちほう,令和七年六月一日
342CO0000000002,政令,ダム使用権登録令,だむしようけんとうろくれい,令和四年四月一日
342CO0000000003,政令,流通業務市街地の整備に関する法律施行令,りゅうつうぎょうむしがいちのせいびにかんするほうりつしこうれい,平成三十年四月一日
342CO0000000013,政令,首都圏近郊緑地保全法施行令,しゅとけんきんこうりょくちほぜんほうしこうれい,令和六年十一月八日
342CO0000000020,政令,中部圏開発整備法施行令,ちゅうぶけんかいはつせいびほうしこうれい,令和七年四月一日
342CO0000000027,政令,入会林野等に係る権利関係の近代化の助長に関する法律による不動産登記に関する政令,いりあいりんやとうにかかるけんりかんけいのきんだいかのじょちょうにかんするほうりつによるふどうさんとうきにかんするせいれい,平成十七年三月七日
342CO0000000108,政令,印紙税法施行令,いんしぜいほうしこうれい,令和七年四月一日
342CO0000000146,政令,登録免許税法施行令,とうろくめんきょぜいほうしこうれい,令和八年十月一日
342CO0000000188,政令,戦没者の父母等に対する特別給付金支給法施行令,せんぼつしゃのふぼとうにたいするとくべつきゅうふきんしきゅうほうせこうれい,平成二十七年四月一日
342CO0000000202,政令,漁業協同組合合併促進法施行令,ぎょぎょうきょうどうくみあいがっぺいそくしんほうしこうれい,平成十五年一月一日
342CO0000000220,政令,国家公務員共済組合の更新組合員が増加恩給等を受ける権利を放棄した場合に支給する公務による障害年金の額の特例等に関する政令,こっかこうむいんきょうさいくみあいのこうしんくみあいいんがぞうかおんきゅうとうをうけるけんりをほうきしたばあいにしきゅうするこうむによるしょうがいねんきんのがくのとくれいとうにかんするせいれい,昭和五十七年九月二十五日
342CO0000000226,政令,引揚者等に対する特別交付金の支給に関する法律施行令,ひきあげしゃとうにたいするとくべつこうふきんのしきゅうにかんするほうりつせこうれい,平成十三年一月六日
342CO0000000237,政令,通関業法施行令,つうかんぎょうほうせこうれい,平成二十九年十月八日
342CO0000000246,政令,住居表示に関する法律施行令,じゅうきょひょうじにかんするほうりつせこうれい,令和三年二月十五日
342CO0000000274,政令,地方公務員災害補償法施行令,ちほうこうむいんさいがいほしょうほうせこうれい,令和七年四月一日
342CO0000000276,政令,石炭鉱業年金基金法施行令,せきたんこうぎょうねんきんききんほうしこうれい,令和七年五月一日
342CO0000000284,政令,公共用飛行場周辺における航空機騒音による障害の防止等に関する法律施行令,こうきょうようひこうじょうしゅうへんにおけるこうくうきそうおんによるしょうがいのぼうしとうにかんするほうりつしこうれい,令和七年十月一日
342CO0000000292,政令,住民基本台帳法施行令,じゅうみんきほんだいちょうほうせこうれい,令和八年四月一日
342CO0000000317,政令,昭和四十二年度以後における地方公務員等共済組合法の年金の額の改定等に関する法律施行令,しょうわよんじゅうにねんどいごにおけるちほうこうむいんとうきょうさいくみあいほうのねんきんのがくのかいていとうにかんするほうりつせこうれい,平成二十七年四月一日
342CO0000000322,政令,昭和四十二年度以後における国家公務員等共済組合等からの年金の額の改定に関する法律施行令,しょうわよんじゅうにねんどいごにおけるこっかこうむいんとうきょうさいくみあいとうからのねんきんのがくのかいていにかんするほうりつせこうれい,昭和六十年六月七日
342CO0000000325,政令,外国人漁業の規制に関する法律施行令,がいこくじんぎょぎょうのきせいにかんするほうりつせこうれい,平成二十八年八月二十日
342CO0000000363,政令,土砂等を運搬する大型自動車による交通事故の防止等に関する特別措置法施行令,どしゃとうをうんぱんするおおがたじどうくるまによるこうつうじこのぼうしとうにかんするとくべつそちほうせこうれい,平成十四年七月一日
342M50000002040,府省令,引揚者等に対する特別交付金の支給に関する法律施行規則,ひきあげしゃとうにたいするとくべつこうふきんのしきゅうにかんするほうりつせこうきそく,令和二年十二月二十五日
342M50000008027,府省令,地方公務員災害補償法施行規則,ちほうこうむいんさいがいほしょうほうせこうきそく,令和七年六月一日
342M50000010012,府省令,人権擁護委員定数規程,じんけんようごいいんていすうきてい,昭和五十四年三月三十一日
342M50000040008,府省令,公認会計士等登録規則,こうにんかいけいしとうとうろくきそく,令和五年四月一日
342M50000040019,府省令,印紙税法施行規則,いんしぜいほうしこうきそく,平成十三年一月六日
342M50000040037,府省令,登録免許税法施行規則,とうろくめんきょぜいほうせこうきそく,令和八年四月一日
342M50000040041,府省令,戦没者の父母等に対する特別給付金支給法第五条第二項の規定により発行する国債の発行交付等に関する省令,せんぼつしゃのふぼとうにたいするとくべつきゅうふきんしきゅうほうだいごじょうだいにこうのきていによりはっこうするこくさいのはっこうこうふとうにかんするしょうれい,令和三年四月一日
342M50000040050,府省令,通関業法施行規則,つうかんぎょうほうせこうきそく,令和元年九月十四日
342M50000040051,府省令,戦傷病者等の妻に対する特別給付金支給法施行令第二条第一項第三号に規定する担保権者を定める省令,せんしょうびょうしゃとうのつまにたいするとくべつきゅうふきんしきゅうほうしこうれいだいにじょうだいいっこうだいさんごうにきていするたんぽごんじゃをさだめるしょうれい,平成二十七年四月一日
342M50000040052,府省令,引揚者特別交付金国庫債券の発行交付等に関する省令,ひきあげしゃとくべつこうふきんこっこさいけんのはっこうこうふとうにかんするしょうれい,令和三年四月一日
342M50000100022,府省令,戦没者の父母等に対する特別給付金支給法施行規則,せんぼつしゃのふぼとうにたいするとくべつきゅうふきんしきゅうほうせこうきそく,令和元年七月一日
342M50000100041,府省令,石炭鉱業年金基金法施行規則,せきたんこうぎょうねんきんききんほうしこうきそく,令和八年四月一日
342M50000800078,府省令,船員災害防止活動の促進に関する法律施行規則,せんいんさいがいぼうしかつどうのそくしんにかんするほうりつせこうきそく,令和三年一月一日
342M50000800084,府省令,原子力船特殊規則,げんしりょくせんとくしゅきそく,平成二十四年九月十九日
342M50000800086,府省令,土砂等を運搬する大型自動車による交通事故の防止等に関する特別措置法施行規則,どしゃとうをうんぱんするおおがたじどうしゃによるこうつうじこのぼうしとうにかんするとくべつそちほうしこうきそく,令和六年四月一日
342M50000900001,府省令,船員災害防止協会の設立及び監督に関する規則,せんいんさいがいぼうしきょうかいのせつりつおよびかんとくにかんするきそく,令和五年十二月二十八日
342M50002000027,府省令,建設業附属寄宿舎規程,けんせつぎょうふぞくきしゅくしゃきてい,令和三年四月一日
342M50002000028,府省令,炭鉱災害による一酸化炭素中毒症に関する特別措置法施行規則,たんこうさいがいによるいっさんかたんそちゅうどくしょうにかんするとくべつそちほうしこうきそく,令和七年一月一日
342M50002000030,府省令,労働基準法の災害補償に相当する給付に関する法令を指定する省令,ろうどうきじゅんほうのさいがいほしょうにそうとうするきゅうふにかんするほうれいをしていするしょうれい,昭和四十二年十二月一日
342M50004000002,府省令,古都における歴史的風土の保存に関する特別措置法施行規則,ことにおけるれきしてきふうどのほぞんにかんするとくべつそちほうしこうきそく,令和六年十一月八日
342M50004000003,府省令,流通業務市街地の整備に関する法律施行規則,りゅうつうぎょうむしがいちのせいびにかんするほうりつしこうきそく,令和六年四月一日
342M50004000005,府省令,ダム使用権登録令施行規則,だむしようけんとうろくれいせこうきそく,令和三年一月一日
342M50004000029,府省令,開発道路に関する占用料等徴収規則,かいはつどうろにかんするせんようりょうとうちょうしゅうきそく,令和八年四月一日
342M50004000037,府省令,下水道法施行規則,げすいどうほうしこうきそく,令和六年四月一日
342M50004100001,府省令,下水の処理開始の公示事項等に関する省令,げすいのしょりかいしのこうじじこうとうにかんするしょうれい,令和六年四月一日
342M50010000050,府省令,外国人漁業の規制に関する法律施行規則,がいこくじんぎょぎょうのきせいにかんするほうりつしこうきそく,令和七年二月七日
342M50400000003,規則,巡査長に関する規則,じゅんさちょうにかんするきそく,平成三十一年四月一日
343AC0000000017,法律,南九州畑作営農改善資金融通臨時措置法,みなみきゅうしゅうはたさくえいのうかいぜんしきんゆうづうりんじそちほう,平成十三年五月一日
343AC0000000074,法律,砂利採取法,じゃりさいしゅほう,令和七年六月一日
343AC0000000083,法律,小笠原諸島の復帰に伴う法令の適用の暫定措置等に関する法律,おがさわらしょとうのふっきにともなうほうれいのてきようのざんていそちとうにかんするほうりつ,平成二十五年一月一日
343AC0000000086,法律,金融機関の合併及び転換に関する法律,きんゆうきかんのがっぺいおよびてんかんにかんするほうりつ,令和七年六月一日
343AC0000000091,法律,観光施設財団抵当法,かんこうしせつざいだんていとうほう,平成十七年三月七日
343AC0000000097,法律,大気汚染防止法,たいきおせんぼうしほう,令和七年六月一日
343AC0000000098,法律,騒音規制法,そうおんきせいほう,令和七年六月一日
343AC0000000100,法律,都市計画法,としけいかくほう,令和七年六月四日
343AC0000000101,法律,都市計画法施行法,としけいかくほうしこうほう,平成十三年五月十八日
343AC0000000102,法律,公海に関する条約の実施に伴う海底電線等の損壊行為の処罰に関する法律,こうかいにかんするじょうやくのじっしにともなうかいていでんせんとうのそんかいこういのしょばつにかんするほうりつ,令和七年六月一日
343AC1000000078,法律,消費者基本法,しょうひしゃほごきほんほう,令和三年九月一日
343AC1000000089,法律,社会保険労務士法,しゃかいほけんろうむしほう,令和十年六月十三日
343CO0000000009,政令,近畿圏の保全区域の整備に関する法律施行令,きんきけんのほぜんくいきのせいびにかんするほうりつしこうれい,令和六年十一月八日
343CO0000000014,政令,液化石油ガスの保安の確保及び取引の適正化に関する法律施行令,えきかせきゆがすのほあんのかくほおよびとりひきのてきせいかにかんするほうりつしこうれい,令和七年十二月二十五日
343CO0000000015,政令,液化石油ガスの保安の確保及び取引の適正化に関する法律関係手数料令,えきかせきゆがすのほあんのかくほおよびとりひきのてきせいかにかんするほうりつかんけいてすうりょうれい,令和元年十二月十六日
343CO0000000027,政令,離島振興法施行令,りとうしんこうほうしこうれい,平成二十五年四月一日
343CO0000000063,政令,中部圏の都市整備区域、都市開発区域及び保全区域の整備等に関する法律施行令,ちゅうぶけんのとしせいびくいきとしかいはつくいきおよびほぜんくいきのせいびとうにかんするほうりつしこうれい,平成二十四年四月一日
343CO0000000073,政令,南九州畑作営農改善資金融通臨時措置法施行令,みなみきゅうしゅうはたさくえいのうかいぜんしきんゆうづうりんじそちほうしこうれい,昭和五十三年七月五日
343CO0000000108,政令,金管理法施行令の臨時特例に関する政令,きんかんりほうせこうれいのりんじとくれいにかんするせいれい,昭和四十三年四月二十七日
343CO0000000142,政令,信用金庫法施行令,しんようきんこほうしこうれい,令和八年五月二十五日
343CO0000000143,政令,金融機関の合併及び転換に関する法律施行令,きんゆうきかんのがっぺいおよびてんかんにかんするほうりつせこうれい,令和三年十一月二十二日
343CO0000000157,政令,小笠原諸島の復帰に伴う公職選挙法の適用の暫定措置等に関する政令,おがさわらしょとうのふっきにともなうこうしょくせんきょほうのてきようのざんていそちとうにかんするせいれい,昭和四十九年六月三日
343CO0000000198,政令,小笠原諸島における土地に関する権利の調整等に関する政令,おがさわらしょとうにおけるとちにかんするけんりのちょうせいとうにかんするせいれい,平成十三年一月六日
343CO0000000200,政令,小笠原諸島の復帰に伴う防衛庁関係法令の適用の暫定措置に関する政令,おがさわらしょとうのふっきにともなうぼうえいちょうかんけいほうれいのてきようのざんていそちにかんするせいれい,昭和四十三年六月二十四日
343CO0000000202,政令,小笠原諸島の復帰に伴う大蔵省関係法令の適用の暫定措置等に関する政令,おがさわらしょとうのふっきにともなうおおくらしょうかんけいほうれいのてきようのざんていそちとうにかんするせいれい,平成二十八年四月一日
343CO0000000204,政令,小笠原諸島の復帰に伴う厚生省関係法令の適用の暫定措置に関する政令,おがさわらしょとうのふっきにともなうこうせいしょうかんけいほうれいのてきようのざんていそちにかんするせいれい,平成十六年二月二十七日
343CO0000000207,政令,小笠原諸島の復帰に伴う運輸省関係法律の適用の暫定措置等に関する政令,おがさわらしょとうのふっきにともなううんゆしょうかんけいほうりつのてきようのざんていそちとうにかんするせいれい,昭和五十八年二月十二日
343CO0000000208,政令,小笠原諸島の復帰に伴う郵政省関係法律の適用の暫定措置に関する政令,おがさわらしょとうのふっきにともなうゆうせいしょうかんけいほうりつのてきようのざんていそちにかんするせいれい,昭和五十八年三月二十九日
343CO0000000209,政令,小笠原諸島の復帰に伴う労働省関係法律の適用の特例に関する政令,おがさわらしょとうのふっきにともなうろうどうしょうかんけいほうりつのてきようのとくれいにかんするせいれい,昭和四十七年三月三十一日
343CO0000000210,政令,小笠原諸島の復帰に伴う建設省関係法律の適用の暫定措置に関する政令,おがさわらしょとうのふっきにともなうけんせつしょうかんけいほうりつのてきようのざんていそちにかんするせいれい,昭和四十三年六月二十四日
343CO0000000211,政令,小笠原諸島の復帰に伴う自治省関係法令の適用の暫定措置等に関する政令,おがさわらしょとうのふっきにともなうじちしょうかんけいほうれいのてきようのざんていそちとうにかんするせいれい,昭和四十三年十一月二十八日
343CO0000000212,政令,小笠原諸島の復帰に伴う村の設置及び現地における行政機関の設置等に関する政令,おがさわらしょとうのふっきにともなうむらのせっちおよびげんちにおけるぎょうせいきかんのせっちとうにかんするせいれい,平成三十一年四月一日
343CO0000000241,政令,砂利採取法施行令,じゃりさいしゅほうせこうれい,令和元年十二月十六日
343CO0000000249,政令,消費者政策会議令,しょうひしゃせいさくかいぎれい,平成二十三年七月一日
343CO0000000322,政令,観光施設財団抵当法第二条の観光施設を定める政令,かんこうしせつざいだんていとうほうだいにじょうのかんこうしせつをさだめるせいれい,昭和四十三年十一月二十日
343CO0000000324,政令,騒音規制法施行令,そうおんきせいほうせこうれい,令和四年十二月一日
343CO0000000327,政令,社会保険労務士法施行令,しゃかいほけんろうむしほうせこうれい,令和三年一月二十九日
343CO0000000329,政令,大気汚染防止法施行令,たいきおせんぼうしほうしこうれい,令和四年十月一日
343CO0000000345,政令,地方公務員共済組合の更新組合員等で外国政府職員等の期間を有するものが申出をした場合における長期給付に関する措置等に関する政令,ちほうこうむいんきょうさいくみあいのこうしんくみあいいんとうでがいこくせいふしょくいんとうのきかんをゆうするものがさるしゅつをしたばあいにおけるちょうききゅうふにかんするそちとうにかんするせいれい,昭和五十七年九月二十五日
343CO0000000349,政令,国家公務員共済組合の更新組合員等で外国政府職員等の期間を有するものが申出をした場合における長期給付に関する措置等に関する政令,こっかこうむいんきょうさいくみあいのこうしんくみあいいんとうでがいこくせいふしょくいんとうのきかんをゆうするものがさるしゅつをしたばあいにおけるちょうききゅうふにかんするそちとうにかんするせいれい,昭和五十七年九月二十五日
343M50000002040,府省令,中部圏開発整備法施行規則,ちゅうぶけんかいはつせいびほうしこうきそく,平成十三年一月六日
343M50000002046,府省令,核原料物質の使用に関する規則,かくげんりょうぶっしつのしようにかんするきそく,令和六年五月三十日
343M50000008021,府省令,小笠原総合事務所組織規則,おがさわらそうごうじむしょそしききそく,平成十九年四月一日
343M50000008033,府省令,地方公務員共済組合の更新組合員等で外国政府職員等の期間を有するものの申出の手続に関する省令,ちほうこうむいんきょうさいくみあいのこうしんくみあいいんとうでがいこくせいふしょくいんとうのきかんをゆうするもののもうしでのてつづきにかんするしょうれい,昭和五十年十一月二十日
343M50000010050,府省令,観光施設財団抵当登記規則,かんこうしせつざいだんていとうとうききそく,平成十七年三月七日
343M50000040027,府省令,金融機関の合併及び転換の手続等に関する内閣府令,きんゆうきかんのがっぺいおよびてんかんのてつづきとうにかんするないかくふれい,令和五年十二月二十七日
343M50000040047,府省令,戦没者の父母等に対する特別給付金支給法施行令第一条第一項第三号に規定する担保権者を定める省令,せんぼつしゃのふぼとうにたいするとくべつきゅうふきんしきゅうほうしこうれいだいいちじょうだいいっこうだいさんごうにきていするたんぽごんじゃをさだめるしょうれい,平成二十七年四月一日
343M50000040048,府省令,引揚者特別交付金国庫債券の担保権の設定に関する省令,ひきあげしゃとくべつこうふきんこっこさいけんのたんぽけんのせっていにかんするしょうれい,平成二十一年四月一日
343M50000040051,府省令,国庫金振替書その他国庫金の払出しに関する書類の様式を定める省令,こっこきんふりかえかきそのたこくこきんのふつだしにかんするしょるいのようしきをさだめるしょうれい,令和三年四月一日
343M50000040064,府省令,国家公務員共済組合の更新組合員で外国政府職員等の期間を組合員期間に算入しないことを希望する場合の手続に関する省令,こっかこうむいんきょうさいくみあいのこうしんくみあいいんでがいこくせいふしょくいんとうのきかんをくみあいいんきかんにさんにゅうしないことをきぼうするばあいのてつづきにかんするしょうれい,昭和五十年十一月二十日
343M50000400023,府省令,液化石油ガス器具等の技術上の基準等に関する省令,えきかせきゆがすきぐとうのぎじゅつじょうのきじゅんとうにかんするしょうれい,令和七年十二月二十五日
343M50000400080,府省令,砂利採取業者の登録等に関する規則,じゃりさいしゅぎょうしゃのとうろくとうにかんするきそく,令和六年六月二十八日
343M50000800033,府省令,満載喫水線規則,まんさいきっすいせんきそく,平成二十六年一月一日
343M50000800049,府省令,指定漁船に乗り組む海員の労働時間及び休日に関する省令,していぎょせんにのりくむかいいんのろうどうじかんおよびきゅうじつにかんするしょうれい,令和五年四月一日
343M50000800058,府省令,大気汚染防止法第二条第十七項の自動車及び原動機付自転車を定める省令,たいきおせんぼうしほうだいにじょうだいじゅうななこうのじどうしゃおよびげんどうきつきじてんしゃをさだめるしょうれい,令和三年四月一日
343M50000C00001,府省令,土砂等運搬大型自動車に取り付ける自重計の技術上の基準を定める省令,どしゃとううんぱんおおがたじどうくるまにとりつけるじちょうけいのぎじゅつじょうのきじゅんをさだめるしょうれい,平成十二年三月二十九日
343M50002100001,府省令,社会保険労務士法施行規則,しゃかいほけんろうむしほうしこうきそく,令和八年十月一日
343M50004400001,府省令,砂利の採取計画等に関する規則,じゃりのさいしゅけいかくとうにかんするきそく,令和六年四月一日
343M50010000022,府省令,南九州畑作営農改善資金融通臨時措置法施行規則,みなみきゅうしゅうはたさくえいのうかいぜんしきんゆうづうりんじそちほうしこうきそく,昭和五十三年七月五日
343M50010000042,府省令,小笠原諸島における土地に関する権利の調整等に関する政令の施行に伴う特別賃借権に係る公告による申出の掲載事項及び特別賃借権の譲渡の許可等の申請書の記載事項を定める省令,おがさわらしょとうにおけるとちにかんするけんりのちょうせいとうにかんするせいれいのしこうにともなうとくべつちんしゃくけんにかかるこうこくによるもうしでのけいさいじこうおよびとくべつちんしゃくけんのじょうとのきょかとうのしんせいしょのきさいじこうをさだめるしょうれい,平成十七年三月七日
343M50010400003,府省令,特定輸入承認の表示に関する省令,とくていゆにゅうしょうにんのひょうじにかんするしょうれい,平成二十八年八月二十日
343RJNJ17002000,規則,人事院規則一七―二（職員団体のための職員の行為）,じんじいんきそくじゅうななのにしょくいんだんたいのためのしょくいんのこうい,令和五年四月一日
344AC0000000033,法律,行政機関の職員の定員に関する法律,ぎょうせいきかんのしょくいんのていいんにかんするほうりつ,令和三年九月一日
344AC0000000038,法律,都市再開発法,としさいかいはつほう,令和七年六月一日
344AC0000000046,法律,租税条約等の実施に伴う所得税法、法人税法及び地方税法の特例等に関する法律,そぜいじょうやくとうのじっしにともなうしょとくぜいほうほうじんぜいほうおよびちほうぜいほうのとくれいとうにかんするほうりつ,令和十年六月十三日
344AC0000000049,法律,地価公示法,ちかこうじほう,令和七年六月一日
344AC0000000052,法律,漁業近代化資金融通法,ぎょぎょうきんだいかしきんゆうずうほう,平成二十九年四月一日
344AC0000000057,法律,急傾斜地の崩壊による災害の防止に関する法律,きゅうけいしゃちのほうかいによるさいがいのぼうしにかんするほうりつ,令和七年六月一日
344AC0000000058,法律,農業振興地域の整備に関する法律,のうぎょうしんこうちいきのせいびにかんするほうりつ,令和七年六月一日
344AC0000000064,法律,職業能力開発促進法,しょくぎょうのうりょくかいはつそくしんほう,令和七年六月一日
344AC0000000079,法律,小笠原諸島振興開発特別措置法,おがさわらしょとうしんこうかいはつとくべつそちほう,令和六年四月一日
344AC0000000080,法律,開拓者資金に係る政府の貸付金債権の償還条件の緩和及び農林漁業金融公庫への移管等に関する特別措置法,かいたくしゃしきんにかかるせいふのかしつけきんさいけんのしょうかんじょうけんのかんわおよびのうりんぎょぎょうきんゆうこうこへのいかんとうにかんするとくべつそちほう,昭和六十年七月十二日
344AC0000000084,法律,労働保険の保険料の徴収等に関する法律,ろうどうほけんのほけんりょうのちょうしゅうとうにかんするほうりつ,令和七年十月一日
344AC0000000085,法律,失業保険法及び労働者災害補償保険法の一部を改正する法律及び労働保険の保険料の徴収等に関する法律の施行に伴う関係法律の整備等に関する法律,しつぎょうほけんほうおよびろうどうしゃさいがいほしょうほけんほうのいちぶをかいせいするほうりつおよびろうどうほけんのほけんりょうのちょうしゅうとうにかんするほうりつのしこうにともなうかんけいほうりつのせいびとうにかんするほうりつ,令和七年六月一日
344AC0000000094,法律,昭和四十四年度以後における私立学校教職員共済組合からの年金の額の改定に関する法律,しょうわよんじゅうよねんどいごにおけるしりつがっこうきょうしょくいんきょうさいくみあいからのねんきんのがくのかいていにかんするほうりつ,平成十五年十月一日
344CO0000000011,政令,都道府県都市計画審議会及び市町村都市計画審議会の組織及び運営の基準を定める政令,とどうふけんとしけいかくしんぎかいおよびしちょうそんとしけいかくしんぎかいのそしきおよびうんえいのきじゅんをさだめるせいれい,平成十二年四月一日
344CO0000000088,政令,地方揮発油譲与税法施行令,ちほうきはつゆじょうよぜいほうしこうれい,平成二十一年四月一日
344CO0000000121,政令,行政機関職員定員令,ぎょうせいきかんしょくいんていいんれい,令和八年四月一日
344CO0000000158,政令,都市計画法施行令,としけいかくほうしこうれい,令和八年四月一日
344CO0000000180,政令,地価公示法施行令,ちかこうじほうせこうれい,令和七年七月一日
344CO0000000195,政令,外航船舶建造融資利子補給臨時措置法施行令,がいこうせんはくけんぞうゆうしりしほきゅうりんじそちほうせこうれい,平成十年十二月一日
344CO0000000206,政令,急傾斜地の崩壊による災害の防止に関する法律施行令,きゅうけいしゃちのほうかいによるさいがいのぼうしにかんするほうりつしこうれい,令和六年四月一日
344CO0000000209,政令,漁業近代化資金融通法施行令,ぎょぎょうきんだいかしきんゆうずうほうせこうれい,令和二年十二月一日
344CO0000000232,政令,都市再開発法施行令,としさいかいはつほうしこうれい,令和八年五月二十一日
344CO0000000254,政令,農業振興地域の整備に関する法律施行令,のうぎょうしんこうちいきのせいびにかんするほうりつしこうれい,令和七年四月一日
344CO0000000258,政令,職業能力開発促進法施行令,しょくぎょうのうりょくかいはつそくしんほうしこうれい,令和六年四月一日
344CO0000000286,政令,小笠原諸島振興開発審議会令,おがさわらしょとうしんこうかいはつしんぎかいれい,平成二十三年七月一日
344CO0000000316,政令,開拓者資金に係る政府の貸付金債権の償還条件の緩和及び農林漁業金融公庫への移管等に関する特別措置法施行令,かいたくしゃしきんにかかるせいふのかしつけきんさいけんのしょうかんじょうけんのかんわおよびのうりんぎょぎょうきんゆうこうこへのいかんとうにかんするとくべつそちほうしこうれい,昭和四十四年十二月二十六日
344CO0000000317,政令,風致地区内における建築等の規制に係る条例の制定に関する基準を定める政令,ふうちちくないにおけるけんちくとうのきせいにかかるじょうれいのせいていにかんするきじゅんをさだめるせいれい,令和五年四月一日
344M50000002045,府省令,防衛省職員給与施行規則,ぼうえいしょうしょくいんきゅうよしこうきそく,令和八年四月一日
344M50000002051,府省令,恩給法等の一部を改正する法律附則第十五条の規定に基づく内閣総理大臣に対する申出に関する総理府令,おんきゅうほうとうのいちぶをかいせいするほうりつふそくだいじゅうごじょうのきていにもとづくないかくそうりだいじんにたいするもうしでにかんするそうりふれい,昭和四十四年十二月十六日
344M50000020007,府省令,住居手当の支給に関する規則,じゅうきょてあてのしきゅうにかんするきそく,令和七年六月十日
344M50000020008,府省令,研修員手当の号の適用に関する規則,けんしゅういんてあてのごうのてきようにかんするきそく,令和七年四月九日
344M50000040016,府省令,関税定率法施行規則,かんぜいていりつほうしこうきそく,令和五年四月一日
344M50000040036,府省令,遺産、相続及び贈与に対する租税に関する二重課税の回避及び脱税の防止のための日本国とアメリカ合衆国との間の条約の実施に伴う相続税法の特例等に関する法律の施行に関する省令,いさんそうぞくおよびぞうよにたいするそぜいにかんするにじゅうかぜいのかいひおよびだつぜいのぼうしのためのにほんこくとあめりかがっしゅうこくとのあいだのじょうやくのじっしにともなうそうぞくぜいほうのとくれいとうにかんするほうりつのせこうにかんするしょうれい,令和七年四月一日
344M50000040039,府省令,関税暫定措置法施行規則,かんぜいざんていそちほうしこうきそく,令和六年十二月十五日
344M50000040050,府省令,税関職員服制,ぜいかんしょくいんふくせい,令和六年四月一日
344M50000048001,府省令,租税条約等の実施に伴う所得税法、法人税法及び地方税法の特例等に関する法律の施行に関する省令,そぜいじょうやくとうのじっしにともなうしょとくぜいほうほうじんぜいほうおよびちほうぜいほうのとくれいとうにかんするほうりつのしこうにかんするしょうれい,令和八年四月一日
344M50000400025,府省令,外国為替及び外国貿易法第六十八条第二項に規定する証票の様式を定める省令,がいこくかわせおよびがいこくぼうえきほうだいろくじゅうはちじょうだいにこうにきていするしょうひょうのようしきをさだめるしょうれい,令和七年六月一日
344M50000400030,府省令,経済産業研修所規則,けいざいさんぎょうけんしゅうじょきそく,平成十三年四月一日
344M50000800001,府省令,国際信号書の使用に関する省令,こくさいしんごうかきのしようにかんするしょうれい,昭和四十四年四月一日
344M50002000024,府省令,職業能力開発促進法施行規則,しょくぎょうのうりょくかいはつそくしんほうしこうきそく,令和八年三月十六日
344M50004000048,府省令,急傾斜地の崩壊による災害の防止に関する法律施行規則,きゅうけいしゃちのほうかいによるさいがいのぼうしにかんするほうりつしこうきそく,令和六年十一月一日
344M50004000049,府省令,都市計画法施行規則,としけいかくほうしこうきそく,令和七年六月一日
344M50004000054,府省令,都市再開発法施行規則,としさいかいはつほうしこうきそく,令和六年四月一日
344M50004000055,府省令,地価公示法施行規則,ちかこうじほうしこうきそく,令和三年一月一日
344M50004000056,府省令,標準地の鑑定評価の基準に関する省令,ひょうじゅんちのかんていひょうかのきじゅんにかんするしょうれい,平成十八年二月一日
344M50004840001,府省令,財政投融資特別会計特定国有財産整備勘定事務取扱規則,ざいせいとうゆうしとくべつかいけいとくていこくゆうざいさんせいびかんじょうじむとりあつかいきそく,令和二年十二月十一日
344M50010000039,府省令,農林業センサス規則,のうりんぎょうせんさすきそく,令和五年十月十九日
344M50010000045,府省令,農業振興地域の整備に関する法律施行規則,のうぎょうしんこうちいきのせいびにかんするほうりつしこうきそく,令和七年七月二十八日
344M50400000004,規則,警察庁の定員に関する規則,けいさつちょうのていいんにかんするきそく,令和八年四月一日
344M50400000005,規則,地域警察運営規則,ちいきけいさつうんえいきそく,令和六年九月十三日
344RJNJ09008000,規則,人事院規則九―八（初任給、昇格、昇給等の基準）,じんじいんきそくきゅうのはちしょにんきゅうしょうかくしょうきゅうとうのきじゅん,令和八年四月一日
345AC0000000007,法律,成田国際空港周辺整備のための国の財政上の特別措置に関する法律,なりたこくさいくうこうしゅうへんせいびのためのくにのざいせいじょうのとくべつそちにかんするほうりつ,平成三十一年四月一日
345AC0000000013,法律,利率等の表示の年利建て移行に関する法律,りりつとうのひょうじのねんりたていこうにかんするほうりつ,昭和四十五年四月一日
345AC0000000033,法律,沖縄の弁護士資格者等に対する本邦の弁護士資格等の付与に関する特別措置法,おきなわのべんごししかくものとうにたいするほんぽうのべんごししかくとうのふよにかんするとくべつそちほう,昭和五十七年五月十一日
345AC0000000048,法律,著作権法,ちょさくけんほう,令和十年六月十三日
345AC0000000060,法律,家内労働法,かないろうどうほう,令和七年六月一日
345AC0000000068,法律,航空機の強取等の処罰に関する法律,こうくうきのきょうしゅとうのしょばつにかんするほうりつ,令和七年六月一日
345AC0000000075,法律,タクシー業務適正化特別措置法,たくしーぎょうむてきせいかとくべつそちほう,令和七年六月一日
345AC0000000077,法律,清酒製造業等の安定に関する特別措置法,せいしゅせいぞうぎょうとうのあんていにかんするとくべつそちほう,平成二十九年四月一日
345AC0000000082,法律,地方道路公社法,ちほうどうろこうしゃほう,平成二十五年六月十四日
345AC0000000089,法律,林業種苗法,りんぎょうしゅびょうほう,平成二十九年四月一日
345AC0000000090,法律,情報処理の促進に関する法律,じょうほうしょりのそくしんにかんするほうりつ,令和八年十月一日
345AC0000000098,法律,青少年の雇用の促進等に関する法律,せいしょうねんのこようのそくしんとうにかんするほうりつ,令和八年五月十三日
345AC0000000106,法律,外国政府等に対する米穀の売渡しに関する暫定措置法,がいこくせいふとうにたいするべいこくのばいわたしにかんするざんていそちほう,平成十三年一月六日
345AC0000000108,法律,公害紛争処理法,こうがいふんそうしょりほう,令和八年五月二十一日
345AC0000000110,法律,交通安全対策基本法,こうつうあんぜんたいさくきほんほう,令和五年六月十六日
345AC0000000112,法律,航空機内で行なわれた犯罪その他ある種の行為に関する条約第十三条の規定の実施に関する法律,こうくうきないでおこなわれたはんざいそのほかあるたねのこういにかんするじょうやくだいじゅうさんじょうのきていのじっしにかんするほうりつ,昭和四十五年六月一日
345AC0000000115,法律,民事訴訟手続に関する条約等の実施に伴う民事訴訟手続の特例等に関する法律,みんじそしょうてつづきにかんするじょうやくとうのじっしにともなうみんじそしょうてつづきのとくれいとうにかんするほうりつ,令和十年六月十三日
345AC0000000117,法律,国際機関等に派遣される一般職の国家公務員の処遇等に関する法律,こくさいきかんとうにはけんされるいっぱんしょくのこっかこうむいんのしょぐうとうにかんするほうりつ,令和五年四月一日
345AC0000000133,法律,公害防止事業費事業者負担法,こうがいぼうしじぎょうひじぎょうしゃふたんほう,平成二十三年八月三十日
345AC0000000136,法律,海洋汚染等及び海上災害の防止に関する法律,かいようおせんとうおよびかいじょうさいがいのぼうしにかんするほうりつ,令和八年五月二十二日
345AC0000000137,法律,廃棄物の処理及び清掃に関する法律,はいきぶつのしょりおよびせいそうにかんするほうりつ,令和七年六月一日
345AC0000000138,法律,水質汚濁防止法,すいしつおだくぼうしほう,令和七年六月一日
345AC0000000139,法律,農用地の土壌の汚染防止等に関する法律,のうようちのどじょうのおせんぼうしとうにかんするほうりつ,平成二十三年八月三十日
345AC0000000142,法律,人の健康に係る公害犯罪の処罰に関する法律,ひとのけんこうにかかるこうがいはんざいのしょばつにかんするほうりつ,令和七年六月一日
345AC0000000145,法律,受託中小企業振興法,じゅたくちゅうしょうきぎょうしんこうほう,令和八年一月一日
345AC1000000015,法律,不動産鑑定士特例試験及び不動産鑑定士補特例試験に関する法律,ふどうさんかんていしとくれいしけんおよびふどうさんかんていしほとくれいしけんにかんするほうりつ,平成十八年二月一日
345AC1000000016,法律,自転車道の整備等に関する法律,じてんしゃどうのせいびとうにかんするほうりつ,平成二十九年五月一日
345AC1000000019,法律,柔道整復師法,じゅうどうせいふくしほう,令和七年六月一日
345AC1000000020,法律,建築物における衛生的環境の確保に関する法律,けんちくぶつにおけるえいせいてきかんきょうのかくほにかんするほうりつ,令和七年六月一日
345AC1000000071,法律,全国新幹線鉄道整備法,ぜんこくしんかんせんてつどうせいびほう,平成二十三年八月一日
345AC1000000073,法律,筑波研究学園都市建設法,つくばけんきゅうがくえんとしけんせつほう,平成二十三年八月三十日
345AC1000000084,法律,障害者基本法,しょうがいしゃきほんほう,平成二十八年四月一日
345AC1000000096,法律,電気工事業の業務の適正化に関する法律,でんきこうじぎょうのぎょうむのてきせいかにかんするほうりつ,令和七年六月一日
345CO0000000013,政令,小笠原諸島振興開発特別措置法施行令,おがさわらしょとうしんこうかいはつとくべつそちほうしこうれい,令和六年四月一日
345CO0000000028,政令,成田国際空港周辺整備のための国の財政上の特別措置に関する法律施行令,なりたこくさいくうこうしゅうへんせいびのためのくにのざいせいうえのとくべつそちにかんするほうりつしこうれい,平成二十四年四月一日
345CO0000000048,政令,利率等の表示の年利建て移行に関する政令,りりつとうのひょうじのねんりだていこうにかんするせいれい,昭和四十五年四月一日
345CO0000000050,政令,国税不服審判所組織令,こくぜいふふくしんぱんところそしきれい,平成十三年一月六日
345CO0000000061,政令,経済及び技術協力のため必要な物品等の外国政府等に対する譲与等に関する法律施行令,けいざいおよびぎじゅつきょうりょくのためひつようなぶっぴんとうのがいこくせいふとうにたいするじょうよとうにかんするほうりつしこうれい,昭和四十五年四月十六日
345CO0000000087,政令,都市再開発法による不動産登記に関する政令,としさいかいはつほうによるふどうさんとうきにかんするせいれい,令和二年四月一日
345CO0000000125,政令,清酒製造業等の安定に関する特別措置法施行令,せいしゅせいぞうぎょうとうのあんていにかんするとくべつそちほうしこうれい,平成二十九年四月一日
345CO0000000146,政令,外国政府等に対する米穀の売渡しに関する暫定措置法第一項の規定による利率の最低限度を定める政令,がいこくせいふとうにたいするべいこくのばいわたしにかんするざんていそちほうだいいっこうのきていによるりりつのさいていげんどをさだめるせいれい,昭和四十五年五月二十八日
345CO0000000166,政令,恩給法の一部を改正する法律附則第二十四条第七項に規定する地域を定める政令,おんきゅうほうのいちぶをかいせいするほうりつふそくだいにじゅうよんじょうだいななこうにきていするちいきをさだめるせいれい,昭和四十五年六月二日
345CO0000000175,政令,交通安全対策基本法施行令,こうつうあんぜんたいさくきほんほうしこうれい,平成十七年十月一日
345CO0000000194,政令,林業種苗法施行令,りんぎょうしゅびょうほうしこうれい,平成十二年四月一日
345CO0000000202,政令,地方道路公社法施行令,ちほうどうろこうしゃほうしこうれい,令和七年四月一日
345CO0000000207,政令,情報処理の促進に関する法律施行令,じょうほうしょりのそくしんにかんするほうりつしこうれい,令和七年八月四日
345CO0000000240,政令,筑波研究学園都市建設法施行令,つくばけんきゅうがくえんとしけんせつほうせこうれい,平成二十三年八月三十日
345CO0000000253,政令,公害紛争処理法施行令,こうがいふんそうしょりほうせこうれい,令和七年四月一日
345CO0000000261,政令,国土調査促進特別措置法施行令,こくどちょうさそくしんとくべつそちほうしこうれい,昭和五十三年七月十一日
345CO0000000271,政令,建築基準法第四条第一項の人口二十五万以上の市を指定する政令,けんちくきじゅんほうだいよんじょうだいいっこうのじんこうにじゅうごまんいじょうのしをしていするせいれい,令和三年十月一日
345CO0000000272,政令,全国新幹線鉄道整備法施行令,ぜんこくしんかんせんてつどうせいびほうしこうれい,令和三年四月一日
345CO0000000301,政令,ガス事業法関係手数料令,がすじぎょうほうかんけいてすうりょうれい,令和五年十二月二十一日
345CO0000000304,政令,建築物における衛生的環境の確保に関する法律施行令,けんちくぶつにおけるえいせいてきかんきょうのかくほにかんするほうりつせこうれい,令和七年四月十六日
345CO0000000311,政令,特許法等の一部を改正する法律の施行に伴う経過措置を定める政令,とっきょほうとうのいちぶをかいせいするほうりつのしこうにともなうけいかそちをさだめるせいれい,昭和四十五年十月十七日
345CO0000000320,政令,道路構造令,どうろこうぞうれい,令和二年十一月二十五日
345CO0000000327,政令,電気工事業の業務の適正化に関する法律施行令,でんきこうじぎょうのぎょうむのてきせいかにかんするほうりつせこうれい,令和元年十二月十六日
345CO0000000335,政令,著作権法施行令,ちょさくけんほうしこうれい,令和八年四月一日
345CO0000000350,政令,国際機関等に派遣される一般職の国家公務員の処遇等に関する法律の施行に伴う国家公務員等の退職手当に関する経過措置を定める等の政令,こくさいきかんとうにはけんされるいっぱんしょくのこっかこうむいんのしょぐうとうにかんするほうりつのしこうにともなうこっかこうむいんとうのたいしょくてあてにかんするけいかそちをさだめるとうのせいれい,平成十三年一月六日
345M50000002003,府省令,地方総監部組織規則,ちほうそうかんぶそしききそく,令和八年三月二十三日
345M50000002029,府省令,昭和四十五年国富調査のための地方公共団体資産調査規則,しょうわよんじゅうごねんこくふちょうさのためのちほうこうきょうだんたいしさんちょうさきそく,平成十三年一月六日
345M50000002043,府省令,昭和四十五年国富調査のための家計資産調査規則,しょうわよんじゅうごねんこくふちょうさのためのかけいしさんちょうさきそく,昭和四十五年十一月十日
345M50000008011,府省令,公営競技納付金の納付に関する規則,こうえいきょうぎのうふきんののうふにかんするきそく,令和七年四月一日
345M50000040007,府省令,小笠原諸島振興開発特別措置法の施行に伴う譲渡所得等の課税の特例の適用に関する省令,おがさわらしょとうしんこうかいはつとくべつそちほうのせこうにともなうじょうとしょとくとうのかぜいのとくれいのてきようにかんするしょうれい,平成二十六年四月一日
345M50000040017,府省令,国税不服審判所組織規則,こくぜいふふくしんぱんところそしききそく,令和七年七月十日
345M50000040022,府省令,国際通貨基金への加盟に伴う国際通貨基金通貨代用証券の発行等に関する省令,こくさいつうかききんへのかめいにともなうこくさいつうかききんつうかだいようしょうけんのはっこうとうにかんするしょうれい,平成十五年三月二十八日
345M50000040023,府省令,国際復興開発銀行への加盟に伴う国債の発行等に関する省令,こくさいふっこうかいはつぎんこうへのかめいにともなうこくさいのはっこうとうにかんするしょうれい,令和七年三月十三日
345M50000040043,府省令,清酒製造業等の安定に関する特別措置法施行規則,せいしゅせいぞうぎょうとうのあんていにかんするとくべつそちほうせこうきそく,平成二十九年四月一日
345M50000040048,府省令,法人企業統計調査規則,ほうじんきぎょうとうけいちょうさきそく,令和元年十二月十六日
345M50000040066,府省令,自動車損害賠償責任保険審議会規則,じどうしゃそんがいばいしょうせきにんほけんしんぎかいきそく,平成十年十二月十五日
345M50000080026,府省令,著作権法施行規則,ちょさくけんほうしこうきそく,令和八年四月一日
345M50000180003,府省令,臨床検査技師学校養成所指定規則,りんしょうけんさぎしがっこうようせいじょしていきそく,令和四年十月一日
345M50000400097,府省令,ガス事業法施行規則,がすじぎょうほうしこうきそく,令和七年十二月二十五日
345M50000400103,府省令,電気工事業の業務の適正化に関する法律施行規則,でんきこうじぎょうのぎょうむのてきせいかにかんするほうりつしこうきそく,令和七年七月三十一日
345M50000800007,府省令,自動車登録規則,じどうしゃとうろくきそく,令和八年四月一日
345M50000800008,府省令,自動車の登録及び検査に関する申請書等の様式等を定める省令,じどうしゃのとうろくおよびけんさにかんするしんせいしょとうのようしきとうをさだめるしょうれい,令和六年一月一日
345M50000800066,府省令,タクシー業務適正化特別措置法施行規則,たくしーぎょうむてきせいかとくべつそちほうしこうきそく,令和七年三月二十四日
345M50000800086,府省令,全国新幹線鉄道整備法施行規則,ぜんこくしんかんせんてつどうせいびほうしこうきそく,令和三年一月一日
345M50002000023,府省令,家内労働法施行規則,かないろうどうほうしこうきそく,令和六年六月二十八日
345M50004000021,府省令,地方道路公社法施行規則,ちほうどうろこうしゃほうしこうきそく,令和五年六月七日
345M50010000008,府省令,開拓者資金に係る政府の貸付金債権の償還条件の緩和及び農林漁業金融公庫への移管等に関する特別措置法施行規則,かいたくしゃしきんにかかるせいふのかしつけきんさいけんのしょうかんじょうけんのかんわおよびのうりんぎょぎょうきんゆうこうこへのいかんとうにかんするとくべつそちほうしこうきそく,昭和四十五年九月二十五日
345M50010000040,府省令,林業種苗法施行規則,りんぎょうしゅびょうほうしこうきそく,令和三年四月一日
345M50400000003,規則,管区機動隊の編成等に関する規則,かんくきどうたいのへんせいとうにかんするきそく,昭和四十五年四月二十二日
345M50400000007,規則,交通巡視員の服制に関する規則,こうつうじゅんしいんのふくせいにかんするきそく,令和七年四月一日
345RJNJ01000000,規則,人事院規則一―〇（規則の法的根拠）,じんじいんきそくいちのぜろきそくのほうてきこんきょ,令和四年六月二十四日
345RJNJ09055000,規則,人事院規則九―五五（特地勤務手当等）,じんじいんきそくきゅうのごじゅうごとくちきんむてあてとう,令和八年四月一日
345RJNJ18000000,規則,人事院規則一八―〇（職員の国際機関等への派遣）,じんじいんきそくじゅうはちのぜろしょくいんのこくさいきかんとうへのはけん,令和五年四月一日
346AC0000000032,法律,農地所有者等賃貸住宅建設融資利子補給臨時措置法,のうちしょゆうしゃとうちんたいじゅうたくけんせつゆうしりしほきゅうりんじそちほう,平成十四年一月一日
346AC0000000034,法律,預金保険法,よきんほけんほう,令和十年六月十三日
346AC0000000035,法律,卸売市場法,おろしうりしじょうほう,令和八年四月一日
346AC0000000040,法律,民事訴訟費用等に関する法律,みんじそしょうひようとうにかんするほうりつ,令和十年六月十三日
346AC0000000041,法律,刑事訴訟費用等に関する法律,けいじそしょうひようとうにかんするほうりつ,令和八年五月二十二日
346AC0000000042,法律,民事訴訟費用等に関する法律及び刑事訴訟費用等に関する法律施行法,みんじそしょうひようとうにかんするほうりつおよびけいじそしょうひようとうにかんするほうりつしこうほう,昭和四十六年七月一日
346AC0000000045,法律,国際協力銀行法による貸付金の利息の特例等に関する法律,こくさいきょうりょくぎんこうほうによるかしつけきんのりそくのとくれいとうにかんするほうりつ,平成十三年一月六日
346AC0000000060,法律,海洋水産資源開発促進法,かいようすいさんしげんかいはつそくしんほう,令和八年四月一日
346AC0000000064,法律,視能訓練士法,しのうくんれんしほう,令和七年六月一日
346AC0000000065,法律,コンテナーに関する通関条約及び国際道路運送手帳による担保の下で行なう貨物の国際運送に関する通関条約（ＴＩＲ条約）の実施に伴う関税法等の特例に関する法律,こんてなーにかんするつうかんじょうやくおよびこくさいどうろうんそうてちょうによるたんぽのもとでおこなうかもつのこくさいうんそうにかんするつうかんじょうやくてぃーあいあーるじょうやくのじっしにともなうかんぜいほうとうのとくれいにかんするほうりつ,平成二十四年四月一日
346AC0000000068,法律,高年齢者等の雇用の安定等に関する法律,こうねんれいしゃとうのこようのあんていとうにかんするほうりつ,令和四年十月一日
346AC0000000073,法律,児童手当法,じどうてあてほう,令和七年六月一日
346AC0000000077,法律,公立の義務教育諸学校等の教育職員の給与等に関する特別措置法,こうりつのぎむきょういくしょがっこうとうのきょういくしょくいんのきゅうよとうにかんするとくべつそちほう,令和八年四月一日
346AC0000000089,法律,自動車重量税法,じどうしゃじゅうりょうぜいほう,令和四年四月一日
346AC0000000090,法律,自動車重量譲与税法,じどうしゃじゅうりょうじょうよぜいほう,令和十六年四月一日
346AC0000000091,法律,悪臭防止法,あくしゅうぼうしほう,令和七年六月一日
346AC0000000092,法律,勤労者財産形成促進法,きんろうしゃざいさんけいせいそくしんほう,令和四年四月一日
346AC0000000107,法律,特定工場における公害防止組織の整備に関する法律,とくていこうじょうにおけるこうがいぼうしそしきのせいびにかんするほうりつ,令和七年六月一日
346AC0000000108,法律,国有林野の活用に関する法律,こくゆうりんやのかつようにかんするほうりつ,平成二十八年四月一日
346AC0000000111,法律,積立式宅地建物販売業法,つみたてしきたくちたてものはんばいぎょうほう,令和七年六月一日
346AC0000000112,法律,農村地域への産業の導入の促進等に関する法律,のうそんちいきへのさんぎょうのどうにゅうのそくしんとうにかんするほうりつ,令和四年五月二十日
346AC0000000129,法律,沖縄の復帰に伴う特別措置に関する法律,おきなわのふっきにともなうとくべつそちにかんするほうりつ,令和十四年五月十五日
346CO0000000024,政令,受託中小企業振興法施行令,じゅたくちゅうしょうきぎょうしんこうほうしこうれい,令和八年一月一日
346CO0000000056,政令,農薬取締法施行令,のうやくとりしまりほうせこうれい,令和二年四月一日
346CO0000000111,政令,預金保険法施行令,よきんほけんほうしこうれい,令和五年六月一日
346CO0000000146,政令,公害防止事業費事業者負担法施行令,こうがいぼうしじぎょうひじぎょうしゃふたんほうしこうれい,平成二十七年十一月十九日
346CO0000000188,政令,水質汚濁防止法施行令,すいしつおだくぼうしほうしこうれい,令和七年四月一日
346CO0000000201,政令,海洋汚染等及び海上災害の防止に関する法律施行令,かいようおせんとうおよびかいじょうさいがいのぼうしにかんするほうりつしこうれい,令和八年三月一日
346CO0000000204,政令,農用地の土壌の汚染防止等に関する法律施行令,のうようちのどじょうのおせんぼうしとうにかんするほうりつしこうれい,平成二十二年六月十六日
346CO0000000205,政令,海洋水産資源開発促進法施行令,かいようすいさんしげんかいはつそくしんほうしこうれい,令和八年四月一日
346CO0000000221,政令,卸売市場法施行令,おろしうりしじょうほうせこうれい,令和八年四月一日
346CO0000000246,政令,視能訓練士法施行令,しのうくんれんしほうせこうれい,令和四年五月一日
346CO0000000250,政令,農地所有者等賃貸住宅建設融資利子補給臨時措置法施行令,のうちしょゆうしゃとうちんたいじゅうたくけんせつゆうしりしほきゅうりんじそちほうしこうれい,平成十八年五月一日
346CO0000000257,政令,コンテナーに関する通関条約及び国際道路運送手帳による担保の下で行なう貨物の国際運送に関する通関条約（ＴＩＲ条約）の実施に伴う関税法等の特例に関する法律施行令,こんてなーにかんするつうかんじょうやくおよびこくさいどうろうんそうてちょうによるたんぽのもとでおこなうかもつのこくさいうんそうにかんするつうかんじょうやくてぃーあいあーるじょうやくのじっしにともなうかんぜいほうとうのとくれいにかんするほうりつしこうれい,平成二十九年十月八日
346CO0000000264,政令,特定工場における公害防止組織の整備に関する法律施行令,とくていこうじょうにおけるこうがいぼうしそしきのせいびにかんするほうりつしこうれい,令和五年十二月一日
346CO0000000275,政令,自動車重量税法施行令,じどうしゃじゅうりょうぜいほうしこうれい,令和五年一月一日
346CO0000000279,政令,採石法施行令,さいせきほうしこうれい,令和元年十二月十六日
346CO0000000280,政令,農村地域への産業の導入の促進等に関する法律施行令,のうそんちいきへのさんぎょうのどうにゅうのそくしんとうにかんするほうりつしこうれい,平成二十九年七月二十四日
346CO0000000281,政令,児童手当法施行令,じどうてあてほうせこうれい,令和八年四月一日
346CO0000000300,政令,廃棄物の処理及び清掃に関する法律施行令,はいきぶつのしょりおよびせいそうにかんするほうりつしこうれい,令和八年四月一日
346CO0000000325,政令,公害の防止に関する事業に係る国の財政上の特別措置に関する法律施行令,こうがいのぼうしにかんするじぎょうにかかるくにのざいせいじょうのとくべつそちにかんするほうりつしこうれい,平成二十三年八月三十日
346CO0000000332,政令,勤労者財産形成促進法施行令,きんろうしゃざいさんけいせいそくしんほうしこうれい,令和八年四月一日
346CO0000000338,政令,旅行業法施行令,りょこうぎょうほうせこうれい,令和七年六月一日
346CO0000000345,政令,積立式宅地建物販売業法施行令,つみたてしきたくちたてものはんばいぎょうほうしこうれい,平成二十一年一月五日
346CO0000000356,政令,予算執行職員等の責任に関する法律施行令,よさんしっこうしょくいんとうのせきにんにかんするほうりつせこうれい,令和三年一月一日
346CO0000000357,政令,国の所有に属する自動車等の交換に関する法律施行令,くにのしょゆうにぞくするじどうしゃとうのこうかんにかんするほうりつしこうれい,平成十三年一月六日
346CO0000000367,政令,豪雪地帯対策特別措置法施行令,ごうせつちたいたいさくとくべつそちほうせこうれい,令和三年九月二十五日
346M50000002010,府省令,使用済燃料の再処理の事業に関する規則,しようずみねんりょうのさいしょりのじぎょうにかんするきそく,令和六年五月三十日
346M50000002028,府省令,昭和四十五年国富調査のための個人企業資産調査規則,しょうわよんじゅうごねんこくふちょうさのためのこじんきぎょうしさんちょうさきそく,平成十三年一月六日
346M50000002033,府省令,恩給法等の一部を改正する法律附則第十三条の規定により給すべき特例傷病恩給の請求手続に関する省令,おんきゅうほうとうのいちぶをかいせいするほうりつふそくだいじゅうさんじょうのきていによりきゅうすべきとくれいしょうびょうおんきゅうのせいきゅうてつづきにかんするしょうれい,令和八年四月一日
346M50000002035,府省令,排水基準を定める省令,はいすいきじゅんをさだめるしょうれい,令和七年七月一日
346M50000002036,府省令,昭和四十五年国富調査のための法人資産調査規則,しょうわよんじゅうごねんこくふちょうさのためのほうじんしさんちょうさきそく,平成十三年一月六日
346M50000002043,府省令,農用地土壌汚染対策地域の指定等に関する手続を定める省令,のうようちどじょうおせんたいさくちいきのしていとうにかんするてつづきをさだめるしょうれい,平成十三年一月六日
346M50000008013,府省令,自動車重量譲与税法施行規則,じどうしゃじゅうりょうじょうよぜいほうしこうきそく,令和五年四月一日
346M50000010013,府省令,公証人手数料令第二十五条第一項の横書の公正証書の様式及び公正証書の枚数の計算方法を定める省令,こうしょうにんてすうりょうれいだいにじゅうごじょうだいいっこうのよこがきのこうせいしょうしょのようしきおよびこうせいしょうしょのまいすうのけいさんほうほうをさだめるしょうれい,令和七年十月一日
346M50000040028,府省令,預金保険法施行規則,よきんほけんほうしこうきそく,令和七年四月一日
346M50000040057,府省令,コンテナーに関する通関条約及び国際道路運送手帳による担保の下で行なう貨物の国際運送に関する通関条約（ＴＩＲ条約）の実施に伴う関税法等の特例に関する法律施行規則,こんてなーにかんするつうかんじょうやくおよびこくさいどうろうんそうてちょうによるたんぽのもとでおこなうかもつのこくさいうんそうにかんするつうかんじょうやくてぃーあいあーるじょうやくのじっしにともなうかんぜいほうとうのとくれいにかんするほうりつしこうきそく,平成二十四年四月一日
346M50000040066,府省令,自動車重量税法施行規則,じどうしゃじゅうりょうぜいほうしこうきそく,令和五年一月一日
346M50000040077,府省令,子ども・子育て支援法に基づく拠出金等の納付手続の特例に関する省令,こどもこそだてしえんほうにもとづくきょしゅつきんとうののうふてつづきのとくれいにかんするしょうれい,令和七年四月一日
346M50000040082,府省令,国の所有に属する自動車等の交換に関する法律施行規則,くにのしょゆうにぞくするじどうしゃとうのこうかんにかんするほうりつしこうきそく,平成十三年一月六日
346M50000080018,府省令,学校法人会計基準,がっこうほうじんかいけいきじゅん,令和七年四月一日
346M50000100002,府省令,建築物における衛生的環境の確保に関する法律施行規則,けんちくぶつにおけるえいせいてきかんきょうのかくほにかんするほうりつしこうきそく,令和八年四月一日
346M50000100020,府省令,戦傷病者戦没者遺族等援護法等の一部を改正する法律附則第八条第二項の規定による届出に関する省令,せんしょうびょうしゃせんぼつしゃいぞくとうえんごほうとうのいちぶをかいせいするほうりつふそくだいはちじょうだいにこうのきていによるとどけでにかんするしょうれい,令和二年十二月二十五日
346M50000100028,府省令,視能訓練士法施行規則,しのうくんれんしほうしこうきそく,令和四年七月二十八日
346M50000100033,府省令,児童手当法施行規則,じどうてあてほうしこうきそく,令和七年四月一日
346M50000100035,府省令,廃棄物の処理及び清掃に関する法律施行規則,はいきぶつのしょりおよびせいそうにかんするほうりつしこうきそく,令和八年三月二十七日
346M50000102001,府省令,交通公害に係る大気の汚染、騒音及び振動を定める命令,こうつうこうがいにかかるたいきのおせんそうおんおよびしんどうをさだめるめいれい,平成十三年一月六日
346M50000102002,府省令,大気汚染防止法第二十一条第一項の規定に基づく自動車排出ガスによる大気の汚染の限度を定める省令,たいきおせんぼうしほうだいにじゅういちじょうだいいっこうのきていにもとづくじどうしゃはいしゅつがすによるたいきのおせんのげんどをさだめるしょうれい,平成十三年一月六日
346M50000180002,府省令,視能訓練士学校養成所指定規則,しのうくんれんしがっこうようせいじょしていきそく,令和七年四月一日
346M50000400027,府省令,ガス用品の技術上の基準等に関する省令,がすようひんのぎじゅつじょうのきじゅんとうにかんするしょうれい,令和七年十二月二十五日
346M50000402002,府省令,水質汚濁防止法施行規則,すいしつおだくぼうしほうしこうきそく,令和六年四月一日
346M50000500001,府省令,大気汚染防止法施行規則,たいきおせんぼうしほうしこうきそく,令和八年四月一日
346M50000800037,府省令,騒音規制法第二条第四項の自動車を定める省令,そうおんきせいほうだいにじょうだいよんこうのじどうしゃをさだめるしょうれい,平成十三年一月六日
346M50000800038,府省令,海洋汚染等及び海上災害の防止に関する法律施行規則,かいようおせんとうおよびかいじょうさいがいのぼうしにかんするほうりつしこうきそく,令和八年二月十四日
346M50000800061,府省令,旅行業法施行規則,りょこうぎょうほうしこうきそく,令和六年五月二十七日
346M50001000002,府省令,有線電気通信設備令施行規則,ゆうせんでんきつうしんせつびれいしこうきそく,平成二十八年六月十六日
346M50002000024,府省令,高年齢者等の雇用の安定等に関する法律施行規則,こうねんれいしゃとうのこようのあんていとうにかんするほうりつしこうきそく,令和八年四月一日
346M50002000027,府省令,勤労者財産形成促進法施行規則,きんろうしゃざいさんけいせいそくしんほうしこうきそく,令和七年四月一日
346M50004000007,府省令,道路構造令施行規則,どうろこうぞうれいしこうきそく,平成三十一年四月二十五日
346M50004000018,府省令,農地所有者等賃貸住宅建設融資利子補給臨時措置法施行規則,のうちしょゆうしゃとうちんたいじゅうたくけんせつゆうしりしほきゅうりんじそちほうしこうきそく,平成二十三年十月二十日
346M50004000019,府省令,高速自動車国道法施行規則,こうそくじどうしゃこくどうほうしこうきそく,令和四年四月一日
346M50004000029,府省令,積立式宅地建物販売業法施行規則,つみたてしきたくちたてものはんばいぎょうほうしこうきそく,令和六年四月一日
346M50004010002,府省令,積立式宅地建物販売業者営業保証金規則,つみたてしきたくちたてものはんばいぎょうしゃえいぎょうほしょうきんきそく,令和六年三月二十九日
346M50010000038,府省令,牛乳乳製品統計調査規則,ぎゅうにゅうにゅうせいひんとうけいちょうさきそく,令和四年二月一日
346M50010000040,府省令,作物統計調査規則,さくもつとうけいちょうさきそく,令和七年六月十九日
346M50010000047,府省令,農用地土壌汚染対策地域の指定要件に係るカドミウムの量の検定の方法を定める省令,のうようちどじょうおせんたいさくちいきのしていようけんにかかるカドミウムのりょうのけんていのほうほうをさだめるしょうれい,令和二年三月三十日
346M50010000048,府省令,海洋水産資源開発促進法施行規則,かいようすいさんしげんかいはつそくしんほうせこうきそく,令和二年十二月一日
346M50010000052,府省令,卸売市場法施行規則,おろしうりしじょうほうしこうきそく,令和八年四月一日
346M50010000061,府省令,国有林野の活用に関する法律施行規則,こくゆうりんやのかつようにかんするほうりつせこうきそく,令和二年四月一日
346M50010002001,府省令,農用地土壌汚染対策計画の内容等を定める省令,のうようちどじょうおせんたいさくけいかくのないようとうをさだめるしょうれい,平成十三年一月六日
346M50010002002,府省令,農薬取締法第二十九条の規定による報告及び検査に関する省令,のうやくとりしまりほうだいにじゅうきゅうじょうのきていによるほうこくおよびけんさにかんするしょうれい,平成三十年十二月一日
346M50010D40003,府省令,特定工場における公害防止組織の整備に関する法律施行規則,とくていこうじょうにおけるこうがいぼうしそしきのせいびにかんするほうりつしこうきそく,令和二年十二月二十八日
346M50014D00001,府省令,騒音規制法施行規則,そうおんきせいほうせこうきそく,令和三年四月一日
346M50400000003,規則,高速道路における交通警察の運営に関する規則,こうそくどうろにおけるこうつうけいさつのうんえいにかんするきそく,平成十一年十一月一日
346M50400000005,規則,猟銃の口径の長さの特例に関する規則,りょうじゅうのこうけいのながさのとくれいにかんするきそく,令和七年三月一日
346M50400000006,規則,銃砲刀剣類所持等取締法第四条第一項第四号に規定する政令で定める者が行なう推薦の数を定める規則,じゅうほうとうけんるいしょじとうとりしまりほうだいよんじょうだいいっこうだいよんごうにきていするせいれいでさだめるものがおこなうすいせんのかずをさだめるきそく,昭和四十八年三月二十六日
346R00000006001,規則,筑波研究学園都市建設法施行規則,つくばけんきゅうがくえんとしけんせつほうしこうきそく,平成二十三年八月三十日
347AC0000000007,法律,航空機燃料税法,こうくうきねんりょうぜいほう,令和七年六月一日
347AC0000000013,法律,航空機燃料譲与税法,こうくうきねんりょうじょうよぜいほう,令和六年四月一日
347AC0000000024,法律,沖縄国際海洋博覧会の準備及び運営のために必要な特別措置に関する法律,おきなわこくさいかいようはくらんかいのじゅんびおよびうんえいのためにひつようなとくべつそちにかんするほうりつ,昭和六十一年十二月四日
347AC0000000031,法律,沖縄振興開発金融公庫法,おきなわしんこうかいはつきんゆうこうこほう,令和四年四月一日
347AC0000000033,法律,沖縄の復帰に伴う防衛庁関係法律の適用の特別措置等に関する法律,おきなわのふっきにともなうぼうえいちょうかんけいほうりつのてきようのとくべつそちとうにかんするほうりつ,平成十四年四月一日
347AC0000000041,法律,日本下水道事業団法,にほんげすいどうじぎょうだんほう,令和七年七月一日
347AC0000000050,法律,郵便切手類模造等取締法,ゆうびんきってるいもぞうとうとりしまりほう,令和七年六月一日
347AC0000000052,法律,公害等調整委員会設置法,こうがいとうちょうせいいいんかいせっちほう,令和七年六月一日
347AC0000000057,法律,労働安全衛生法,ろうどうあんぜんえいせいほう,令和十年五月十三日
347AC0000000066,法律,公有地の拡大の推進に関する法律,こうゆうちのかくだいのすいしんにかんするほうりつ,令和八年四月一日
347AC0000000085,法律,自然環境保全法,しぜんかんきょうほぜんほう,令和七年六月一日
347AC0000000086,法律,新都市基盤整備法,しんとしきばんせいびほう,令和八年五月二十五日
347AC0000000088,法律,熱供給事業法,ねつきょうきゅうじぎょうほう,令和七年六月一日
347AC0000000105,法律,石油パイプライン事業法,せきゆぱいぷらいんじぎょうほう,令和七年六月一日
347AC0000000113,法律,雇用の分野における男女の均等な機会及び待遇の確保等に関する法律,こようのぶんやにおけるだんじょのきんとうなきかいおよびたいぐうのかくほとうにかんするほうりつ,令和八年十月一日
347AC0000000115,法律,海上交通安全法,かいじょうこうつうあんぜんほう,令和七年六月一日
347AC0000000117,法律,警備業法,けいびぎょうほう,令和七年六月一日
347AC1000000017,法律,火炎びんの使用等の処罰に関する法律,かえんびんのしようとうのしょばつにかんするほうりつ,令和七年六月一日
347AC1000000107,法律,飛鳥地方における歴史的風土及び文化財の保存等に必要な資金に充てるための寄附金つき郵便葉書等の発行の特例に関する法律,あすかちほうにおけるれきしてきふうどおよびぶんかざいのほぞんとうにひつようなしきんにあてるためのきふきんつきゆうびんはがきとうのはっこうのとくれいにかんするほうりつ,平成二十三年七月十四日
347AC1000000129,法律,都市モノレールの整備の促進に関する法律,としものれーるのせいびのそくしんにかんするほうりつ,平成二十三年八月三十日
347AC1000000132,法律,防災のための集団移転促進事業に係る国の財政上の特別措置等に関する法律,ぼうさいのためのしゅうだんいてんそくしんじぎょうにかかるくにのざいせいじょうのとくべつそちとうにかんするほうりつ,令和三年十一月一日
347CO0000000027,政令,新幹線鉄道における列車運行の安全を妨げる行為の処罰に関する特例法の規定を適用する新幹線鉄道の区間及び日を定める政令,しんかんせんてつどうにおけるれっしゃうんこうのあんぜんをさまたげるこういのしょばつにかんするとくれいほうのきていをてきようするしんかんせんてつどうのくかんおよびひをさだめるせいれい,令和六年三月一日
347CO0000000046,政令,労働保険の保険料の徴収等に関する法律施行令,ろうどうほけんのほけんりょうのちょうしゅうとうにかんするほうりつせこうれい,令和二年九月一日
347CO0000000047,政令,失業保険法及び労働者災害補償保険法の一部を改正する法律及び労働保険の保険料の徴収等に関する法律の施行に伴う関係政令の整備等に関する政令,しつぎょうほけんほうおよびろうどうしゃさいがいほしょうほけんほうのいちぶをかいせいするほうりつおよびろうどうほけんのほけんりょうのちょうしゅうとうにかんするほうりつのしこうにともなうかんけいせいれいのせいびとうにかんするせいれい,平成二十二年一月一日
347CO0000000057,政令,航空機燃料税法施行令,こうくうきねんりょうぜいほうしこうれい,令和七年四月一日
347CO0000000059,政令,警察法の一部を改正する法律の施行に伴う道公安委員会の組織等の特例に関する政令,けいさつほうのいちぶをかいせいするほうりつのしこうにともなうみちこうあんいいんかいのそしきとうのとくれいにかんするせいれい,昭和四十七年三月三十一日
347CO0000000091,政令,沖縄の復帰に伴う総務庁関係法令の適用の特別措置等に関する政令,おきなわのふっきにともなうそうむちょうかんけいほうれいのてきようのとくべつそちとうにかんするせいれい,昭和六十年七月十二日
347CO0000000093,政令,沖縄の復帰に伴う鉱業等に係る土地利用の調整手続等に関する法律の適用の特別措置に関する政令,おきなわのふっきにともなうこうぎょうとうにかかるとちりようのちょうせいてつづきとうにかんするほうりつのてきようのとくべつそちにかんするせいれい,昭和四十七年六月二十六日
347CO0000000095,政令,沖縄の復帰に伴う法務省関係法令の適用の特別措置等に関する政令,おきなわのふっきにともなうほうむしょうかんけいほうれいのてきようのとくべつそちとうにかんするせいれい,令和七年六月一日
347CO0000000098,政令,沖縄の復帰に伴う公務員等共済組合等の権利義務の承継等に関する政令,おきなわのふっきにともなうこうむいんとうきょうさいくみあいとうのけんりぎむのしょうけいとうにかんするせいれい,昭和四十七年四月二十七日
347CO0000000099,政令,沖縄の復帰に伴う警察庁関係法令の適用の特別措置等に関する政令,おきなわのふっきにともなうけいさつちょうかんけいほうれいのてきようのとくべつそちとうにかんするせいれい,令和七年六月一日
347CO0000000101,政令,沖縄の復帰に伴う経済企画庁関係法令の適用の特別措置に関する政令,おきなわのふっきにともなうけいざいきかくちょうかんけいほうれいのてきようのとくべつそちにかんするせいれい,昭和四十七年四月二十八日
347CO0000000102,政令,沖縄の復帰に伴う科学技術庁関係法令の適用の経過措置に関する政令,おきなわのふっきにともなうかがくぎじゅつちょうかんけいほうれいのてきようのけいかそちにかんするせいれい,昭和五十八年十二月二十三日
347CO0000000103,政令,沖縄の復帰に伴う環境庁関係法令の適用の特別措置に関する政令,おきなわのふっきにともなうかんきょうちょうかんけいほうれいのてきようのとくべつそちにかんするせいれい,昭和四十七年四月二十八日
347CO0000000104,政令,沖縄の復帰に伴う外務省関係法令の適用の経過措置に関する政令,おきなわのふっきにともなうがいむしょうかんけいほうれいのてきようのけいかそちにかんするせいれい,昭和四十七年四月二十八日
347CO0000000106,政令,沖縄の復帰に伴う文部省関係法令の適用の特別措置等に関する政令,おきなわのふっきにともなうもんぶしょうかんけいほうれいのてきようのとくべつそちとうにかんするせいれい,令和七年六月一日
347CO0000000108,政令,沖縄の復帰に伴う厚生省関係法令の適用の特別措置等に関する政令,おきなわのふっきにともなうこうせいしょうかんけいほうれいのてきようのとくべつそちとうにかんするせいれい,令和八年四月一日
347CO0000000110,政令,沖縄の復帰に伴う通商産業省関係法令の適用の特別措置等に関する政令,おきなわのふっきにともなうつうしょうさんぎょうしょうかんけいほうれいのてきようのとくべつそちとうにかんするせいれい,平成十四年一月一日
347CO0000000112,政令,沖縄の復帰に伴う運輸省関係法令の適用の特別措置等に関する政令,おきなわのふっきにともなううんゆしょうかんけいほうれいのてきようのとくべつそちとうにかんするせいれい,平成二十一年四月一日
347CO0000000115,政令,沖縄の復帰に伴う建設省関係法令の適用の特別措置等に関する政令,おきなわのふっきにともなうけんせつしょうかんけいほうれいのてきようのとくべつそちとうにかんするせいれい,令和二年三月一日
347CO0000000149,政令,沖縄の復帰に伴う琉球政府の権利義務の承継等に関する政令,おきなわのふっきにともなうりゅうきゅうせいふのけんりぎむのしょうけいとうにかんするせいれい,昭和四十七年五月十三日
347CO0000000150,政令,沖縄の復帰に伴う国税関係以外の大蔵省関係法令の適用の特別措置等に関する政令,おきなわのふっきにともなうこくぜいかんけいいがいのおおくらしょうかんけいほうれいのてきようのとくべつそちとうにかんするせいれい,令和七年十二月三十一日
347CO0000000151,政令,沖縄の復帰に伴う国税関係法令の適用の特別措置等に関する政令,おきなわのふっきにともなうこくぜいかんけいほうれいのてきようのとくべつそちとうにかんするせいれい,令和十四年五月十五日
347CO0000000153,政令,沖縄の復帰に伴う郵政省関係法令の適用の特別措置等に関する政令,おきなわのふっきにともなうゆうせいしょうかんけいほうれいのてきようのとくべつそちとうにかんするせいれい,平成二十三年六月三十日
347CO0000000156,政令,沖縄の復帰に伴う労働省関係法令の適用の特別措置等に関する政令,おきなわのふっきにともなうろうどうしょうかんけいほうれいのてきようのとくべつそちとうにかんするせいれい,令和七年六月一日
347CO0000000158,政令,沖縄の復帰に伴う農林水産省関係法令の適用の特別措置等に関する政令,おきなわのふっきにともなうのうりんすいさんしょうかんけいほうれいのてきようのとくべつそちとうにかんするせいれい,令和七年六月一日
347CO0000000160,政令,沖縄の復帰に伴う地方税関係以外の自治省関係法令の適用の特別措置等に関する政令,おきなわのふっきにともなうちほうぜいかんけいいがいのじちしょうかんけいほうれいのてきようのとくべつそちとうにかんするせいれい,昭和五十年四月三十日
347CO0000000161,政令,沖縄の復帰に伴う地方税法の適用の特別措置等に関する政令,おきなわのふっきにともなうちほうぜいほうのてきようのとくべつそちとうにかんするせいれい,平成十三年一月六日
347CO0000000167,政令,航空機燃料譲与税法施行令,こうくうきねんりょうじょうよぜいほうしこうれい,平成二十六年三月十二日
347CO0000000169,政令,沖縄弁護士に関する政令,おきなわべんごしにかんするせいれい,令和七年六月一日
347CO0000000176,政令,沖縄の復帰に伴う国家公務員退職手当法の適用の特別措置等に関する政令,おきなわのふっきにともなうこっかこうむいんたいしょくてあてほうのてきようのとくべつそちとうにかんするせいれい,平成二十六年五月三十日
347CO0000000183,政令,内閣府において経費の配分計画に関する事務を行う事業等を定める政令,ないかくふにおいてけいひのはいぶんけいかくにかんするじむをおこなうじぎょうとうをさだめるせいれい,令和六年四月一日
347CO0000000186,政令,沖縄振興開発金融公庫法施行令,おきなわしんこうかいはつきんゆうこうこほうせこうれい,令和七年十月一日
347CO0000000187,政令,沖縄の復帰に伴う防衛庁関係法令の適用の特別措置に関する政令,おきなわのふっきにともなうぼうえいちょうかんけいほうれいのてきようのとくべつそちにかんするせいれい,平成六年九月一日
347CO0000000198,政令,沖縄の復帰に伴う国家公務員等の懲戒免除に関する政令,おきなわのふっきにともなうこっかこうむいんとうのちょうかいめんじょにかんするせいれい,昭和四十七年五月十八日
347CO0000000199,政令,沖縄の復帰に伴う予算執行職員等の弁償責任に基づく債務の免除に関する政令,おきなわのふっきにともなうよさんしっこうしょくいんとうのべんしょうせきにんにもとづくさいむのめんじょにかんするせいれい,昭和四十七年五月十八日
347CO0000000207,政令,悪臭防止法施行令,あくしゅうぼうしほうしこうれい,平成二十四年四月一日
347CO0000000232,政令,たばこ耕作組合法施行令,たばここうさくくみあいほうしこうれい,平成二十年十二月一日
347CO0000000236,政令,公害等調整委員会事務局組織令,こうがいとうちょうせいいいんかいじむきょくそしきれい,平成二十一年四月一日
347CO0000000284,政令,公有地の拡大の推進に関する法律施行令,こうゆうちのかくだいのすいしんにかんするほうりつしこうれい,令和七年十月一日
347CO0000000286,政令,日本下水道事業団法施行令,にほんげすいどうじぎょうだんほうせこうれい,令和七年四月一日
347CO0000000318,政令,労働安全衛生法施行令,ろうどうあんぜんえいせいほうしこうれい,令和十年四月一日
347CO0000000333,政令,飛鳥地方における歴史的風土及び文化財の保存等に必要な資金に充てるための寄附金つき郵便葉書等の発行の特例に関する法律第二条の事業を定める政令,あすかちほうにおけるれきしてきふうどおよびぶんかざいのほぞんとうにひつようなしきんにあてるためのきふきんつきゆうびんはがきとうのはっこうのとくれいにかんするほうりつだいにじょうのじぎょうをさだめるせいれい,平成十七年四月一日
347CO0000000345,政令,労働安全衛生法関係手数料令,ろうどうあんぜんえいせいほうかんけいてすうりょうれい,令和八年四月一日
347CO0000000385,政令,質屋営業法に規定する道公安委員会の権限の方面公安委員会への委任に関する政令,しちやえいぎょうほうにきていするみちこうあんいいんかいのけんげんのほうめんこうあんいいんかいへのいにんにかんするせいれい,平成十二年四月一日
347CO0000000420,政令,熱供給事業法施行令,ねつきょうきゅうじぎょうほうせこうれい,令和四年四月一日
347CO0000000431,政令,新都市基盤整備法施行令,しんとしきばんせいびほうしこうれい,令和六年四月一日
347CO0000000432,政令,防災のための集団移転促進事業に係る国の財政上の特別措置等に関する法律施行令,ぼうさいのためのしゅうだんいてんそくしんじぎょうにかかるくにのざいせいじょうのとくべつそちとうにかんするほうりつせこうれい,令和八年四月一日
347CO0000000437,政令,石油パイプライン事業法施行令,せきゆぱいぷらいんじぎょうほうしこうれい,令和六年四月一日
347M50000002035,府省令,沖縄の復帰に伴う琉球政府の権利義務の承継に関する内閣府令,おきなわのふっきにともなうりゅうきゅうせいふのけんりぎむのしょうけいにかんするないかくふれい,平成十三年一月六日
347M50000002039,府省令,悪臭防止法施行規則,あくしゅうぼうしほうしこうきそく,令和六年四月一日
347M50000002040,府省令,沖縄の復帰に伴う国家公務員退職手当法の適用の特別措置等に関する内閣官房令,おきなわのふっきにともなうこっかこうむいんたいしょくてあてほうのてきようのとくべつそちとうにかんするないかくかんぼうれい,平成二十六年五月三十日
347M50000002047,府省令,公害紛争処理法施行規則,こうがいふんそうしょりほうしこうきそく,令和四年十一月一日
347M50000002060,府省令,恩給法等の一部を改正する法律附則第十六条及び第十八条の規定に基づく裁定庁に対する申出に関する総理府令,おんきゅうほうとうのいちぶをかいせいするほうりつふそくだいじゅうろくじょうおよびだいじゅうはちじょうのきていにもとづくさいていちょうにたいするもうしでにかんするそうりふれい,昭和四十七年九月三十日
347M50000002066,府省令,農用地土壌汚染対策地域の指定要件に係る銅の量の検定の方法を定める省令,のうようちどじょうおせんたいさくちいきのしていようけんにかかるどうのりょうのけんていのほうほうをさだめるしょうれい,令和二年三月三十日
347M50000008013,府省令,沖縄の復帰に伴う地方税法等の適用の特別措置等に関する省令,おきなわのふっきにともなうちほうぜいほうとうのてきようのとくべつそちとうにかんするしょうれい,平成十三年一月六日
347M50000008026,府省令,航空機燃料譲与税法施行規則,こうくうきねんりょうじょうよぜいほうしこうきそく,令和七年九月五日
347M50000008028,府省令,防災のための集団移転促進事業に係る国の財政上の特別措置等に関する法律施行規則,ぼうさいのためのしゅうだんいてんそくしんじぎょうにかかるくにのざいせいじょうのとくべつそちとうにかんするほうりつせこうきそく,令和三年十一月一日
347M50000040017,府省令,労働保険の保険料の徴収等に関する法律に基づく労働保険料等の納付手続の特例に関する省令,ろうどうほけんのほけんりょうのちょうしゅうとうにかんするほうりつにもとづくろうどうほけんりょうとうののうふてつづきのとくれいにかんするしょうれい,令和三年一月一日
347M50000040023,府省令,酒類用粗留アルコール等の関税割当制度に関する省令,しゅるいようそりゅうあるこーるとうのかんぜいわりあてせいどにかんするしょうれい,平成十三年一月六日
347M50000040026,府省令,外国債等の発行者の内容等の開示に関する内閣府令,がいこくさいとうのはっこうしゃのないようとうのかいじにかんするないかくふれい,令和七年五月一日
347M50000040042,府省令,沖縄の復帰に伴う国税関係法令の適用の特別措置等に関する省令,おきなわのふっきにともなうこくぜいかんけいほうれいのてきようのとくべつそちとうにかんするしょうれい,令和十四年五月十五日
347M50000040044,府省令,沖繩の復帰に伴う国税関係以外の大蔵省関係法令の適用の特別措置等に関する省令,おきなわのふっきにともなうこくぜいかんけいいがいのおおくらしょうかんけいほうれいのてきようのとくべつそちとうにかんするしょうれい,昭和四十九年七月十一日
347M50000042001,府省令,沖縄振興開発金融公庫法施行規則,おきなわしんこうかいはつきんゆうこうこほうせこうきそく,令和四年四月一日
347M50000080028,府省令,沖縄の復帰に伴う文部省関係省令の適用の特別措置等に関する省令,おきなわのふっきにともなうもんぶしょうかんけいしょうれいのてきようのとくべつそちとうにかんするしょうれい,令和五年四月一日
347M50000100006,府省令,国民年金の事務費交付金の算定に関する省令,こくみんねんきんのじむひこうふきんのさんていにかんするしょうれい,令和八年三月六日
347M50000100011,府省令,国民健康保険の事務費負担金等の交付額等の算定に関する省令,こくみんけんこうほけんのじむひふたんきんとうのこうふがくとうのさんていにかんするしょうれい,令和八年四月一日
347M50000100022,府省令,沖縄の復帰に伴う厚生省関係の特例に関する省令,おきなわのふっきにともなうこうせいしょうかんけいのとくれいにかんするしょうれい,令和六年四月一日
347M50000100027,府省令,家庭用品に含まれる劇物の定量方法及び容器又は被包の試験方法を定める省令,かていようひんにふくまれるげきぶつのていりょうほうほうおよびようきまたはひほうのしけんほうほうをさだめるしょうれい,令和元年七月一日
347M50000180002,府省令,柔道整復師学校養成施設指定規則,じゅうどうせいふくしがっこうようせいしせつしていきそく,令和四年十月一日
347M50000400050,府省令,沖縄の復帰に伴う公害保安関係法令の適用の特別措置等に関する省令,おきなわのふっきにともなうこうがいほあんかんけいほうれいのてきようのとくべつそちとうにかんするしょうれい,昭和四十七年五月十三日
347M50000400054,府省令,沖縄の復帰に伴う鉱業関係法令の適用の特別措置等に関する省令,おきなわのふっきにともなうこうぎょうかんけいほうれいのてきようのとくべつそちとうにかんするしょうれい,昭和四十七年五月十三日
347M50000400055,府省令,沖縄の復帰に伴う公益事業関係法令の適用の特別措置等に関する省令,おきなわのふっきにともなうこうえきじぎょうかんけいほうれいのてきようのとくべつそちとうにかんするしょうれい,昭和四十七年五月十三日
347M50000400143,府省令,熱供給事業法施行規則,ねつきょうきゅうじぎょうほうしこうきそく,令和二年十二月二十八日
347M50000400144,府省令,熱供給事業会計規則,ねつきょうきゅうじぎょうかいけいきそく,平成二十八年四月一日
347M50000400145,府省令,熱供給施設の技術上の基準を定める省令,ねつきょうきゅうしせつのぎじゅつじょうのきじゅんをさだめるしょうれい,平成十年六月一日
347M50000800028,府省令,特別会計に関する法律施行令附則第八十九条の七の気象その他の条件を定める省令,とくべつかいけいにかんするほうりつしこうれいふそくだいはちじゅううきゅうじょうのななのきしょうそのたのじょうけんをさだめるしょうれい,平成二十六年四月一日
347M50000800030,府省令,沖縄の復帰に伴う運輸省令の適用の特別措置等に関する省令,おきなわのふっきにともなううんゆしょうれいのてきようのとくべつそちとうにかんするしょうれい,平成十五年七月七日
347M50000800050,府省令,船舶の通常の活動に伴い生ずる汚水であつて海洋において処分することができるものの水質の基準を定める省令,せんぱくのつうじょうのかつどうにともないしょうずるおすいであつてかいようにおいてしょぶんすることができるもののすいしつのきじゅんをさだめるしょうれい,令和元年七月一日
347M50000800052,府省令,軽自動車検査協会に関する省令,けいじどうしゃけんさきょうかいにかんするしょうれい,令和六年十月一日
347M50000800053,府省令,軽自動車検査協会の財務及び会計に関する省令,けいじどうしゃけんさきょうかいのざいむおよびかいけいにかんするしょうれい,平成十三年一月六日
347M50000802001,府省令,沖縄総合事務局地方交通審議会規則,おきなわそうごうじむきょくちほうこうつうしんぎかいきそく,平成二十七年七月一日
347M50000802002,府省令,船舶に設置する軽水減速加圧軽水冷却型原子炉であつて研究開発段階にあるものの運転計画に関する規則,せんぱくにせっちするけいすいげんそくかあつけいすいれいきゃくがたげんしろであつてけんきゅうかいはつだんかいにあるもののうんてんけいかくにかんするきそく,令和元年七月一日
347M50000C00005,府省令,石油パイプライン事業の業務の監督に関する省令,せきゆぱいぷらいんじぎょうのぎょうむのかんとくにかんするしょうれい,令和二年十二月二十八日
347M50000C08001,府省令,石油パイプライン事業の事業用施設の保安に関する省令,せきゆぱいぷらいんじぎょうのじぎょうようしせつのほあんにかんするしょうれい,令和二年十二月二十八日
347M50001000015,府省令,沖縄の復帰に伴う郵政省関係法令の適用の特別措置等に関する省令,おきなわのふっきにともなうゆうせいしょうかんけいほうれいのてきようのとくべつそちとうにかんするしょうれい,令和元年七月一日
347M50001000031,府省令,郵便切手類模造等の許可に関する省令,ゆうびんきってるいもぞうとうのきょかにかんするしょうれい,令和二年十二月二十五日
347M500010CA001,府省令,沖縄の復帰に伴う公務員等共済組合等の権利義務の承継等に関する命令,おきなわのふっきにともなうこうむいんとうきょうさいくみあいとうのけんりぎむのしょうけいとうにかんするめいれい,昭和四十七年五月十五日
347M50002000008,府省令,労働保険の保険料の徴収等に関する法律施行規則,ろうどうほけんのほけんりょうのちょうしゅうとうにかんするほうりつしこうきそく,令和七年四月一日
347M50002000009,府省令,失業保険法及び労働者災害補償保険法の一部を改正する法律及び労働保険の保険料の徴収等に関する法律の施行に伴う労働省令の整備等に関する省令,しつぎょうほけんほうおよびろうどうしゃさいがいほしょうほけんほうのいちぶをかいせいするほうりつおよびろうどうほけんのほけんりょうのちょうしゅうとうにかんするほうりつのしこうにともなうろうどうしょうれいのせいびとうにかんするしょうれい,令和七年三月四日
347M50002000018,府省令,沖縄の復帰に伴う労働省令等の適用の特別措置等に関する省令,おきなわのふっきにともなうろうどうしょうれいとうのてきようのとくべつそちとうにかんするしょうれい,昭和六十一年一月二十七日
347M50002000032,府省令,労働安全衛生規則,ろうどうあんぜんえいせいきそく,令和十年四月一日
347M50002000033,府省令,ボイラー及び圧力容器安全規則,ぼいらーおよびあつりょくようきあんぜんきそく,令和八年四月一日
347M50002000034,府省令,クレーン等安全規則,くれーんとうあんぜんきそく,令和八年四月一日
347M50002000035,府省令,ゴンドラ安全規則,ごんどらあんぜんきそく,令和八年四月一日
347M50002000036,府省令,有機溶剤中毒予防規則,ゆうきようざいちゅうどくよぼうきそく,令和八年四月一日
347M50002000037,府省令,鉛中毒予防規則,なまりちゅうどくよぼうきそく,令和八年四月一日
347M50002000038,府省令,四アルキル鉛中毒予防規則,しあるきるなまりちゅうどくよぼうきそく,令和八年四月一日
347M50002000039,府省令,特定化学物質障害予防規則,とくていかがくぶっしつしょうがいよぼうきそく,令和八年四月一日
347M50002000040,府省令,高気圧作業安全衛生規則,こうきあつさぎょうあんぜんえいせいきそく,令和八年四月一日
347M50002000041,府省令,電離放射線障害防止規則,でんりほうしゃせんしょうがいぼうしきそく,令和八年四月一日
347M50002000042,府省令,酸素欠乏症等防止規則,さんそけつぼうしょうとうぼうしきそく,令和八年四月一日
347M50002000043,府省令,事務所衛生基準規則,じむしょえいせいきじゅんきそく,令和四年十二月一日
347M50002000044,府省令,労働安全衛生法及びこれに基づく命令に係る登録及び指定に関する省令,ろうどうあんぜんえいせいほうおよびこれにもとづくめいれいにかかるとうろくおよびしていにかんするしょうれい,令和八年四月一日
347M50002000045,府省令,機械等検定規則,きかいとうけんていきそく,令和八年四月一日
347M50002000046,府省令,産業安全専門官及び労働衛生専門官規程,さんぎょうあんぜんせんもんかんおよびろうどうえいせいせんもんかんきてい,令和元年五月七日
347M50002000047,府省令,沖縄県の区域における労働安全衛生法及びこれに基づく命令の適用の特別措置等に関する省令,おきなわけんのくいきにおけるろうどうあんぜんえいせいほうおよびこれにもとづくめいれいのてきようのとくべつそちとうにかんするしょうれい,平成十六年三月三十一日
347M50004000012,府省令,沖縄の復帰に伴う建設省令の適用の特別措置等に関する省令,おきなわのふっきにともなうけんせつしょうれいのてきようのとくべつそちとうにかんするしょうれい,昭和四十九年六月二十六日
347M50004000028,府省令,日本下水道事業団法施行規則,にほんげすいどうじぎょうだんほうしこうきそく,令和七年七月一日
347M50004008001,府省令,公有地の拡大の推進に関する法律施行規則,こうゆうちのかくだいのすいしんにかんするほうりつせこうきそく,令和三年一月一日
347M50004C00001,府省令,石油パイプライン事業法施行規則,せきゆぱいぷらいんじぎょうほうせこうきそく,令和二年十二月二十八日
347M50004C08001,府省令,石油パイプライン事業の事業用施設の工事の計画、検査等に関する省令,せきゆぱいぷらいんじぎょうのじぎょうようしせつのこうじのけいかくけんさとうにかんするしょうれい,令和二年十二月二十八日
347M50004C08002,府省令,石油パイプライン事業の事業用施設の技術上の基準を定める省令,せきゆぱいぷらいんじぎょうのじぎょうようしせつのぎじゅつじょうのきじゅんをさだめるしょうれい,令和元年八月二十七日
347M50010000030,府省令,沖縄の復帰に伴う農林水産省令の適用の特別措置等に関する省令,おきなわのふっきにともなうのうりんすいさんしょうれいのてきようのとくべつそちとうにかんするしょうれい,平成二十一年十二月十五日
347M50010000033,府省令,沖縄県の区域における製造用原料品の減免税割当制度に関する省令,おきなわけんのくいきにおけるせいぞうようげんりょうひんのげんめんぜいわりあてせいどにかんするしょうれい,平成七年四月一日
347M50010800002,府省令,沖縄の復帰に伴う漁船特殊規則及び漁船特殊規程の適用の特別措置に関する省令,おきなわのふっきにともなうぎょせんとくしゅきそくおよびぎょせんとくしゅきていのてきようのとくべつそちにかんするしょうれい,昭和四十七年五月十五日
347M50800000003,規則,公害紛争の処理手続等に関する規則,こうがいふんそうのしょりてつづきとうにかんするきそく,令和八年四月一日
347RJNJ01009000,規則,人事院規則一―九（沖縄の復帰に伴う国家公務員法等の適用の特別措置等）,じんじいんきそくいちのきゅうおきなわのふっきにともなうこっかこうむいんほうとうのてきようのとくべつそちとう,令和元年九月十四日
348AC0000000007,法律,財政融資資金の長期運用に対する特別措置に関する法律,ざいせいゆうししきんのちょうきうんようにたいするとくべつそちにかんするほうりつ,平成二十年十月一日
348AC0000000026,法律,金属鉱業等鉱害対策特別措置法,きんぞくこうぎょうとうこうがいたいさくとくべつそちほう,令和七年六月一日
348AC0000000031,法律,消費生活用製品安全法,しょうひせいかつようせいひんあんぜんほう,令和七年十二月二十五日
348AC0000000038,法律,アフリカ開発基金への参加に伴う措置に関する法律,あふりかかいはつききんへのさんかにともなうそちにかんするほうりつ,平成十年四月一日
348AC0000000048,法律,生活関連物資等の買占め及び売惜しみに対する緊急措置に関する法律,せいかつかんれんぶっしとうのかいしめおよびばいおしみにたいするきんきゅうそちにかんするほうりつ,令和七年六月一日
348AC0000000053,法律,農水産業協同組合貯金保険法,のうすいさんぎょうきょうどうくみあいちょきんほけんほう,令和十年六月十三日
348AC0000000070,法律,物品の一時輸入のための通関手帳に関する通関条約（ＡＴＡ条約）の実施に伴う関税法等の特例に関する法律,ぶっぴんのいちじゆにゅうのためのつうかんてちょうにかんするつうかんじょうやくえーてぃーえーじょうやくのじっしにともなうかんぜいほうとうのとくれいにかんするほうりつ ,平成十八年三月一日
348AC0000000072,法律,都市緑地法,としりょくちほう,令和七年六月一日
348AC0000000101,法律,中小小売商業振興法,ちゅうしょうこうりしょうぎょうしんこうほう,平成二十七年十月一日
348AC0000000102,法律,特定市街化区域農地の固定資産税の課税の適正化に伴う宅地化促進臨時措置法,とくていしがいかくいきのうちのこていしさんぜいのかぜいのてきせいかにともなうたくちかそくしんりんじそちほう,平成十三年一月六日
348AC0000000111,法律,公害健康被害の補償等に関する法律,こうがいけんこうひがいのほしょうとうにかんするほうりつ,令和七年六月一日
348AC0000000112,法律,有害物質を含有する家庭用品の規制に関する法律,ゆうがいぶっしつをがんゆうするかていようひんのきせいにかんするほうりつ,令和七年六月一日
348AC0000000113,法律,運輸安全委員会設置法,うんゆあんぜんいいんかいせっちほう,令和七年六月一日
348AC0000000117,法律,化学物質の審査及び製造等の規制に関する法律,かがくぶっしつのしんさおよびせいぞうとうのきせいにかんするほうりつ,令和七年六月一日
348AC0000000118,法律,水源地域対策特別措置法,すいげんちいきたいさくとくべつそちほう,令和四年三月三十一日
348AC0000000121,法律,国民生活安定緊急措置法,こくみんせいかつあんていきんきゅうそちほう,令和七年六月一日
348AC0000000122,法律,石油需給適正化法,せきゆじゅきゅうてきせいかほう,令和七年六月一日
348AC0100000082,法律,災害弔慰金の支給等に関する法律,さいがいちょういきんのしきゅうとうにかんするほうりつ,令和三年五月二十日
348AC1000000061,法律,活動火山対策特別措置法,かつどうかざんたいさくとくべつそちほう,令和六年四月一日
348AC1000000100,法律,水銀等による水産動植物の汚染に係る被害漁業者等に対する資金の融通に関する特別措置法,すいぎんとうによるすいさんどうしょくぶつのおせんにかかるひがいぎょぎょうものとうにたいするしきんのゆうづうにかんするとくべつそちほう,平成十一年十月一日
348AC1000000105,法律,動物の愛護及び管理に関する法律,どうぶつのあいごおよびかんりにかんするほうりつ,令和七年六月一日
348AC1000000110,法律,瀬戸内海環境保全特別措置法,せとないかいかんきょうほぜんとくべつそちほう,令和七年六月一日
348CO0000000005,政令,海上交通安全法施行令,かいじょうこうつうあんぜんほうせこうれい,令和三年七月一日
348CO0000000038,政令,自然環境保全法施行令,しぜんかんきょうほぜんほうしこうれい,令和六年十一月十八日
348CO0000000195,政令,労働保険事務組合に対する報奨金に関する政令,ろうどうほけんじむくみあいにたいするほうしょうきんにかんするせいれい,平成二十三年四月一日
348CO0000000200,政令,生活関連物資等の買占め及び売惜しみに対する緊急措置に関する法律施行令,せいかつかんれんぶっしとうのかいしめおよびばいおしみにたいするきんきゅうそちにかんするほうりつしこうれい,平成十二年四月一日
348CO0000000201,政令,農水産業協同組合貯金保険法施行令,のうすいさんぎょうきょうどうくみあいちょきんほけんほうせこうれい,令和四年四月一日
348CO0000000255,政令,道路運送車両法の一部を改正する法律の施行に伴う経過措置を定める政令,どうろうんそうしゃりょうほうのいちぶをかいせいするほうりつのしこうにともなうけいかそちをさだめるせいれい,平成十四年七月一日
348CO0000000274,政令,水銀等による水産動植物の汚染に係る被害漁業者等に対する資金の融通に関する特別措置法施行令,すいぎんとうによるすいさんどうしょくぶつのおせんにかかるひがいぎょぎょうものとうにたいするしきんのゆうづうにかんするとくべつそちほうせこうれい,平成十一年十月一日
348CO0000000281,政令,特定市街化区域農地の固定資産税の課税の適正化に伴う宅地化促進臨時措置法施行令,とくていしがいかくいきのうちのこていしさんぜいのかぜいのてきせいかにともなうたくちかそくしんりんじそちほうしこうれい,平成十三年十月一日
348CO0000000286,政令,中小小売商業振興法施行令,ちゅうしょうこうりしょうぎょうしんこうほうしこうれい,令和六年三月十五日
348CO0000000317,政令,物品の一時輸入のための通関手帳に関する通関条約（ＡＴＡ条約）の実施に伴う関税法等の特例に関する法律施行令,ぶっぴんのいちじゆにゅうのためのつうかんてちょうにかんするつうかんじょうやくえーてぃーえーじょうやくのじっしにともなうかんぜいほうとうのとくれいにかんするほうりつしこうれい,平成十三年一月六日
348CO0000000327,政令,瀬戸内海環境保全特別措置法施行令,せとないかいかんきょうほぜんとくべつそちほうしこうれい,令和四年四月一日
348CO0000000334,政令,覚醒剤取締法施行令,かくせいざいとりしまりほうしこうれい,令和二年四月一日
348CO0000000374,政令,災害弔慰金の支給等に関する法律施行令,さいがいちょういきんのしきゅうとうにかんするほうりつしこうれい,令和七年四月二十五日
348CO0000000377,政令,運輸安全委員会設置法施行令,うんゆあんぜんいいんかいせっちほうしこうれい,令和二年六月十八日
348M50000002005,府省令,金属等を含む産業廃棄物に係る判定基準を定める省令,きんぞくとうをふくむさんぎょうはいきぶつにかかるはんていきじゅんをさだめるしょうれい,平成二十九年十月一日
348M50000002006,府省令,海洋汚染等及び海上災害の防止に関する法律施行令第五条第一項に規定する埋立場所等に排出しようとする金属等を含む廃棄物に係る判定基準を定める省令,かいようおせんとうおよびかいじょうさいがいのぼうしにかんするほうりつしこうれいだいごじょうだいいっこうにきていするうめたてばしょとうにはいしゅつしようとするきんぞくとうをふくむはいきぶつにかかるはんていきじゅんをさだめるしょうれい,令和七年十月一日
348M50000002041,府省令,恩給法等の一部を改正する法律附則第三条の仮定俸給年額を定める総理府令,おんきゅうほうとうのいちぶをかいせいするほうりつふそくだいさんじょうのかていほうきゅうねんがくをさだめるそうりふれい,昭和四十八年七月二十四日
348M50000002061,府省令,瀬戸内海環境保全特別措置法施行規則,せとないかいかんきょうほぜんとくべつそちほうしこうきそく,令和四年四月一日
348M50000002062,府省令,自然環境保全法施行規則,しぜんかんきょうほぜんほうしこうきそく,令和七年四月一日
348M50000002065,府省令,防衛医科大学校の編制等に関する省令,ぼうえいいかだいがくこうのへんせいとうにかんするしょうれい,令和七年四月一日
348M50000008026,府省令,昭和四十二年度以後における地方公務員等共済組合法の年金の額の改定等に関する法律施行規則,しょうわよんじゅうにねんどいごにおけるちほうこうむいんとうきょうさいくみあいほうのねんきんのがくのかいていとうにかんするほうりつせこうきそく,平成二十三年六月一日
348M50000010022,府省令,保護区及び保護区ごとの保護司の定数に関する規則,ほごくおよびほごくごとのほごしのていすうにかんするきそく,平成二十八年四月一日
348M50000020006,府省令,子女教育手当の支給に関する規則,しじょきょういくてあてのしきゅうにかんするきそく,令和八年四月一日
348M50000040005,府省令,企業内容等の開示に関する内閣府令,きぎょうないようとうのかいじにかんするないかくふれい,令和八年五月一日
348M50000040039,府省令,アフリカ開発基金への参加に伴う国債の発行等に関する省令,あふりかかいはつききんへのさんかにともなうこくさいのはっこうとうにかんするしょうれい,平成十五年三月二十八日
348M50000040047,府省令,昭和四十二年度以後における国家公務員等共済組合等からの年金の額の改定に関する法律第一条の六に規定する仮定俸給の額等を定める省令,しょうわよんじゅうにねんどいごにおけるこっかこうむいんとうきょうさいくみあいとうからのねんきんのがくのかいていにかんするほうりつだいいちじょうのろくにきていするかていほうきゅうのがくとうをさだめるしょうれい,昭和五十九年三月十七日
348M50000040053,府省令,物品の一時輸入のための通関手帳に関する通関条約（ＡＴＡ条約）の実施に伴う関税法等の特例に関する法律施行規則,ぶっぴんのいちじゆにゅうのためのつうかんてちょうにかんするつうかんじょうやくえーてぃーえーじょうやくのじっしにともなうかんぜいほうとうのとくれいにかんするほうりつしこうきそく,平成十七年三月七日
348M50000080017,府省令,教員資格認定試験規程,きょういんしかくにんていしけんきてい,令和五年十二月五日
348M50000400060,府省令,金属鉱業等鉱害対策特別措置法施行規則,きんぞくこうぎょうとうこうがいたいさくとくべつそちほうしこうきそく,令和五年四月一日
348M50000400100,府省令,中小小売商業振興法施行規則,ちゅうしょうこうりしょうぎょうしんこうほうせこうきそく,令和四年四月一日
348M50000400123,府省令,既存化学物質名簿に関する省令,きぞんかがくぶっしつめいぼにかんするしょうれい,昭和四十八年十二月五日
348M50000800009,府省令,海上交通安全法施行規則,かいじょうこうつうあんぜんほうしこうきそく,令和五年五月一日
348M50000800021,府省令,船員電離放射線障害防止規則,せんいんでんりほうしゃせんしょうがいぼうしきそく,令和三年四月一日
348M50000800049,府省令,船舶安全法の規定に基づく事業場の認定に関する規則,せんぱくあんぜんほうのきていにもとづくじぎょうばのにんていにかんするきそく,令和八年一月十五日
348M50000800050,府省令,船舶等型式承認規則,せんぱくとうかたしきしょうにんきそく,令和八年一月一日
348M50000800051,府省令,小型船舶検査機構に関する省令,こがたせんぱくけんさきこうにかんするしょうれい,令和三年十一月二十日
348M50000800052,府省令,小型船舶検査機構の財務及び会計に関する省令,こがたせんぱくけんさきこうのざいむおよびかいけいにかんするしょうれい,平成十七年五月十九日
348M50002000003,府省令,労働安全コンサルタント及び労働衛生コンサルタント規則,ろうどうあんぜんこんさるたんとおよびろうどうえいせいこんさるたんときそく,令和七年六月一日
348M50002000023,府省令,労働保険事務組合に対する報奨金に関する省令,ろうどうほけんじむくみあいにたいするほうしょうきんにかんするしょうれい,令和七年十月十日
348M50004000017,府省令,特定市街化区域農地の固定資産税の課税の適正化に伴う宅地化促進臨時措置法施行規則,とくていしがいかくいきのうちのこていしさんぜいのかぜいのてきせいかにともなうたくちかそくしんりんじそちほうしこうきそく,昭和四十八年九月二十九日
348M50004010002,府省令,宅地建物取引業保証協会弁済業務保証金規則,たくちたてものとりひきぎょうほしょうきょうかいべんさいぎょうむほしょうきんきそく,令和四年九月一日
348M50010002001,府省令,防災営農施設整備計画等に関する命令,ぼうさいえいのうしせつせいびけいかくとうにかんするめいれい,平成二十七年十二月十日
348M50010040001,府省令,農水産業協同組合貯金保険法施行規則,のうすいさんぎょうきょうどうくみあいちょきんほけんほうせこうきそく,令和七年四月一日
348M50010D40002,府省令,電子計算機利用経営管理計画及び連鎖化事業計画認定規則,でんしけいさんきりようけいえいかんりけいかくおよびれんさかじぎょうけいかくにんていきそく,平成十八年五月一日
348RJNJ10004000,規則,人事院規則一〇―四（職員の保健及び安全保持）,じんじいんきそくじゅうのよんしょくいんのほけんおよびあんぜんほじ,令和七年四月一日
348RJNJ10007000,規則,人事院規則一〇―七（女子職員及び年少職員の健康、安全及び福祉）,じんじいんきそくじゅうのななじょししょくいんおよびねんしょうしょくいんのけんこうあんぜんおよびふくし,令和七年四月一日
348RJNJ16000000,規則,人事院規則一六―〇（職員の災害補償）,じんじいんきそくじゅうろくのぜろしょくいんのさいがいほしょう,令和八年四月一日
348RJNJ16002000,規則,人事院規則一六―二（在外公館に勤務する職員、船員である職員等に係る災害補償の特例）,じんじいんきそくじゅうろくのにざいがいこうかんにきんむするしょくいんせんいんであるしょくいんとうにかかるさいがいほしょうのとくれい,令和八年四月一日
348RJNJ16003000,規則,人事院規則一六―三（災害を受けた職員の福祉事業）,じんじいんきそくじゅうろくのさんさいがいをうけたしょくいんのふくしじぎょう,令和八年四月一日
348RJNJ16004000,規則,人事院規則一六―四（補償及び福祉事業の実施）,じんじいんきそくじゅうろくのよんほしょうおよびふくしじぎょうのじっし,令和八年四月一日
349AC0000000002,法律,学校教育の水準の維持向上のための義務教育諸学校の教育職員の人材確保に関する特別措置法,がっこうきょういくのすいじゅんのいじこうじょうのためのぎむきょういくしょがっこうのきょういくしょくいんのじんざいかくほにかんするとくべつそちほう,平成二十八年四月一日
349AC0000000049,法律,沿岸漁場整備開発法,えんがんぎょじょうせいびかいはつほう,令和六年四月一日
349AC0000000068,法律,生産緑地法,せいさんりょくちほう,令和七年六月一日
349AC0000000078,法律,発電用施設周辺地域整備法,はつでんようしせつしゅうへんちいきせいびほう,平成二十七年十月一日
349AC0000000079,法律,電源開発促進税法,でんげんかいはつそくしんぜいほう,令和七年六月一日
349AC0000000087,法律,航空の危険を生じさせる行為等の処罰に関する法律,こうくうのきけんをしょうじさせるこういとうのしょばつにかんするほうりつ,令和七年六月一日
349AC0000000101,法律,防衛施設周辺の生活環境の整備等に関する法律,ぼうえいしせつしゅうへんのせいかつかんきょうのせいびとうにかんするほうりつ,平成二十八年四月一日
349AC0000000116,法律,雇用保険法,こようほけんほう,令和十年十月一日
349AC1000000057,法律,伝統的工芸品産業の振興に関する法律,でんとうてきこうげいひんさんぎょうのしんこうにかんするほうりつ,平成二十五年六月十四日
349AC1000000092,法律,国土利用計画法,こくどりようけいかくほう,令和七年六月一日
349CO0000000003,政令,都市緑地法施行令,としりょくちほうしこうれい,令和六年十一月八日
349CO0000000004,政令,国民生活安定緊急措置法施行令,こくみんせいかつあんていきんきゅうそちほうせこうれい,令和八年一月二十二日
349CO0000000015,政令,石油需給適正化法施行令,せきゆじゅきゅうてきせいかほうしこうれい,昭和四十九年四月二十四日
349CO0000000027,政令,水源地域対策特別措置法施行令,すいげんちいきたいさくとくべつそちほうしこうれい,令和二年十二月九日
349CO0000000029,政令,工場立地法施行令,こうじょうりっちほうせこうれい,平成二十四年六月一日
349CO0000000048,政令,消費生活用製品安全法施行令,しょうひせいかつようせいひんあんぜんほうしこうれい,令和七年十二月二十五日
349CO0000000069,政令,周辺整備空港指定令,しゅうへんせいびくうこうしていれい,昭和五十一年六月十一日
349CO0000000101,政令,化学物質審議会令,かがくぶっしつしんぎかいれい,令和六年七月一日
349CO0000000177,政令,伝統的工芸品産業の振興に関する法律施行令,でんとうてきこうげいひんさんぎょうのしんこうにかんするほうりつしこうれい,平成十三年四月十八日
349CO0000000179,政令,在外公館に勤務する外務公務員の在勤基本手当の額、在外住居手当に係る控除額及び限度額並びに子女教育手当に係る自己負担額を定める政令,ざいがいこうかんにきんむするがいむこうむいんのざいきんきほんてあてのがくじゅうきょてあてにかかるこうじょがくおよびげんどがくならびにしじょきょういくてあてにかかるじこふたんがくをさだめるせいれい,令和八年四月一日
349CO0000000202,政令,化学物質の審査及び製造等の規制に関する法律施行令,かがくぶっしつのしんさおよびせいぞうとうのきせいにかんするほうりつしこうれい,令和八年六月十七日
349CO0000000219,政令,市町村立学校職員給与負担法附則第三項の規定に基づき学校栄養職員の範囲を定める政令,しちょうそんりつがっこうしょくいんきゅうよふたんほうふそくだいさんこうのきていにもとづきがっこうえいようしょくいんのはんいをさだめるせいれい,昭和四十九年六月二十二日
349CO0000000228,政令,防衛施設周辺の生活環境の整備等に関する法律施行令,ぼうえいしせつしゅうへんのせいかつかんきょうのせいびとうにかんするほうりつしこうれい,令和七年十月一日
349CO0000000258,政令,船舶安全法第三十二条の漁船の範囲を定める政令,せんぱくあんぜんほうだいさんじゅうにじょうのぎょせんのはんいをさだめるせいれい,昭和五十三年六月二十日
349CO0000000273,政令,水源地域対策特別措置法第二条第二項のダム、同条第三項の湖沼水位調節施設及び同法第九条第一項の指定ダムを指定する政令,すいげんちいきたいさくとくべつそちほうだいにじょうだいにこうのだむどうじょうだいさんこうのこしょうすいいちょうせつしせつおよびどうほうだいくじょうだいいっこうのしていだむをしていするせいれい,令和五年三月二十三日
349CO0000000285,政令,生産緑地法施行令,せいさんりょくちほうしこうれい,令和七年五月一日
349CO0000000293,政令,発電用施設周辺地域整備法施行令,はつでんようしせつしゅうへんちいきせいびほうせこうれい,平成二十八年四月一日
349CO0000000295,政令,公害健康被害の補償等に関する法律施行令,こうがいけんこうひがいのほしょうとうにかんするほうりつしこうれい,令和八年四月一日
349CO0000000308,政令,昭和四十四年度以後における私立学校教職員共済組合からの年金の額の改定に関する法律施行令,しょうわよんじゅうよねんどいごにおけるしりつがっこうきょうしょくいんきょうさいくみあいからのねんきんのがくのかいていにかんするほうりつしこうれい,昭和六十年六月二十五日
349CO0000000334,政令,有害物質を含有する家庭用品の規制に関する法律第二条第二項の物質を定める政令,ゆうがいぶっしつをがんゆうするかていようひんのきせいにかんするほうりつだいにじょうだいにこうのぶっしつをさだめるせいれい,平成二十八年四月一日
349CO0000000339,政令,電源開発促進税法施行令,でんげんかいはつそくしんぜいほうしこうれい,令和七年四月一日
349CO0000000387,政令,国土利用計画法施行令,こくどりようけいかくほうせこうれい,令和八年五月二十五日
349M50000002027,府省令,水源地域対策特別措置法施行規則,すいげんちいきたいさくとくべつそちほうしこうきそく,昭和四十九年五月一日
349M50000002043,府省令,防衛施設周辺の生活環境の整備等に関する法律施行規則,ぼうえいしせつしゅうへんのせいかつかんきょうのせいびとうにかんするほうりつしこうきそく,令和五年四月一日
349M50000002060,府省令,公害健康被害の補償等に関する法律施行規則,こうがいけんこうひがいのほしょうとうにかんするほうりつせこうきそく,令和六年五月二十七日
349M50000002064,府省令,公害医療機関の診療報酬の請求に関する省令,こうがいいりょうきかんのしんりょうほうしゅうのせいきゅうにかんするしょうれい,令和二年十二月二十八日
349M50000002072,府省令,国土利用計画法施行規則,こくどりようけいかくほうしこうきそく,令和八年四月一日
349M50000008014,府省令,人口が急増している地域の指定に関する細目を定める省令,じんこうがきゅうぞうしているちいきのしていにかんするさいもくをさだめるしょうれい,平成十三年一月六日
349M50000040022,府省令,財政融資資金出納及び計算整理規則,ざいせいゆうししきんすいとうおよびけいさんせいりきそく,令和五年四月一日
349M50000040023,府省令,日本銀行財政融資資金出納及び計算整理規則,にほんぎんこうざいせいゆうししきんすいとうおよびけいさんせいりきそく,令和七年四月一日
349M50000040042,府省令,財政融資資金の管理及び運用の手続に関する規則,ざいせいゆうししきんのかんりおよびうんようのてつづきにかんするきそく,令和七年四月一日
349M50000080028,府省令,大学院設置基準,だいがくいんせっちきじゅん,令和八年二月二十四日
349M50000100034,府省令,有害物質を含有する家庭用品の規制に関する法律施行規則,ゆうがいぶっしつをがんゆうするかていようひんのきせいにかんするほうりつせこうきそく,令和七年四月一日
349M50000400001,府省令,石油需給適正化法施行規則,せきゆじゅきゅうてきせいかほうしこうきそく,令和五年十二月二十八日
349M50000400018,府省令,経済産業省関係特定製品の技術上の基準等に関する省令,けいざいさんぎょうしょうかんけいとくていせいひんのぎじゅつじょうのきじゅんとうにかんするしょうれい,令和七年十二月二十五日
349M50000400040,府省令,経済産業省関係化学物質の審査及び製造等の規制に関する法律施行規則,けいざいさんぎょうしょうかんけいかがくぶっしつのしんさおよびせいぞうとうのきせいにかんするほうりつせこうきそく,令和八年四月一日
349M50000402004,府省令,公害健康被害の補償等に関する法律施行規程,こうがいけんこうひがいのほしょうとうにかんするほうりつしこうきてい,令和七年四月一日
349M50000500001,府省令,新規化学物質の製造又は輸入に係る届出等に関する省令,しんきかがくぶっしつのせいぞうまたはゆにゅうにかかるとどけでとうにかんするしょうれい,令和十一年一月一日
349M50000800004,府省令,小型船舶操縦士試験機関に関する省令,こがたせんぱくそうじゅうししけんきかんにかんするしょうれい,令和七年三月三日
349M50000800006,府省令,公共用飛行場周辺における航空機騒音による障害の防止等に関する法律施行規則,こうきょうようひこうじょうしゅうへんにおけるこうくうきそうおんによるしょうがいのぼうしとうにかんするほうりつせこうきそく,令和元年七月一日
349M50000800024,府省令,国土交通省関係化学物質の審査及び製造等の規制に関する法律施行規則,こくどこうつうしょうかんけいかがくぶっしつのしんさおよびせいぞうとうのきせいにかんするほうりつしこうきそく,平成二十三年四月一日
349M50000800035,府省令,港湾計画の基本的な事項に関する基準を定める省令,こうわんけいかくのきほんてきなじこうにかんするきじゅんをさだめるしょうれい,令和七年十月一日
349M50000800036,府省令,小型船舶安全規則,こがたせんぱくあんぜんきそく,令和六年十月三十日
349M50002000030,府省令,労働者災害補償保険特別支給金支給規則,ろうどうしゃさいがいほしょうほけんとくべつしきゅうきんしきゅうきそく,令和七年六月一日
349M50004000001,府省令,都市緑地法施行規則,としりょくちほうせこうきそく,令和六年十一月八日
349M50004000011,府省令,生産緑地法施行規則,せいさんりょくちほうせこうきそく,令和三年一月一日
349M50004800001,府省令,公有水面埋立法施行規則,こうゆうすいめんうめたてほうしこうきそく,令和四年四月一日
349M50010000025,府省令,沿岸漁場整備開発法施行規則,えんがんぎょじょうせいびかいはつほうしこうきそく,平成二十年十二月一日
349M50010040001,府省令,中小漁業融資保証法施行規則,ちゅうしょうぎょぎょうゆうしほしょうほうしこうきそく,令和五年十二月二十八日
349M50010400001,府省令,消費生活用製品安全法施行規則,しょうひせいかつようせいひんあんぜんほうせこうきそく,令和七年十二月二十五日
349M50010800001,府省令,小型漁船安全規則,こがたぎょせんあんぜんきそく,令和六年一月一日
349M50010D40001,府省令,工場立地法施行規則,こうじょうりっちほうせこうきそく,令和二年十二月二十八日
349M50015D40001,府省令,石油需給適正化法に基づく石油の使用の制限に関する省令,せきゆじゅきゅうてきせいかほうにもとづくせきゆのしようのせいげんにかんするしょうれい,令和二年十二月二十八日
349RJNJ02008000,規則,人事院規則二―八（人事院の顧問及び参与）,じんじいんきそくにのはちじんじいんのこもんおよびさんよ,令和七年七月一日
349RJNJ09054000,規則,人事院規則九―五四（住居手当）,じんじいんきそくきゅうのごじゅうよんじゅうきょてあて,令和八年四月一日
350AC0000000028,法律,作業環境測定法,さぎょうかんきょうそくていほう,令和八年四月一日
350AC0000000057,法律,自動車安全運転センター法,じどうしゃあんぜんうんてんせんたーほう,令和七年六月一日
350AC0000000067,法律,大都市地域における住宅及び住宅地の供給の促進に関する特別措置法,だいとしちいきにおけるじゅうたくおよびじゅうたくちのきょうきゅうのそくしんにかんするとくべつそちほう,令和七年六月一日
350AC0000000084,法律,石油コンビナート等災害防止法,せきゆこんびなーととうさいがいぼうしほう,令和八年十二月二十一日
350AC0000000089,法律,昭和五十年度の公債の発行の特例に関する法律,しょうわごじゅうねんどのこうさいのはっこうのとくれいにかんするほうりつ,昭和五十年十二月二十五日
350AC0000000094,法律,船舶の所有者等の責任の制限に関する法律,せんぱくのしょゆうしゃとうのせきにんのせいげんにかんするほうりつ,令和十年六月十三日
350AC0000000095,法律,船舶油濁等損害賠償保障法,せんぱくゆだくとうそんがいばいしょうほしょうほう,令和十年六月十三日
350AC0000000096,法律,石油の備蓄の確保等に関する法律,せきゆのびちくのかくほとうにかんするほうりつ,令和七年六月一日
350AC1000000031,法律,下水道の整備等に伴う一般廃棄物処理業等の合理化に関する特別措置法,げすいどうのせいびとうにともなういっぱんはいきぶつしょりぎょうとうのごうりかにかんするとくべつそちほう,平成十三年一月六日
350AC1000000061,法律,私立学校振興助成法,しりつがっこうしんこうじょせいほう,令和七年四月一日
350CO0000000010,政令,空港周辺整備債券令,くうこうしゅうへんせいびさいけんれい,令和三年一月一日
350CO0000000025,政令,雇用保険法施行令,こようほけんほうせこうれい,令和十年十月一日
350CO0000000107,政令,動物の愛護及び管理に関する法律施行令,どうぶつのあいごおよびかんりにかんするほうりつしこうれい,令和六年四月一日
350CO0000000161,政令,下水道の整備等に伴う一般廃棄物処理業等の合理化に関する特別措置法施行令,げすいどうのせいびとうにともなういっぱんはいきぶつしょりぎょうとうのごうりかにかんするとくべつそちほうしこうれい,平成十二年四月一日
350CO0000000207,政令,特別児童扶養手当等の支給に関する法律施行令,とくべつじどうふようてあてとうのしきゅうにかんするほうりつしこうれい,令和八年四月一日
350CO0000000244,政令,作業環境測定法施行令,さぎょうかんきょうそくていほうせこうれい,令和元年十二月十六日
350CO0000000267,政令,文化財保護法施行令,ぶんかざいほごほうせこうれい,令和六年四月二十五日
350CO0000000277,政令,政治資金規正法施行令,せいじしきんきせいほうしこうれい,令和八年一月一日
350CO0000000306,政令,大都市地域における住宅及び住宅地の供給の促進に関する特別措置法施行令,だいとしちいきにおけるじゅうたくおよびじゅうたくちのきょうきゅうのそくしんにかんするとくべつそちほうしこうれい,令和六年四月一日
350M50000002005,府省令,個人企業経済調査規則,こじんきぎょうけいざいちょうさきそく,平成三十一年四月一日
350M50000002014,府省令,失業者の退職手当支給規則,しつぎょうしゃのたいしょくてあてしきゅうきそく,令和七年四月一日
350M50000002031,府省令,農用地土壌汚染対策地域の指定要件に係る砒素の量の検定の方法を定める省令,のうようちどじょうおせんたいさくちいきのしていようけんにかかるひそのりょうのけんていのほうほうをさだめるしょうれい,令和二年三月三十日
350M50000002053,府省令,自動車安全運転センター法施行規則,じどうしゃあんぜんうんてんせんたーほうせこうきそく,令和元年七月一日
350M50000002066,府省令,自動車安全運転センターの財務及び会計に関する内閣府令,じどうしゃあんぜんうんてんせんたーのざいむおよびかいけいにかんするないかくふれい,平成十五年十月一日
350M50000002071,府省令,家計調査規則,かけいちょうさきそく,令和二年四月八日
350M50000008017,府省令,政治資金規正法施行規則,せいじしきんきせいほうしこうきそく,令和八年一月一日
350M50000008019,府省令,一斉開放弁の技術上の規格を定める省令,いっせいかいほうべんのぎじゅつじょうのきかくをさだめるしょうれい,令和元年七月一日
350M50000008026,府省令,泡消火薬剤の技術上の規格を定める省令,あわしょうかやくざいのぎじゅつじょうのきかくをさだめるしょうれい,令和元年七月一日
350M50000010068,府省令,不動産の管轄登記所等の指定に関する省令,ふどうさんのかんかつとうきじょとうのしていにかんするしょうれい,令和二年四月一日
350M50000040051,府省令,昭和五十年度の公債の発行の特例に関する法律第一条の規定により発行する国債の発行等に関する省令,しょうわごじゅうねんどのこうさいのはっこうのとくれいにかんするほうりつだいいちじょうのきていによりはっこうするこくさいのはっこうとうにかんするしょうれい,昭和五十年十二月二十五日
350M50000080021,府省令,短期大学設置基準,たんきだいがくせっちきじゅん,令和八年一月一日
350M50000080029,府省令,国宝、重要文化財等の管理、修理等に関する技術的指導に関する規則,こくほうじゅうようぶんかざいとうのかんりしゅうりとうにかんするぎじゅつてきしどうにかんするきそく,平成三十一年四月一日
350M50000080030,府省令,重要有形民俗文化財の現状変更等及び公開の届出等に関する規則,じゅうようゆうけいみんぞくぶんかざいのげんじょうへんこうとうおよびこうかいのとどけでとうにかんするきそく,平成三十一年四月一日
350M50000080031,府省令,伝統的建造物群保存地区に関する条例の制定等の場合の報告に関する規則,でんとうてきけんぞうぶつぐんほぞんちくにかんするじょうれいのせいていとうのばあいのほうこくにかんするきそく,令和二年六月十日
350M50000080032,府省令,重要伝統的建造物群保存地区の選定の申出に関する規則,じゅうようでんとうてきけんぞうぶつぐんほぞんちくのせんていのもうしでにかんするきそく,平成三十一年四月一日
350M50000082001,府省令,銃砲刀剣類所持等取締法施行令第五条第二号の銃砲の範囲を定める命令,じゅうほうとうけんるいしょじとうとりしまりほうしこうれいだいごじょうだいにごうのじゅうほうのはんいをさだめるめいれい,令和六年七月十四日
350M50000100034,府省令,障害児福祉手当及び特別障害者手当の支給に関する省令,しょうがいじふくしてあておよびとくべつしょうがいしゃてあてのしきゅうにかんするしょうれい,令和六年八月一日
350M50000100037,府省令,下水道の整備等に伴う一般廃棄物処理業等の合理化に関する特別措置法施行規則,げすいどうのせいびとうにともなういっぱんはいきぶつしょりぎょうとうのごうりかにかんするとくべつそちほうしこうきそく,平成十八年五月一日
350M50000400072,府省令,高圧ガス保安協会の財務及び会計に関する省令,こうあつがすほあんきょうかいのざいむおよびかいけいにかんするしょうれい,令和六年十月二十三日
350M50000800007,府省令,船内における食料の支給を行う者に関する省令,せんないにおけるしょくりょうのしきゅうをおこなうものにかんするしょうれい,令和八年四月一日
350M50000800046,府省令,船員に関する勤労者財産形成促進法施行規則,せんいんにかんするきんろうしゃざいさんけいせいそくしんほうせこうきそく,令和三年一月一日
350M50002000003,府省令,雇用保険法施行規則,こようほけんほうしこうきそく,令和八年八月一日
350M50002000020,府省令,作業環境測定法施行規則,さぎょうかんきょうそくていほうしこうきそく,令和八年四月一日
350M50004000004,府省令,新都市基盤整備法施行規則,しんとしきばんせいびほうしこうきそく,令和六年四月一日
350M50004000020,府省令,大都市地域における住宅及び住宅地の供給の促進に関する特別措置法施行規則,だいとしちいきにおけるじゅうたくおよびじゅうたくちのきょうきゅうのそくしんにかんするとくべつそちほうしこうきそく,令和六年四月一日
350M50010000023,府省令,山村振興法第十七条の農林漁業の経営改善又は振興のための計画に関する省令,さんそんしんこうほうだいじゅうななじょうののうりんぎょぎょうのけいえいかいぜんまたはしんこうのためのけいかくにかんするしょうれい,平成二十年十月一日
350M50010000048,府省令,漁業操業に関する日本国政府とソヴィエト社会主義共和国連邦政府との間の協定第一条１の日本国沿岸の地先沖合の公海水域における漁業の操業の調整に関する省令,ぎょぎょうそうぎょうにかんするにほんこくせいふとソヴィエトしゃかいしゅぎきょうわこくれんぽうせいふとのあいだのきょうていだいいちじょう１のにほんこくえんがんのちさきおきあいのこうかいすいいきにおけるぎょぎょうのそうぎょうのちょうせいにかんするしょうれい,令和二年十二月二十一日
351AC0000000033,法律,建設労働者の雇用の改善等に関する法律,けんせつろうどうしゃのこようのかいぜんとうにかんするほうりつ,令和七年六月一日
351AC0000000034,法律,賃金の支払の確保等に関する法律,ちんぎんのしはらいのかくほとうにかんするほうりつ,令和七年六月一日
351AC0000000038,法律,経済協力開発機構金融支援基金への加盟に伴う措置に関する法律,けいざいきょうりょくかいはつきこうきんゆうしえんききんへのかめいにともなうそちにかんするほうりつ,平成十年四月一日
351AC0000000040,法律,米州開発銀行への加盟に伴う措置に関する法律,べいしゅうかいはつぎんこうへのかめいにともなうそちにかんするほうりつ,平成十年四月一日
351AC0000000042,法律,林業・木材産業改善資金助成法,りんぎょうもくざいさんぎょうかいぜんしきんじょせいほう,平成十五年十月一日
351AC0000000043,法律,漁業経営の改善及び再建整備に関する特別措置法,ぎょぎょうけいえいのかいぜんおよびさいけんせいびにかんするとくべつそちほう,令和二年十二月一日
351AC0000000057,法律,特定商取引に関する法律,とくていしょうとりひきにかんするほうりつ,令和八年五月二十一日
351AC0000000064,法律,振動規制法,しんどうきせいほう,令和七年六月一日
351AC0000000072,法律,国際連合大学本部に関する国際連合と日本国との間の協定の実施に伴う特別措置法,こくさいれんごうだいがくほんぶにかんするこくさいれんごうとにほんこくとのあいだのきょうていのじっしにともなうとくべつそちほう,平成十九年十二月二十六日
351AC0000000073,法律,昭和五十一年度の公債の発行の特例に関する法律,しょうわごじゅういちねんどのこうさいのはっこうのとくれいにかんするほうりつ,昭和五十九年六月三十日
351AC0000000088,法律,揮発油等の品質の確保等に関する法律,きはつゆとうのひんしつのかくほとうにかんするほうりつ,令和七年六月一日
351CO0000000011,政令,船舶油濁等損害賠償保障法施行令,せんぱくゆだくとうそんがいばいしょうほしょうほうしこうれい,令和二年十月一日
351CO0000000051,政令,沿岸漁場整備開発法施行令,えんがんぎょじょうせいびかいはつほうしこうれい,平成十四年四月一日
351CO0000000129,政令,石油コンビナート等災害防止法施行令,せきゆこんびなーととうさいがいぼうしほうしこうれい,令和七年十一月二十二日
351CO0000000131,政令,林業・木材産業改善資金助成法施行令,りんぎょうもくざいさんぎょうかいぜんしきんじょせいほうしこうれい,平成二十年十二月一日
351CO0000000132,政令,漁業経営の改善及び再建整備に関する特別措置法施行令,ぎょぎょうけいえいのかいぜんおよびさいけんせいびにかんするとくべつそちほうしこうれい,令和二年十二月一日
351CO0000000146,政令,植物防疫法施行令,しょくぶつぼうえきほうしこうれい,令和五年四月一日
351CO0000000166,政令,漁業経営の改善及び再建整備に関する特別措置法第十三条第一項の職業転換給付金に関する政令,ぎょぎょうけいえいのかいぜんおよびさいけんせいびにかんするとくべつそちほうだいじゅうさんじょうだいいっこうのしょくぎょうてんかんきゅうふきんにかんするせいれい,令和二年十二月一日
351CO0000000169,政令,賃金の支払の確保等に関する法律施行令,ちんぎんのしはらいのかくほとうにかんするほうりつせこうれい,平成二十二年一月一日
351CO0000000192,政令,石油コンビナート等特別防災区域を指定する政令,せきゆこんびなーととうとくべつぼうさいくいきをしていするせいれい,令和七年十一月二十二日
351CO0000000198,政令,飼料の安全性の確保及び品質の改善に関する法律施行令,しりょうのあんぜんせいのかくほおよびひんしつのかいぜんにかんするほうりつしこうれい,令和七年四月一日
351CO0000000199,政令,河川管理施設等構造令,かせんかんりしせつとうこうぞうれい,平成二十五年七月十一日
351CO0000000248,政令,船舶の所有者等の責任の制限に関する法律施行令,せんぱくのしょゆうしゃとうのせきにんのせいげんにかんするほうりつしこうれい,平成二十年十月一日
351CO0000000252,政令,高年齢者等の雇用の安定等に関する法律施行令,こうねんれいしゃとうのこようのあんていとうにかんするほうりつしこうれい,令和八年四月一日
351CO0000000280,政令,振動規制法施行令,しんどうきせいほうせこうれい,令和四年十二月一日
351CO0000000289,政令,私立学校振興助成法施行令,しりつがっこうしんこうじょせいほうせこうれい,平成三十一年四月一日
351CO0000000295,政令,特定商取引に関する法律施行令,とくていしょうとりひきにかんするほうりつしこうれい,令和八年一月一日
351CO0000000322,政令,財形住宅債券令,ざいけいじゅうたくさいけんれい,令和三年一月一日
351M50000002005,府省令,廃棄物の処理及び清掃に関する法律施行令第六条第一項第四号に規定する油分を含む産業廃棄物に係る判定基準を定める省令,はいきぶつのしょりおよびせいそうにかんするほうりつしこうれいだいろくじょうだいいっこうだいよんごうにきていするあぶらぶんをふくむさんぎょうはいきぶつにかかるはんていきじゅんをさだめるしょうれい,平成十九年四月一日
351M50000002006,府省令,廃棄物の処理及び清掃に関する法律施行令別表第三の三第二十四号に規定する有機塩素化合物を定める省令,はいきぶつのしょりおよびせいそうにかんするほうりつしこうれいべっぴょうだいさんのさんだいにじゅうよんごうにきていするゆうきえんそかごうぶつをさだめるしょうれい,平成十三年一月六日
351M50000002058,府省令,振動規制法施行規則,しんどうきせいほうしこうきそく,令和三年四月一日
351M50000008017,府省令,石油コンビナート等における特定防災施設等及び防災組織等に関する省令,せきゆこんびなーととうにおけるとくていぼうさいしせつとうおよびぼうさいそしきとうにかんするしょうれい,令和六年八月九日
351M50000008026,府省令,危険物保安技術協会に関する省令,きけんぶつほあんぎじゅつきょうかいにかんするしょうれい,平成十三年一月六日
351M50000008031,府省令,危険物保安技術協会の財務及び会計に関する省令,きけんぶつほあんぎじゅつきょうかいのざいむおよびかいけいにかんするしょうれい,平成十九年十月一日
351M50000008035,府省令,特別交付税に関する省令,とくべつこうふぜいにかんするしょうれい,令和八年三月十六日
351M50000020004,府省令,戦争等による特別事態の際の在勤手当に関する省令,せんそうとうによるとくべつじたいのさいのざいきんてあてにかんするしょうれい,令和八年四月一日
351M50000040017,府省令,米州開発銀行への加盟に伴う国債の発行等に関する省令,べいしゅうかいはつぎんこうへのかめいにともなうこくさいのはっこうとうにかんするしょうれい,平成十五年三月二十八日
351M50000040026,府省令,昭和五十一年度の公債の発行の特例に関する法律第二条の規定により発行する国債の発行等に関する省令,しょうわごじゅういちねんどのこうさいのはっこうのとくれいにかんするほうりつだいにじょうのきていによりはっこうするこくさいのはっこうとうにかんするしょうれい,昭和五十一年十二月二十日
351M50000040028,府省令,連結財務諸表の用語、様式及び作成方法に関する規則,れんけつざいむしょひょうのようごようしきおよびさくせいほうほうにかんするきそく,令和八年三月三十一日
351M50000080002,府省令,専修学校設置基準,せんしゅうがっこうせっちきじゅん,令和八年四月一日
351M50000080036,府省令,産業教育振興法施行規則,さんぎょうきょういくしんこうほうしこうきそく,令和二年十月十六日
351M50000100027,府省令,未払賃金の立替払事業に係る船員の立替払賃金の請求の手続等に関する省令,みばらいちんぎんのたてかえばらいじぎょうにかかるせんいんのたてかえばらいちんぎんのせいきゅうのてつづきとうにかんするしょうれい,平成二十八年四月一日
351M50000100036,府省令,療養の給付及び公費負担医療に関する費用の請求に関する命令,りょうようのきゅうふおよびこうひふたんいりょうにかんするひようのせいきゅうにかんするめいれい,令和六年四月一日
351M50000400004,府省令,特定設備検査規則,とくていせつびけんさきそく,令和二年十二月二十八日
351M50000400026,府省令,石油の備蓄の確保等に関する法律施行規則,せきゆのびちくのかくほとうにかんするほうりつしこうきそく,令和五年十二月二十八日
351M50000400089,府省令,特定商取引に関する法律施行規則,とくていしょうとりひきにかんするほうりつしこうきそく,令和五年六月一日
351M50000408001,府省令,石油コンビナート等特別防災区域における新設事業所等の施設地区の配置等に関する省令,せきゆこんびなーととうとくべつぼうさいくいきにおけるしんせつじぎょうしょとうのしせつちくのはいちとうにかんするしょうれい,令和六年十月二十三日
351M50000800003,府省令,船舶油濁等損害賠償保障法施行規則,せんぱくゆだくとうそんがいばいしょうほしょうほうしこうきそく,令和六年四月一日
351M50000800025,府省令,漁業経営の改善及び再建整備に関する特別措置法第十三条第一項の職業転換給付金の支給基準に関する省令,ぎょぎょうけいえいのかいぜんおよびさいけんせいびにかんするとくべつそちほうだいじゅうさんじょうだいいっこうのしょくぎょうてんかんきゅうふきんのしきゅうきじゅんにかんするしょうれい,令和四年十一月三十日
351M50000800026,府省令,船員に関する賃金の支払の確保等に関する法律施行規則,せんいんにかんするちんぎんのしはらいのかくほとうにかんするほうりつしこうきそく,令和六年四月一日
351M50000900001,府省令,船員に係る未払賃金の額の確認等に関する省令,せんいんにかかるみばらいちんぎんのがくのかくにんとうにかんするしょうれい,平成十八年五月一日
351M50002000026,府省令,賃金の支払の確保等に関する法律施行規則,ちんぎんのしはらいのかくほとうにかんするほうりつせこうきそく,令和八年一月二十日
351M50002000029,府省令,建設労働者の雇用の改善等に関する法律施行規則,けんせつろうどうしゃのこようのかいぜんとうにかんするほうりつしこうきそく,令和七年四月一日
351M50002000038,府省令,障害者の雇用の促進等に関する法律施行規則,しょうがいしゃのこようのそくしんとうにかんするほうりつしこうきそく,令和八年四月一日
351M50004000009,府省令,石油コンビナート等災害防止法による緑地等の設置に関する省令,せきゆこんびなーととうさいがいぼうしほうによるりょくちとうのせっちにかんするしょうれい,平成十七年十二月一日
351M50004000013,府省令,河川管理施設等構造令施行規則,かせんかんりしせつとうこうぞうれいしこうきそく,平成二十五年七月十一日
351M50010000024,府省令,漁業経営の改善及び再建整備に関する特別措置法施行規則,ぎょぎょうけいえいのかいぜんおよびさいけんせいびにかんするとくべつそちほうしこうきそく,令和五年四月一日
351M50010000035,府省令,飼料及び飼料添加物の成分規格等に関する省令,しりょうおよびしりょうてんかぶつのせいぶんきかくとうにかんするしょうれい,令和八年三月三十日
351M50010000036,府省令,飼料の安全性の確保及び品質の改善に関する法律施行規則,しりょうのあんぜんせいのかくほおよびひんしつのかいぜんにかんするほうりつせこうきそく,令和七年四月一日
351RJNJ13003000,規則,人事院規則一三―三（災害補償の実施に関する審査の申立て等）,じんじいんきそくじゅうさんのさんさいがいほしょうのじっしにかんするしんさのもうしたてとう,令和三年四月一日
351RPMD12230000,府省令,内閣情報調査室組織規則,ないかくじょうほうちょうさしつそしききそく,令和五年四月十八日
352AC0000000001,法律,農業共済再保険特別会計における農作物共済及び果樹共済に係る再保険金の支払財源の不足に充てるための一般会計からする繰入金等に関する法律,のうぎょうきょうさいさいほけんとくべつかいけいにおけるのうさくぶつきょうさいおよびかじゅきょうさいにかかるさいほけんきんのしはらいざいげんのふそくにみてるためのいっぱんかいけいからするくりいれきんとうにかんするほうりつ,平成二十六年四月一日
352AC0000000028,法律,国際農業開発基金への加盟に伴う措置に関する法律,こくさいのうぎょうかいはつききんへのかめいにともなうそちにかんするほうりつ,平成十年四月一日
352AC0000000030,法律,領海及び接続水域に関する法律,りょうかいおよびせつぞくすいいきにかんするほうりつ,平成八年七月二十日
352AC0000000035,法律,昭和五十一年分所得税の特別減税の実施のための財政処理の特別措置に関する法律,しょうわごじゅういちねんぶんしょとくぜいのとくべつげんぜいのじっしのためのざいせいしょりのとくべつそちにかんするほうりつ,昭和五十二年五月四日
352AC0000000040,法律,沖縄県の区域内における位置境界不明地域内の各筆の土地の位置境界の明確化等に関する特別措置法,おきなわけんのくいきないにおけるいちきょうかいふめいちいきないのかくふでのとちのいちきょうかいのめいかくかとうにかんするとくべつそちほう,平成十九年九月一日
352AC0000000050,法律,昭和五十二年度の公債の発行の特例に関する法律,しょうわごじゅうにねんどのこうさいのはっこうのとくれいにかんするほうりつ,昭和五十九年六月三十日
352AC0000000054,法律,電子情報処理組織による輸出入等関連業務の処理等に関する法律,でんしじょうほうしょりそしきによるぜいかんてつづきのとくれいとうにかんするほうりつ,令和七年六月一日
352AC0000000060,法律,外国等による本邦外航船舶運航事業者に対する不利益な取扱いに対する特別措置に関する法律,がいこくとうによるほんぽうがいこうせんはくうんこうじぎょうしゃにたいするふりえきなとりあつかいにたいするとくべつそちにかんするほうりつ,令和七年六月一日
352AC0000000062,法律,海上衝突予防法,かいじょうしょうとつよぼうほう,平成十五年十一月二十九日
352AC0000000074,法律,中小企業の事業活動の機会の確保のための大企業者の事業活動の調整に関する法律,ちゅうしょうきぎょうのじぎょうかつどうのきかいのかくほのためのだいきぎょうもののじぎょうかつどうのちょうせいにかんするほうりつ,平成十八年五月一日
352AC0000000084,法律,中小企業倒産防止共済法,ちゅうしょうきぎょうとうさんぼうしきょうさいほう,令和二年四月一日
352AC0000000093,法律,水産加工業施設改良資金融通臨時措置法,すいさんかこうぎょうしせつかいりょうしきんゆうづうりんじそちほう,令和五年三月三十一日
352AC1000000094,法律,国際協定の締結等に伴う漁業離職者に関する臨時措置法,こくさいきょうていのていけつとうにともなうぎょぎょうりしょくしゃにかんするりんじそちほう,令和五年三月三十一日
352AC1000000096,法律,船員の雇用の促進に関する特別措置法,せんいんのこようのそくしんにかんするとくべつそちほう,令和八年十月一日
352CO0000000033,政令,労働者災害補償保険法施行令,ろうどうしゃさいがいほしょうほけんほうしこうれい,令和二年九月一日
352CO0000000152,政令,揮発油等の品質の確保等に関する法律施行令,きはつゆとうのひんしつのかくほとうにかんするほうりつせこうれい,平成二十一年二月二十五日
352CO0000000199,政令,国家公務員共済組合及び国家公務員共済組合連合会が行う国家公務員等の財産形成事業に関する政令,こっかこうむいんきょうさいくみあいおよびこっかこうむいんきょうさいくみあいれんごうかいがおこなうこっかこうむいんとうのざいさんけいせいじぎょうにかんするせいれい,平成二十三年十月一日
352CO0000000210,政令,領海及び接続水域に関する法律施行令,りょうかいおよびせつぞくすいいきにかんするほうりつせこうれい,平成十四年四月一日
352CO0000000220,政令,電子情報処理組織による輸出入等関連業務の処理等に関する法律施行令,でんしじょうほうしょりそしきによるゆしゅつにゅうとうかんれんぎょうむのしょりとうにかんするほうりつしこうれい,令和八年四月一日
352CO0000000260,政令,沖縄県の区域内における位置境界不明地域内の各筆の土地の位置境界の明確化等に関する特別措置法施行令,おきなわけんのくいきないにおけるいちきょうかいふめいちいきないのかくふでのとちのいちきょうかいのめいかくかとうにかんするとくべつそちほうしこうれい,令和七年四月一日
352CO0000000272,政令,中小企業の事業活動の機会の確保のための大企業者の事業活動の調整に関する法律施行令,ちゅうしょうきぎょうのじぎょうかつどうのきかいのかくほのためのだいきぎょうもののじぎょうかつどうのちょうせいにかんするほうりつしこうれい,平成二十九年四月一日
352CO0000000317,政令,私的独占の禁止及び公正取引の確保に関する法律施行令,してきどくせんのきんしおよびこうせいとりひきのかくほにかんするほうりつしこうれい,令和五年四月十九日
352CO0000000328,政令,水産加工業施設改良資金融通臨時措置法施行令,すいさんかこうぎょうしせつかいりょうしきんゆうづうりんじそちほうしこうれい,令和五年三月三十一日
352CO0000000329,政令,国際協定の締結等に伴う漁業離職者に関する臨時措置法施行令,こくさいきょうていのていけつとうにともなうぎょぎょうりしょくしゃにかんするりんじそちほうせこうれい,令和二年十二月一日
352M50000002038,府省令,余水吐きから流出する海水の水質についての基準を定める省令,よみずはきからりゅうしゅつするかいすいのすいしつについてのきじゅんをさだめるしょうれい,令和七年三月三日
352M50000002039,府省令,沖縄県の区域内における位置境界不明地域内の各筆の土地の位置境界の明確化等に関する特別措置法施行規則,おきなわけんのくいきないにおけるいちきょうかいふめいちいきないのかくふでのとちのいちきょうかいのめいかくかとうにかんするとくべつそちほうせこうきそく,令和二年十二月二十五日
352M50000002047,府省令,沖縄位置境界明確化審議会規則,おきなわいちきょうかいめいかくかしんぎかいきそく,平成十三年一月六日
352M50000008003,府省令,消防用機械器具等及び消火設備等の技術上の基準に関する特例を定める省令,しょうぼうようきかいきぐとうおよびしょうかせつびとうのぎじゅつじょうのきじゅんにかんするとくれいをさだめるしょうれい,平成十三年一月六日
352M50000040022,府省令,昭和五十二年度の公債の発行の特例に関する法律第二条の規定により発行する国債の発行等に関する省令,しょうわごじゅうにねんどのこうさいのはっこうのとくれいにかんするほうりつだいにじょうのきていによりはっこうするこくさいのはっこうとうにかんするしょうれい,昭和五十三年四月六日
352M50000040030,府省令,電子情報処理組織による輸出入等関連業務の処理等に関する法律施行規則,でんしじょうほうしょりそしきによるゆしゅつにゅうとうかんれんぎょうむのしょりとうにかんするほうりつしこうきそく,令和四年一月一日
352M50000040032,府省令,国税局課税部等の統括国税調査官等の所掌に属する事務の範囲を定める省令,こくぜいきょくかぜいぶとうのとうかつこくぜいちょうさかんとうのしょしょうにぞくするじむのはんいをさだめるしょうれい,令和四年七月十日
352M50000040050,府省令,国家公務員共済組合及び国家公務員共済組合連合会が行う国家公務員等の財産形成事業に関する省令,こっかこうむいんきょうさいくみあいおよびこっかこうむいんきょうさいくみあいれんごうかいがおこなうこっかこうむいんとうのざいさんけいせいじぎょうにかんするしょうれい,平成十三年一月六日
352M50000040051,府省令,国際農業開発基金への加盟に伴う国債の発行等に関する省令,こくさいのうぎょうかいはつききんへのかめいにともなうこくさいのはっこうとうにかんするしょうれい,平成十五年三月二十八日
352M50000100001,府省令,環境衛生監視員証を定める省令,かんきょうえいせいかんしいんしょうをさだめるしょうれい,令和三年十月二十二日
352M50000100045,府省令,船員保険特別支給金支給規則,せんいんほけんとくべつしきゅうきんしきゅうきそく,平成二十二年一月一日
352M50000102001,府省令,一般廃棄物の最終処分場及び産業廃棄物の最終処分場に係る技術上の基準を定める省令,いっぱんはいきぶつのさいしゅうしょぶんばおよびさんぎょうはいきぶつのさいしゅうしょぶんばにかかるぎじゅつじょうのきじゅんをさだめるしょうれい,令和八年四月一日
352M50000400024,府省令,揮発油等の品質の確保等に関する法律施行規則,きはつゆとうのひんしつのかくほとうにかんするほうりつしこうきそく,令和六年五月一日
352M50000800019,府省令,海上衝突予防法施行規則,かいじょうしょうとつよぼうほうしこうきそく,令和元年七月一日
352M50000800022,府省令,外国等による本邦外航船舶運航事業者に対する不利益な取扱いに対する特別措置に関する法律施行規則,がいこくとうによるほんぽうがいこうせんはくうんこうじぎょうしゃにたいするふりえきなとりあつかいにたいするとくべつそちにかんするほうりつしこうきそく,令和七年四月一日
352M50000800033,府省令,放射性同位元素等車両運搬規則,ほうしゃせいどういげんそとうしゃりょううんぱんきそく,令和六年六月二十八日
352M50000800039,府省令,船員となろうとする者に関する国際協定の締結等に伴う漁業離職者に関する臨時措置法施行規則,せんいんとなろうとするものにかんするこくさいきょうていのていけつとうにともなうぎょぎょうりしょくしゃにかんするりんじそちほうしこうきそく,令和五年六月二十八日
352M50000800040,府省令,船員の雇用の促進に関する特別措置法第三条第一項の就職促進給付金の臨時特例に関する省令,せんいんのこようのそくしんにかんするとくべつそちほうだいさんじょうだいいっこうのしゅうしょくそくしんきゅうふきんのりんじとくれいにかんするしょうれい,平成十三年一月六日
352M50002000030,府省令,国際協定の締結等に伴う漁業離職者に関する臨時措置法施行規則,こくさいきょうていのていけつとうにともなうぎょぎょうりしょくしゃにかんするりんじそちほうしこうきそく,令和五年五月十八日
352M50015DC2001,府省令,中小企業の事業活動の機会の確保のための大企業者の事業活動の調整に関する法律施行規則,ちゅうしょうきぎょうのじぎょうかつどうのきかいのかくほのためのだいきぎょうもののじぎょうかつどうのちょうせいにかんするほうりつしこうきそく,令和元年七月一日
352M50200000004,規則,課徴金の納付の督促状の様式等に関する規則,かちょうきんののうふのとくそくじょうのようしきとうにかんするきそく,平成二十七年四月一日
353AC0000000004,法律,決算調整資金に関する法律,けっさんちょうせいしきんにかんするほうりつ,平成十五年二月三日
353AC0000000025,法律,石油石炭税法,せきゆせきたんぜいほう,令和八年五月二十五日
353AC0000000026,法律,特定空港周辺航空機騒音対策特別措置法,とくていくうこうしゅうへんこうくうきそうおんたいさくとくべつそちほう,平成二十三年十一月三十日
353AC0000000030,法律,特許協力条約に基づく国際出願等に関する法律,とっきょきょうりょくじょうやくにもとづくこくさいしゅつがんとうにかんするほうりつ,令和四年四月一日
353AC0000000036,法律,森林組合法,しんりんくみあいほう,令和八年五月二十五日
353AC0000000043,法律,昭和五十三年度における財政処理のための公債の発行及び専売納付金の納付の特例に関する法律,しょうわごじゅうさんねんどにおけるざいせいしょりのためのこうさいのはっこうおよびせんばいのうふきんののうふのとくれいにかんするほうりつ,昭和五十九年六月三十日
353AC0000000048,法律,人質による強要行為等の処罰に関する法律,ひとじちによるきょうようこういとうのしょばつにかんするほうりつ,令和七年六月一日
353AC0000000073,法律,大規模地震対策特別措置法,だいきぼじしんたいさくとくべつそちほう,令和七年七月一日
353AC0000000078,法律,仮登記担保契約に関する法律,かりとうきたんぽけいやくにかんするほうりつ,平成十七年四月一日
353AC0000000080,法律,職員団体等に対する法人格の付与に関する法律,しょくいんだんたいとうにたいするほうじんかくのふよにかんするほうりつ,令和四年九月一日
353AC0000000081,法律,日本国と大韓民国との間の両国に隣接する大陸棚の南部の共同開発に関する協定の実施に伴う石油及び可燃性天然ガス資源の開発に関する特別措置法,にほんこくとだいかんみんこくとのあいだのりょうこくにりんせつするたいりくだなのなんぶのきょうどうかいはつにかんするきょうていのじっしにともなうせきゆおよびかねんせいてんねんがすしげんのかいはつにかんするとくべつそちほう,令和七年六月一日
353AC1000000042,法律,成田国際空港の安全確保に関する緊急措置法,なりたこくさいくうこうのあんぜんかくほにかんするきんきゅうそちほう,令和八年五月二十二日
353AC1000000101,法律,無限連鎖講の防止に関する法律,むげんれんさこうのぼうしにかんするほうりつ,令和七年六月一日
353AC1000000104,法律,水俣病の認定業務の促進に関する臨時措置法,みなまたびょうのにんていぎょうむのそくしんにかんするりんじそちほう,平成二十八年四月一日
353CO0000000025,政令,地方公務員共済組合等が行う地方公務員等の財産形成事業に関する政令,ちほうこうむいんきょうさいくみあいとうがおこなうちほうこうむいんとうのざいさんけいせいじぎょうにかんするせいれい,平成二十六年十二月一日
353CO0000000031,政令,中小企業倒産防止共済法施行令,ちゅうしょうきぎょうとうさんぼうしきょうさいほうしこうれい,平成二十三年十月一日
353CO0000000039,政令,決算調整資金に関する法律施行令,けっさんちょうせいしきんにかんするほうりつしこうれい,平成十三年四月一日
353CO0000000132,政令,石油石炭税法施行令,せきゆせきたんぜいほうしこうれい,令和七年四月一日
353CO0000000167,政令,成田国際空港の安全確保に関する緊急措置法施行令,なりたこくさいくうこうのあんぜんかくほにかんするきんきゅうそちほうしこうれい,平成十六年四月一日
353CO0000000187,政令,農漁業保険審査会令,のうぎょぎょうほけんしんさかいれい,平成二十七年四月一日
353CO0000000248,政令,日本国と大韓民国との間の両国に隣接する大陸棚の南部の共同開発に関する協定の実施に伴う石油及び可燃性天然ガス資源の開発に関する特別措置法施行令,にほんこくとだいかんみんこくとのあいだのりょうこくにりんせつするたいりくだなのなんぶのきょうどうかいはつにかんするきょうていのじっしにともなうせきゆおよびかねんせいてんねんがすしげんのかいはつにかんするとくべつそちほうしこうれい,令和元年十二月十六日
353CO0000000274,政令,活動火山対策特別措置法施行令,かつどうかざんたいさくとくべつそちほうしこうれい,令和七年十月一日
353CO0000000286,政令,森林組合法施行令,しんりんくみあいほうせこうれい,令和八年五月二十五日
353CO0000000287,政令,森林組合財務処理基準令,しんりんくみあいざいむしょりきじゅんれい,平成二十九年四月一日
353CO0000000291,政令,特許協力条約に基づく国際出願等に関する法律施行令,とっきょきょうりょくじょうやくにもとづくこくさいしゅつがんとうにかんするほうりつせこうれい,令和四年四月一日
353CO0000000324,政令,職員団体等に対する法人格の付与に関する法律第九条第四号及び第七号の人事委員会又は公平委員会を定める政令,しょくいんだんたいとうにたいするほうじんかくのふよにかんするほうりつだいくじょうだいよんごうおよびだいななごうのじんじいいんかいまたはこうへいいいんかいをさだめるせいれい,平成二十七年四月一日
353CO0000000355,政令,特定空港周辺航空機騒音対策特別措置法施行令,とくていくうこうしゅうへんこうくうきそうおんたいさくとくべつそちほうせこうれい,令和八年四月一日
353CO0000000379,政令,司法書士法施行令,しほうしょしほうせこうれい,令和三年七月十五日
353CO0000000382,政令,特定鉱業権関係登録令,とくていこうぎょうけんかんけいとうろくれい,令和四年四月一日
353CO0000000385,政令,大規模地震対策特別措置法施行令,だいきぼじしんたいさくとくべつそちほうしこうれい,令和七年十月一日
353M50000002010,府省令,公正取引委員会事務総局組織規則,こうせいとりひきいいんかいじむそうきょくそしききそく,令和八年一月一日
353M50000002048,府省令,核燃料物質等の運搬の届出等に関する内閣府令,かくねんりょうぶっしつとうのうんぱんのとどけでとうにかんするないかくふれい,令和二年十二月二十八日
353M50000002051,府省令,原子炉主任技術者試験の実施細目等に関する規則,げんしろしゅにんぎじゅつしゃしけんのじっしこまめとうにかんするきそく,令和八年三月二十四日
353M50000002056,府省令,核燃料物質等の工場又は事業所の外における廃棄に関する規則,かくねんりょうぶっしつとうのこうじょうまたはじぎょうしょのそとにおけるはいきにかんするきそく,令和六年三月七日
353M50000002057,府省令,核燃料物質等の工場又は事業所の外における運搬に関する規則,かくねんりょうぶっしつとうのこうじょうまたはじぎょうしょのそとにおけるうんぱんにかんするきそく,令和六年三月七日
353M50000008021,府省令,職員団体等に対する法人格の付与に関する法律施行規則,しょくいんだんたいとうにたいするほうじんかくのふよにかんするほうりつしこうきそく,昭和五十三年九月七日
353M50000010055,府省令,司法書士法施行規則,しほうしょしほうしこうきそく,令和五年三月三十一日
353M50000040007,府省令,決算調整資金事務取扱規則,けっさんちょうせいしきんじむとりあつかいきそく,令和三年一月一日
353M50000400006,府省令,中小企業倒産防止共済法施行規則,ちゅうしょうきぎょうとうさんぼうしきょうさいほうしこうきそく,令和四年十一月一日
353M50000400029,府省令,日本国と大韓民国との間の両国に隣接する大陸棚の南部の共同開発に関する協定の実施に伴う石油及び可燃性天然ガス資源の開発に関する特別措置法施行規則,にほんこくとだいかんみんこくとのあいだのりょうこくにりんせつするたいりくだなのなんぶのきょうどうかいはつにかんするきょうていのじっしにともなうせきゆおよびかねんせいてんねんがすしげんのかいはつにかんするとくべつそちほうしこうきそく,令和五年十二月二十八日
353M50000400034,府省令,特許協力条約に基づく国際出願等に関する法律施行規則,とっきょきょうりょくじょうやくにもとづくこくさいしゅつがんとうにかんするほうりつしこうきそく,令和八年四月一日
353M50000400069,府省令,特定鉱業権関係登録令施行規則,とくていこうぎょうけんかんけいとうろくれいしこうきそく,平成二十四年一月二十一日
353M50000400070,府省令,日本国と大韓民国との間の両国に隣接する大陸棚の南部の共同開発に関する協定の実施に伴う石油及び可燃性天然ガス資源の開発に関する特別措置法の施行に伴う鉱山保安法に基づく省令の適用の特別措置等に関する省令,にほんこくとだいかんみんこくとのあいだのりょうこくにりんせつするたいりくだなのなんぶのきょうどうかいはつにかんするきょうていのじっしにともなうせきゆおよびかねんせいてんねんがすしげんのかいはつにかんするとくべつそちほうのしこうにともなうこうざんほあんほうにもとづくしょうれいのてきようのとくべつそちとうにかんするしょうれい,令和二年十二月二十八日
353M50000400077,府省令,実用発電用原子炉の設置、運転等に関する規則,じつようはつでんようげんしろのせっちうんてんとうにかんするきそく,令和七年六月六日
353M50000800010,府省令,港湾運送事業報告規則,こうわんうんそうじぎょうほうこくきそく,令和三年四月一日
353M50000800025,府省令,成田国際空港の安全確保に関する緊急措置法施行規則,なりたこくさいくうこうのあんぜんかくほにかんするきんきゅうそちほうしこうきそく,令和六年四月一日
353M50000800068,府省令,核燃料物質等の事業所外運搬に係る危険時における措置に関する規則,かくねんりょうぶっしつとうのじぎょうしょそとうんぱんにかかるきけんときにおけるそちにかんするきそく,令和六年六月二十八日
353M50000800070,府省令,船舶に設置する原子炉（研究開発段階にあるものを除く。）の設置、運転等に関する規則,せんぱくにせっちするげんしろけんきゅうかいはつだんかいにあるものをのぞくのせっちうんてんとうにかんするきそく,令和六年三月七日
353M50000800072,府省令,核燃料物質等車両運搬規則,かくねんりょうぶっしつとうしゃりょううんぱんきそく,令和六年六月二十八日
353M50004800002,府省令,特定空港周辺航空機騒音対策特別措置法施行規則,とくていくうこうしゅうへんこうくうきそうおんたいさくとくべつそちほうせこうきそく,令和元年七月一日
353M50400000008,規則,技能検定、技能講習及び射撃教習に関する規則,ぎのうけんていぎのうこうしゅうおよびしゃげききょうしゅうにかんするきそく,令和六年七月十四日
353RJNJ17003000,規則,人事院規則一七―三（職員団体等の規約の認証）,じんじいんきそくじゅうななのさんしょくいんだんたいとうのきやくのにんしょう,平成二十年十二月一日
354AC0000000004,法律,民事執行法,みんじしっこうほう,令和十年六月十三日
354AC0000000025,法律,沿岸漁業改善資金助成法,えんがんぎょぎょうかいぜんしきんじょせいほう,令和四年四月一日
354AC0000000026,法律,昭和五十四年度の公債の発行の特例に関する法律,しょうわごじゅうよねんどのこうさいのはっこうのとくれいにかんするほうりつ,昭和五十九年六月三十日
354AC0000000033,法律,特定ガス消費機器の設置工事の監督に関する法律,とくていがすしょうひききのせっちこうじのかんとくにかんするほうりつ,令和二年六月十二日
354AC0000000043,法律,元号法,げんごうほう,昭和五十四年六月十二日
354AC0000000049,法律,エネルギーの使用の合理化及び非化石エネルギーへの転換等に関する法律,えねるぎーのしようのごうりかおよびひかせきえねるぎーへのてんかんとうにかんするほうりつ,令和七年六月一日
354AC0000000051,法律,林業経営基盤の強化等の促進のための資金の融通等に関する暫定措置法,りんぎょうけいえいきばんのきょうかとうのそくしんのためのしきんのゆうづうとうにかんするざんていそちほう,令和二年四月一日
354CO0000000018,政令,水俣病の認定業務の促進に関する臨時措置法施行令,みなまたびょうのにんていぎょうむのそくしんにかんするりんじそちほうしこうれい,平成十三年一月六日
354CO0000000124,政令,沿岸漁業改善資金助成法施行令,えんがんぎょぎょうかいぜんしきんじょせいほうしこうれい,令和四年四月一日
354CO0000000205,政令,林業経営基盤の強化等の促進のための資金の融通等に関する暫定措置法施行令,りんぎょうけいえいきばんのきょうかとうのそくしんのためのしきんのゆうづうとうにかんするざんていそちほうしこうれい,平成十九年四月一日
354CO0000000231,政令,特定ガス消費機器の設置工事の監督に関する法律施行令,とくていがすしょうひききのせっちこうじのかんとくにかんするほうりつせこうれい,令和元年十二月十六日
354CO0000000267,政令,エネルギーの使用の合理化及び非化石エネルギーへの転換等に関する法律施行令,えねるぎーのしようのごうりかおよびひかせきえねるぎーへのてんかんとうにかんするほうりつしこうれい,令和六年四月一日
354CO0000000281,政令,原子力損害賠償紛争審査会の組織等に関する政令,げんしりょくそんがいばいしょうふんそうしんさかいのそしきとうにかんするせいれい,平成二十三年十一月二十八日
354CO0000000298,政令,土地家屋調査士法施行令,とちかおくちょうさしほうせこうれい,令和三年七月十五日
354CO0000000314,政令,国家公務員共済組合の更新組合員等で代用教員等の期間を有するものが申出をした場合における長期給付に関する措置等に関する政令,こっかこうむいんきょうさいくみあいのこうしんくみあいいんとうでだいようきょういんとうのきかんをゆうするものがさるしゅつをしたばあいにおけるちょうききゅうふにかんするそちとうにかんするせいれい,昭和五十七年九月二十五日
354CO0000000321,政令,地方公務員共済組合の更新組合員等で代用教員等の期間を有するものが申出をした場合における長期給付に関する措置等に関する政令,ちほうこうむいんきょうさいくみあいのこうしんくみあいいんとうでだいようきょういんとうのきかんをゆうするものがさるしゅつをしたばあいにおけるちょうききゅうふにかんするそちとうにかんするせいれい,昭和五十七年九月二十五日
354M50000002005,府省令,水俣病の認定業務の促進に関する臨時措置法施行規則,みなまたびょうのにんていぎょうむのそくしんにかんするりんじそちほうしこうきそく,平成十三年一月六日
354M50000002027,府省令,国会議員互助年金の年額を職権により改定する場合の手続に関する総理府令,こっかいぎいんごじょねんきんのねんがくをしょっけんによりかいていするばあいのてつづきにかんするそうりふれい,平成四年四月一日
354M50000002038,府省令,大規模地震対策特別措置法施行規則,だいきぼじしんたいさくとくべつそちほうしこうきそく,令和七年四月一日
354M50000002042,府省令,恩給年額を職権により改定する場合の手続等に関する省令,おんきゅうねんがくをしょっけんによりかいていするばあいのてつづきとうにかんするしょうれい,平成二十六年五月三十日
354M50000002044,府省令,公害等調整委員会の事務局総務課に調査官を置く省令,こうがいとうちょうせいいいんかいのじむきょくそうむかにちょうさかんをおくしょうれい,平成十三年一月六日
354M50000010053,府省令,土地家屋調査士法施行規則,とちかおくちょうさしほうせこうきそく,令和五年三月三十一日
354M50000100049,府省令,エネルギーの使用の合理化及び非化石エネルギーへの転換等に関する法律の規定に基づく立入検査をする職員の携帯する身分を示す証明書の様式を定める省令,えねるぎーのしようのごうりかおよびひかせきえねるぎーへのてんかんとうにかんするほうりつのきていにもとづくたちいりけんさをするしょくいんのけいたいするみぶんをしめすしょうめいしょのようしきをさだめるしょうれい,令和五年四月一日
354M50000200022,府省令,沿岸漁業改善資金助成法施行規則,えんがんぎょぎょうかいぜんしきんじょせいほうせこうきそく,令和四年四月一日
354M50000200054,府省令,エネルギーの使用の合理化及び非化石エネルギーへの転換等に関する法律第百六十六条第十一項の規定による立入検査証の様式を定める省令,えねるぎーのしようのごうりかおよびひかせきえねるぎーへのてんかんとうにかんするほうりつだいひゃくろくじゅうろくじょうだいじゅういっこうのきていによるたちいりけんさしょうのようしきをさだめるしょうれい,令和五年四月一日
354M50000400074,府省令,エネルギーの使用の合理化及び非化石エネルギーへの転換等に関する法律施行規則,えねるぎーのしようのごうりかおよびひかせきえねるぎーへのてんかんとうにかんするほうりつしこうきそく,令和八年四月一日
354M50000400077,府省令,特定ガス消費機器の設置工事の監督に関する法律施行規則,とくていがすしょうひききのせっちこうじのかんとくにかんするほうりつしこうきそく,令和六年四月一日
354M50000C00003,府省令,自動車のエネルギー消費効率の算定等に関する省令,じどうしゃのえねるぎーしょうひこうりつのさんていとうにかんするしょうれい,令和五年四月一日
354M50002000018,府省令,粉じん障害防止規則,ふんじんしょうがいぼうしきそく,令和八年四月一日
354M50400000001,規則,警衛要則,けいえいようそく,令和四年十一月一日
354M50400000005,規則,管区警察学校の各部の内部組織に関する規則,かんくけいさつがっこうのかくぶのないぶそしきにかんするきそく,令和二年四月一日
354M50400000006,規則,足跡取扱規則,あしあととりあつかいきそく,令和七年四月一日
355AC0000000003,法律,農業共済再保険特別会計における果樹共済に係る再保険金及び漁船再保険及漁業共済保険特別会計における漁業共済に係る保険金の支払財源の不足に充てるための一般会計からする繰入金に関する法律,のうぎょうきょうさいさいほけんとくべつかいけいにおけるかじゅきょうさいにかかるさいほけんきんおよびぎょせんさいほけんおよびぎょぎょうきょうさいほけんとくべつかいけいにおけるぎょぎょうきょうさいにかかるほけんきんのしはらいざいげんのふそくにあてるためのいっぱんかいけいからするくりいれきんにかんするほうりつ,平成二十六年四月一日
355AC0000000034,法律,幹線道路の沿道の整備に関する法律,かんせんどうろのえんどうのせいびにかんするほうりつ,平成三十年四月一日
355AC0000000036,法律,犯罪被害者等給付金の支給等による犯罪被害者等の支援に関する法律,はんざいひがいしゃとうきゅうふきんのしきゅうとうによるはんざいひがいしゃとうのしえんにかんするほうりつ,令和六年九月二十六日
355AC0000000037,法律,昭和五十五年度の公債の発行の特例に関する法律,しょうわごじゅうごねんどのこうさいのはっこうのとくれいにかんするほうりつ,昭和五十九年六月三十日
355AC0000000040,法律,船舶のトン数の測度に関する法律,せんぱくのとんすうのそくどにかんするほうりつ,平成二十八年四月一日
355AC0000000060,法律,明日香村における歴史的風土の保存及び生活環境の整備等に関する特別措置法,あすかむらにおけるれきしてきふうどのほぞんおよびせいかつかんきょうのせいびとうにかんするとくべつそちほう,令和六年十一月八日
355AC0000000065,法律,農業経営基盤強化促進法,のうぎょうけいえいきばんきょうかそくしんほう,令和七年四月一日
355AC0000000069,法律,国際捜査共助等に関する法律,こくさいそうさきょうじょとうにかんするほうりつ,令和八年五月二十二日
355AC0000000071,法律,非化石エネルギーの開発及び導入の促進に関する法律,ひかせきえねるぎーのかいはつおよびどうにゅうのそくしんにかんするほうりつ,令和七年六月一日
355AC0000000086,法律,農住組合法,のうじゅうくみあいほう,令和七年六月一日
355AC0000000091,法律,こどもの国協会の解散及び事業の承継に関する法律,こどものくにきょうかいのかいさんおよびじぎょうのしょうけいにかんするほうりつ,令和五年四月一日
355AC1000000063,法律,地震防災対策強化地域における地震対策緊急整備事業に係る国の財政上の特別措置に関する法律,じしんぼうさいたいさくきょうかちいきにおけるじしんたいさくきんきゅうせいびじぎょうにかかるくにのざいせいじょうのとくべつそちにかんするほうりつ,令和七年四月一日
355AC1000000087,法律,自転車の安全利用の促進及び自転車等の駐車対策の総合的推進に関する法律,じてんしゃのあんぜんりようのそくしんおよびじてんしゃとうのちゅうしゃたいさくのそうごうてきすいしんにかんするほうりつ,平成六年六月二十日
355CO0000000098,政令,国勢調査令,こくせいちょうされい,令和七年四月一日
355CO0000000156,政令,明日香村における歴史的風土の保存及び生活環境の整備等に関する特別措置法施行令,あすかむらにおけるれきしてきふうどのほぞんおよびせいかつかんきょうのせいびとうにかんするとくべつそちほうしこうれい,令和四年十二月二日
355CO0000000174,政令,地震防災対策強化地域における地震対策緊急整備事業に係る国の財政上の特別措置に関する法律施行令,じしんぼうさいたいさくきょうかちいきにおけるじしんたいさくきんきゅうせいびじぎょうにかかるくにのざいせいじょうのとくべつそちにかんするほうりつしこうれい,平成二十六年六月二十五日
355CO0000000178,政令,農業振興地域の整備に関する法律等による不動産登記に関する政令,のうぎょうしんこうちいきのせいびにかんするほうりつとうによるふどうさんとうきにかんするせいれい,平成十七年三月七日
355CO0000000219,政令,農業経営基盤強化促進法施行令,のうぎょうけいえいきばんきょうかそくしんほうしこうれい,令和七年四月一日
355CO0000000226,政令,中小企業等協同組合法施行法第三十六条第三項の規定による主務大臣の権限の委任に関する政令,ちゅうしょうきぎょうとうきょうどうくみあいほうしこうほうだいさんじゅうろくじょうだいさんこうのきていによるしゅむだいじんのけんげんのいにんにかんするせいれい,昭和五十五年八月二十九日
355CO0000000230,政令,民事執行法施行令,みんじしっこうほうしこうれい,平成十七年四月一日
355CO0000000259,政令,外国為替及び外国貿易法における主務大臣を定める政令,がいこくかわせおよびがいこくぼうえきほうにおけるしゅむだいじんをさだめるせいれい,令和六年四月一日
355CO0000000260,政令,外国為替令,がいこくかわせれい,令和八年五月二十五日
355CO0000000261,政令,対内直接投資等に関する政令,たいないちょくせつとうしとうにかんするせいれい,令和七年五月十九日
355CO0000000266,政令,産業標準化法に基づく認定産業標準作成機関等に関する政令,さんぎょうひょうじゅんかほうにもとづくにんていさんぎょうひょうじゅんさくせいきかんとうにかんするせいれい,令和元年七月一日
355CO0000000273,政令,幹線道路の沿道の整備に関する法律施行令,かんせんどうろのえんどうのせいびにかんするほうりつしこうれい,平成三十年四月一日
355CO0000000276,政令,恩給法等の一部を改正する法律附則第十四条の二第一項の年金たる給付等を定める政令,おんきゅうほうとうのいちぶをかいせいするほうりつふそくだいじゅうよんじょうのにだいいっこうのねんきんたるきゅうふとうをさだめるせいれい,令和八年四月一日
355CO0000000287,政令,犯罪被害者等給付金の支給等による犯罪被害者等の支援に関する法律施行令,はんざいひがいしゃとうきゅうふきんのしきゅうとうによるはんざいひがいしゃとうのしえんにかんするほうりつしこうれい,令和六年六月十五日
355CO0000000300,政令,国の物品等又は特定役務の調達手続の特例を定める政令,くにのぶっぴんとうまたはとくていえきむのちょうたつてつづきのとくれいをさだめるせいれい,令和七年一月二十九日
355M50000002021,府省令,国勢調査施行規則,こくせいちょうさせこうきそく,令和七年六月一日
355M50000002027,府省令,地震防災対策強化地域における地震対策緊急整備事業に係る国の財政上の特別措置に関する法律施行規則,じしんぼうさいたいさくきょうかちいきにおけるじしんたいさくきんきゅうせいびじぎょうにかかるくにのざいせいじょうのとくべつそちにかんするほうりつしこうきそく,平成十七年四月一日
355M50000002030,府省令,京都事務所の所掌事務を定める内閣府令,きょうとじむしょのしょしょうじむをさだめるないかくふれい,令和元年五月一日
355M50000002031,府省令,宮内庁組織規則,くないちょうそしききそく,令和五年四月一日
355M50000008001,府省令,地方公務員共済組合の更新組合員等で代用教員等の期間を有するものの申出の手続に関する省令,ちほうこうむいんきょうさいくみあいのこうしんくみあいいんとうでだいようきょういんとうのきかんをゆうするもののもうしでのてつづきにかんするしょうれい,昭和五十五年一月三十日
355M50000010043,府省令,農業振興地域の整備に関する法律等による不動産登記の手続に関する省令,のうぎょうしんこうちいきのせいびにかんするほうりつとうによるふどうさんとうきのてつづきにかんするしょうれい,平成十七年三月七日
355M50000040007,府省令,国家公務員共済組合の更新組合員等で代用教員等の期間を組合員期間に算入しないことを希望する場合の手続に関する省令,こっかこうむいんきょうさいくみあいのこうしんくみあいいんとうでだいようきょういんとうのきかんをくみあいいんきかんにさんにゅうしないことをきぼうするばあいのてつづきにかんするしょうれい,昭和五十五年二月二十八日
355M50000040044,府省令,外国為替に関する省令,がいこくかわせにかんするしょうれい,令和八年四月一日
355M50000040045,府省令,国の物品等又は特定役務の調達手続の特例を定める省令,くにのぶっぴんとうまたはとくていえきむのちょうたつてつづきのとくれいをさだめるしょうれい,令和七年一月二十九日
355M50000040049,府省令,軍票による支払等の許可の申請手続に関する省令,ぐんひょうによるしはらいとうのきょかのしんせいてつづきにかんするしょうれい,平成十三年一月六日
355M50000200034,府省令,農業経営基盤強化促進法施行規則,のうぎょうけいえいきばんきょうかそくしんほうしこうきそく,令和七年四月一日
355M50000400020,府省令,非化石エネルギーの開発及び導入の促進に関する法律第二条第一号の原油等から製造される燃料を定める省令,ひかせきえねるぎーのかいはつおよびどうにゅうのそくしんにかんするほうりつだいにじょうだいいちごうのげんゆとうからせいぞうされるねんりょうをさだめるしょうれい,平成二十三年七月七日
355M50000400030,府省令,経済産業省特定業種石油等消費統計調査規則,けいざいさんぎょうしょうとくていぎょうしゅせきゆとうしょうひとうけいちょうさきそく,令和元年七月一日
355M50000800011,府省令,船舶防火構造規則,せんぱくぼうかこうぞうきそく,令和八年一月一日
355M50000D00001,府省令,産業標準化法に基づく登録申請手数料の額の計算等に関する命令,さんぎょうひょうじゅんかほうにもとづくとうろくしんせいてすうりょうのがくのけいさんとうにかんするめいれい,令和七年四月一日
355M50004000012,府省令,幹線道路の沿道の整備に関する法律施行規則,かんせんどうろのえんどうのせいびにかんするほうりつしこうきそく,令和三年一月一日
355M50004F40002,府省令,中小企業等協同組合法施行法第三十六条第三項の規定による組合の継続の決議の認可の申請手続に関する省令,ちゅうしょうきぎょうとうきょうどうくみあいほうしこうほうだいさんじゅうろくじょうだいさんこうのきていによるくみあいのけいぞくのけつぎのにんかのしんせいてつづきにかんするしょうれい,昭和五十五年八月二十九日
355M50007FC2001,府省令,対内直接投資等に関する命令,たいないちょくせつとうしとうにかんするめいれい,令和七年五月十九日
355M50400000004,規則,国際捜査共助等に関する法律に関する書式例,こくさいそうさきょうじょとうにかんするほうりつにかんするしょしきれい,令和四年四月一日
355M50400000006,規則,犯罪被害者等給付金の支給等による犯罪被害者等の支援に関する法律施行規則,はんざいひがいしゃとうきゅうふきんのしきゅうとうにかんするほうりつしこうきそく,令和七年六月一日
355M50400000007,規則,警察法第十二条の四第一項に規定する専門委員に関する規則,けいさつほうだいじゅうにじょうのよんだいいっこうにきていするせんもんいいんにかんするきそく,令和五年十月一日
355RJNJ10008000,規則,人事院規則一〇―八（船員である職員に係る保健及び安全保持の特例）,じんじいんきそくじゅうのはちせんいんであるしょくいんにかかるほけんおよびあんぜんほじのとくれい,平成十三年七月二日
356AC0000000001,法律,農業共済再保険特別会計における農作物共済、畑作物共済及び果樹共済に係る再保険金の支払財源の不足に充てるための一般会計からする繰入金等に関する法律,のうぎょうきょうさいさいほけんとくべつかいけいにおけるのうさくぶつきょうさいはたさくものきょうさいおよびかじゅきょうさいにかかるさいほけんきんのしはらいざいげんのふそくにみてるためのいっぱんかいけいからするくりいれきんとうにかんするほうりつ,平成二十六年四月一日
356AC0000000024,法律,国際科学技術博覧会の準備及び運営のために必要な特別措置に関する法律,こくさいかがくぎじゅつはくらんかいのじゅんびおよびうんえいのためにひつようなとくべつそちにかんするほうりつ,平成十一年十月一日
356AC0000000028,法律,特定外貿埠頭の管理運営に関する法律,とくていがいぼうふとうのかんりううんえいにかんするほうりつ,令和七年十月一日
356AC0000000039,法律,財政運営に必要な財源の確保を図るための特別措置に関する法律,ざいせいうんえいにひつようなざいげんのかくほをはかるためのとくべつそちにかんするほうりつ,昭和五十九年六月三十日
356AC0000000041,法律,アフリカ開発銀行への加盟に伴う措置に関する法律,あふりかかいはつぎんこうへのかめいにともなうそちにかんするほうりつ,平成十年四月一日
356AC0000000042,法律,一次産品のための共通基金への加盟に伴う措置に関する法律,いちじさんひんのためのきょうつうききんへのかめいにともなうそちにかんするほうりつ,平成十年四月一日
356AC0000000059,法律,銀行法,ぎんこうほう,令和十年六月十三日
356AC0000000072,法律,本州四国連絡橋の建設に伴う一般旅客定期航路事業等に関する特別措置法,ほんしゅうしこくれんらくきょうのけんせつにともなういっぱんりょきゃくていきこうろじぎょうとうにかんするとくべつそちほう,平成三十一年四月一日
356AC0000000076,法律,広域臨海環境整備センター法,こういきりんかいかんきょうせいびせんたーほう,平成二十五年一月一日
356AC0000000093,法律,行政改革を推進するため当面講ずべき措置の一環としての国の補助金等の縮減その他の臨時の特例措置に関する法律,ぎょうせいかいかくをすいしんするためとうめんこうずべきそちのいっかんとしてのくにのほじょきんとうのしゅくげんそのたのりんじのとくれいそちにかんするほうりつ,昭和六十一年五月十五日
356AC1000000068,法律,公衆浴場の確保のための特別措置に関する法律,こうしゅうよくじょうのかくほのためのとくべつそちにかんするほうりつ,平成二十年十月一日
356CO0000000170,政令,農住組合法施行令,のうじゅうくみあいほうせこうれい,令和二年四月一日
356CO0000000293,政令,国家公務員共済組合の更新組合員等で旧特別調達庁の職員期間を有するものが申出をした場合における長期給付に関する措置等に関する政令,こっかこうむいんきょうさいくみあいのこうしんくみあいいんとうできゅうとくべつちょうたつちょうのしょくいんきかんをゆうするものがさるしゅつをしたばあいにおけるちょうききゅうふにかんするそちとうにかんするせいれい,昭和五十七年九月二十五日
356CO0000000296,政令,地方公務員共済組合の更新組合員等で旧特別調達庁の職員期間を有するものが申出をした場合における長期給付に関する措置等に関する政令,ちほうこうむいんきょうさいくみあいのこうしんくみあいいんとうできゅうとくべつちょうたつちょうのしょくいんきかんをゆうするものがさるしゅつをしたばあいにおけるちょうききゅうふにかんするそちとうにかんするせいれい,昭和五十七年九月二十五日
356CO0000000316,政令,本州四国連絡橋の建設に伴う一般旅客定期航路事業等に関する特別措置法施行令,ほんしゅうしこくれんらくきょうのけんせつにともなういっぱんりょきゃくていきこうろじぎょうとうにかんするとくべつそちほうしこうれい,平成十七年十月一日
356CO0000000330,政令,広域臨海環境整備センター法施行令,こういきりんかいかんきょうせいびせんたーほうしこうれい,令和七年七月二十二日
356M50000002030,府省令,放射性同位元素等の運搬の届出等に関する内閣府令,ほうしゃせいどういげんそとうのうんぱんのとどけでとうにかんするないかくふれい,令和二年十二月二十八日
356M50000002033,府省令,科学技術研究調査規則,かがくぎじゅつけんきゅうちょうさきそく,令和七年十月一日
356M50000002038,府省令,社会生活基本調査規則,しゃかいせいかつきほんちょうさきそく,令和三年四月二十七日
356M50000008017,府省令,火災報知設備の感知器及び発信機に係る技術上の規格を定める省令,かさいほうちせつびのかんちきおよびはっしんきにかかるぎじゅつじょうのきかくをさだめるしょうれい,令和六年七月二十三日
356M50000008018,府省令,中継器に係る技術上の規格を定める省令,ちゅうけいきにかかるぎじゅつじょうのきかくをさだめるしょうれい,令和元年七月一日
356M50000008019,府省令,受信機に係る技術上の規格を定める省令,じゅしんきにかかるぎじゅつじょうのきかくをさだめるしょうれい,令和元年七月一日
356M50000008026,府省令,地方公務員共済組合の更新組合員等で旧特別調達庁の職員期間を有するものの申出の手続に関する省令,ちほうこうむいんきょうさいくみあいのこうしんくみあいいんとうできゅうとくべつちょうたつちょうのしょくいんきかんをゆうするもののもうしでのてつづきにかんするしょうれい,昭和五十六年十月一日
356M50000010054,府省令,出入国管理及び難民認定法施行規則,しゅつにゅうこくかんりおよびなんみんにんていほうしこうきそく,令和八年四月一日
356M50000040042,府省令,昭和四十二年度以後における国家公務員共済組合等からの年金の額の改定に関する法律施行令第十八条第三項に規定する金額の特例を定める省令,しょうわよんじゅうにねんどいごにおけるこっかこうむいんきょうさいくみあいとうからのねんきんのがくのかいていにかんするほうりつしこうれいだいじゅうはちじょうだいさんこうにきていするきんがくのとくれいをさだめるしょうれい,昭和五十六年七月二十三日
356M50000040051,府省令,国家公務員共済組合の更新組合員等で旧特別調達庁の職員期間を組合員期間に算入しないことを希望する場合の手続に関する省令,こっかこうむいんきょうさいくみあいのこうしんくみあいいんとうできゅうとくべつちょうたつちょうのしょくいんきかんをくみあいいんきかんにさんにゅうしないことをきぼうするばあいのてつづきにかんするしょうれい,昭和五十六年九月三十日
356M50000080030,府省令,昭和四十四年度以後における私立学校教職員共済組合からの年金の額の改定に関する法律施行令第二条第三項に規定する金額の特例を定める省令,しょうわよんじゅうよねんどいごにおけるしりつがっこうきょうしょくいんきょうさいくみあいからのねんきんのがくのかいていにかんするほうりつしこうれいだいにじょうだいさんこうにきていするきんがくのとくれいをさだめるしょうれい,昭和五十六年七月十六日
356M50000080033,府省令,大学通信教育設置基準,だいがくつうしんきょういくせっちきじゅん,令和四年十月一日
356M50000200025,府省令,農住組合に関する土地改良法施行規則の適用に関する省令,のうじゅうくみあいにかんするとちかいりょうほうしこうきそくのてきようにかんするしょうれい,昭和五十六年六月六日
356M50000800022,府省令,放射性同位元素等の事業所外運搬に係る危険時における措置に関する規則,ほうしゃせいどういげんそとうのじぎょうしょがいうんぱんにかかるきけんじにおけるそちにかんするきそく,令和六年六月二十八日
356M50000800047,府省令,船舶のトン数の測度に関する法律施行規則,せんぱくのとんすうのそくどにかんするほうりつしこうきそく,令和六年四月一日
356M50000800048,府省令,本州四国連絡橋の建設に伴う一般旅客定期航路事業等の再編成に関する省令,ほんしゅうしこくれんらくきょうのけんせつにともなういっぱんりょきゃくていきこうろじぎょうとうのさいへんせいにかんするしょうれい,平成十四年七月一日
356M50000800049,府省令,船員となろうとする者に関する本州四国連絡橋の建設に伴う一般旅客定期航路事業等離職者の再就職の促進に関する省令,せんいんとなろうとするものにかんするほんしゅうしこくれんらくきょうのけんせつにともなういっぱんりょきゃくていきこうろじぎょうとうりしょくしゃのさいしゅうしょくのそくしんにかんするしょうれい,平成二十二年一月一日
356M50000900002,府省令,広域臨海環境整備センター法施行規則,こういきりんかいかんきょうせいびせんたーほうしこうきそく,令和六年四月一日
356M50001000037,府省令,特定無線設備の技術基準適合証明等に関する規則,とくていむせんせつびのぎじゅつきじゅんてきごうしょうめいとうにかんするきそく,令和八年三月二十五日
356M50002000038,府省令,本州四国連絡橋の建設に伴う一般旅客定期航路事業等に関する特別措置法に基づく就職指導等に関する省令,ほんしゅうしこくれんらくきょうのけんせつにともなういっぱんりょきゃくていきこうろじぎょうとうにかんするとくべつそちほうにもとづくしゅうしょくしどうとうにかんするしょうれい,令和六年四月一日
356M50002800001,府省令,本州四国連絡橋の建設に伴う一般旅客定期航路事業等に関する特別措置法第二条第三号の業務を定める省令,ほんしゅうしこくれんらくきょうのけんせつにともなういっぱんりょきゃくていきこうろじぎょうとうにかんするとくべつそちほうだいにじょうだいさんごうのぎょうむをさだめるしょうれい,平成十三年一月六日
356M50004000010,府省令,農住組合の行う土地区画整理事業の施行及び生産緑地地区に関する都市計画についての要請に関する省令,のうじゅうくみあいのおこなうとちくかくせいりじぎょうのせこうおよびせいさんりょくちちくにかんするとしけいかくについてのようせいにかんするしょうれい,令和三年一月一日
356M50004202001,府省令,農住組合法施行規則,のうじゅうくみあいほうしこうきそく,令和六年四月一日
356M50004800003,府省令,独立行政法人日本高速道路保有・債務返済機構又は鉄道事業者等が締結する退職金支払確保契約に関する省令,どくりつぎょうせいほうじんにほんこうそくどうろほゆうさいむへんさいきこうまたはてつどうじぎょうしゃとうがていけつするたいしょくきんしはらいかくほけいやくにかんするしょうれい,平成十七年十月一日
356M50004800004,府省令,独立行政法人日本高速道路保有・債務返済機構又は鉄道事業者等が交付する一般旅客定期航路事業廃止等交付金に関する省令,どくりつぎょうせいほうじんにほんこうそくどうろほゆうさいむへんさいきこうまたはてつどうじぎょうしゃとうがこうふするいっぱんりょきゃくていきこうろじぎょうはいしとうこうふきんにかんするしょうれい,令和三年一月一日
357AC0000000002,法律,農業共済再保険特別会計における農作物共済、畑作物共済及び果樹共済に係る再保険金の支払財源の不足に充てるための一般会計からする繰入金に関する法律,のうぎょうきょうさいさいほけんとくべつかいけいにおけるのうさくぶつきょうさいはたさくものきょうさいおよびかじゅきょうさいにかかるさいほけんきんのしはらいざいげんのふそくにみてるためのいっぱんかいけいからするくりいれきんにかんするほうりつ,平成二十六年四月一日
357AC0000000041,法律,昭和五十七年度の公債の発行の特例に関する法律,しょうわごじゅうななねんどのこうさいのはっこうのとくれいにかんするほうりつ,昭和五十九年六月三十日
357AC0000000061,法律,細菌兵器（生物兵器）及び毒素兵器の開発、生産及び貯蔵の禁止並びに廃棄に関する条約等の実施に関する法律,さいきんへいきせいぶつへいきおよびどくそへいきのかいはつせいさんおよびちょぞうのきんしならびにはいきにかんするじょうやくとうのじっしにかんするほうりつ,令和七年六月一日
357AC0000000080,法律,高齢者の医療の確保に関する法律,こうれいしゃのいりょうのかくほにかんするほうりつ,令和十年十二月十一日
357AC1000000064,法律,深海底鉱業暫定措置法,しんかいていこうぎょうざんていそちほう,令和七年六月一日
357AC1000000085,法律,北方領土問題等の解決の促進のための特別措置に関する法律,ほっぽうりょうどもんだいとうのかいけつのそくしんのためのとくべつそちにかんするほうりつ,令和八年四月一日
357AC1000000089,法律,公立の大学における外国人教員の任用等に関する特別措置法,こうりつのだいがくにおけるがいこくじんきょういんのにんようとうにかんするとくべつそちほう,平成十九年四月一日
357CO0000000003,政令,昭和四十二年度以後における地方公務員等共済組合法の年金の額の改定等に関する法律等の一部を改正する法律の施行に伴う関係政令の整備等に関する政令,しょうわよんじゅうにねんどいごにおけるちほうこうむいんとうきょうさいくみあいほうのねんきんのがくのかいていとうにかんするほうりつとうのいちぶをかいせいするほうりつのせこうにともなうかんけいせいれいのせいびとうにかんするせいれい,昭和五十七年四月一日
357CO0000000010,政令,船舶のトン数の測度に関する法律附則第五条第三項の経過措置を定める政令,せんぱくのとんすうのそくどにかんするほうりつふそくだいごじょうだいさんこうのけいかそちをさだめるせいれい,昭和五十七年七月十八日
357CO0000000040,政令,銀行法施行令,ぎんこうほうしこうれい,令和八年五月二十五日
357CO0000000042,政令,長期信用銀行法施行令,ちょうきしんようぎんこうほうせこうれい,令和三年十一月二十二日
357CO0000000044,政令,協同組合による金融事業に関する法律施行令,きょうどうくみあいによるきんゆうじぎょうにかんするほうりつしこうれい,令和八年五月二十五日
357CO0000000046,政令,労働金庫法施行令,ろうどうきんこほうしこうれい,令和八年五月二十五日
357CO0000000050,政令,行政改革を推進するため当面講ずべき措置の一環としての国の補助金等の縮減その他の臨時の特例措置に関する法律に基づく特定地域に係る国の負担、補助等の特例に関する政令,ぎょうせいかいかくをすいしんするためとうめんこうずべきそちのいっかんとしてのくにのほじょきんとうのしゅくげんそのたのりんじのとくれいそちにかんするほうりつにもとづくとくていちいきにかかるくにのふたんほじょとうのとくれいにかんするせいれい,平成二十四年四月一日
357CO0000000199,政令,深海底鉱業暫定措置法関係手数料令,しんかいていこうぎょうざんていそちほうかんけいてすうりょうれい,令和元年十二月十六日
357CO0000000246,政令,新エネルギー総合開発機構がアルコール専売事業特別会計から承継する権利及び義務等に関する政令,しんえねるぎーそうごうかいはつきこうがあるこーるせんばいじぎょうとくべつかいけいからしょうけいするけんりおよびぎむとうにかんするせいれい,昭和五十七年九月十四日
357CO0000000308,政令,警備業法施行令,けいびぎょうほうせこうれい,平成十七年十一月二十一日
357M50000002006,府省令,小売物価統計調査規則,こうりぶっかとうけいちょうさきそく,令和八年一月一日
357M50000002025,府省令,就業構造基本調査規則,しゅうぎょうこうぞうきほんちょうさきそく,令和四年四月一日
357M50000002041,府省令,住宅・土地統計調査規則,じゅうたくとちとうけいちょうさきそく,令和五年七月二十日
357M50000040010,府省令,銀行法施行規則,ぎんこうほうせこうきそく,令和八年一月一日
357M50000040013,府省令,長期信用銀行法施行規則,ちょうきしんようぎんこうほうしこうきそく,令和七年八月二十九日
357M50000040015,府省令,信用金庫法施行規則,しんようきんこほうせこうきそく,令和八年五月二十五日
357M50000040016,府省令,金融機関の信託業務の兼営等に関する法律施行規則,きんゆうきかんのしんたくぎょうむのけんえいとうにかんするほうりつしこうきそく,令和八年四月一日
357M50000040030,府省令,国債の発行等に関する省令,こくさいのはっこうとうにかんするしょうれい,令和七年五月一日
357M50000080003,府省令,短期大学通信教育設置基準,たんきだいがくつうしんきょういくせっちきじゅん,令和四年十月一日
357M50000400034,府省令,深海底鉱業暫定措置法施行規則,しんかいていこうぎょうざんていそちほうしこうきそく,令和五年十二月二十八日
357M50002000036,府省令,調理に係る技能検定の受検資格等の特例に関する省令,ちょうりにかかるぎのうけんていのじゅけんしかくとうのとくれいにかんするしょうれい,平成二十九年十一月一日
357M50002040001,府省令,労働金庫法施行規則,ろうどうきんこほうせこうきそく,令和八年五月二十五日
357M50004000016,府省令,土地区画整理士技術検定規則,とちくかくせいりしぎじゅつけんていきそく,令和五年二月二十八日
357M50400000001,規則,犯罪手口資料取扱規則,はんざいてぐちしりょうとりあつかいきそく,令和七年四月一日
358AC0000000025,法律,技術士法,ぎじゅつしほう,令和七年六月一日
358AC0000000045,法律,昭和五十八年度の財政運営に必要な財源の確保を図るための特別措置に関する法律,しょうわごじゅうはちねんどのざいせいうんえいにひつようなざいげんのかくほをはかるためのとくべつそちにかんするほうりつ,昭和五十九年六月三十日
358AC0000000046,法律,国民年金特別会計への国庫負担金の繰入れの平準化を図るための一般会計からする繰入れの特例に関する法律,こくみんねんきんとくべつかいけいへのこっこふたんきんのくりいれれのたいらじゅんかをはかるためのいっぱんかいけいからするくりいれれのとくれいにかんするほうりつ,令和五年四月一日
358AC1000000032,法律,貸金業法,かしきんぎょうほう,令和十年六月十三日
358AC1000000043,法律,浄化槽法,じょうかそうほう,令和七年六月一日
358AC1000000056,法律,医学及び歯学の教育のための献体に関する法律,いがくおよびしがくのきょういくのためのけんたいにかんするほうりつ,平成十三年一月六日
358CO0000000013,政令,船舶職員及び小型船舶操縦者法施行令,せんぱくしょくいんおよびこがたせんぱくそうじゅうしゃほうしこうれい,令和八年二月十四日
358CO0000000014,政令,船員法及び船舶職員法の一部を改正する法律の施行に伴う経過措置を定める政令,せんいんほうおよびせんぱくしょくいんほうのいちぶをかいせいするほうりつのせこうにともなうけいかそちをさだめるせいれい,昭和五十八年四月三十日
358CO0000000104,政令,交通安全対策特別交付金等に関する政令,こうつうあんぜんたいさくとくべつこうふきんとうにかんするせいれい,平成二十九年四月一日
358CO0000000147,政令,手形法第八十七条及び小切手法第七十五条の規定による休日を定める政令,てがたほうだいはちじゅうななじょうおよびこぎってほうだいななじゅうごじょうのきていによるきゅうじつをさだめるせいれい,平成五年九月十日
358CO0000000181,政令,貸金業法施行令,かしきんぎょうほうしこうれい,令和八年五月二十五日
358CO0000000184,政令,海洋汚染及び海上災害の防止に関する法律の一部を改正する法律の一部の施行に伴う経過措置を定める政令,かいようおせんおよびかいじょうさいがいのぼうしにかんするほうりつのいちぶをかいせいするほうりつのいちぶのせこうにともなうけいかそちをさだめるせいれい,平成十七年五月十九日
358CO0000000269,政令,技術士法施行令,ぎじゅつしほうしこうれい,令和八年一月一日
358M50000002001,府省令,警備業法施行規則,けいびぎょうほうしこうきそく,令和六年六月二十七日
358M50000002023,府省令,労働力調査規則,ろうどうりょくちょうさきそく,令和五年四月一日
358M50000002044,府省令,指定試験機関及び指定登録機関に関する規則,していしけんきかんおよびしていとうろくきかんにかんするきそく,平成二十三年四月十一日
358M50000008002,府省令,流水検知装置の技術上の規格を定める省令,りゅうすいけんちそうちのぎじゅつじょうのきかくをさだめるしょうれい,令和元年七月一日
358M50000020003,府省令,外務省研修所研修規則,がいむしょうけんしゅうじょけんしゅうきそく,平成二十五年四月一日
358M50000040003,府省令,アフリカ開発銀行への加盟に伴う国債の発行等に関する省令,あふりかかいはつぎんこうへのかめいにともなうこくさいのはっこうとうにかんするしょうれい,平成十五年三月二十八日
358M50000040040,府省令,貸金業法施行規則,かしきんぎょうほうしこうきそく,令和七年十月一日
358M50000080027,府省令,医学及び歯学の教育のための献体に関する法律に基づく正常解剖の解剖体の記録に関する省令,いがくおよびしがくのきょういくのためのけんたいにかんするほうりつにもとづくせいじょうかいぼうのかいぼうたいのきろくにかんするしょうれい,昭和五十八年十一月二十五日
358M50000200039,府省令,分収林特別措置法施行規則,ぶんしゅうりんとくべつそちほうせこうきそく,令和二年十二月二十一日
358M50000800006,府省令,船舶自動化設備特殊規則,せんぱくじどうかせつびとくしゅきそく,令和七年六月一日
358M50000800038,府省令,海洋汚染等及び海上災害の防止に関する法律の規定に基づく船舶の設備等に関する技術上の基準等に関する省令,かいようおせんとうおよびかいじょうさいがいのぼうしにかんするほうりつのきていにもとづくせんぱくのせつびとうにかんするぎじゅつじょうのきじゅんとうにかんするしょうれい,令和五年一月一日
358M50000800039,府省令,海洋汚染等及び海上災害の防止に関する法律の規定に基づく船舶の設備等の検査等に関する規則,かいようおせんとうおよびかいじょうさいがいのぼうしにかんするほうりつのきていにもとづくせんぱくのせつびとうのけんさとうにかんするきそく,令和八年三月一日
358M50000800040,府省令,海洋汚染等及び海上災害の防止に関する法律の規定に基づく事業場の認定に関する規則,かいようおせんとうおよびかいじょうさいがいのぼうしにかんするほうりつのきていにもとづくじぎょうばのにんていにかんするきそく,令和八年一月十五日
358M50000800041,府省令,海洋汚染防止設備及び大気汚染防止検査対象設備型式承認規則,かいようおせんぼうしせつびおよびたいきおせんぼうしけんさたいしょうせつびかたしきしょうにんきそく,令和三年十一月二十日
358M50002000025,府省令,労働安全衛生法に基づく製造時等検査及び型式検定の手数料の加算額の計算に関する省令,ろうどうあんぜんえいせいほうにもとづくせいぞうじとうけんさおよびかたしきけんていのてすうりょうのかさんがくのけいさんにかんするしょうれい,令和八年四月一日
358M50004000017,府省令,浄化槽法附則第十条第一項の型式の認定に関する省令,じょうかそうほうふそくだいじゅうじょうだいいっこうのかたしきのにんていにかんするしょうれい,昭和五十八年十一月十七日
358M50400000001,規則,警備業の要件に関する規則,けいびぎょうのようけんにかんするきそく,令和七年十月一日
358M50400000002,規則,警備員指導教育責任者及び機械警備業務管理者に係る講習等に関する規則,けいびいんしどうきょういくせきにんしゃおよびきかいけいびぎょうむかんりしゃにかかるこうしゅうとうにかんするきそく,令和六年六月二十七日
359AC0000000034,法律,地力増進法,ちりょくぞうしんほう,令和二年十二月一日
359AC0000000052,法律,昭和五十九年度の財政運営に必要な財源の確保を図るための特別措置等に関する法律,しょうわごじゅうきゅうねんどのざいせいうんえいにひつようなざいげんのかくほをはかるためのとくべつそちとうにかんするほうりつ,平成二十六年四月一日
359AC0000000061,法律,湖沼水質保全特別措置法,こしょうすいしつほぜんとくべつそちほう,令和七年六月一日
359AC0000000068,法律,たばこ事業法,たばこじぎょうほう,令和七年六月一日
359AC0000000069,法律,日本たばこ産業株式会社法,にほんたばこさんぎょうかぶしきがいしゃほう,令和七年六月一日
359AC0000000072,法律,たばこ税法,たばこぜいほう,令和八年五月二十五日
359AC0000000085,法律,日本電信電話株式会社等に関する法律,にほんでんしんでんわかぶしきがいしゃとうにかんするほうりつ,令和八年五月二十七日
359AC0000000086,法律,電気通信事業法,でんきつうしんじぎょうほう,令和十年六月十三日
359CO0000000025,政令,温泉法施行令,おんせんほうしこうれい,平成二十三年十一月三十日
359CO0000000036,政令,国家公務員及び公共企業体職員に係る共済組合制度の統合に伴う国家公務員共済組合法の長期給付の特例に関する政令,こっかこうむいんおよびこうきょうきぎょうたいしょくいんにかかるきょうさいくみあいせいどのとうごうにともなうこっかこうむいんきょうさいくみあいほうのちょうききゅうふのとくれいにかんするせいれい,平成十四年四月一日
359CO0000000143,政令,農産物検査法関係手数料令,のうさんぶつけんさほうかんけいてすうりょうれい,平成十七年四月一日
359CO0000000147,政令,海事代理士法関係手数料令,かいじだいりしほうかんけいてすうりょうれい,平成十六年三月三十一日
359CO0000000179,政令,最低賃金法第三十五条第二項の地方運輸局を定める政令,さいていちんぎんほうだいさんじゅうごじょうだいにこうのちほううんゆきょくをさだめるせいれい,平成二十年七月一日
359CO0000000221,政令,弁護士法第五条第一号の機関を定める政令,べんごしほうだいごじょういちごうのきかんをさだめるせいれい,平成十六年四月一日
359CO0000000222,政令,公証人法第十三条ノ二の審議会等を定める政令,こうしょうにんほうだいじゅうさんじょうのにのしんぎかいとうをさだめるせいれい,平成十六年一月一日
359CO0000000226,政令,旧軍港市転換法第六条第一項の財務局を定める政令,きゅうぐんこうしてんかんほうだいろくじょうだいいっこうのざいむきょくをさだめるせいれい,昭和五十九年六月二十八日
359CO0000000299,政令,地力増進法施行令,ちりょくぞうしんほうしこうれい,平成九年三月一日
359CO0000000319,政令,風俗営業等の規制及び業務の適正化等に関する法律施行令,ふうぞくえいぎょうとうのきせいおよびぎょうむのてきせいかとうにかんするほうりつしこうれい,令和八年四月一日
359CO0000000355,政令,国民年金特別会計への一般会計からする国庫負担金の繰入れの特例に係る控除額及び加算額の改定に関する政令,こくみんねんきんとくべつかいけいへのいっぱんかいけいからするこっこふたんきんのくりいれれのとくれいにかかるこうじょがくおよびかさんがくのかいていにかんするせいれい,平成六年六月二十四日
359M50000002005,府省令,技術士法施行規則,ぎじゅつしほうしこうきそく,令和七年六月一日
359M50000002023,府省令,全国家計構造調査規則,ぜんこくかけいこうぞうちょうさきそく,令和六年二月五日
359M50000002024,府省令,国勢調査の調査区の設定の基準等に関する省令,こくせいちょうさのちょうさくのせっていのきじゅんとうにかんするしょうれい,令和六年四月一日
359M50000010039,府省令,国籍法施行規則,こくせきほうしこうきそく,平成二十八年四月一日
359M50000100017,府省令,環境省関係浄化槽法施行規則,かんきょうしょうかんけいじょうかそうほうしこうきそく,令和七年四月一日
359M50000200035,府省令,地力増進法施行規則,ちりょくぞうしんほうせこうきそく,令和二年十二月二十一日
359M50000400002,府省令,中小企業倒産防止共済事業の余裕財源の有無及び額の計算に関する省令,ちゅうしょうきぎょうとうさんぼうしきょうさいじぎょうのよゆうざいげんのうむおよびがくのけいさんにかんするしょうれい,令和二年六月十五日
359M50000400015,府省令,エネルギー管理士の試験及び免状の交付に関する規則,えねるぎーかんりしのしけんおよびめんじょうのこうふにかんするきそく,令和五年四月一日
359M50000800024,府省令,船員労務官服制,せんいんろうむかんふくせい,昭和五十九年七月二十八日
359M50000800028,府省令,船舶機関規則,せんぱくきかんきそく,令和元年十二月十六日
359M50004000017,府省令,浄化槽設備士に関する省令,じょうかそうせつびしにかんするしょうれい,令和六年五月二十七日
359RJNJ02009000,規則,人事院規則二―九（人事院の法律顧問）,じんじいんきそくにのきゅうじんじいんのほうりつこもん,昭和五十九年三月三十一日
360AC0000000033,法律,電子情報処理組織による登記事務処理の円滑化のための措置等に関する法律,でんしじょうほうしょりそしきによるとうきじむしょりのえんかつかのためのそちとうにかんするほうりつ,令和五年四月一日
360AC0000000043,法律,半導体集積回路の回路配置に関する法律,はんどうたいしゅうせきかいろのかいろはいちにかんするほうりつ,令和八年五月二十一日
360AC0000000064,法律,米州投資公社への加盟に伴う措置に関する法律,べいしゅうとうしこうしゃへのかめいにともなうそちにかんするほうりつ,令和七年四月十八日
360AC0000000065,法律,基盤技術研究円滑化法,きばんぎじゅつけんきゅうえんかつかほう,平成二十七年四月一日
360AC0000000084,法律,昭和六十年度の財政運営に必要な財源の確保を図るための特別措置に関する法律,しょうわろくじゅうねんどのざいせいうんえいにひつようなざいげんのかくほをはかるためのとくべつそちにかんするほうりつ,平成二十六年四月一日
360AC0000000088,法律,労働者派遣事業の適正な運営の確保及び派遣労働者の保護等に関する法律,ろうどうしゃはけんじぎょうのてきせいなうんえいのかくほおよびはけんろうどうしゃのほごとうにかんするほうりつ,令和八年四月一日
360AC1000000063,法律,半島振興法,はんとうしんこうほう,令和七年四月一日
360CO0000000005,政令,たばこ税法施行令,たばこぜいほうしこうれい,令和七年四月一日
360CO0000000021,政令,たばこ事業法施行令,たばこじぎょうほうせこうれい,平成十七年四月一日
360CO0000000022,政令,日本たばこ産業株式会社法施行令,にほんたばこさんぎょうかぶしきがいしゃほうせこうれい,平成十三年三月三十一日
360CO0000000024,政令,たばこ事業法等の施行に伴う関係政令の整備等に関する政令,たばこじぎょうほうとうのせこうにともなうかんけいせいれいのせいびとうにかんするせいれい,昭和六十年三月五日
360CO0000000030,政令,日本電信電話株式会社等に関する法律施行令,にほんでんしんでんわかぶしきがいしゃとうにかんするほうりつしこうれい,平成十三年三月三十一日
360CO0000000031,政令,日本電信電話株式会社法、電気通信事業法及び日本電信電話株式会社法及び電気通信事業法の施行に伴う関係法律の整備等に関する法律の施行に伴う関係政令の整備等に関する政令,にほんでんしんでんわかぶしきがいしゃほうでんきつうしんじぎょうほうおよびにほんでんしんでんわかぶしきがいしゃほうおよびでんきつうしんじぎょうほうのしこうにともなうかんけいほうりつのせいびとうにかんするほうりつのしこうにともなうかんけいせいれいのせいびとうにかんするせいれい,平成十三年一月六日
360CO0000000037,政令,湖沼水質保全特別措置法施行令,こしょうすいしつほぜんとくべつそちほうしこうれい,令和六年四月一日
360CO0000000068,政令,国家公務員及び公共企業体職員に係る共済組合制度の統合等を図るための国家公務員共済組合法等の一部を改正する法律附則第三十五条の規定等に基づき行う負担金の額の調整等に関する政令,こっかこうむいんおよびこうきょうきぎょうたいしょくいんにかかるきょうさいくみあいせいどのとうごうとうをはかるためのこっかこうむいんきょうさいくみあいほうとうのいちぶをかいせいするほうりつふそくだいさんじゅうごじょうのきていとうにもとづきおこなうふたんきんのがくのちょうせいとうにかんするせいれい,平成七年四月一日
360CO0000000075,政令,電気通信事業法施行令,でんきつうしんじぎょうほうしこうれい,令和七年十一月五日
360CO0000000166,政令,電子情報処理組織による登記事務処理の円滑化のための措置等に関する法律第五条第二項の審議会等を定める政令,でんしじょうほうしょりそしきによるとうきじむしょりのえんかつかのためのそちとうにかんするほうりつだいごじょうだいにこうのしんぎかいとうをさだめるせいれい,平成十三年一月六日
360CO0000000212,政令,基盤技術研究円滑化法施行令,きばんぎじゅつけんきゅうえんかつかほうしこうれい,平成十五年十月一日
360CO0000000326,政令,回路配置利用権等の登録に関する政令,かいろはいちりようけんとうのとうろくにかんするせいれい,令和八年四月一日
360M50000002001,府省令,風俗営業等の規制及び業務の適正化等に関する法律に基づく許可申請書の添付書類等に関する内閣府令,ふうぞくえいぎょうとうのきせいおよびぎょうむのてきせいかとうにかんするほうりつにもとづくきょかしんせいかきのてんぷしょるいとうにかんするないかくふれい,令和七年十一月二十八日
360M50000002007,府省令,湖沼水質保全特別措置法施行規則,こぬますいしつほぜんとくべつそちほうしこうきそく,令和四年四月一日
360M50000008020,府省令,当せん金付証票法施行規則,とうせんきんつきしょうひょうほうしこうきそく,平成二十四年四月一日
360M50000008028,府省令,住民基本台帳の一部の写しの閲覧並びに住民票の写し等及び除票の写し等の交付に関する省令,じゅうみんきほんだいちょうのいちぶのうつしのえつらんならびにじゅうみんひょうのうつしとうおよびじょひょうのうつしとうのこうふにかんするしょうれい,令和七年三月三十一日
360M50000018001,府省令,戸籍の附票の写し又は戸籍の附票の除票の写しの交付に関する省令,こせきのふひょうのうつしまたはこせきのふひょうのじょひょうのうつしのこうふにかんするしょうれい,令和七年四月二十三日
360M50000040001,府省令,たばこ税法施行規則,たばこぜいほうしこうきそく,令和六年四月一日
360M50000040005,府省令,たばこ事業法施行規則,たばこじぎょうほうしこうきそく,令和四年四月一日
360M50000040018,府省令,日本たばこ産業株式会社法施行規則,にほんたばこさんぎょうかぶしきがいしゃほうせこうきそく,令和三年三月一日
360M50000200022,府省令,果樹農業振興特別措置法施行規則,かじゅのうぎょうしんこうとくべつそちほうしこうきそく,平成二十三年八月三十日
360M50000400070,府省令,半導体集積回路の回路配置に関する法律に基づく登録機関に関する省令,はんどうたいしゅうせきかいろのかいろはいちにかんするほうりつにもとづくとうろくきかんにかんするしょうれい,平成二十年十二月一日
360M50000400081,府省令,回路配置利用権等の登録に関する省令,かいろはいちりようけんとうのとうろくにかんするしょうれい,令和八年四月一日
360M50001000023,府省令,日本電信電話株式会社等に関する法律施行規則,にほんでんしんでんわかぶしきがいしゃとうにかんするほうりつしこうきそく,令和八年三月四日
360M50001000025,府省令,電気通信事業法施行規則,でんきつうしんじぎょうほうしこうきそく,令和八年四月一日
360M50001000026,府省令,電気通信事業会計規則,でんきつうしんじぎょうかいけいきそく,令和七年十二月二十五日
360M50001000027,府省令,電気通信主任技術者規則,でんきつうしんしゅにんぎじゅつしゃきそく,令和六年八月一日
360M50001000028,府省令,工事担任者規則,こうじたんにんしゃきそく,令和六年十二月十三日
360M50001000030,府省令,事業用電気通信設備規則,じぎょうようでんきつうしんせつびきそく,令和七年十月一日
360M50001000031,府省令,端末設備等規則,たんまつせつびとうきそく,令和七年十月一日
360M50004000006,府省令,浄化槽工事業に係る登録等に関する省令,じょうかそうこうじぎょうにかかるとうろくとうにかんするしょうれい,令和六年四月一日
360M50004000007,府省令,道路整備事業に係る国の財政上の特別措置に関する法律施行規則,どうろせいびじぎょうにかかるくにのざいせいじょうのとくべつそちにかんするほうりつせこうきそく,令和七年十月一日
360M50004000011,府省令,浄化槽の型式の認定に関する省令,じょうかそうのかたしきのにんていにかんするしょうれい,令和三年一月一日
360M50004100001,府省令,浄化槽工事の技術上の基準並びに浄化槽の設置等の届出及び設置計画に関する省令,じょうかそうこうじのぎじゅつじょうのきじゅんならびにじょうかそうのせっちとうのとどけでおよびせっちけいかくにかんするしょうれい,令和二年十二月二十三日
360M50400000001,規則,風俗営業等の規制及び業務の適正化等に関する法律施行規則,ふうぞくえいぎょうとうのきせいおよびぎょうむのてきせいかとうにかんするほうりつしこうきそく,令和七年十一月二十八日
360M50400000002,規則,少年指導委員規則,しょうねんしどういいんきそく,令和七年六月二十八日
360M50400000003,規則,風俗環境浄化協会等に関する規則,ふうぞくかんきょうじょうかきょうかいとうにかんするきそく,令和七年十一月二十八日
360M50400000004,規則,遊技機の認定及び型式の検定等に関する規則,ゆうぎきのにんていおよびかたしきのけんていとうにかんするきそく,令和七年十一月二十八日
360M50400000006,規則,風俗営業等の規制及び業務の適正化等に関する法律施行令附則第二項に基づく型式の指定に係る都道府県公安委員会規則の基準を定める規則,ふうぞくえいぎょうとうのきせいおよびぎょうむのてきせいかとうにかんするほうりつしこうれいふそくだいにこうにもとづくかたしきのしていにかかるとどうふけんこうあんいいんかいきそくのきじゅんをさだめるきそく,昭和六十年二月十二日
360M50400000010,規則,警察大学校国際警察センターの内部組織に関する規則,けいさつだいがっこうこくさいけいさつせんたーのないぶそしきにかんするきそく,平成十八年四月一日
360M50400000012,規則,座席ベルトの装着義務の免除に係る業務を定める規則,ざせきべるとのそうびぎむのめんじょにかかるぎょうむをさだめるきそく,平成十八年十月一日
360RJNJ09043001,規則,人事院規則九―四三（休日給）,じんじいんきそくきゅうのよんじゅうさんきゅうじつきゅう,平成二十二年四月一日
360RJNJ09080000,規則,人事院規則九―八〇（扶養手当）,じんじいんきそくきゅうのはちじゅうふようてあて,令和八年四月一日
360RJNJ09082000,規則,人事院規則九―八二（俸給の半減）,じんじいんきそくきゅうのはちじゅうにほうきゅうのはんげん,令和七年四月一日
360RJNJ13001001,規則,人事院規則一三―一（不利益処分についての審査請求）,じんじいんきそくじゅうさんのいちふりえきしょぶんについてのしんさせいきゅう,令和三年四月一日
361AC0000000028,法律,国際花と緑の博覧会の準備及び運営のために必要な特別措置に関する法律,こくさいはなとみどりのはくらんかいのじゅんびおよびうんえいのためにひつようなとくべつそちにかんするほうりつ,平成十一年十月一日
361AC0000000042,法律,特定都市鉄道整備促進特別措置法,とくていとしてつどうせいびそくしんとくべつそちほう,平成二十三年七月十四日
361AC0000000045,法律,東京湾横断道路の建設に関する特別措置法,とうきょうわんおうだんどうろのけんせつにかんするとくべつそちほう,平成二十一年一月五日
361AC0000000061,法律,昭和六十一年度の財政運営に必要な財源の確保を図るための特別措置に関する法律,しょうわろくじゅういちねんどのざいせいうんえいにひつようなざいげんのかくほをはかるためのとくべつそちにかんするほうりつ,平成二十六年四月一日
361AC0000000062,法律,預託等取引に関する法律,よたくとうとりひきにかんするほうりつ,令和八年五月二十一日
361AC0000000065,法律,プログラムの著作物に係る登録の特例に関する法律,ぷろぐらむのちょさくぶつにかかるとうろくのとくれいにかんするほうりつ,令和七年六月一日
361AC0000000066,法律,外国弁護士による法律事務の取扱い等に関する法律,がいこくべんごしによるほうりつじむのとりあつかいとうにかんするほうりつ,令和七年六月一日
361AC0000000071,法律,国家安全保障会議設置法,こっかあんぜんほしょうかいぎせっちほう,令和四年八月一日
361AC0000000076,法律,日本国有鉄道の経営する事業の運営の改善のために昭和六十一年度において緊急に講ずべき特別措置に関する法律,にほんこくゆうてつどうのけいえいするじぎょうのうんえいのかいぜんのためにしょうわろくじゅういちねんどにおいてきんきゅうにこうずべきとくべつそちにかんするほうりつ,平成二十一年四月一日
361AC0000000084,法律,扶養義務の準拠法に関する法律,ふようぎむのじゅんきょほうにかんするほうりつ,平成十九年一月一日
361AC0000000087,法律,日本国有鉄道改革法,にほんこくゆうてつどうかいかくほう,平成十年十月二十二日
361AC0000000088,法律,旅客鉄道株式会社及び日本貨物鉄道株式会社に関する法律,りょかくてつどうかぶしきがいしゃおよびにほんかもつてつどうかぶしきがいしゃにかんするほうりつ,令和七年六月一日
361AC0000000092,法律,鉄道事業法,てつどうじぎょうほう,令和七年六月一日
361AC0000000093,法律,日本国有鉄道改革法等施行法,にほんこくゆうてつどうかいかくほうとうしこうほう,平成二十三年八月一日
361CO0000000054,政令,国民年金法等の一部を改正する法律の施行に伴う経過措置に関する政令,こくみんねんきんほうとうのいちぶをかいせいするほうりつのしこうにともなうけいかそちにかんするせいれい,令和八年四月一日
361CO0000000056,政令,国家公務員等共済組合法等の一部を改正する法律の施行に伴う経過措置に関する政令,こっかこうむいんとうきょうさいくみあいほうとうのいちぶをかいせいするほうりつのせこうにともなうけいかそちにかんするせいれい,令和七年四月一日
361CO0000000058,政令,地方公務員等共済組合法等の一部を改正する法律の施行に伴う経過措置に関する政令,ちほうこうむいんとうきょうさいくみあいほうとうのいちぶをかいせいするほうりつのせこうにともなうけいかそちにかんするせいれい,令和七年四月一日
361CO0000000095,政令,労働者派遣事業の適正な運営の確保及び派遣労働者の保護等に関する法律施行令,ろうどうしゃはけんじぎょうのてきせいなうんえいのかくほおよびはけんろうどうしゃのほごとうにかんするほうりつしこうれい,令和八年四月一日
361CO0000000167,政令,東京湾横断道路の建設に関する特別措置法施行令,とうきょうわんおうだんどうろのけんせつにかんするとくべつそちほうしこうれい,平成十八年五月一日
361CO0000000191,政令,日本国有鉄道の経営する事業の運営の改善のために昭和六十一年度において緊急に講ずべき特別措置に関する法律施行令,にほんこくゆうてつどうのけいえいするじぎょうのうんえいのかいぜんのためにしょうわろくじゅういちねんどにおいてきんきゅうにこうずべきとくべつそちにかんするほうりつしこうれい,平成九年七月十一日
361CO0000000240,政令,中小企業投資育成株式会社法第五条第二項第一号の額を定める政令,ちゅうしょうきぎょうとうしいくせいかぶしきがいしゃほうだいごじょうだいにこうだいいちごうのがくをさだめるせいれい,平成十二年七月十二日
361CO0000000243,政令,半島振興法施行令,はんとうしんこうほうせこうれい,令和三年九月二十五日
361CO0000000247,政令,昭和六十一年度における旧令による共済組合等からの年金受給者のための特別措置法等の規定による年金の額の改定に関する政令,しょうわろくじゅういちねんどにおけるきゅうれいによるきょうさいくみあいとうからのねんきんじゅきゅうしゃのためのとくべつそちほうとうのきていによるねんきんのがくのかいていにかんするせいれい,令和六年四月二十五日
361CO0000000248,政令,昭和六十一年度における私立学校教職員共済組合からの旧法の規定による年金等の額の改定に関する政令,しょうわろくじゅういちねんどにおけるしりつがっこうきょうしょくいんきょうさいくみあいからのきゅうほうのきていによるねんきんとうのがくのかいていにかんするせいれい,昭和六十二年六月五日
361CO0000000252,政令,北方領土問題等の解決の促進のための特別措置に関する法律施行令,ほっぽうりょうどもんだいとうのかいけつのそくしんのためのとくべつそちにかんするほうりつしこうれい,令和二年十二月九日
361CO0000000265,政令,特定都市鉄道整備促進特別措置法施行令,とくていとしてつどうせいびそくしんとくべつそちほうせこうれい,平成十三年六月二十九日
361CO0000000278,政令,国の所有に係る日本電信電話株式会社の株式の処分に関する政令,くにのしょゆうにかかるにほんでんしんでんわかぶしきがいしゃのかぶしきのしょぶんにかんするせいれい,平成十二年十二月一日
361CO0000000287,政令,プログラムの著作物に係る登録の特例に関する法律施行令,ぷろぐらむのちょさくぶつにかかるとうろくのとくれいにかんするほうりつせこうれい,令和八年四月一日
361CO0000000340,政令,預託等取引に関する法律施行令,よたくとうとりひきにかんするほうりつしこうれい,令和五年六月一日
361CO0000000364,政令,日本国有鉄道改革法第十一条第一項の規定により運輸大臣が指定する法人に使用される者に対する国家公務員等共済組合法等の規定の適用に関する政令,にほんこくゆうてつどうかいかくほうだいじゅういちじょうだいいっこうのきていによりうんゆだいじんがしていするほうじんにしようされるものにたいするこっかこうむいんとうきょうさいくみあいほうとうのきていのてきようにかんするせいれい,昭和六十一年十二月四日
361CO0000000377,政令,日本国有鉄道改革法施行令,にほんこくゆうてつどうかいかくほうしこうれい,昭和六十一年十二月十九日
361M50000002051,府省令,基準点測量作業規程準則,きじゅんてんそくりょうさぎょうきていじゅんそく,平成三十年四月一日
361M50000008022,府省令,救助隊の編成、装備及び配置の基準を定める省令,きゅうじょたいのへんせいそうびおよびはいちのきじゅんをさだめるしょうれい,平成二十二年四月一日
361M50000008024,府省令,動力消防ポンプの技術上の規格を定める省令,どうりょくしょうぼうぽんぷのぎじゅつじょうのきかくをさだめるしょうれい,令和七年七月三十日
361M50000008025,府省令,消防用吸管の技術上の規格を定める省令,しょうぼうようきゅうかんのぎじゅつじょうのきかくをさだめるしょうれい,令和元年七月一日
361M50000100039,府省令,国民生活基礎調査規則,こくみんせいかつきそちょうさきそく,令和五年四月一日
361M50000100054,府省令,厚生労働省関係化学物質の審査及び製造等の規制に関する法律施行規則,こうせいろうどうしょうかんけいかがくぶっしつのしんさおよびせいぞうとうのきせいにかんするほうりつしこうきそく,平成二十三年四月一日
361M50000400027,府省令,航空機工業振興法施行規則,こうくうきこうぎょうしんこうほうしこうきそく,令和五年十二月二十八日
361M50000400046,府省令,特定工場における公害防止組織の整備に関する法律に基づく指定試験機関に関する省令,とくていこうじょうにおけるこうがいぼうしそしきのせいびにかんするほうりつにもとづくしていしけんきかんにかんするしょうれい,令和六年六月十日
361M50000400088,府省令,コンビナート等保安規則,こんびなーととうほあんきそく,令和七年十月一日
361M50000800001,府省令,船員に関する雇用の分野における男女の均等な機会及び待遇の確保等に関する法律施行規則,せんいんにかんするこようのぶんやにおけるだんじょのきんとうなきかいおよびたいぐうのかくほとうにかんするほうりつしこうきそく,令和四年四月一日
361M50000800019,府省令,日本国有鉄道の経営する事業の運営の改善のために昭和六十一年度において緊急に講ずべき特別措置に関する法律施行規則,にほんこくゆうてつどうのけいえいするじぎょうのうんえいのかいぜんのためにしょうわろくじゅういちねんどにおいてきんきゅうにこうずべきとくべつそちにかんするほうりつしこうきそく,平成十五年十月一日
361M50000800027,府省令,特定都市鉄道整備促進特別措置法施行規則,とくていとしてつどうせいびそくしんとくべつそちほうせこうきそく,令和三年一月一日
361M50000800041,府省令,日本国有鉄道改革法施行規則,にほんこくゆうてつどうかいかくほうしこうきそく,昭和六十一年十二月四日
361M50002000002,府省令,雇用の分野における男女の均等な機会及び待遇の確保等に関する法律施行規則,こようのぶんやにおけるだんじょのきんとうなきかいおよびたいぐうのかくほとうにかんするほうりつしこうきそく,令和八年十月一日
361M50002000003,府省令,女性労働基準規則,じょせいろうどうきじゅんきそく,令和元年五月七日
361M50002000020,府省令,労働者派遣事業の適正な運営の確保及び派遣労働者の保護等に関する法律施行規則,ろうどうしゃはけんじぎょうのてきせいなうんえいのかくほおよびはけんろうどうしゃのほごとうにかんするほうりつしこうきそく,令和八年十月一日
361R00000003001,規則,日本学術会議傍聴規則,にほんがくじゅつかいぎぼうちょうきそく,令和五年五月一日
361RJNJ01012000,規則,人事院規則一―一二（日本国有鉄道退職希望職員及び日本国有鉄道清算事業団職員を採用する場合の任用、給与等の特例等）,じんじいんきそくいちのじゅうににほんこくゆうてつどうたいしょくきぼうしょくいんおよびにほんこくゆうてつどうせいさんじぎょうだんしょくいんをさいようするばあいのにんようきゅうよとうのとくれいとう,平成十四年六月二十日
362AC0000000023,法律,地域雇用開発促進法,ちいきこようかいはつそくしんほう,令和七年六月一日
362AC0000000029,法律,外国医師等が行う臨床修練等に係る医師法第十七条等の特例等に関する法律,がいこくいしとうがおこなうりんしょうしゅうれんとうにかかるいしほうだいじゅうななじょうとうのとくれいとうにかんするほうりつ,令和七年六月一日
362AC0000000030,法律,社会福祉士及び介護福祉士法,しゃかいふくししおよびかいごふくししほう,令和七年六月一日
362AC0000000036,法律,多数国間投資保証機関への加盟に伴う措置に関する法律,たすうこくかんとうしほしょうきかんへのかめいにともなうそちにかんするほうりつ,平成十一年三月三十一日
362AC0000000042,法律,通貨の単位及び貨幣の発行等に関する法律,つうかのたんいおよびかへいのはっこうとうにかんするほうりつ,平成十五年四月一日
362AC0000000051,法律,昭和六十二年度の財政運営に必要な財源の確保を図るための特別措置に関する法律,しょうわろくじゅうにねんどのざいせいうんえいにひつようなざいげんのかくほをはかるためのとくべつそちにかんするほうりつ,平成二十六年四月一日
362AC0000000060,法律,臨床工学技士法,りんしょうこうがくぎしほう,令和七年六月一日
362AC0000000061,法律,義肢装具士法,ぎしそうぐしほう,令和七年六月一日
362AC0000000062,法律,民間都市開発の推進に関する特別措置法,みんかんとしかいはつのすいしんにかんするとくべつそちほう,令和六年十一月八日
362AC0000000063,法律,集落地域整備法,しゅうらくちいきせいびほう,令和七年六月一日
362AC0000000064,法律,刑事確定訴訟記録法,けいじかくていそしょうきろくほう,令和八年五月二十二日
362AC0000000067,法律,昭和六十二年度及び昭和六十三年度における国家公務員等共済組合法の年金の額の改定の特例に関する法律,しょうわろくじゅうにねんどおよびしょうわろくじゅうさんねんどにおけるこっかこうむいんとうきょうさいくみあいほうのねんきんのがくのかいていのとくれいにかんするほうりつ,昭和六十三年五月二十四日
362AC0000000071,法律,総合保養地域整備法,そうごうほようちいきせいびほう,平成二十三年八月三十日
362AC0000000074,法律,昭和六十二年度及び昭和六十三年度における地方公務員等共済組合法の年金の額の改定の特例に関する法律,しょうわろくじゅうにねんどおよびしょうわろくじゅうさんねんどにおけるちほうこうむいんとうきょうさいくみあいほうのねんきんのがくのかいていのとくれいにかんするほうりつ,昭和六十三年五月二十七日
362AC0000000078,法律,外国の地方公共団体の機関等に派遣される一般職の地方公務員の処遇等に関する法律,がいこくのちほうこうきょうだんたいのきかんとうにはけんされるいっぱんしょくのちほうこうむいんのしょぐうとうにかんするほうりつ,平成十三年四月一日
362AC0000000086,法律,日本電信電話株式会社の株式の売払収入の活用による社会資本の整備の促進に関する特別措置法,にほんでんしんでんわかぶしきがいしゃのかぶしきのばいふつしゅうにゅうのかつようによるしゃかいしほんのせいびのそくしんにかんするとくべつそちほう,令和六年四月二十五日
362AC0000000093,法律,国際緊急援助隊の派遣に関する法律,こくさいきんきゅうえんじょたいのはけんにかんするほうりつ,平成十九年一月九日
362AC0100000115,法律,公文書館法,こうぶんしょかんほう,平成十三年四月一日
362AC1000000072,法律,関西文化学術研究都市建設促進法,かんさいぶんかがくじゅつけんきゅうとしけんせつそくしんほう,平成二十三年八月三十日
362AC1000000103,法律,流通食品への毒物の混入等の防止等に関する特別措置法,りゅうつうしょくひんへのどくぶつのこんにゅうとうのぼうしとうにかんするとくべつそちほう,令和七年六月一日
362AC1000000104,法律,旅客鉄道株式会社が建設主体とされている新幹線鉄道の建設に関する事業の日本鉄道建設公団への引継ぎに関する法律,りょかくてつどうかぶしきがいしゃがけんせつしゅたいとされているしんかんせんてつどうのけんせつにかんするじぎょうのにほんてつどうけんせつこうだんへのひきつぎにかんするほうりつ,平成三年十月一日
362AC1000000105,法律,台湾住民である戦没者の遺族等に対する弔慰金等に関する法律,たいわんじゅうみんであるせんぼつしゃのいぞくとうにたいするちょういきんとうにかんするほうりつ,昭和六十二年九月二十九日
362CO0000000027,政令,健康保険の被保険者に係る健康保険法の適用及び厚生年金保険の適用事業所に係る厚生年金保険法の適用に関する政令,けんこうほけんのひほけんしゃにかかるけんこうほけんほうのてきようおよびこうせいねんきんほけんのてきようじぎょうしょにかかるこうせいねんきんほけんほうのてきようにかんするせいれい,昭和六十三年二月二十三日
362CO0000000030,政令,外国弁護士による法律事務の取扱い等に関する法律関係手数料令,がいこくべんごしによるほうりつじむのとりあつかいとうにかんするほうりつかんけいてすうりょうれい,令和四年十一月一日
362CO0000000050,政令,旅客鉄道株式会社及び日本貨物鉄道株式会社に関する法律施行令,りょかくてつどうかぶしきがいしゃおよびにほんかもつてつどうかぶしきがいしゃにかんするほうりつしこうれい,平成十八年五月一日
362CO0000000053,政令,日本国有鉄道改革法等施行法の施行に伴う経過措置等に関する政令,にほんこくゆうてつどうかいかくほうとうせこうほうのせこうにともなうけいかそちとうにかんするせいれい,令和三年四月一日
362CO0000000078,政令,鉄道線路の道路への敷設の許可手続を定める政令,てつどうせんろのどうろへのふせつのきょかてつづきをさだめるせいれい,令和四年四月一日
362CO0000000197,政令,昭和六十二年度における旧令による共済組合等からの年金受給者のための特別措置法等の規定による年金の額の改定に関する政令,しょうわろくじゅうにねんどにおけるきゅうれいによるきょうさいくみあいとうからのねんきんじゅきゅうしゃのためのとくべつそちほうとうのきていによるねんきんのがくのかいていにかんするせいれい,令和六年四月二十五日
362CO0000000198,政令,昭和六十二年度における私立学校教職員共済組合からの旧法の規定による年金等の額の改定に関する政令,しょうわろくじゅうにねんどにおけるしりつがっこうきょうしょくいんきょうさいくみあいからのきゅうほうのきていによるねんきんとうのがくのかいていにかんするせいれい,昭和六十二年六月五日
362CO0000000199,政令,国家公務員等共済組合法の年金の額の改定に関する政令,こっかこうむいんとうきょうさいくみあいほうのねんきんのがくのかいていにかんするせいれい,平成元年十二月二十七日
362CO0000000207,政令,総合保養地域整備法施行令,そうごうほようちいきせいびほうせこうれい,昭和六十二年六月九日
362CO0000000220,政令,地方公務員等共済組合法の年金の額の改定に関する政令,ちほうこうむいんとうきょうさいくみあいほうのねんきんのがくのかいていにかんするせいれい,平成二十年九月一日
362CO0000000275,政令,民間都市開発の推進に関する特別措置法施行令,みんかんとしかいはつのすいしんにかんするとくべつそちほうせこうれい,令和七年四月一日
362CO0000000291,政令,日本電信電話株式会社の株式の売払収入の活用による社会資本の整備の促進に関する特別措置法施行令,にほんでんしんでんわかぶしきがいしゃのかぶしきのばいふつしゅうにゅうのかつようによるしゃかいしほんのせいびのそくしんにかんするとくべつそちほうしこうれい,令和五年四月一日
362CO0000000298,政令,北海道開発のためにする港湾工事に関する法律附則第七項の規定による国の貸付金の償還期間等を定める政令,ほっかいどうかいはつのためにするこうわんこうじにかんするほうりつふそくだいななこうのきていによるくにのかしつけきんのしょうかんきかんとうをさだめるせいれい,平成十四年二月八日
362CO0000000302,政令,大学設置・学校法人審議会令,だいがくせっちがっこうほうじんしんぎかいれい,令和七年四月一日
362CO0000000335,政令,租税条約等の実施に伴う所得税法、法人税法及び地方税法の特例等に関する法律施行令,そぜいじょうやくとうのじっしにともなうしょとくぜいほうほうじんぜいほうおよびちほうぜいほうのとくれいとうにかんするほうりつしこうれい,令和八年四月一日
362CO0000000363,政令,外国医師等が行う臨床修練等に係る医師法第十七条等の特例等に関する法律施行令,がいこくいしとうがおこなうりんしょうしゅうれんとうにかかるいしほうだいじゅうななじょうとうのとくれいとうにかんするほうりつせこうれい,令和元年十二月十六日
362CO0000000379,政令,刑事確定訴訟記録閲覧手数料令,けいじかくていそしょうきろくえつらんてすうりょうれい,昭和六十二年十一月二十五日
362CO0000000402,政令,社会福祉士及び介護福祉士法施行令,しゃかいふくししおよびかいごふくししほうしこうれい,令和七年十月一日
362M50000002003,府省令,有害液体物質等の範囲から除かれる液体物質を定める省令,ゆうがいえきたいぶっしつとうのはんいからのぞかれるえきたいぶっしつをさだめるしょうれい,平成十九年一月一日
362M50000002004,府省令,有害液体物質の排出率等を定める省令,ゆうがいえきたいぶっしつのはいしゅつりつとうをさだめるしょうれい,平成二十五年一月一日
362M50000002005,府省令,海洋汚染等及び海上災害の防止に関する法律第九条の六第三項の規定に基づく未査定液体物質の査定に関する省令,かいようおせんとうおよびかいじょうさいがいのぼうしにかんするほうりつだいきゅうじょうのろくだいさんこうのきていにもとづくみさていえきたいぶっしつのさていにかんするしょうれい,平成十九年一月一日
362M50000008013,府省令,交通安全対策特別交付金の算定に関する省令,こうつうあんぜんたいさくとくべつこうふきんのさんていにかんするしょうれい,令和二年九月十七日
362M50000008024,府省令,関西文化学術研究都市建設促進法第十一条の地方公共団体等を定める省令,かんさいぶんかがくじゅつけんきゅうとしけんせつそくしんほうだいじゅういちじょうのちほうこうきょうだんたいとうをさだめるしょうれい,平成二十一年四月一日
362M50000008031,府省令,外国の地方公共団体の機関等に派遣される一般職の地方公務員の処遇等に関する法律第五条第二項の規定による平均給与額等を定める省令,がいこくのちほうこうきょうだんたいのきかんとうにはけんされるいっぱんしょくのちほうこうむいんのしょぐうとうにかんするほうりつだいごじょうだいにこうのきていによるへいきんきゅうよがくとうをさだめるしょうれい,平成十六年五月一日
362M50000008033,府省令,総合保養地域整備法第九条の地方公共団体等を定める省令,そうごうほようちいきせいびほうだいきゅうじょうのちほうこうきょうだんたいとうをさだめるしょうれい,令和六年四月一日
362M50000010007,府省令,外国弁護士による法律事務の取扱い等に関する法律施行規則,がいこくべんごしによるほうりつじむのとりあつかいとうにかんするほうりつしこうきそく,令和四年十一月一日
362M50000010041,府省令,刑事確定訴訟記録法施行規則,けいじかくていそしょうきろくほうせこうきそく,令和七年一月一日
362M50000020006,府省令,在勤基本手当の号の適用に関する規則,ざいきんきほんてあてのごうのてきようにかんするきそく,平成二十三年四月二十七日
362M50000080001,府省令,公立学校の学校医、学校歯科医及び学校薬剤師の公務災害補償の基準を定める政令施行規則,こうりつがっこうのがっこういがっこうしかいおよびがっこうやくざいしのこうむさいがいほしょうのきじゅんをさだめるせいれいしこうきそく,令和七年六月一日
362M50000100047,府省令,外国医師等が行う臨床修練等に係る医師法第十七条等の特例等に関する法律施行規則,がいこくいしとうがおこなうりんしょうしゅうれんとうにかかるいしほうだいじゅうななじょうとうのとくれいとうにかんするほうりつせこうきそく,令和七年四月一日
362M50000100049,府省令,社会福祉士及び介護福祉士法施行規則,しゃかいふくししおよびかいごふくししほうしこうきそく,令和七年十月一日
362M50000100050,府省令,社会福祉士介護福祉士養成施設指定規則,しゃかいふくししかいごふくししようせいしせつしていきそく,令和四年四月一日
362M50000100051,府省令,社会福祉士及び介護福祉士法に基づく指定試験機関及び指定登録機関に関する省令,しゃかいふくししおよびかいごふくししほうにもとづくしていしけんきかんおよびしていとうろくきかんにかんするしょうれい,令和六年五月二十七日
362M50000500002,府省令,監視化学物質及び優先評価化学物質の有害性の調査の指示及び第二種特定化学物質に係る認定等に関する省令,かんしかがくぶっしつおよびゆうせんひょうかかがくぶっしつのゆうがいせいのちょうさのしじおよびだいにしゅとくていかがくぶっしつにかかるにんていとうにかんするしょうれい,平成二十三年四月一日
362M50000800006,府省令,鉄道事業法施行規則,てつどうじぎょうほうしこうきそく,令和八年四月一日
362M50000800007,府省令,鉄道事業会計規則,てつどうじぎょうかいけいきそく,令和六年四月一日
362M50000800008,府省令,鉄道事故等報告規則,てつどうじことうほうこくきそく,平成二十六年四月一日
362M50000800009,府省令,鉄道事業等報告規則,てつどうじぎょうとうほうこくきそく,令和元年七月一日
362M50000800011,府省令,鉄道施設等検査規則,てつどうしせつとうけんさきそく,令和元年十二月十六日
362M50000800012,府省令,鉄道事業等監査規則,てつどうじぎょうとうかんさきそく,平成十八年十月一日
362M50000800013,府省令,鉄道係員職制,てつどうかかりいんしょくせい,昭和六十二年四月一日
362M50000800016,府省令,索道施設に関する技術上の基準を定める省令,さくどうしせつにかんするぎじゅつじょうのきじゅんをさだめるしょうれい,平成十四年三月三十一日
362M50000800017,府省令,専用鉄道の施設の技術上の基準を定める省令,せんようてつどうのしせつのぎじゅつじょうのきじゅんをさだめるしょうれい,平成二十四年八月一日
362M50000800020,府省令,旅客鉄道株式会社及び日本貨物鉄道株式会社に関する法律施行規則,りょかくてつどうかぶしきがいしゃおよびにほんかもつてつどうかぶしきがいしゃにかんするほうりつしこうきそく,令和六年四月一日
362M50000800021,府省令,旅客鉄道株式会社の経理の整理の特例に関する省令,りょかくてつどうかぶしきかいしゃのけいりのせいりのとくれいにかんするしょうれい,平成三十一年三月二十九日
362M50000800028,府省令,日本国有鉄道改革法等施行法の施行に伴う経過措置等に関する省令,にほんこくゆうてつどうかいかくほうとうしこうほうのしこうにともなうけいかそちとうにかんするしょうれい,平成十年十月二十二日
362M50000800030,府省令,軌道運賃料金割引等規則,きどううんちんりょうきんわりびきとうきそく,平成十九年三月三十日
362M50000800056,府省令,小型船舶に係る検査及び確認に関する省令,こがたせんぱくにかかるけんさおよびかくにんにかんするしょうれい,令和三年十一月二十日
362M50000802001,府省令,船舶からの有害液体物質の排出に係る事前処理の方法等に関する省令,せんぱくからのゆうがいえきたいぶっしつのはいしゅつにかかるじぜんしょりのほうほうとうにかんするしょうれい,令和三年一月一日
362M50004000009,府省令,鉄道線路の道路への敷設の許可手続に関する省令,てつどうせんろのどうろへのふせつのきょかてつづきにかんするしょうれい,令和四年四月一日
362M50004000012,府省令,東京湾横断道路の建設に関する特別措置法施行規則,とうきょうわんおうだんどうろのけんせつにかんするとくべつそちほうせこうきそく,令和二年十二月一日
362M50004000019,府省令,民間都市開発の推進に関する特別措置法施行規則,みんかんとしかいはつのすいしんにかんするとくべつそちほうしこうきそく,令和三年九月一日
362M50400000003,規則,鉄道警察隊の運営に関する規則,てつどうけいさつたいのうんえいにかんするきそく,平成五年一月一日
363AC0000000003,法律,漁船再保険及漁業共済保険特別会計における漁業共済に係る保険金の支払財源の不足に充てるための一般会計からする繰入金に関する法律,ぎょせんさいほけんおよびぎょぎょうきょうさいほけんとくべつかいけいにおけるぎょぎょうきょうさいにかかるほけんきんのしはらいざいげんのふそくにあてるためのいっぱんかいけいからするくりいれきんにかんするほうりつ,平成二十六年四月一日
363AC0000000031,法律,特定弔慰金等の支給の実施に関する法律,とくていちょういきんとうのしきゅうのじっしにかんするほうりつ,昭和六十三年七月一日
363AC0000000040,法律,港湾労働法,こうわんろうどうほう,令和七年六月一日
363AC0000000047,法律,大都市地域における優良宅地開発の促進に関する緊急措置法,だいとしちいきにおけるゆうりょうたくちかいはつのそくしんにかんするきんきゅうそちほう,平成三十年四月一日
363AC0000000052,法律,昭和六十三年度の財政運営に必要な財源の確保を図るための特別措置に関する法律,しょうわろくじゅうさんねんどのざいせいうんえいにひつようなざいげんのかくほをはかるためのとくべつそちにかんするほうりつ,平成二十六年四月一日
363AC0000000053,法律,特定物質等の規制等によるオゾン層の保護に関する法律,とくていぶっしつとうのきせいとうによるおぞんそうのほごにかんするほうりつ,令和七年六月一日
363AC0000000083,法律,多極分散型国土形成促進法,たきょくぶんさんがたこくどけいせいそくしんほう,令和三年九月一日
363AC0000000091,法律,行政機関の休日に関する法律,ぎょうせいきかんのきゅうじつにかんするほうりつ,平成四年五月一日
363AC0000000093,法律,裁判所の休日に関する法律,さいばんしょのきゅうじつにかんするほうりつ,平成四年五月一日
363AC0000000098,法律,肉用子牛生産安定等特別措置法,にくようこうしせいさんあんていとうとくべつそちほう,平成三十年十二月三十日
363AC0000000107,法律,税制改革法,ぜいせいかいかくほう,昭和六十三年十二月三十日
363AC0000000108,法律,消費税法,しょうひぜいほう,令和十年四月一日
363AC1000000090,法律,国会議事堂等周辺地域及び外国公館等周辺地域の静穏の保持に関する法律,こっかいぎじどうとうしゅうへんちいきおよびがいこくこうかんとうしゅうへんちいきのせいおんのほじにかんするほうりつ,令和七年六月一日
363AC1000000099,法律,遊漁船業の適正化に関する法律,ゆうぎょせんぎょうのてきせいかにかんするほうりつ,令和七年六月一日
363AC1000000105,法律,国会に置かれる機関の休日に関する法律,こっかいにおかれるきかんのきゅうじつにかんするほうりつ,平成二十三年十月三十日
363CO0000000021,政令,臨床工学技士法施行令,りんしょうこうがくぎしほうせこうれい,令和三年十月一日
363CO0000000023,政令,義肢装具士法施行令,ぎしそうぐしほうせこうれい,平成二十三年八月三日
363CO0000000025,政令,集落地域整備法施行令,しゅうらくちいきせいびほうせこうれい,令和二年四月一日
363CO0000000050,政令,通貨の単位及び貨幣の発行等に関する法律施行令,つうかのたんいおよびかへいのはっこうとうにかんするほうりつせこうれい,令和八年四月一日
363CO0000000144,政令,特定弔慰金等の支給の実施に関する法律施行令,とくていちょういきんとうのしきゅうのじっしにかんするほうりつしこうれい,昭和六十三年七月一日
363CO0000000187,政令,昭和六十三年度における旧令による共済組合等からの年金受給者のための特別措置法等の規定による年金の額の改定に関する政令,しょうわろくじゅうさんねんどにおけるきゅうれいによるきょうさいくみあいとうからのねんきんじゅきゅうしゃのためのとくべつそちほうとうのきていによるねんきんのがくのかいていにかんするせいれい,令和六年四月二十五日
363CO0000000188,政令,昭和六十三年度における私立学校教職員共済組合からの旧法の規定による年金等の額の改定に関する政令,しょうわろくじゅうさんねんどにおけるしりつがっこうきょうしょくいんきょうさいくみあいからのきゅうほうのきていによるねんきんとうのがくのかいていにかんするせいれい,昭和六十三年六月十四日
363CO0000000194,政令,多極分散型国土形成促進法施行令,たきょくぶんさんがたこくどけいせいそくしんほうせこうれい,平成二十三年八月三十日
363CO0000000247,政令,大都市地域における優良宅地開発の促進に関する緊急措置法施行令,だいとしちいきにおけるゆうりょうたくちかいはつのそくしんにかんするきんきゅうそちほうせこうれい,平成十六年七月一日
363CO0000000295,政令,国の所有に係る沖縄電力株式会社の株式の処分に関する政令,くにのしょゆうにかかるおきなわでんりょくかぶしきがいしゃのかぶしきのしょぶんにかんするせいれい,昭和六十三年十月七日
363CO0000000335,政令,港湾労働法施行令,こうわんろうどうほうしこうれい,平成三十年一月一日
363CO0000000347,政令,肉用子牛生産安定等特別措置法施行令,にくようこうしせいさんあんていとうとくべつそちほうせこうれい,令和二年四月一日
363CO0000000360,政令,消費税法施行令,しょうひぜいほうしこうれい,令和十年四月一日
363M50000002001,府省令,核燃料物質又は核燃料物質によつて汚染された物の第二種廃棄物埋設の事業に関する規則,かくねんりょうぶっしつまたはかくねんりょうぶっしつによつておせんされたもののだいにしゅはいきぶつまいせつのじぎょうにかんするきそく,令和六年五月三十日
363M50000002032,府省令,特定弔慰金等の支給の実施に関する法律施行規則,とくていちょういきんとうのしきゅうのじっしにかんするほうりつしこうきそく,昭和六十三年七月一日
363M50000002039,府省令,科学技術・学術政策研究所組織規則,かがくぎじゅつがくじゅつせいさくけんきゅうしょそしききそく,令和三年四月一日
363M50000002047,府省令,核燃料物質又は核燃料物質によつて汚染された物の廃棄物管理の事業に関する規則,かくねんりょうぶっしつまたはかくねんりょうぶっしつによつておせんされたもののはいきぶつかんりのじぎょうにかんするきそく,令和六年五月三十日
363M50000008004,府省令,地方財政法第三十二条に規定する事業を定める省令,ちほうざいせいほうだいさんじゅうにじょうにきていするじぎょうをさだめるしょうれい,令和七年四月一日
363M50000040007,府省令,通貨の単位及び貨幣の発行等に関する法律施行規則,つうかのたんいおよびかへいのはっこうとうにかんするほうりつしこうきそく,平成十五年四月一日
363M50000040028,府省令,特定弔慰金等国庫債券の発行交付等に関する省令,とくていちょういきんとうこっこさいけんのはっこうこうふとうにかんするしょうれい,平成元年四月六日
363M50000040031,府省令,多数国間投資保証機関への加盟に伴う国債の発行等に関する省令,たすうこくかんとうしほしょうきかんへのかめいにともなうこくさいのはっこうとうにかんするしょうれい,平成十五年三月二十八日
363M50000040053,府省令,消費税法施行規則,しょうひぜいほうせこうきそく,令和十年四月一日
363M50000080006,府省令,単位制高等学校教育規程,たんいせいこうとうがっこうきょういくきてい,令和四年四月一日
363M50000100019,府省令,臨床工学技士法施行規則,りんしょうこうがくぎしほうしこうきそく,令和四年七月二十八日
363M50000100020,府省令,義肢装具士法施行規則,ぎしそうぐしほうしこうきそく,令和四年七月二十八日
363M50000180002,府省令,臨床工学技士学校養成所指定規則,りんしょうこうがくぎしがっこうようせいじょしていきそく,令和四年十月一日
363M50000180003,府省令,義肢装具士学校養成所指定規則,ぎしそうぐしがっこうようせいじょしていきそく,令和七年四月一日
363M50000200004,府省令,集落地域整備法施行規則,しゅうらくちいきせいびほうしこうきそく,令和六年四月一日
363M50000400080,府省令,特定物質等の規制等によるオゾン層の保護に関する法律施行規則,とくていぶっしつとうのきせいとうによるおぞんそうのほごにかんするほうりつしこうきそく,令和八年四月一日
363M50001000046,府省令,電気通信事業報告規則,でんきつうしんじぎょうほうこくきそく,令和八年五月二十七日
363M50002000035,府省令,港湾労働法施行規則,こうわんろうどうほうせこうきそく,令和八年四月一日
363M50004000001,府省令,東京湾横断道路事業会計規則,とうきょうわんおうだんどうろじぎょうかいけいきそく,令和元年五月二十二日
363M50004000002,府省令,集落地域整備法施行規則,しゅうらくちいきせいびほうしこうきそく,令和三年一月一日
363M50004000017,府省令,大都市地域における優良宅地開発の促進に関する緊急措置法施行規則,だいとしちいきにおけるゆうりょうたくちかいはつのそくしんにかんするきんきゅうそちほうしこうきそく,令和三年一月一日
364CO0000000001,政令,元号を改める政令,げんごうをあらためるせいれい,平成元年一月八日
401AC0000000042,法律,平成元年度の財政運営に必要な財源の確保を図るための特別措置に関する法律,へいせいがんねんどのざいせいうんえいにひつようなざいげんのかくほをはかるためのとくべつそちにかんするほうりつ,平成二十六年四月一日
401AC0000000058,法律,特定農地貸付けに関する農地法等の特例に関する法律,とくていのうちかしつけにかんするのうちほうとうのとくれいにかんするほうりつ,令和二年四月一日
401AC0000000061,法律,大都市地域における宅地開発及び鉄道整備の一体的推進に関する特別措置法,だいとしちいきにおけるたくちかいはつおよびてつどうせいびのいったいてきすいしんにかんするとくべつそちほう,平成二十三年十一月三十日
401AC0000000064,法律,地域における医療及び介護の総合的な確保の促進に関する法律,ちいきにおけるいりょうおよびかいごのそうごうてきなかくほのそくしんにかんするほうりつ,令和十年十二月十一日
401AC0000000065,法律,特定農産加工業経営改善等臨時措置法,とくていのうさんかこうぎょうけいえいかいぜんとうりんじそちほう,令和六年七月一日
401AC0000000071,法律,森林の保健機能の増進に関する特別措置法,しんりんのほけんきのうのぞうしんにかんするとくべつそちほう,平成二十九年四月一日
401AC0000000082,法律,貨物利用運送事業法,かもつりよううんそうじぎょうほう,令和十年六月十日
401AC0000000083,法律,貨物自動車運送事業法,かもつじどうしゃうんそうじぎょうほう,令和十年六月十日
401AC0000000084,法律,土地基本法,とちきほんほう,令和二年三月三十一日
401AC0000000091,法律,民事保全法,みんじほぜんほう,令和十年六月十三日
401AC1000000088,法律,平成元年四月分から同年七月分までの扶助料に係る加算の年額等の特例に関する法律,へいせいがんねんしがつぶんからどうねんしちがつぶんまでのふじょりょうにかかるかさんのねんがくとうのとくれいにかんするほうりつ,平成元年十二月二十二日
401CO0000000029,政令,昭和天皇の崩御に伴う国家公務員等の懲戒免除に関する政令,しょうわてんのうのほうぎょにともなうこっかこうむいんとうのちょうかいめんじょにかんするせいれい,平成元年二月二十四日
401CO0000000030,政令,昭和天皇の崩御に伴う予算執行職員等の弁償責任に基づく債務の免除に関する政令,しょうわてんのうのほうぎょにともなうよさんしっこうしょくいんとうのべんしょうせきにんにもとづくさいむのめんじょにかんするせいれい,平成十一年七月一日
401CO0000000122,政令,旅券法施行令,りょけんほうせこうれい,令和七年三月二十四日
401CO0000000205,政令,地域における医療及び介護の総合的な確保の促進に関する法律施行令,ちいきにおけるいりょうおよびかいごのそうごうてきなかくほのそくしんにかんするほうりつしこうれい,令和八年四月一日
401CO0000000208,政令,特定農産加工業経営改善等臨時措置法施行令,とくていのうさんかこうぎょうけいえいかいぜんとうりんじそちほうしこうれい,令和六年七月一日
401CO0000000214,政令,平成元年度における旧令による共済組合等からの年金受給者のための特別措置法等の規定による年金の額の改定に関する政令,へいせいがんねんどにおけるきゅうれいによるきょうさいくみあいとうからのねんきんじゅきゅうしゃのためのとくべつそちほうとうのきていによるねんきんのがくのかいていにかんするせいれい,令和六年四月二十五日
401CO0000000215,政令,平成元年度における私立学校教職員共済組合からの旧法の規定による年金等の額の改定に関する政令,へいせいがんねんどにおけるしりつがっこうきょうしょくいんきょうさいくみあいからのきゅうほうのきていによるねんきんとうのがくのかいていにかんするせいれい,平成元年七月七日
401CO0000000218,政令,全国を地区とする信用金庫連合会の全国連合会債の発行に関する政令,ぜんこくをちくとするしんようきんこれんごうかいのぜんこくれんごうかいさいのはっこうにかんするせいれい,平成二十五年一月一日
401CO0000000258,政令,特定農地貸付けに関する農地法等の特例に関する法律施行令,とくていのうちかしつけにかんするのうちほうとうのとくれいにかんするほうりつしこうれい,平成二十一年十二月十五日
401CO0000000337,政令,国民年金法等の一部を改正する法律の施行に伴う経過措置に関する政令,こくみんねんきんほうとうのいちぶをかいせいするほうりつのせこうにともなうけいかそちにかんするせいれい,令和四年四月一日
401CO0000000346,政令,平成元年四月から同年七月までの旧令による共済組合等からの年金受給者のための特別措置法の規定による遺族年金に係る加算額等の改定に関する政令,へいせいがんねんしがつからどうねんしちがつまでのきゅうれいによるきょうさいくみあいとうからのねんきんじゅきゅうしゃのためのとくべつそちほうのきていによるいぞくねんきんにかかるかさんがくとうのかいていにかんするせいれい,平成元年十二月二十七日
401CO0000000348,政令,平成元年四月から同年七月までの私立学校教職員共済組合からの旧法の規定による遺族年金に係る加算額の改定に関する政令,へいせいがんねんしがつからどうねんしちがつまでのしりつがっこうきょうしょくいんきょうさいくみあいからのきゅうほうのきていによるいぞくねんきんにかかるかさんがくのかいていにかんするせいれい,平成元年十二月二十七日
401M50000002010,府省令,航空総隊司令部、航空支援集団司令部、航空教育集団司令部、航空開発実験集団司令部、航空方面隊司令部及び航空団司令部組織規則,こうくうそうたいしれいぶこうくうしえんしゅうだんしれいぶこうくうきょういくしゅうだんしれいぶこうくうかいはつじっけんしゅうだんしれいぶこうくうほうめんたいしれいぶおよびこうくうだんしれいぶそしききそく,令和七年三月二十四日
401M50000008001,府省令,危険物の試験及び性状に関する省令,きけんぶつのしけんおよびせいじょうにかんするしょうれい,令和二年五月一日
401M50000008002,府省令,危険物の規制に関する政令別表第一及び同令別表第二の総務省令で定める物質及び数量を指定する省令,きけんぶつのきせいにかんするせいれいべっぴょうだいいちおよびどうれいべっぴょうだいにのそうむしょうれいでさだめるぶっしつおよびすうりょうをしていするしょうれい,令和八年三月三十一日
401M50000008019,府省令,多極分散型国土形成促進法第十四条の地方公共団体等を定める省令,たきょくぶんさんがたこくどけいせいそくしんほうだいじゅうよんじょうのちほうこうきょうだんたいとうをさだめるしょうれい,平成二十三年八月三十日
401M50000010013,府省令,法務大臣の所管に属する公益信託の引受けの許可及び監督に関する規則,ほうむだいじんのしょかんにぞくするこうえきしんたくのひきうけのきょかおよびかんとくにかんするきそく,平成十九年九月三十日
401M50000080020,府省令,教科用図書検定規則,きょうかようとしょけんていきそく,令和六年十月十六日
401M50000100034,府省令,地域における医療及び介護の総合的な確保の促進に関する法律施行規則,ちいきにおけるいりょうおよびかいごのそうごうてきなかくほのそくしんにかんするほうりつしこうきそく,令和八年四月一日
401M50000100046,府省令,歯科衛生士法施行規則,しかえいせいしほうしこうきそく,令和四年七月二十八日
401M50000200029,府省令,特定農産加工業経営改善等臨時措置法施行規則,とくていのうさんかこうぎょうけいえいかいぜんとうりんじそちほうしこうきそく,令和六年七月一日
401M50000200036,府省令,特定農地貸付けに関する農地法等の特例に関する法律施行規則,とくていのうちかしつけにかんするのうちほうとうのとくれいにかんするほうりつしこうきそく,平成三十年九月一日
401M50000200037,府省令,遊漁船業の適正化に関する法律施行規則,ゆうぎょせんぎょうのてきせいかにかんするほうりつしこうきそく,令和六年四月一日
401M50000200046,府省令,肉用子牛生産安定等特別措置法施行規則,にくようこうしせいさんあんていとうとくべつそちほうしこうきそく,令和五年六月二十日
401M50004000015,府省令,大都市地域における宅地開発及び鉄道整備の一体的推進に関する特別措置法施行規則,だいとしちいきにおけるたくちかいはつおよびてつどうせいびのいったいてきすいしんにかんするとくべつそちほうせこうきそく,令和三年一月一日
402AC0000000029,法律,天皇陛下御即位記念のための十万円の貨幣の発行に関する法律,てんのうへいかごそくいきねんのためのじゅうまんえんのかへいのはっこうにかんするほうりつ,平成二年六月十三日
402AC0000000030,法律,工業所有権に関する手続等の特例に関する法律,こうぎょうしょゆうけんにかんするてつづきとうのとくれいにかんするほうりつ,令和八年四月一日
402AC0000000044,法律,市民農園整備促進法,しみんのうえんせいびそくしんほう,令和七年六月一日
402AC0000000055,法律,スパイクタイヤ粉じんの発生の防止に関する法律,すぱいくたいやふんじんのはっせいのぼうしにかんするほうりつ,平成十三年一月六日
402AC0000000070,法律,食鳥処理の事業の規制及び食鳥検査に関する法律,しょくちょうしょりのじぎょうのきせいおよびしょくちょうけんさにかんするほうりつ,令和七年六月一日
402AC0000000071,法律,生涯学習の振興のための施策の推進体制等の整備に関する法律,しょうがいがくしゅうのしんこうのためのしさくのすいしんたいせいとうのせいびにかんするほうりつ,平成十四年四月一日
402AC1000000049,法律,国会議員の秘書の給与等に関する法律,こっかいぎいんのひしょのきゅうよとうにかんするほうりつ,令和八年四月一日
402CO0000000057,政令,平成二年度以後における国家公務員等共済組合法の年金の額の改定に関する政令,へいせいにねんどいごにおけるこっかこうむいんとうきょうさいくみあいほうのねんきんのがくのかいていにかんするせいれい,平成六年四月一日
402CO0000000059,政令,平成二年度以後における私立学校教職員共済組合法の年金の額の改定に関する政令,へいせいにねんどいごにおけるしりつがっこうきょうしょくいんきょうさいくみあいほうのねんきんのがくのかいていにかんするせいれい,平成六年十一月十六日
402CO0000000083,政令,平成二年度以後における地方公務員等共済組合法の年金の額の改定に関する政令,へいせいにねんどいごにおけるちほうこうむいんとうきょうさいくみあいほうのねんきんのがくのかいていにかんするせいれい,平成二十年九月一日
402CO0000000113,政令,森林の保健機能の増進に関する特別措置法施行令,しんりんのほけんきのうのぞうしんにかんするとくべつそちほうしこうれい,平成十四年四月一日
402CO0000000194,政令,生涯学習の振興のための施策の推進体制等の整備に関する法律施行令,しょうがいがくしゅうのしんこうのためのしさくのすいしんたいせいとうのせいびにかんするほうりつしこうれい,平成十三年一月六日
402CO0000000205,政令,平成二年度における旧令による共済組合等からの年金受給者のための特別措置法等の規定による年金の額の改定に関する政令,へいせいにねんどにおけるきゅうれいによるきょうさいくみあいとうからのねんきんじゅきゅうしゃのためのとくべつそちほうとうのきていによるねんきんのがくのかいていにかんするせいれい,令和六年四月二十五日
402CO0000000206,政令,平成二年度における私立学校教職員共済組合からの旧法の規定による年金等の額の改定に関する政令,へいせいにねんどにおけるしりつがっこうきょうしょくいんきょうさいくみあいからのきゅうほうのきていによるねんきんとうのがくのかいていにかんするせいれい,平成二年七月六日
402CO0000000213,政令,貨物自動車運送事業法の施行に伴う経過措置に関する政令,かもつじどうしゃうんそうじぎょうほうのしこうにともなうけいかそちにかんするせいれい,平成二年十二月一日
402CO0000000238,政令,麻薬、麻薬原料植物、向精神薬、麻薬向精神薬原料等を指定する政令,まやくまやくげんりょうしょくぶつこうせいしんやくまやくこうせいしんやくげんりょうとうをしていするせいれい,令和七年十月三日
402CO0000000245,政令,天皇陛下御即位記念のための十万円の貨幣の形式等に関する政令,てんのうへいかごそくいきねんのためのじゅうまんえんのかへいのけいしきとうにかんするせいれい,平成二年八月十日
402CO0000000249,政令,船員の雇用の促進に関する特別措置法施行令,せんいんのこようのそくしんにかんするとくべつそちほうせこうれい,平成二十五年三月一日
402CO0000000258,政令,工業所有権に関する手続等の特例に関する法律施行令,こうぎょうしょゆうけんにかんするてつづきとうのとくれいにかんするほうりつせこうれい,平成二十八年四月一日
402CO0000000272,政令,市民農園整備促進法施行令,しみんのうえんせいびそくしんほうせこうれい,令和三年七月十五日
402CO0000000284,政令,民事保全法施行令,みんじほぜんほうしこうれい,平成三年一月一日
402CO0000000304,政令,国民年金基金令,こくみんねんきんききんれい,令和八年十二月一日
402CO0000000366,政令,特別職の職員の給与に関する法律施行令,とくべつしょくのしょくいんのきゅうよにかんするほうりつせこうれい,令和七年十二月二十四日
402CO0000000371,政令,スパイクタイヤ粉じんの発生の防止に関する法律施行令,すぱいくたいやふんじんのはっせいのぼうしにかんするほうりつしこうれい,令和五年九月一日
402M50000002041,府省令,地籍基本調査基礎計画,ちせききほんちょうさきそけいかく,令和二年五月二十七日
402M50000002042,府省令,効率的手法導入推進基本調査作業規程準則,こうりつてきしゅほうどうにゅうすいしんきほんちょうささぎょうきていじゅんそく,令和二年九月二十九日
402M50000010016,府省令,出入国管理及び難民認定法第七条第一項第二号の基準を定める省令,しゅつにゅうこくかんりおよびなんみんにんていほうだいななじょうだいいっこうだいにごうのきじゅんをさだめるしょうれい,令和八年四月一日
402M50000040006,府省令,特別保健福祉事業資金事務取扱規則,とくべつほけんふくしじぎょうしきんじむとりあつかいきそく,平成二十二年三月二十三日
402M50000040020,府省令,電子情報処理組織を使用して処理する場合における国債の登録手続の特例に関する省令,でんしじょうほうしょりそしきをしようしてしょりするばあいにおけるこくさいのとうろくてづづきのとくれいにかんするしょうれい,平成十八年四月一日
402M50000040025,府省令,一次産品のための共通基金への加盟に伴う国債の発行等に関する省令,いちじさんひんのためのきょうつうききんへのかめいにともなうこくさいのはっこうとうにかんするしょうれい,平成二十五年七月十日
402M50000040036,府省令,株券等の大量保有の状況の開示に関する内閣府令,かぶけんとうのたいりょうほゆうのじょうきょうのかいじにかんするないかくふれい,令和八年五月一日
402M50000040038,府省令,発行者以外の者による株券等の公開買付けの開示に関する内閣府令,はっこうしゃいがいのものによるかぶけんとうのこうかいかいつけのかいじにかんするないかくふれい,令和八年五月一日
402M50000100018,府省令,歯科衛生士法に基づく指定登録機関及び指定試験機関に関する省令,しかえいせいしほうにもとづくしていとうろくきかんおよびしていしけんきかんにかんするしょうれい,平成二十一年九月一日
402M50000100019,府省令,あん摩マツサージ指圧師、はり師、きゆう師等に関する法律施行規則,あんままつさーじしあつしはりしきゆうしとうにかんするほうりつしこうきそく,令和四年七月二十八日
402M50000100020,府省令,柔道整復師法施行規則,じゅうどうせいふくしほうしこうきそく,令和四年七月二十八日
402M50000100021,府省令,あん摩マツサージ指圧師、はり師、きゆう師等に関する法律に基づく指定試験機関及び指定登録機関に関する省令,あんままつさーじしあつしはりしきゆうしとうにかんするほうりつにもとづくしていしけんきかんおよびしていとうろくきかんにかんするしょうれい,平成二十一年九月一日
402M50000100022,府省令,柔道整復師法に基づく指定登録機関及び指定試験機関に関する省令,じゅうどうせいふくしほうにもとづくしていとうろくきかんおよびしていしけんきかんにかんするしょうれい,平成二十一年九月一日
402M50000100040,府省令,食鳥処理の事業の規制及び食鳥検査に関する法律施行規則,しょくちょうしょりのじぎょうのきせいおよびしょくちょうけんさにかんするほうりつしこうきそく,令和六年四月一日
402M50000100048,府省令,船員の雇用の促進に関する特別措置法第十四条第五項の規定等による未払賃金の立替払事業に係る船員の立替払賃金の請求の手続等に関する省令等の規定の適用に関する省令,せんいんのこようのそくしんにかんするとくべつそちほうだいじゅうよんじょうだいごこうのきていとうによるみばらいちんぎんのたてかえばらいじぎょうにかかるせんいんのたてかえばらいちんぎんのせいきゅうのてつづきとうにかんするしょうれいとうのきていのてきようにかんするしょうれい,平成二十二年一月一日
402M50000100058,府省令,国民年金基金規則,こくみんねんきんききんきそく,令和八年四月一日
402M50000200018,府省令,森林の保健機能の増進に関する特別措置法施行規則,しんりんのほけんきのうのぞうしんにかんするとくべつそちほうせこうきそく,平成二十五年四月一日
402M50000400041,府省令,工業所有権に関する手続等の特例に関する法律施行規則,こうぎょうしょゆうけんにかんするてつづきとうのとくれいにかんするほうりつしこうきそく,令和八年四月一日
402M50000800020,府省令,貨物利用運送事業法施行規則,かもつりよううんそうじぎょうほうしこうきそく,令和六年四月一日
402M50000800021,府省令,貨物自動車運送事業法施行規則,かもつじどうしゃうんそうじぎょうほうしこうきそく,令和八年四月一日
402M50000800022,府省令,貨物自動車運送事業輸送安全規則,かもつじどうしゃうんそうじぎょうゆそうあんぜんきそく,令和八年四月一日
402M50000800026,府省令,船員の雇用の促進に関する特別措置法施行規則,せんいんのこようのそくしんにかんするとくべつそちほうせこうきそく,令和元年九月十四日
402M50000800032,府省令,貨物利用運送事業報告規則,かもつりよううんそうじぎょうほうこくきそく,令和七年四月一日
402M50000800033,府省令,貨物自動車運送事業報告規則,かもつじどうしゃうんそうじぎょうほうこくきそく,令和八年四月一日
402M50000810001,府省令,内航運送取扱業者営業保証金規則の廃止等に関する省令,ないこううんそうとりあつかいぎょうしゃえいぎょうほしょうきんきそくのはいしとうにかんするしょうれい,令和三年一月一日
402M50000900001,府省令,船員の雇用の促進に関する特別措置法第十四条第五項の規定による船員に係る未払賃金の額の確認等に関する省令の規定の適用についての技術的読替えに関する省令,せんいんのこようのそくしんにかんするとくべつそちほうだいじゅうよんじょうだいごこうのきていによるせんいんにかかるみばらいちんぎんのがくのかくにんとうにかんするしょうれいのきていのてきようについてのぎじゅつてきよみかえにかんするしょうれい,平成二年八月二十日
402M50001000018,府省令,無線従事者規則,むせんじゅうじしゃきそく,令和六年五月二十七日
402M50004200001,府省令,市民農園整備促進法施行規則,しみんのうえんせいびそくしんほうしこうきそく,令和六年四月一日
402M50400000001,規則,指定講習機関に関する規則,していこうしゅうきかんにかんするきそく,令和七年六月一日
402M50400000004,規則,警察大学校警察情報通信研究センターの内部組織に関する規則,けいさつだいがっこうけいさつじょうほうつうしんけんきゅうせんたーのないぶそしきにかんするきそく,平成二十六年四月一日
402M50400000007,規則,地域交通安全活動推進委員及び地域交通安全活動推進委員協議会に関する規則,ちいきこうつうあんぜんかつどうすいしんいいんおよびちいきこうつうあんぜんかつどうすいしんいいんきょうぎかいにかんするきそく,令和元年七月一日
402M50400000009,規則,被疑者写真の管理及び運用に関する規則,ひぎしゃしゃしんのかんりおよびうんようにかんするきそく,令和七年四月一日
402RJNJ09089000,規則,人事院規則九―八九（単身赴任手当）,じんじいんきそくきゅうのはちじゅうきゅうたんしんふにんてあて,令和七年四月一日
403AC0000000002,法律,湾岸地域における平和回復活動を支援するため平成二年度において緊急に講ずべき財政上の措置に必要な財源の確保に係る臨時措置に関する法律,わんがんちいきにおけるへいわかいふくかつどうをしえんするためへいせいにねんどにおいてきんきゅうにこうずべきざいせいじょうのそちにひつようなざいげんのかくほにかかるりんじそちにかんするほうりつ,平成十三年四月一日
403AC0000000015,法律,国の補助金等の臨時特例等に関する法律,くにのほじょきんとうのりんじとくれいとうにかんするほうりつ,平成五年四月一日
403AC0000000022,法律,欧州復興開発銀行への加盟に伴う措置に関する法律,おうしゅうふっこうかいはつぎんこうへのかめいにともなうそちにかんするほうりつ,平成十年四月一日
403AC0000000036,法律,救急救命士法,きゅうきゅうきゅうめいしほう,令和七年六月一日
403AC0000000045,法律,新幹線鉄道に係る鉄道施設の譲渡等に関する法律,しんかんせんてつどうにかかるてつどうしせつのじょうととうにかんするほうりつ,平成十年十月二十二日
403AC0000000048,法律,資源の有効な利用の促進に関する法律,しげんのゆうこうなりようのそくしんにかんするほうりつ,令和八年四月一日
403AC0000000057,法律,中小企業における労働力の確保及び良好な雇用の機会の創出のための雇用管理の改善の促進に関する法律,ちゅうしょうきぎょうにおけるろうどうりょくのかくほおよびりょうこうなこようのきかいのそうしゅつのためのこようかんりのかいぜんのそくしんにかんするほうりつ,令和七年六月一日
403AC0000000059,法律,食品等の持続的な供給を実現するための食品等事業者による事業活動の促進及び食品等の取引の適正化に関する法律,しょくひんとうのじぞくてきなきょうきゅうをじつげんするためのしょくひんとうじぎょうしゃによるじぎょうかつどうのそくしんおよびしょくひんとうのとりひきのてきせいかにかんするほうりつ,令和八年四月一日
403AC0000000066,法律,商品投資に係る事業の規制に関する法律,しょうひんとうしにかかるじぎょうのきせいにかんするほうりつ,令和七年六月一日
403AC0000000069,法律,地価税法,ちかぜいほう,令和七年六月一日
403AC0000000071,法律,日本国との平和条約に基づき日本の国籍を離脱した者等の出入国管理に関する特例法,にほんこくとのへいわじょうやくにもとづきにほんのこくせきをりだつしたものとうのしゅつにゅうこくかんりにかんするとくれいほう,令和八年六月十四日
403AC0000000076,法律,育児休業、介護休業等育児又は家族介護を行う労働者の福祉に関する法律,いくじきゅうぎょうかいごきゅうぎょうとういくじまたはかぞくかいごをおこなうろうどうしゃのふくしにかんするほうりつ,令和八年十月一日
403AC0000000077,法律,暴力団員による不当な行為の防止等に関する法律,ぼうりょくだんいんによるふとうなこういのぼうしとうにかんするほうりつ,令和八年四月一日
403AC0000000090,法律,借地借家法,しゃくちしゃくやほう,令和十年六月十三日
403AC0000000094,法律,国際的な協力の下に規制薬物に係る不正行為を助長する行為等の防止を図るための麻薬及び向精神薬取締法等の特例等に関する法律,こくさいてきなきょうりょくのもとにきせいやくぶつにかかるふせいこういをじょちょうするこういとうのぼうしをはかるためのまやくおよびこうせいしんやくとりしまりほうとうのとくれいとうにかんするほうりつ,令和八年五月二十二日
403AC0000000109,法律,国家公務員の育児休業等に関する法律,こっかこうむいんのいくじきゅうぎょうとうにかんするほうりつ,令和八年四月一日
403AC0000000110,法律,地方公務員の育児休業等に関する法律,ちほうこうむいんのいくじきゅうぎょうとうにかんするほうりつ,令和七年十月一日
403AC0000000111,法律,裁判官の育児休業に関する法律,さいばんかんのいくじきゅうぎょうにかんするほうりつ,令和四年十月一日
403AC1000000108,法律,国会職員の育児休業等に関する法律,こっかいしょくいんのいくじきゅうぎょうとうにかんするほうりつ,令和七年十月一日
403CO0000000035,政令,法人臨時特別税に関する政令,ほうじんりんじとくべつぜいにかんするせいれい,平成十三年一月六日
403CO0000000036,政令,石油臨時特別税に関する政令,せきゆりんじとくべつぜいにかんするせいれい,平成十三年一月六日
403CO0000000052,政令,食鳥処理の事業の規制及び食鳥検査に関する法律施行令,しょくちょうしょりのじぎょうのきせいおよびしょくちょうけんさにかんするほうりつしこうれい,平成二十七年四月一日
403CO0000000174,政令,地価税法施行令,ちかぜいほうしこうれい,令和七年七月二十二日
403CO0000000175,政令,土地評価審議会令,とちひょうかしんぎかいれい,平成十三年一月六日
403CO0000000206,政令,平成三年度における旧令による共済組合等からの年金受給者のための特別措置法等の規定による年金の額の改定に関する政令,へいせいさんねんどにおけるきゅうれいによるきょうさいくみあいとうからのねんきんじゅきゅうしゃのためのとくべつそちほうとうのきていによるねんきんのがくのかいていにかんするせいれい,令和六年四月二十五日
403CO0000000207,政令,平成三年度における私立学校教職員共済組合からの旧法の規定による年金等の額の改定に関する政令,へいせいさんねんどにおけるしりつがっこうきょうしょくいんきょうさいくみあいからのきゅうほうのきていによるねんきんとうのがくのかいていにかんするせいれい,平成三年六月十二日
403CO0000000216,政令,新幹線鉄道に係る鉄道施設の譲渡等に関する法律施行令,しんかんせんてつどうにかかるてつどうしせつのじょうととうにかんするほうりつしこうれい,平成三年十月一日
403CO0000000226,政令,歯科衛生士法施行令,しかえいせいしほうせこうれい,令和四年五月一日
403CO0000000231,政令,国民健康保険法の一部を改正する法律の一部の施行に伴う経過措置に関する政令,こくみんけんこうほけんほうのいちぶをかいせいするほうりつのいちぶのせこうにともなうけいかそちにかんするせいれい,平成四年四月一日
403CO0000000244,政令,中小企業における労働力の確保及び良好な雇用の機会の創出のための雇用管理の改善の促進に関する法律施行令,ちゅうしょうきぎょうにおけるろうどうりょくのかくほおよびりょうこうなこようのきかいのそうしゅつのためのこようかんりのかいぜんのそくしんにかんするほうりつしこうれい,令和六年三月十五日
403CO0000000256,政令,食品等の持続的な供給を実現するための食品等事業者による事業活動の促進及び食品等の取引の適正化に関する法律施行令,しょくひんとうのじぞくてきなきょうきゅうをじつげんするためのしょくひんとうじぎょうしゃによるじぎょうかつどうのそくしんおよびしょくひんとうのとりひきのてきせいかにかんするほうりつしこうれい,令和八年四月一日
403CO0000000266,政令,救急救命士法施行令,きゅうきゅうきゅうめいしほうせこうれい,平成二十一年四月一日
403CO0000000275,政令,船舶安全法第三十二条ノ二の船舶の範囲を定める政令,せんぱくあんぜんほうだいさんじゅうにじょうのにのせんぱくのはんいをさだめるせいれい,令和七年六月一日
403CO0000000300,政令,商標法の一部を改正する法律の施行に伴う経過措置を定める政令,しょうひょうほうのいちぶをかいせいするほうりつのせこうにともなうけいかそちをさだめるせいれい,平成四年四月一日
403CO0000000327,政令,資源の有効な利用の促進に関する法律施行令,しげんのゆうこうなりようのそくしんにかんするほうりつせこうれい,令和八年四月一日
403CO0000000335,政令,暴力団員による不当な行為の防止等に関する法律施行令,ぼうりょくだんいんによるふとうなこういのぼうしとうにかんするほうりつせこうれい,平成二十五年一月三十日
403CO0000000340,政令,抵当証券法施行令,ていとうしょうけんほうしこうれい,令和七年四月一日
403M50000002006,府省令,スパイクタイヤ粉じんの発生の防止に関する法律施行規則,すぱいくたいやふんじんのはっせいのぼうしにかんするほうりつせこうきそく,令和二年十二月二十八日
403M50000040006,府省令,法人臨時特別税に関する省令,ほうじんりんじとくべつぜいにかんするしょうれい,平成十五年一月六日
403M50000040007,府省令,石油臨時特別税に関する省令,せきゆりんじとくべつぜいにかんするしょうれい,平成十三年一月六日
403M50000040020,府省令,基礎年金の支払事務の取扱いに関する省令,きそねんきんのしはらいじむのとりあつかいにかんするしょうれい,平成十七年四月一日
403M50000040025,府省令,欧州復興開発銀行への加盟に伴う国債の発行等に関する省令,おうしゅうふっこうかいはつぎんこうへのかめいにともなうこくさいのはっこうとうにかんするしょうれい,平成十五年三月二十八日
403M50000040031,府省令,地価税法施行規則,ちかぜいほうせこうきそく,令和八年四月一日
403M50000040033,府省令,土地評価審議会に係る土地の評価についての基本的事項等に関する省令,とちひょうかしんぎかいにかかるとちのひょうかについてのきほんてきじこうとうにかんするしょうれい,平成十五年四月一日
403M50000040054,府省令,電子情報処理組織を使用して処理する場合における国税等の徴収関係事務等の取扱いの特例に関する省令,でんしじょうほうしょりそしきをしようしてしょりするばあいにおけるこくぜいとうのちょうしゅうかんけいじむとうのとりあつかいのとくれいにかんするしょうれい,令和七年五月七日
403M50000100009,府省令,国民年金基金及び国民年金基金連合会の財務及び会計に関する省令,こくみんねんきんききんおよびこくみんねんきんききんれんごうかいのざいむおよびかいけいにかんするしょうれい,令和七年五月一日
403M50000100044,府省令,救急救命士法施行規則,きゅうきゅうきゅうめいしほうしこうきそく,令和七年三月二十七日
403M50000100045,府省令,救急救命士法に基づく指定登録機関及び指定試験機関に関する省令,きゅうきゅうきゅうめいしほうにもとづくしていとうろくきかんおよびしていしけんきかんにかんするしょうれい,平成二十七年四月一日
403M50000180002,府省令,救急救命士学校養成所指定規則,きゅうきゅうきゅうめいしがっこうようせいじょしていきそく,令和四年十月一日
403M50000200038,府省令,食品等の持続的な供給を実現するための食品等事業者による事業活動の促進及び食品等の取引の適正化に関する法律施行規則,しょくひんとうのじぞくてきなきょうきゅうをじつげんするためのしょくひんとうじぎょうしゃによるじぎょうかつどうのそくしんおよびしょくひんとうのとりひきのてきせいかにかんするほうりつしこうきそく,令和八年四月一日
403M50000400049,府省令,輸出貿易管理令別表第一及び外国為替令別表の規定に基づき貨物又は技術を定める省令,ゆしゅつぼうえきかんりれいべっぴょうだいいちおよびがいこくかわせれいべっぴょうのきていにもとづきかもつまたはぎじゅつをさだめるしょうれい,令和八年二月十四日
403M50000400053,府省令,紙製造業に属する事業を行う者の古紙の利用に関する判断の基準となるべき事項を定める省令,かみせいぞうぎょうにぞくするじぎょうをおこなうもののこしのりようにかんするはんだんのきじゅんとなるべきじこうをさだめるしょうれい,令和三年四月一日
403M50000400054,府省令,ガラス容器製造業に属する事業を行う者のカレットの利用に関する判断の基準となるべき事項を定める省令,がらすようきせいぞうぎょうにぞくするじぎょうをおこなうもののかれっとのりようにかんするはんだんのきじゅんとなるべきじこうをさだめるしょうれい,令和三年四月一日
403M50000400057,府省令,電気業に属する事業を行う者の石炭灰の利用の促進に関する判断の基準となるべき事項を定める省令,でんきぎょうにぞくするじぎょうをおこなうもののせきたんはいのりようのそくしんにかんするはんだんのきじゅんとなるべきじこうをさだめるしょうれい,令和元年七月一日
403M50000640001,府省令,鋼製又はアルミニウム製の缶であって、飲料が充塡されたものの表示の標準となるべき事項を定める省令,こうせいまたはあるみにうむせいのかんであって、いんりょうがじゅうてんされたもののひょうじのひょうじゅんとなるべきじこうをさだめるしょうれい,令和八年四月一日
403M50000800018,府省令,新幹線鉄道に係る鉄道施設の譲渡等に関する法律施行規則,しんかんせんてつどうにかかるてつどうしせつのじょうととうにかんするほうりつしこうきそく,平成三年六月十四日
403M50000800025,府省令,船舶安全法第三十二条ノ二の船舶の範囲を定める政令第二号及び第四号ロ（２）の区域を定める省令,せんぱくあんぜんほうだいさんじゅうにじょうノにのせんぱくのはんいをさだめるせいれいだいにごうおよびだいよんごうロ(2)のくいきをさだめるしょうれい,平成十六年十一月一日
403M50000800036,府省令,船員に関する育児休業、介護休業等育児又は家族介護を行う労働者の福祉に関する法律施行規則,せんいんにかんするいくじきゅうぎょうかいごきゅうぎょうとういくじまたはかぞくかいごをおこなうろうどうしゃのふくしにかんするほうりつしこうきそく,令和七年十月一日
403M50002000017,府省令,中小企業における労働力の確保及び良好な雇用の機会の創出のための雇用管理の改善の促進に関する法律に基づく委託募集に関する省令,ちゅうしょうきぎょうにおけるろうどうりょくのかくほおよびりょうこうなこようのきかいのそうしゅつのためのこようかんりのかいぜんのそくしんにかんするほうりつにもとづくいたくぼしゅうにかんするしょうれい,平成十八年十月一日
403M50002000025,府省令,育児休業、介護休業等育児又は家族介護を行う労働者の福祉に関する法律施行規則,いくじきゅうぎょうかいごきゅうぎょうとういくじまたはかぞくかいごをおこなうろうどうしゃのふくしにかんするほうりつしこうきそく,令和八年十月一日
403M50002400003,府省令,中小企業における労働力の確保及び良好な雇用の機会の創出のための雇用管理の改善の促進に関する法律施行規則,ちゅうしょうきぎょうにおけるろうどうりょくのかくほおよびりょうこうなこようのきかいのそうしゅつのためのこようかんりのかいぜんのそくしんにかんするほうりつしこうきそく,平成十八年五月一日
403M50004000019,府省令,建設業に属する事業を行う者の再生資源の利用に関する判断の基準となるべき事項を定める省令,けんせつぎょうにぞくするじぎょうをおこなうもののさいせいしげんのりようにかんするはんだんのきじゅんとなるべきじこうをさだめるしょうれい,令和五年五月二十六日
403M50004000020,府省令,建設業に属する事業を行う者の指定副産物に係る再生資源の利用の促進に関する判断の基準となるべき事項を定める省令,けんせつぎょうにぞくするじぎょうをおこなうもののしていふくさんぶつにかかるさいせいしげんのりようのそくしんにかんするはんだんのきじゅんとなるべきじこうをさだめるしょうれい,令和八年四月一日
403M50400000001,規則,自動車の保管場所の確保等に関する法律施行規則,じどうしゃのほかんばしょのかくほとうにかんするほうりつせこうきそく,令和七年四月一日
403M50400000004,規則,暴力団員による不当な行為の防止等に関する法律施行規則,ぼうりょくだんいんによるふとうなこういのぼうしとうにかんするほうりつしこうきそく,令和七年十月一日
403M50400000005,規則,暴力団員による不当な行為の防止等に関する法律の規定に基づく意見聴取の実施に関する規則,ぼうりょくだんいんによるふとうなこういのぼうしとうにかんするほうりつのきていにもとづくいけんちょうしゅのじっしにかんするきそく,令和二年十二月二十八日
403M50400000006,規則,審査専門委員に関する規則,しんさせんもんいいんにかんするきそく,令和元年七月一日
403M50400000007,規則,暴力追放運動推進センターに関する規則,ぼうりょくついほううんどうすいしんせんたーにかんするきそく,令和元年七月一日
403M50400000008,規則,暴力的不法行為その他の罪に当たる違法な行為を定める規則,ぼうりょくてきふほうこういそのたのつみにあたるいほうなこういをさだめるきそく,令和七年十月一日
403RJNJ09093000,規則,人事院規則九―九三（管理職員特別勤務手当）,じんじいんきそくきゅうのきゅうじゅうさんかんりしょくいんとくべつきんむてあて,令和七年四月一日
404AC0000000015,法律,法人特別税法,ほうじんとくべつぜいほう,平成十三年四月一日
404AC0000000046,法律,獣医療法,じゅういりょうほう,平成二十四年四月一日
404AC0000000051,法律,計量法,けいりょうほう,令和七年六月一日
404AC0000000052,法律,長野オリンピック冬季競技大会の準備及び運営のために必要な特別措置に関する法律,ながのおりんぴっくとうききょうぎたいかいのじゅんびおよびうんえいのためにひつようなとくべつそちにかんするほうりつ,平成九年四月一日
404AC0000000062,法律,産業廃棄物の処理に係る特定施設の整備の促進に関する法律,さんぎょうはいきぶつのしょりにかかるとくていしせつのせいびのそくしんにかんするほうりつ,令和八年四月一日
404AC0000000063,法律,介護労働者の雇用管理の改善等に関する法律,かいごろうどうしゃのこようかんりのかいぜんとうにかんするほうりつ,平成二十三年七月十四日
404AC0000000070,法律,自動車から排出される窒素酸化物及び粒子状物質の特定地域における総量の削減等に関する特別措置法,じどうしゃからはいしゅつされるちっそさんかぶつおよびりゅうしじょうぶっしつのとくていちいきにおけるそうりょうのさくげんとうにかんするとくべつそちほう,令和二年四月一日
404AC0000000075,法律,絶滅のおそれのある野生動植物の種の保存に関する法律,ぜつめつのおそれのあるやせいどうしょくぶつのしゅのほぞんにかんするほうりつ,令和七年六月一日
404AC0000000076,法律,地方拠点都市地域の整備及び産業業務施設の再配置の促進に関する法律,ちほうきょてんとしちいきのせいびおよびさんぎょうぎょうむしせつのさいはいちのそくしんにかんするほうりつ,令和七年六月一日
404AC0000000079,法律,国際連合平和維持活動等に対する協力に関する法律,こくさいれんごうへいわいじかつどうとうにたいするきょうりょくにかんするほうりつ,令和七年五月二十八日
404AC0000000084,法律,少年の保護事件に係る補償に関する法律,しょうねんのほごじけんにかかるほしょうにかんするほうりつ,令和四年四月一日
404AC0000000086,法律,看護師等の人材確保の促進に関する法律,かんごしとうのじんざいかくほのそくしんにかんするほうりつ,令和七年六月一日
404AC0000000088,法律,地域伝統芸能等を活用した行事の実施による観光及び特定地域商工業の振興に関する法律,ちいきでんとうげいのうとうをかつようしたぎょうじのじっしによるかんこうおよびとくていちいきしょうこうぎょうのしんこうにかんするほうりつ,平成二十七年十月一日
404AC0000000090,法律,労働時間等の設定の改善に関する特別措置法,ろうどうじかんとうのせっていのかいぜんにかんするとくべつそちほう,令和二年三月三十一日
404AC0000000102,法律,平成三年度歳入歳出の決算上の剰余金の処理の特例等に関する法律,へいせいさんねんどさいにゅうさいしゅつのけっさんじょうのじょうよきんのしょりのとくれいとうにかんするほうりつ,平成四年十二月十六日
404AC0000000108,法律,特定有害廃棄物等の輸出入等の規制に関する法律,とくていゆうがいはいきぶつとうのゆしゅつにゅうとうのきせいにかんするほうりつ,令和七年六月一日
404AC1000000053,法律,ゴルフ場等に係る会員契約の適正化に関する法律,ごるふじょうとうにかかるかいいんけいやくのてきせいかにかんするほうりつ,令和七年六月一日
404AC1000000100,法律,政治倫理の確立のための国会議員の資産等の公開等に関する法律,せいじりんりのかくりつのためのこっかいぎいんのしさんとうのこうかいとうにかんするほうりつ,平成二十一年一月五日
404AC1000000109,法律,国会等の移転に関する法律,こっかいとうのいてんにかんするほうりつ,令和七年六月一日
404AC1000000110,法律,大阪湾臨海地域開発整備法,おおさかわんりんかいちいきかいはつせいびほう,平成二十三年八月三十日
404CO0000000045,政令,商品投資に係る事業の規制に関する法律施行令,しょうひんとうしにかかるじぎょうのきせいにかんするほうりつせこうれい,令和元年十二月十六日
404CO0000000072,政令,防衛省の職員の育児休業等に関する政令,ぼうえいしょうのしょくいんのいくじきゅうぎょうとうにかんするせいれい,令和七年十月一日
404CO0000000089,政令,法人特別税法施行令,ほうじんとくべつぜいほうせこうれい,平成十三年一月六日
404CO0000000220,政令,平成四年度における旧令による共済組合等からの年金受給者のための特別措置法等の規定による年金の額の改定に関する政令,へいせいよねんどにおけるきゅうれいによるきょうさいくみあいとうからのねんきんじゅきゅうしゃのためのとくべつそちほうとうのきていによるねんきんのがくのかいていにかんするせいれい,令和六年四月二十五日
404CO0000000222,政令,平成四年度における私立学校教職員共済組合からの旧法の規定による年金等の額の改定に関する政令,へいせいよねんどにおけるしりつがっこうきょうしょくいんきょうさいくみあいからのきゅうほうのきていによるねんきんとうのがくのかいていにかんするせいれい,平成四年六月二十六日
404CO0000000233,政令,介護労働者の雇用管理の改善等に関する法律施行令,かいごろうどうしゃのこようかんりのかいぜんとうにかんするほうりつしこうれい,平成十六年三月一日
404CO0000000266,政令,地方拠点都市地域の整備及び産業業務施設の再配置の促進に関する法律施行令,ちほうきょてんとしちいきのせいびおよびさんぎょうぎょうむしせつのさいはいちのそくしんにかんするほうりつせこうれい,平成二十九年四月一日
404CO0000000268,政令,国際連合平和維持活動等に対する協力に関する法律施行令,こくさいれんごうへいわいじかつどうとうにたいするきょうりょくにかんするほうりつしこうれい,令和五年四月一日
404CO0000000273,政令,獣医師法施行令,じゅういしほうせこうれい,令和元年十二月十六日
404CO0000000274,政令,獣医療法施行令,じゅういりょうほうしこうれい,平成二十年十月一日
404CO0000000290,政令,労働時間等の設定の改善に関する特別措置法第八条から第十二条までに規定する厚生労働大臣の権限の一部の委任等に関する政令,ろうどうじかんとうのせっていのかいぜんにかんするとくべつそちほうだいはちじょうからだいじゅうにじょうまでにきていするこうせいろうどうだいじんのけんげんのいちぶのいにんとうにかんするせいれい,平成三十年一月四日
404CO0000000301,政令,あん摩マツサージ指圧師、はり師、きゆう師等に関する法律施行令,あんままっさーじしあつしはりしきゆうしとうにかんするほうりつしこうれい,令和六年九月二十六日
404CO0000000302,政令,柔道整復師法施行令,じゅうどうせいふくしほうしこうれい,令和五年九月二十九日
404CO0000000304,政令,産業廃棄物の処理に係る特定施設の整備の促進に関する法律施行令,さんぎょうはいきぶつのしょりにかかるとくていしせつのせいびのそくしんにかんするほうりつしこうれい,平成二十九年十月一日
404CO0000000307,政令,地域伝統芸能等を活用した行事の実施による観光及び特定地域商工業の振興に関する法律第六条第三項の率を定める政令,ちいきでんとうげいのうとうをかつようしたぎょうじのじっしによるかんこうおよびとくていちいきしょうこうぎょうのしんこうにかんするほうりつだいろくじょうだいさんこうのりつをさだめるせいれい,令和六年三月十五日
404CO0000000320,政令,老人福祉法等の一部を改正する法律の一部の施行に伴う経過措置に関する政令,ろうじんふくしほうとうのいちぶをかいせいするほうりつのいちぶのせこうにともなうけいかそちにかんするせいれい,平成五年四月一日
404CO0000000345,政令,看護師等の人材確保の促進に関する法律施行令,かんごしとうのじんざいかくほのそくしんにかんするほうりつせこうれい,平成十四年三月一日
404CO0000000347,政令,海洋汚染及び海上災害の防止に関する法律の一部を改正する法律の施行に伴う経過措置を定める政令,かいようおせんおよびかいじょうさいがいのぼうしにかんするほうりつのいちぶをかいせいするほうりつのしこうにともなうけいかそちをさだめるせいれい,平成五年四月四日
404CO0000000357,政令,計量単位令,けいりょうたんいれい,令和五年十二月二十八日
404CO0000000358,政令,計量法附則第三条の計量単位等を定める政令,けいりょうほうふそくだいさんじょうのけいりょうたんいとうをさだめるせいれい,平成五年十一月一日
404CO0000000365,政令,自動車から排出される窒素酸化物及び粒子状物質の特定地域における総量の削減等に関する特別措置法施行令,じどうしゃからはいしゅつされるちっそさんかぶつおよびりゅうしじょうぶっしつのとくていちいきにおけるそうりょうのさくげんとうにかんするとくべつそちほうしこうれい,令和六年四月一日
404M50000002042,府省令,国際連合平和維持活動等に対する協力に関する法律施行規則,こくさいれんごうへいわいじかつどうとうにたいするきょうりょくにかんするほうりつせこうきそく,平成二十八年三月二十九日
404M50000002051,府省令,振興拠点地域に係る中核的民間施設及び業務核都市に係る中核的民間施設に関する細分を定める省令,しんこうきょてんちいきにかかるちゅうかくてきみんかんしせつおよびぎょうむかくとしにかかるちゅうかくてきみんかんしせつにかんするさいぶんをさだめるしょうれい,令和五年四月一日
404M50000002053,府省令,自動車から排出される窒素酸化物及び粒子状物質の特定地域における総量の削減等に関する特別措置法施行規則,じどうしゃからはいしゅつされるちっそさんかぶつおよびりゅうしじょうぶっしつのとくていちいきにおけるそうりょうのさくげんとうにかんするとくべつそちほうしこうきそく,令和二年十二月二十八日
404M50000008008,府省令,沖縄振興開発特別措置法第十五条等の地方税の課税免除又は不均一課税に伴う措置が適用される場合を定める省令,おきなわしんこうかいはつとくべつそちほうだいじゅうごじょうとうのちほうぜいのかぜいめんじょまたはふきんいつかぜいにともなうそちがてきようされるばあいをさだめるしょうれい,平成十四年三月一日
404M50000008030,府省令,地方拠点都市地域の整備及び産業業務施設の再配置の促進に関する法律第十六条第一項の事業者及び公共施設に準ずる施設を定める省令,ちほうきょてんとしちいきのせいびおよびさんぎょうぎょうむしせつのさいはいちのそくしんにかんするほうりつだいじゅうろくじょうだいいっこうのじぎょうしゃおよびこうきょうしせつにじゅんずるしせつをさだめるしょうれい,平成二十年十二月一日
404M50000040015,府省令,法人特別税法施行規則,ほうじんとくべつぜいほうせこうきそく,平成十五年一月六日
404M50000040039,府省令,国際金融公社への加盟に伴う国債の発行等に関する省令,こくさいきんゆうこうしゃへのかめいにともなうこくさいのはっこうとうにかんするしょうれい,平成十五年三月二十八日
404M50000040068,府省令,証券取引等監視委員会の職員が検査及び犯則事件の調査をするときに携帯すべき証票等の様式を定める内閣府令,しょうけんとりひきとうかんしいいんかいのしょくいんがけんさおよびはんそくじけんのちょうさをするときにけいたいすべきしょうひょうとうのようしきをさだめるないかくふれい,令和七年五月一日
404M50000040069,府省令,金融庁等の職員が検査の際に携帯すべき身分証明書等の様式を定める内閣府令,きんゆうちょうとうのしょくいんがけんさのさいにけいたいすべきみぶんしょうめいしょとうのようしきをさだめるないかくふれい,令和八年五月二十五日
404M50000080003,府省令,美術刀剣類製作承認規則,びじゅつとうけんるいせいさくしょうにんきそく,令和三年六月十一日
404M50000100005,府省令,訪問看護療養費及び公費負担医療に関する費用の請求に関する命令,ほうもんかんごりょうようひおよびこうひふたんいりょうにかんするひようのせいきゅうにかんするめいれい,令和六年十二月二日
404M50000100054,府省令,産業廃棄物の処理に係る特定施設の整備の促進に関する法律施行規則,さんぎょうはいきぶつのしょりにかかるとくていしせつのせいびのそくしんにかんするほうりつしこうきそく,平成二十年十二月一日
404M50000100061,府省令,看護師等の人材確保の促進に関する法律施行規則,かんごしとうのじんざいかくほのそくしんにかんするほうりつしこうきそく,令和六年九月三日
404M50000200030,府省令,農業協同組合合併助成法施行規則,のうぎょうきょうどうくみあいがっぺいじょせいほうしこうきそく,平成二十年十二月一日
404M50000200044,府省令,獣医療法施行規則,じゅういりょうほうしこうきそく,令和七年十一月二十日
404M50000400022,府省令,商品投資顧問業者の業務に関する省令,しょうひんとうしこもんぎょうしゃのぎょうむにかんするしょうれい,令和六年四月一日
404M50000400038,府省令,輸出貿易管理令別表第二及び別表第七の規定に基づき貨物を定める省令,ゆしゅつぼうえきかんりれいべっぴょうだいにおよびべっぴょうだいななのきていにもとづきかもつをさだめるしょうれい,令和七年三月十七日
404M50000400056,府省令,経済産業省企業活動基本調査規則,けいざいさんぎょうしょうきぎょうかつどうきほんちょうさきそく,令和八年四月一日
404M50000400057,府省令,地域伝統芸能等を活用した行事の実施による観光及び特定地域商工業の振興に関する法律第六条第一項に規定する事業を定める省令,ちいきでんとうげいのうとうをかつようしたぎょうじのじっしによるかんこうおよびとくていちいきしょうこうぎょうのしんこうにかんするほうりつだいろくじょうだいいっこうにきていするじぎょうをさだめるしょうれい,平成十三年一月六日
404M50000400080,府省令,計量単位規則,けいりょうたんいきそく,令和六年六月七日
404M50000400081,府省令,計量法附則第三条の計量単位の記号等を定める規則,けいりょうほうふそくだいさんじょうのけいりょうたんいのきごうとうをさだめるきそく,平成十三年一月六日
404M50000600001,府省令,商品投資顧問業者の許可及び監督に関する省令,しょうひんとうしこもんぎょうしゃのきょかおよびかんとくにかんするしょうれい,令和二年十二月二十八日
404M50000E88001,府省令,地域伝統芸能等を活用した行事等に係る支援事業実施機関に関する省令,ちいきでんとうげいのうとうをかつようしたぎょうじとうにかかるしえんじぎょうじっしきかんにかんするしょうれい,令和六年四月一日
404M50002000018,府省令,介護労働者の雇用管理の改善等に関する法律施行規則,かいごろうどうしゃのこようかんりのかいぜんとうにかんするほうりつしこうきそく,令和七年十月一日
404M50002000026,府省令,労働時間等の設定の改善に関する特別措置法施行規則,ろうどうじかんとうのせっていのかいぜんにかんするとくべつそちほうしこうきそく,令和六年四月一日
404M50002100006,府省令,看護師等の人材確保の促進に関する法律に基づく都道府県ナースセンター及び中央ナースセンターに関する省令,かんごしとうのじんざいかくほのそくしんにかんするほうりつにもとづくとどうふけんなーすせんたーおよびちゅうおうなーすせんたーにかんするしょうれい,平成二十年十二月一日
404M50004000010,府省令,地方拠点都市地域における都市計画法の特例等に関する省令,ちほうきょてんとしちいきにおけるとしけいかくほうのとくれいとうにかんするしょうれい,令和六年四月一日
404M50006000001,府省令,勤労者財産形成促進法施行令附則第五項の事項及び基準を定める省令,きんろうしゃざいさんけいせいそくしんほうしこうれいふそくだいごこうのじこうおよびきじゅんをさだめるしょうれい,平成二十三年十月一日
404M50400000001,規則,聴聞等の秩序維持に関する規則,ちょうもんとうのちつじょいじにかんするきそく,令和五年六月一日
404M50400000009,規則,交通事故調査分析センターに関する規則,こうつうじこちょうさぶんせきせんたーにかんするきそく,令和七年六月一日
404M50400000012,規則,薬物犯罪等に係る没収保全等を請求することができる司法警察員の指定に関する規則,やくぶつはんざいとうにかかるぼっしゅうほぜんとうをせいきゅうすることができるしほうけいさついんのしていにかんするきそく,令和六年四月一日
404M50400000017,規則,盲導犬の訓練を目的とする法人の指定に関する規則,もうどうけんのくんれんをもくてきとするほうじんのしていにかんするきそく,令和五年十二月二十五日
404M50400000019,規則,原動機を用いる歩行補助車等の型式認定の手続等に関する規則,げんどうきをもちいるほこうほじょしゃとうのかたしきにんていのてつづきとうにかんするきそく,令和五年四月一日
404RJNJ19000000,規則,人事院規則一九―〇（職員の育児休業等）,じんじいんきそくじゅうきゅうのぜろしょくいんのいくじきゅうぎょうとう,令和八年四月一日
405AC0000000009,法律,平成五年度における一般会計承継債務等の償還の特例等に関する法律,へいせいごねんどにおけるいっぱんかいけいしょうけいさいむとうのしょうかんのとくれいとうにかんするほうりつ,平成五年四月一日
405AC0000000033,法律,皇太子徳仁親王の婚姻を記念するための五万円の貨幣の発行に関する法律,こうたいしのりひとしんのうのこんいんをきねんするためのごまんえんのかへいのはっこうにかんするほうりつ,平成五年四月三十日
405AC0000000038,法律,福祉用具の研究開発及び普及の促進に関する法律,ふくしようぐのけんきゅうかいはつおよびふきゅうのそくしんにかんするほうりつ,平成二十七年四月一日
405AC0000000044,法律,協同組織金融機関の優先出資に関する法律,きょうどうそしききんゆうきかんのゆうせんしゅっしにかんするほうりつ,令和八年八月六日
405AC0000000047,法律,不正競争防止法,ふせいきょうそうぼうしほう,令和八年五月二十二日
405AC0000000051,法律,商工会及び商工会議所による小規模事業者の支援に関する法律,しょうこうかいおよびしょうこうかいぎしょによるしょうきぼじぎょうしゃのしえんにかんするほうりつ,令和二年十月一日
405AC0000000052,法律,特定優良賃貸住宅の供給の促進に関する法律,とくていゆうりょうちんたいじゅうたくのきょうきゅうのそくしんにかんするほうりつ,平成二十四年四月一日
405AC0000000054,法律,身体障害者の利便の増進に資する通信・放送身体障害者利用円滑化事業の推進に関する法律,しんたいしょうがいしゃのりべんのぞうしんにしするつうしんほうそうしんたいしょうがいしゃりようえんかつかじぎょうのすいしんにかんするほうりつ,平成二十七年四月一日
405AC0000000072,法律,特定農山村地域における農林業等の活性化のための基盤整備の促進に関する法律,とくていのうさんそんちいきにおけるのうりんぎょうとうのかっせいかのためのきばんせいびのそくしんにかんするほうりつ,令和三年四月一日
405AC0000000076,法律,短時間労働者及び有期雇用労働者の雇用管理の改善等に関する法律,たんじかんろうどうしゃおよびゆうきこようろうどうしゃのこようかんりのかいぜんとうにかんするほうりつ,令和八年十月一日
405AC0000000088,法律,行政手続法,ぎょうせいてつづきほう,令和六年九月二十六日
405AC0000000091,法律,環境基本法,かんきょうきほんほう,令和三年九月一日
405AC0000000095,法律,農業共済再保険特別会計の農業勘定における平成五年度の再保険金の支払財源の不足に対処するための特別措置に関する法律,のうぎょうきょうさいさいほけんとくべつかいけいののうぎょうかんじょうにおけるへいせいごねんどのさいほけんきんのしはらいざいげんのふそくにたいしょするためのとくべつそちにかんするほうりつ,平成五年十二月十七日
405AC0100000080,法律,民間海外援助事業の推進のための物品の譲与に関する法律,みんかんかいがいえんじょじぎょうのすいしんのためのぶっぴんのじょうよにかんするほうりつ,平成十三年一月六日
405CO0000000017,政令,絶滅のおそれのある野生動植物の種の保存に関する法律施行令,ぜつめつのおそれのあるやせいどうしょくぶつのしゅのほぞんにかんするほうりつしこうれい,令和八年三月五日
405CO0000000019,政令,ゴルフ場等に係る会員契約の適正化に関する法律施行令,ごるふじょうとうにかかるかいいんけいやくのてきせいかにかんするほうりつしこうれい,令和五年五月二十六日
405CO0000000031,政令,金融機関の信託業務の兼営等に関する法律施行令,きんゆうきかんのしんたくぎょうむのけんえいとうにかんするほうりつしこうれい,令和八年五月二十五日
405CO0000000163,政令,皇太子徳仁親王の婚姻を記念するための五万円の貨幣の形式等に関する政令,こうたいしなるひとしんのうのこんいんをきねんするためのごまんえんのかへいのけいしきとうにかんするせいれい,令和八年四月一日
405CO0000000190,政令,平成五年度における旧令による共済組合等からの年金受給者のための特別措置法等の規定による年金の額の改定に関する政令,へいせいごねんどにおけるきゅうれいによるきょうさいくみあいとうからのねんきんじゅきゅうしゃのためのとくべつそちほうとうのきていによるねんきんのがくのかいていにかんするせいれい,令和六年四月二十五日
405CO0000000191,政令,平成五年度における私立学校教職員共済組合からの旧法の規定による年金等の額の改定に関する政令,へいせいごねんどにおけるしりつがっこうきょうしょくいんきょうさいくみあいからのきゅうほうのきていによるねんきんとうのがくのかいていにかんするせいれい,平成五年六月十六日
405CO0000000218,政令,商工会及び商工会議所による小規模事業者の支援に関する法律施行令,しょうこうかいおよびしょうこうかいぎしょによるしょうきぼじぎょうしゃのしえんにかんするほうりつせこうれい,令和七年十一月二十日
405CO0000000224,政令,公証人手数料令,こうしょうにんてすうりょうれい,令和八年五月二十一日
405CO0000000249,政令,特定商品の販売に係る計量に関する政令,とくていしょうひんのはんばいにかかるけいりょうにかんするせいれい,平成二十九年六月二十一日
405CO0000000255,政令,特定優良賃貸住宅の供給の促進に関する法律施行令,とくていゆうりょうちんたいじゅうたくのきょうきゅうのそくしんにかんするほうりつしこうれい,平成十四年二月八日
405CO0000000280,政令,平成五年の北海道南西沖地震についての激甚災害の指定及びこれに対し適用すべき措置の指定に関する政令,へいせいごねんのほっかいどうなんせいおきじしんについてのげきじんさいがいのしていおよびこれにたいしてきようすべきそちのしていにかんするせいれい,平成七年十一月十日
405CO0000000282,政令,特定有害廃棄物等の輸出入等の規制に関する法律施行令,とくていゆうがいはいきぶつとうのゆしゅつにゅうとうのきせいにかんするほうりつせこうれい,令和元年十二月十六日
405CO0000000290,政令,身体障害者の利便の増進に資する通信・放送身体障害者利用円滑化事業の推進に関する法律第三条第三項の審議会等を定める政令,しんたいしょうがいしゃのりべんのぞうしんにしするつうしんほうそうしんたいしょうがいしゃりようえんかつかじぎょうのすいしんにかんするほうりつだいさんじょうだいさんこうのしんぎかいとうをさだめるせいれい,平成二十年七月四日
405CO0000000313,政令,福祉用具の研究開発及び普及の促進に関する法律施行令,ふくしようぐのけんきゅうかいはつおよびふきゅうのそくしんにかんするほうりつしこうれい,平成二十年十月一日
405CO0000000315,政令,特定農山村地域における農林業等の活性化のための基盤整備の促進に関する法律施行令,とくていのうさんそんちいきにおけるのうりんぎょうとうのかっせいかのためのきばんせいびのそくしんにかんするほうりつしこうれい,平成五年九月二十八日
405CO0000000328,政令,水産業協同組合法施行令,すいさんぎょうきょうどうくみあいほうしこうれい,令和八年五月二十五日
405CO0000000329,政令,計量法施行令,けいりょうほうしこうれい,令和七年九月五日
405CO0000000330,政令,計量法附則第十九条第一項の日を定める政令,けいりょうほうふそくだいじゅうきゅうじょうだいいっこうのひをさだめるせいれい,平成五年十一月一日
405CO0000000332,政令,特許法等の一部を改正する法律の施行に伴う経過措置を定める政令,とっきょほうとうのいちぶをかいせいするほうりつのせこうにともなうけいかそちをさだめるせいれい,平成二十四年四月一日
405CO0000000340,政令,計量法関係手数料令,けいりょうほうかんけいてすうりょうれい,令和七年九月五日
405CO0000000371,政令,環境基準に係る水域及び地域の指定の事務に関する政令,かんきょうきじゅんにかかるすいいきおよびちいきのしていのじむにかんするせいれい,平成二十四年四月一日
405CO0000000372,政令,中央環境審議会令,ちゅうおうかんきょうしんぎかいれい,令和八年四月一日
405CO0000000373,政令,公害対策会議令,こうがいたいさくかいぎれい,平成十三年一月六日
405CO0000000398,政令,協同組織金融機関の優先出資に関する法律施行令,きょうどうそしききんゆうきかんのゆうせんしゅっしにかんするほうりつしこうれい,令和四年九月一日
405M50000002009,府省令,絶滅のおそれのある野生動植物の種の保存に関する法律施行規則,ぜつめつのおそれのあるやせいどうしょくぶつのしゅのほぞんにかんするほうりつしこうきそく,令和八年四月一日
405M50000008001,府省令,離島振興法第二十条の地方税の課税免除又は不均一課税に伴う措置が適用される場合等を定める省令,りとうしんこうほうだいにじゅうじょうのちほうぜいのかぜいめんじょまたはふきんいつかぜいにともなうそちがてきようされるばあいとうをさだめるしょうれい,令和七年四月一日
405M50000008020,府省令,地方拠点都市地域の整備及び産業業務施設の再配置の促進に関する法律第十二条及び第三十六条の地方公共団体等を定める省令,ちほうきょてんとしちいきのせいびおよびさんぎょうぎょうむしせつのさいはいちのそくしんにかんするほうりつだいじゅうにじょうおよびだいさんじゅうろくじょうのちほうこうきょうだんたいとうをさだめるしょうれい,平成二十三年八月三十日
405M50000010026,府省令,入国審査官及び入国警備官服制,にゅうこくしんさかんおよびにゅうこくけいびかんふくせい,平成十六年八月十三日
405M50000010030,府省令,確定日付手数料規則,かくていひづけてすうりょうきそく,平成二十三年四月一日
405M50000040009,府省令,中小企業等協同組合法による信用協同組合及び信用協同組合連合会の事業に関する内閣府令,ちゅうしょうぎぎょうとうきょうどうくみあいほうによるしんようきょうどうくみあいおよびしんようきょうどうくみあいれんごうかいのじぎょうにかんするないかくふれい,令和八年五月二十五日
405M50000040010,府省令,協同組合による金融事業に関する法律施行規則,きょうどうくみあいによるきんゆうじぎょうにかんするほうりつせこうきそく,令和八年五月二十五日
405M50000040014,府省令,金融商品取引法第二条に規定する定義に関する内閣府令,きんゆうしょうひんとりひきほうだいにじょうにきていするていぎにかんするないかくふれい,令和七年六月十二日
405M50000040022,府省令,特定有価証券の内容等の開示に関する内閣府令,とくていゆうかしょうけんのないようとうのかいじにかんするないかくふれい,令和八年二月二十日
405M50000100043,府省令,福祉用具の研究開発及び普及の促進に関する法律施行規則,ふくしようぐのけんきゅうかいはつおよびふきゅうのそくしんにかんするほうりつせこうきそく,令和八年四月一日
405M50000200035,府省令,林業経営基盤の強化等の促進のための資金の融通等に関する暫定措置法施行規則,りんぎょうけいえいきばんのきょうかとうのそくしんのためのしきんのゆうづうとうにかんするざんていそちほうしこうきそく,平成二十二年四月一日
405M50000200052,府省令,農林地所有権移転等促進事業及び農業経営改善安定計画に関する省令,のうりんじしょゆうけんいてんとうそくしんじぎょうおよびのうぎょうけいえいかいぜんあんていけいかくにかんするしょうれい,平成二十八年四月一日
405M50000200067,府省令,漁業センサス規則第五条に規定する調査の範囲の特例に関する省令,ぎょぎょうせんさすきそくだいごじょうにきていするちょうさのはんいのとくれいにかんするしょうれい,平成五年十二月二十四日
405M50000202001,府省令,特定国内種事業に係る届出等に関する省令,とくていこくないしゅじぎょうにかかるとどけでとうにかんするしょうれい,令和七年二月十二日
405M50000240001,府省令,農業協同組合及び農業協同組合連合会の信用事業に関する命令,のうぎょうきょうどうくみあいおよびのうぎょうきょうどうくみあいれんごうかいのしんようじぎょうにかんするめいれい,令和八年一月一日
405M50000240002,府省令,漁業協同組合等の信用事業等に関する命令,ぎょぎょうきょうどうくみあいとうのしんようじぎょうとうにかんするめいれい,令和八年一月一日
405M50000400023,府省令,ゴルフ場等に係る会員契約の適正化に関する法律施行規則,ごるふじょうとうにかかるかいいんけいやくのてきせいかにかんするほうりつしこうきそく,令和五年十二月二十八日
405M50000400033,府省令,密閉形蓄電池の表示の標準となるべき事項を定める省令,みっぺいがたちくでんちのひょうじのひょうじゅんとなるべきじこうをさだめるしょうれい,令和八年四月一日
405M50000400034,府省令,電源装置等の製造の事業を行う者の再生資源の利用の促進に関する判断の基準となるべき事項を定める省令,でんげんそうちとうのせいぞうのじぎょうをおこなうもののさいせいしげんのりようのそくしんにかんするはんだんのきじゅんとなるべきじこうをさだめるしょうれい,平成十三年四月一日
405M50000400037,府省令,特定商品の販売に係る計量に関する省令,とくていしょうひんのはんばいにかかるけいりょうにかんするしょうれい,令和六年十一月十五日
405M50000400044,府省令,商工会及び商工会議所による小規模事業者の支援に関する法律施行規則,しょうこうかいおよびしょうこうかいぎしょによるしょうきぼじぎょうしゃのしえんにかんするほうりつせこうきそく,令和七年十一月二十日
405M50000400061,府省令,特定有害廃棄物等の輸出入等の規制に関する法律に基づく届出等に関する省令,とくていゆうがいはいきぶつとうのゆしゅつにゅうとうのきせいにかんするほうりつにもとづくとどけでとうにかんするしょうれい,令和二年十二月二十八日
405M50000400066,府省令,計量法関係手数料規則,けいりょうほうかんけいてすうりょうきそく,令和七年四月一日
405M50000400067,府省令,計量法施行令附則第四条、第五条及び附則別表第四の規定に基づく質量計に係る経過措置に関する省令,けいりょうほうしこうれいふそくだいよんじょうだいごじょうおよびふそくべっぴょうだいよんのきていにもとづくしつりょうけいにかかるけいかそちにかんするしょうれい,平成十三年一月六日
405M50000400069,府省令,計量法施行規則,けいりょうほうしこうきそく,令和八年三月二十四日
405M50000400070,府省令,特定計量器検定検査規則,とくていけいりょうきけんていけんさきそく,令和八年三月二十四日
405M50000400071,府省令,基準器検査規則,きじゅんきけんさきそく,令和七年一月一日
405M50000400072,府省令,指定定期検査機関、指定検定機関、指定計量証明検査機関及び特定計量証明認定機関の指定等に関する省令,していていきけんさきかんしていけんていきかんしていけいりょうしょうめいけんさきかんおよびとくていけいりょうしょうめいにんていきかんのしていとうにかんするしょうれい,令和八年三月二十四日
405M50000400073,府省令,計量法附則第十九条第一項の日を定める政令第二項の日を定める省令,けいりょうほうふそくだいじゅうきゅうじょうだいいっこうのひをさだめるせいれいだいにこうのひをさだめるしょうれい,平成五年十一月一日
405M50000400077,府省令,指定製造事業者の指定等に関する省令,していせいぞうじぎょうしゃのしていとうにかんするしょうれい,令和七年一月一日
405M50000402001,府省令,絶滅のおそれのある野生動植物の種の保存に関する法律第五十二条の規定による負担金の徴収方法等に関する省令,ぜつめつのおそれのあるやせいどうしょくぶつのたねのほぞんにかんするほうりつだいごじゅうにじょうのきていによるふたんきんのちょうしゅうほうほうとうにかんするしょうれい,令和六年四月一日
405M50000500001,府省令,血圧計等の製造の事業を行う者の再生資源の利用の促進に関する判断の基準となるべき事項を定める省令,けつあつけいとうのせいぞうのじぎょうをおこなうもののさいせいしげんのりようのそくしんにかんするはんだんのきじゅんとなるべきじこうをさだめるしょうれい,平成十三年四月一日
405M50000502001,府省令,特定有害廃棄物等の輸出入等の規制に関する法律施行規則,とくていゆうがいはいきぶつとうのゆしゅつにゅうとうのきせいにかんするほうりつせこうきそく,令和七年六月一日
405M50000640001,府省令,ポリエチレンテレフタレート製の容器であって、飲料又は特定調味料が充塡されたものの表示の標準となるべき事項を定める省令,ぽりえちれんてれふたれーとせいのようきであって、いんりょうまたはとくていちょうみりょうがじゅうてんされたもののひょうじのひょうじゅんとなるべきじこうをさだめるしょうれい,令和八年四月一日
405M50000800003,府省令,国際観光ホテル整備法施行規則,こくさいかんこうほてるせいびほうせこうきそく,令和六年五月二十七日
405M50002000034,府省令,短時間労働者及び有期雇用労働者の雇用管理の改善等に関する法律施行規則,たんじかんろうどうしゃおよびゆうきこようろうどうしゃのこようかんりのかいぜんとうにかんするほうりつしこうきそく,令和八年十月一日
405M50004000006,府省令,都市開発資金の貸付けに関する法律施行規則,としかいはつしきんのかしつけにかんするほうりつしこうきそく,令和六年四月一日
405M50004000016,府省令,特定優良賃貸住宅の供給の促進に関する法律施行規則,とくていゆうりょうちんたいじゅうたくのきょうきゅうのそくしんにかんするほうりつせこうきそく,令和四年四月一日
405M5000460A001,府省令,特定農山村地域における農林業等の活性化のための基盤整備の促進に関する法律施行規則,とくていのうさんそんちいきにおけるのうりんぎょうとうのかっせいかのためのきばんせいびのそくしんにかんするほうりつしこうきそく,平成二十八年四月一日
406AC0000000003,法律,衆議院議員選挙区画定審議会設置法,しゅうぎいんぎいんせんきょくがていしんぎかいせっちほう,平成二十八年五月二十七日
406AC0000000005,法律,政党助成法,せいとうじょせいほう,令和八年一月一日
406AC0000000008,法律,水道原水水質保全事業の実施の促進に関する法律,すいどうげんすいすいしつほぜんじぎょうのじっしのそくしんにかんするほうりつ,令和六年四月一日
406AC0000000009,法律,特定水道利水障害の防止のための水道水源水域の水質の保全に関する特別措置法,とくていすいどうりすいしょうがいのぼうしのためのすいどうすいげんすいいきのすいしつのほぜんにかんするとくべつそちほう,令和七年六月一日
406AC0000000028,法律,平成六年分所得税の特別減税の実施等のための公債の発行の特例に関する法律,へいせいろくねんふんしょとくぜいのとくべつげんぜいのじっしとうのためのこうさいのはっこうのとくれいにかんするほうりつ,平成六年四月一日
406AC0000000033,法律,一般職の職員の勤務時間、休暇等に関する法律,いっぱんしょくのしょくいんのきんむじかんきゅうかとうにかんするほうりつ,令和七年四月一日
406AC0000000043,法律,平成六年度における財政運営のための国債整理基金に充てるべき資金の繰入れの特例等に関する法律,へいせいろくねんどにおけるざいせいうんえいのためのこくさいせいりききんにあてるべきしきんのくりいれれのとくれいとうにかんするほうりつ,令和五年四月一日
406AC0000000045,法律,裁判官の介護休暇に関する法律,さいばんかんのかいごきゅうかにかんするほうりつ,平成六年九月一日
406AC0000000077,法律,不動産特定共同事業法,ふどうさんとくていきょうどうじぎょうほう,令和七年六月一日
406AC0000000078,法律,特定先端大型研究施設の共用の促進に関する法律,とくていせんたんおおがたけんきゅうしせつのきょうようのそくしんにかんするほうりつ,令和六年四月一日
406AC0000000079,法律,国際会議等の誘致の促進及び開催の円滑化等による国際観光の振興に関する法律,こくさいかいぎとうのゆうちのそくしんおよびかいさいのえんかつかとうによるこくさいかんこうのしんこうにかんするほうりつ,平成三十年四月十八日
406AC0000000085,法律,製造物責任法,せいぞうぶつせきにんほう,令和二年四月一日
406AC0000000108,法律,所得税法及び消費税法の一部を改正する法律の施行等による租税収入の減少を補うための平成六年度から平成八年度までの公債の発行の特例等に関する法律,しょとくぜいほうおよびしょうひぜいほうのいちぶをかいせいするほうりつのしこうとうによるそぜいしゅうにゅうのげんしょうをおぎなうためのへいせいろくねんどからへいせいはちねんどまでのこうさいのはっこうのとくれいとうにかんするほうりつ,平成十九年四月一日
406AC0000000113,法律,主要食糧の需給及び価格の安定に関する法律,しゅようしょくりょうのじゅきゅうおよびかかくのあんていにかんするほうりつ,令和七年六月一日
406AC0000000117,法律,原子爆弾被爆者に対する援護に関する法律,げんしばくだんひばくしゃにたいするえんごにかんするほうりつ,令和八年十月一日
406AC0100000046,法律,農山漁村滞在型余暇活動のための基盤整備の促進に関する法律,のうさんぎょそんたいざいがたよかかつどうのためのきばんせいびのそくしんにかんするほうりつ,令和七年六月一日
406AC1000000030,法律,中国残留邦人等の円滑な帰国の促進並びに永住帰国した中国残留邦人等及び特定配偶者の自立の支援に関する法律,ちゅうごくざんりゅうほうじんとうのえんかつなきこくのそくしんならびにえいじゅうきこくしたちゅうごくざんりゅうほうじんとうおよびとくていはいぐうしゃのじりつのしえんにかんするほうりつ,平成二十七年十月一日
406AC1000000106,法律,政党交付金の交付を受ける政党等に対する法人格の付与に関する法律,せいとうこうふきんのこうふをうけるせいとうとうにたいするほうじんかくのふよにかんするほうりつ,令和四年九月一日
406AC1000000107,法律,音楽文化の振興のための学習環境の整備等に関する法律,おんがくぶんかのしんこうのためのがくしゅうかんきょうのせいびとうにかんするほうりつ,平成六年十一月二十五日
406CO0000000005,政令,労働基準法第三十七条第一項の時間外及び休日の割増賃金に係る率の最低限度を定める政令,ろうどうきじゅんほうだいさんじゅうななじょうだいいっこうのじかんがいおよびきゅうじつのわりましちんぎんにかかるりつのさいていげんどをさだめるせいれい,平成十三年一月六日
406CO0000000023,政令,農業共済再保険特別会計の農業勘定における平成五年度の再保険金の支払財源の不足に対処するための特別措置に関する法律施行令,のうぎょうきょうさいさいほけんとくべつかいけいののうぎょうかんじょうにおけるへいせいごねんどのさいほけんきんのしはらいざいげんのふそくにたいしょするためのとくべつそちにかんするほうりつしこうれい,平成六年二月十四日
406CO0000000040,政令,衆議院議員選挙区画定審議会設置法施行令,しゅうぎいんぎいんせんきょくがていしんぎかいせっちほうせこうれい,平成二十八年五月二十七日
406CO0000000134,政令,水道原水水質保全事業の実施の促進に関する法律施行令,すいどうげんすいすいしつほぜんじぎょうのじっしのそくしんにかんするほうりつしこうれい,平成十三年四月一日
406CO0000000140,政令,特定水道利水障害の防止のための水道水源水域の水質の保全に関する特別措置法施行令,とくていすいどうりすいしょうがいのぼうしのためのすいどうすいげんすいいきのすいしつのほぜんにかんするとくべつそちほうしこうれい,令和六年四月一日
406CO0000000191,政令,平成六年度における財政運営のための国債整理基金に充てるべき資金の繰入れの特例等に関する法律等の規定による労働保険特別会計法第二十条の規定等の技術的読替えに関する政令,へいせいろくねんどにおけるざいせいうんえいのためのこくさいせいりききんにあてるべきしきんのくりいれのとくれいとうにかんするほうりつとうのきていによるろうどうほけんとくべつかいけいほうだいにじゅうじょうのきていとうのぎじゅつてきよみかえにかんするせいれい,平成七年四月一日
406CO0000000222,政令,地域保健対策強化のための関係法律の整備に関する法律の施行に伴う特別区の事務等に関する経過措置に関する政令,ちいきほけんたいさくきょうかのためのかんけいほうりつのせいびにかんするほうりつのせこうにともなうとくべつくのじむとうにかんするけいかそちにかんするせいれい,令和三年六月一日
406CO0000000231,政令,平成六年度における旧令による共済組合等からの年金受給者のための特別措置法等の規定による年金の額の改定に関する政令,へいせいろくねんどにおけるきゅうれいによるきょうさいくみあいとうからのねんきんじゅきゅうしゃのためのとくべつそちほうとうのきていによるねんきんのがくのかいていにかんするせいれい,令和六年四月二十五日
406CO0000000232,政令,平成六年度における私立学校教職員共済組合からの旧法の規定による年金等の額の改定に関する政令,へいせいろくねんどにおけるしりつがっこうきょうしょくいんきょうさいくみあいからのきゅうほうのきていによるねんきんとうのがくのかいていにかんするせいれい,平成六年十一月三十日
406CO0000000248,政令,国の所有に係る日本たばこ産業株式会社の株式の処分に関する政令,くにのしょゆうにかかるにほんたばこさんぎょうかぶしきがいしゃのかぶしきのしょぶんにかんするせいれい,平成十二年十二月一日
406CO0000000258,政令,権利移転等の促進計画に係る不動産の登記に関する政令,けんりいてんとうのそくしんけいかくにかかるふどうさんのとうきにかんするせいれい,令和四年十月一日
406CO0000000265,政令,行政手続法施行令,ぎょうせいてつづきほうせこうれい,令和九年四月一日
406CO0000000308,政令,特定物質等の規制等によるオゾン層の保護に関する法律施行令,とくていぶっしつとうのきせいとうによるおぞんそうのほごにかんするほうりつしこうれい,令和三年十二月二十四日
406CO0000000342,政令,航空法の一部を改正する法律の一部の施行に伴う経過措置を定める政令,こうくうほうのいちぶをかいせいするほうりつのいちぶのせこうにともなうけいかそちをさだめるせいれい,平成十七年四月一日
406CO0000000348,政令,国民年金法等の一部を改正する法律の施行に伴う経過措置に関する政令,こくみんねんきんほうとうのいちぶをかいせいするほうりつのせこうにともなうけいかそちにかんするせいれい,令和四年四月一日
406CO0000000365,政令,天災による被害農林漁業者等に対する資金の融通に関する暫定措置法施行令,てんさいによるひがいのうりんぎょぎょうものとうにたいするしきんのゆうづうにかんするざんていそちほうしこうれい,平成十二年四月一日
406CO0000000371,政令,政党助成法施行令,せいとうじょせいほうせこうれい,令和八年一月一日
406CO0000000413,政令,不動産特定共同事業法施行令,ふどうさんとくていきょうどうじぎょうほうしこうれい,令和八年四月一日
406CO0000000415,政令,相殺関税に関する政令,そうさいかんぜいにかんするせいれい,平成二十九年十月八日
406CO0000000416,政令,不当廉売関税等に関する政令,ふとうれんばいかんぜいとうにかんするせいれい,令和八年四月一日
406CO0000000417,政令,緊急関税等に関する政令,きんきゅうかんぜいとうにかんするせいれい,平成二十一年四月一日
406CO0000000418,政令,報復関税等に関する政令,ほうふくかんぜいとうにかんするせいれい,平成十三年一月六日
406M50000002025,府省令,特定水道利水障害の防止のための水道水源水域の水質の保全に関する特別措置法施行規則,とくていすいどうりすいしょうがいのぼうしのためのすいどうすいげんすいいきのすいしつのほぜんにかんするとくべつそちほうしこうきそく,令和六年四月一日
406M50000002053,府省令,内閣府聴聞手続規則,ないかくふちょうもんてつづききそく,令和三年三月三十一日
406M50000008002,府省令,緩降機の技術上の規格を定める省令,かんこうきのぎじゅつじょうのきかくをさだめるしょうれい,令和元年七月一日
406M50000008015,府省令,特定農山村地域における農林業等の活性化のための基盤整備の促進に関する法律第十八条第一項の第七条の認定を受けた者及び農林業等活性化基盤施設を定める省令,とくていのうさんそんちいきにおけるのうりんぎょうとうのかっせいかのためのきばんせいびのそくしんにかんするほうりつだいじゅうはちじょうだいいっこうのだいななじょうのにんていをうけたものおよびのうりんぎょうとうかっせいかきばんしせつをさだめるしょうれい,平成二十年十二月一日
406M50000008045,府省令,政党助成法施行規則,せいとうじょせいほうせこうきそく,令和八年一月一日
406M50000008046,府省令,政党交付金の交付を受ける政党等に対する法人格の付与に関する法律施行規則,せいとうこうふきんのこうふをうけるせいとうとうにたいするほうじんかくのふよにかんするほうりつせこうきそく,令和八年一月一日
406M50000008048,府省令,平成六年度における地方財政法第三十三条の二第二項の額の算定に関する省令,へいせいろくねんどにおけるちほうざいせいほうだいさんじゅうさんじょうのにだいにこうのがくのさんていにかんするしょうれい,平成七年一月一日
406M50000010002,府省令,検察庁法施行令第二条第一項第十一号から第十四号までの検察官の職務と密接な関連を有する職を定める省令,けんさつちょうほうしこうれいだいにじょうだいいっこうだいじゅういちごうからだいじゅうよんごうまでのけんさつかんのしょくむとみっせつなかんれんをゆうするしょくをさだめるしょうれい,令和五年四月一日
406M50000010047,府省令,法務省聴聞規則,ほうむしょうちょうもんきそく,令和五年三月三十一日
406M50000010061,府省令,政党交付金の交付を受ける政党等に対する法人格の付与に関する法律による登記に関する各種法人等登記規則の特例を定める省令,せいとうこうふきんのこうふをうけるせいとうとうにたいするほうじんかくのふよにかんするほうりつによるとうきにかんするかくしゅほうじんとうききそくのとくれいをさだめるしょうれい,平成二十年十二月一日
406M50000040015,府省令,信用協同組合及び信用協同組合連合会の優先出資に関する内閣府令,しんようきょうどうくみあいおよびしんようきょうどうくみあいれんごうかいのゆうせんしゅっしにかんするないかくふれい,令和六年四月一日
406M50000040016,府省令,信用金庫及び信用金庫連合会の優先出資に関する内閣府令,しんようきんこおよびしんようきんこれんごうかいのゆうせんしゅっしにかんするないかくふれい,令和六年四月一日
406M50000040095,府省令,発行者による上場株券等の公開買付けの開示に関する内閣府令,はっこうしゃによるじょうじょうかぶけんとうのこうかいかいつけのかいじにかんするないかくふれい,令和八年五月一日
406M50000040098,府省令,財務省聴聞手続規則,ざいむしょうちょうもんてつづききそく,令和三年三月三十一日
406M50000050005,府省令,輸出差止申立て等又は輸入差止申立て等に係る損害賠償供託金に関する規則,ゆしゅつさしとめもうしたてとうまたはゆにゅうさしとめもうしたてとうにかかるそんがいばいしょうきょうたくきんにかんするきそく,令和三年一月一日
406M50000080002,府省令,オリンピック競技大会及びパラリンピック競技大会優秀者顕彰規程,おりんぴっくきょうぎたいかいおよびぱらりんぴっくきょうぎたいかいゆうしょうしゃけんしょうきてい,令和五年二月十三日
406M50000100036,府省令,水道原水水質保全事業の実施の促進に関する法律施行規則,すいどうげんすいすいしつほぜんじぎょうのじっしのそくしんにかんするほうりつしこうきそく,令和六年四月一日
406M50000100062,府省令,福祉の措置及び助産の実施等の解除に係る説明等に関する命令,ふくしのそちおよびじょさんのじっしとうのかいじょにかかるせつめいとうにかんするめいれい,令和五年四月一日
406M50000100063,府省令,中国残留邦人等の円滑な帰国の促進並びに永住帰国した中国残留邦人等及び特定配偶者の自立の支援に関する法律施行規則,ちゅうごくざんりゅうほうじんとうのえんかつなきこくのそくしんならびにえいじゅうきこくしたちゅうごくざんりゅうほうじんとうおよびとくていはいぐうしゃのじりつのしえんにかんするほうりつせこうきそく,令和八年三月十九日
406M50000200018,府省令,動物用医薬品の製造管理及び品質管理に関する省令,どうぶつよういやくひんのせいぞうかんりおよびひんしつかんりにかんするしょうれい,令和五年一月一日
406M50000200026,府省令,臘虎膃肭獣猟獲取締法施行規則,らっこおっとせいりょうかくとりしまりほうしこうきそく,平成六年四月一日
406M50000200042,府省令,農業経営統計調査規則,のうぎょうけいえいとうけいちょうさきそく,令和六年九月四日
406M50000200062,府省令,農林水産省聴聞手続規則,のうりんすいさんしょうちょうもんてつづききそく,平成二十四年十月一日
406M50000240001,府省令,農水産業協同組合の優先出資に関する命令,のうすいさんぎょうきょうどうくみあいのゆうせんしゅっしにかんするめいれい,令和六年四月一日
406M50000400036,府省令,不正競争防止法第十六条第一項及び第三項並びに第十七条に規定する外国の国旗又は国の紋章その他の記章及び外国の政府若しくは地方公共団体の監督用若しくは証明用の印章又は記号並びに国際機関及び国際機関を表示する標章を定める省令,ふせいきょうそうぼうしほうだいじゅうろくじょうだいいっこうおよびだいさんこうならびにだいじゅうななじょうにきていするがいこくのこっきまたはくにのもんしょうそのたのきしょうおよびがいこくのせいふもしくはちほうこうきょうだんたいのかんとくようもしくはしょうめいようのいんしょうまたはきごうならびにこくさいきかんおよびこくさいきかんをひょうじするひょうしょうをさだめるしょうれい,令和八年二月二十日
406M50000400062,府省令,経済産業省聴聞手続規則,けいざいさんぎょうしょうちょうもんてつづききそく,令和六年十二月六日
406M50000600004,府省令,商品先物取引法に基づく不利益処分に係る聴聞手続規則,しょうひんさきものとりひきほうにもとづくふりえきしょぶんにかかるちょうもんてつづききそく,平成二十三年一月一日
406M50000800021,府省令,船舶安全法の一部を改正する法律附則第二条第四項の船舶の範囲を定める省令,せんぱくあんぜんほうのいちぶをかいせいするほうりつふそくだいにじょうだいよんこうのせんぱくのはんいをさだめるしょうれい,平成十三年一月六日
406M50000800038,府省令,国際会議等の誘致の促進及び開催の円滑化等による国際観光の振興に関する法律施行規則,こくさいかいぎとうのゆうちのそくしんおよびかいさいのえんかつかとうによるこくさいかんこうのしんこうにかんするほうりつしこうきそく,平成二十八年四月一日
406M50000800050,府省令,航空法の一部を改正する法律の一部の施行に伴う経過措置を定める省令,こうくうほうのいちぶをかいせいするほうりつのいちぶのせこうにともなうけいかそちをさだめるしょうれい,令和三年一月一日
406M50000A00003,府省令,農業協同組合法、水産業協同組合法及び森林組合法による倉荷証券発行の許可の取消しに係る聴聞手続規則,のうぎょうきょうどうくみあいほうすいさんぎょうきょうどうくみあいほうおよびしんりんくみあいほうによるくらにしょうけんはっこうのきょかのとりけしにかかるちょうもんてつづききそく,平成二十八年四月一日
406M50001000068,府省令,電波監理審議会が行う審理及び意見の聴取に関する規則,でんぱかんりしんぎかいがおこなうしんりおよびいけんのちょうしゅにかんするきそく,令和七年四月一日
406M50002040001,府省令,労働金庫及び労働金庫連合会の優先出資に関する命令,ろうどうきんこおよびろうどうきんこれんごうかいのゆうせんしゅっしにかんするめいれい,令和六年四月一日
406M50002100005,府省令,社会保険労務士法に係る聴聞等手続規則,しゃかいほけんろうむしほうにかかるちょうもんとうてつづききそく,平成二十二年一月一日
406M50004200001,府省令,所有権移転等促進計画の承認手続等に関する省令,しょゆうけんいてんとうそくしんけいかくのしょうにんてつづきとうにかんするしょうれい,平成二十八年四月一日
406M50400000001,規則,届出自動車教習所が行う教習の課程の指定に関する規則,とどけでじどうしゃきょうしゅうじょがおこなうきょうしゅうのかていのしていにかんするきそく,令和七年六月一日
406M50400000002,規則,応急救護処置に関し医師である者に準ずる能力を有する者を定める規則,おうきゅうきゅうごしょちにかんしいしであるものにじゅんずるのうりょくをゆうするものをさだめるきそく,令和四年五月十三日
406M50400000003,規則,技能検定員審査等に関する規則,ぎのうけんていいんしんさとうにかんするきそく,令和七年三月二十四日
406M50400000004,規則,運転免許に係る講習等に関する規則,うんてんめんきょにかかるこうしゅうとうにかんするきそく,令和七年三月二十四日
406M50400000005,規則,外国等の行政庁等の免許に係る運転免許証の日本語による翻訳文を作成する能力を有する法人の指定に関する規則,がいこくとうのぎょうせいちょうとうのめんきょにかかるうんてんめんきょしょうのにほんごによるほんやくぶんをさくせいするのうりょくをゆうするほうじんのしていにかんするきそく,令和五年十二月二十五日
406M50400000012,規則,自転車の防犯登録を行う者の指定に関する規則,じてんしゃのぼうはんとうろくをおこなうもののしていにかんするきそく,令和五年四月七日
406M50400000026,規則,聴聞及び弁明の機会の付与に関する規則,ちょうもんおよびべんめいのきかいのふよにかんするきそく,令和七年三月一日
406M50400000027,規則,道路交通法の規定に基づく意見の聴取及び弁明の機会の付与に関する規則,どうろこうつほうのきていにもとづくいけんのちょうしゅおよびべんめいのきかいのふよにかんするきそく,令和五年七月一日
406RJNJ15014000,規則,人事院規則一五―一四（職員の勤務時間、休日及び休暇）,じんじいんきそくじゅうごのじゅうよんしょくいんのきんむじかんきゅうじつおよびきゅうか,令和八年四月一日
406RJNJ15015000,規則,人事院規則一五―一五（非常勤職員の勤務時間及び休暇）,じんじいんきそくじゅうごのじゅうごひじょうきんしょくいんのきんむじかんおよびきゅうか,令和八年四月一日
407AC0000000007,法律,漁船再保険及漁業共済保険特別会計における漁業共済に係る保険金の支払財源の不足に充てるための一般会計からする繰入金に関する法律,ぎょせんさいほけんおよびぎょぎょうきょうさいほけんとくべつかいけいにおけるぎょぎょうきょうさいにかかるほけんきんのしはらいざいげんのふそくにあてるためのいっぱんかいけいからするくりいれきんにかんするほうりつ,平成二十六年四月一日
407AC0000000011,法律,阪神・淡路大震災の被災者等に係る国税関係法律の臨時特例に関する法律,はんしんあわじだいしんさいのひさいしゃとうにかかるこくぜいかんけいほうりつのりんじとくれいにかんするほうりつ,令和二年四月一日
407AC0000000014,法律,被災市街地復興特別措置法,ひさいしがいちふっこうとくべつそちほう,令和七年六月一日
407AC0000000016,法律,阪神・淡路大震災に対処するための特別の財政援助及び助成に関する法律,はんしんあわじだいしんさいにたいしょするためのとくべつのざいせいえんじょおよびじょせいにかんするほうりつ,平成二十五年九月二十日
407AC0000000017,法律,阪神・淡路大震災に対処するための平成六年度における公債の発行の特例等に関する法律,はんしんあわじだいしんさいにたいしょするためのへいせいろくねんどにおけるこうさいのはっこうのとくれいとうにかんするほうりつ,平成七年三月一日
407AC0000000039,法律,電線共同溝の整備等に関する特別措置法,でんせんきょうどうこうのせいびとうにかんするとくべつそちほう,令和四年四月一日
407AC0000000043,法律,被災区分所有建物の再建等に関する特別措置法,ひさいくぶんしょゆうたてもののさいけんとうにかんするとくべつそちほう,令和八年四月一日
407AC0000000060,法律,平成七年度における財政運営のための国債整理基金に充てるべき資金の繰入れの特例等に関する法律,へいせいななねんどにおけるざいせいうんえいのためのこくさいせいりききんにみてるべきしきんのくりいれれのとくれいとうにかんするほうりつ,令和五年四月一日
407AC0000000065,法律,化学兵器の禁止及び特定物質の規制等に関する法律,かがくへいきのきんしおよびとくていぶっしつのきせいとうにかんするほうりつ,令和七年六月一日
407AC0000000078,法律,サリン等による人身被害の防止に関する法律,さりんとうによるじんしんひがいのぼうしにかんするほうりつ,令和七年六月一日
407AC0000000086,法律,更生保護事業法,こうせいほごじぎょうほう,令和八年十二月九日
407AC0000000100,法律,平成七年度における公債の発行の特例に関する法律,へいせいななねんどにおけるこうさいのはっこうのとくれいにかんするほうりつ,平成七年五月二十二日
407AC0000000105,法律,保険業法,ほけんぎょうほう,令和十年六月十三日
407AC0000000112,法律,容器包装に係る分別収集及び再商品化の促進等に関する法律,ようきほうそうにかかるふんべつしゅうしゅうおよびさいしょうひんかのそくしんとうにかんするほうりつ,平成二十三年八月三十日
407AC0000000122,法律,国際機関等に派遣される防衛省の職員の処遇等に関する法律,こくさいきかんとうにはけんされるぼうえいしょうのしょくいんのしょぐうとうにかんするほうりつ,令和七年五月二十八日
407AC0000000123,法律,建築物の耐震改修の促進に関する法律,けんちくぶつのたいしんかいしゅうのそくしんにかんするほうりつ,令和八年四月一日
407AC0100000088,法律,緑の募金による森林整備等の推進に関する法律,みどりのぼきんによるしんりんせいびとうのすいしんにかんするほうりつ,平成二十三年七月十四日
407AC0100000129,法律,高齢社会対策基本法,こうれいしゃかいたいさくきほんほう,令和三年九月一日
407AC1000000102,法律,沖縄県における駐留軍用地跡地の有効かつ適切な利用の推進に関する特別措置法,おきなわけんにおけるちゅうりゅうぐんようちのへんかんにともなうとくべつそちにかんするほうりつ,令和四年四月一日
407AC1000000111,法律,地震防災対策特別措置法,じしんぼうさいたいさくとくべつそちほう,令和八年三月三十一日
407AC1000000130,法律,科学技術・イノベーション基本法,かがくぎじゅついのべーしょんきほんほう,令和三年四月一日
407AC1000000133,法律,接収刀剣類の処理に関する法律,せっしゅうとうけんるいのしょりにかんするほうりつ,平成八年二月一日
407CO0000000011,政令,阪神・淡路大震災についての激甚災害の指定及びこれに対し適用すべき措置の指定に関する政令,はんしんあわじだいしんさいについてのげきじんさいがいのしていおよびこれにたいしてきようすべきそちのしていにかんするせいれい,平成二十八年四月一日
407CO0000000014,政令,平成六年の三陸はるか沖地震による青森県八戸市の区域に係る災害についての激甚災害の指定及びこれに対し適用すべき措置の指定に関する政令,へいせいろくねんのさんりくはるかおきじしんによるあおもりけんはちのへしのくいきにかかるさいがいについてのげきじんさいがいのしていおよびこれにたいしてきようすべきそちのしていにかんするせいれい,平成七年六月二十九日
407CO0000000026,政令,原子爆弾被爆者に対する援護に関する法律施行令,げんしばくだんひばくしゃにたいするえんごにかんするほうりつしこうれい,令和八年四月一日
407CO0000000029,政令,阪神・淡路大震災の被災者等に係る国税関係法律の臨時特例に関する法律施行令,はんしんあわじだいしんさいのひさいしゃとうにかかるこくぜいかんけいほうりつのりんじとくれいにかんするほうりつせこうれい,平成二十三年一月一日
407CO0000000036,政令,被災市街地復興特別措置法施行令,ひさいしがいちふっこうとくべつそちほうしこうれい,平成十七年十月二十四日
407CO0000000040,政令,阪神・淡路大震災に対処するための特別の財政援助及び助成に関する法律第二条第一項の特定被災地方公共団体である市町村を定める政令,はんしんあわじだいしんさいにたいしょするためのとくべつのざいせいえんじょおよびじょせいにかんするほうりつだいにじょうだいいっこうのとくていひさいちほうこうきょうだんたいであるしちょうそんをさだめるせいれい,平成七年三月一日
407CO0000000042,政令,阪神・淡路大震災に対処するための特別の財政援助及び助成に関する法律の厚生省関係規定の施行等に関する政令,はんしんあわじだいしんさいにたいしょするためのとくべつのざいせいえんじょおよびじょせいにかんするほうりつのこうせいしょうかんけいきていのしこうとうにかんするせいれい,平成十六年四月一日
407CO0000000044,政令,阪神・淡路大震災に対処するための特別の財政援助及び助成に関する法律の通商産業省関係規定の施行に関する政令,はんしんあわじだいしんさいにたいしょするためのとくべつのざいせいえんじょおよびじょせいにかんするほうりつのつうしょうさんぎょうしょうかんけいきていのしこうにかんするせいれい,平成二十五年九月二十日
407CO0000000045,政令,阪神・淡路大震災に対処するための特別の財政援助及び助成に関する法律による神戸港の特定用途港湾施設の災害復旧事業に対する補助の対象となる施設等を定める政令,はんしんあわじだいしんさいにたいしょするためのとくべつのざいせいえんじょおよびじょせいにかんするほうりつによるこうべこうのとくていようとこうわんしせつのさいがいふっきゅうじぎょうにたいするほじょのたいしょうとなるしせつとうをさだめるせいれい,平成二十五年十二月六日
407CO0000000046,政令,阪神・淡路大震災に対処するための特別の財政援助及び助成に関する法律第七十六条の都市施設を定める政令,はんしんあわじだいしんさいにたいしょするためのとくべつのざいせいえんじょおよびじょせいにかんするほうりつだいななじゅうろくじょうのとししせつをさだめるせいれい,令和二年十一月二十五日
407CO0000000048,政令,阪神・淡路大震災に対処するための特別の財政援助及び助成に関する法律第七十九条の消防施設等を定める政令,はんしんあわじだいしんさいにたいしょするためのとくべつのざいせいえんじょおよびじょせいにかんするほうりつだいななじゅうきゅうじょうのしょうぼうしせつとうをさだめるせいれい,平成十三年一月六日
407CO0000000081,政令,被災区分所有建物の再建等に関する特別措置法第二条第一項の災害を定める政令,ひさいくぶんしょゆうたてもののさいけんとうにかんするとくべつそちほうだいにじょうだいいっこうのさいがいをさだめるせいれい,平成七年三月二十四日
407CO0000000098,政令,主要食糧の需給及び価格の安定に関する法律施行令,しゅようしょくりょうのじゅきゅうおよびかかくのあんていにかんするほうりつしこうれい,平成二十九年一月一日
407CO0000000116,政令,国家公務員共済組合法の年金の額の改定に関する政令,こっかこうむいんきょうさいくみあいほうのねんきんのがくのかいていにかんするせいれい,平成十一年四月一日
407CO0000000118,政令,平成七年度、平成十年度及び平成十一年度における地方公務員等共済組合法の年金の額の改定に関する政令,へいせいななねんどへいせいじゅうねんどおよびへいせいじゅういちねんどにおけるちほうこうむいんとうきょうさいくみあいほうのねんきんのがくのかいていにかんするせいれい,平成二十年九月一日
407CO0000000136,政令,阪神・淡路大震災に伴う建設工事紛争審査会による紛争処理に係る申請手数料の特例に関する政令,はんしんあわじだいしんさいにともなうけんせつこうじふんそうしんさかいによるふんそうしょりにかかるしんせいてすうりょうのとくれいにかんするせいれい,平成七年三月二十九日
407CO0000000149,政令,私立学校教職員共済法の年金の額の改定に関する政令,しりつがっこうきょうしょくいんきょうさいほうのねんきんのがくのかいていにかんするせいれい,平成十二年四月一日
407CO0000000192,政令,化学兵器の禁止及び特定物質の規制等に関する法律施行令,かがくへいきのきんしおよびとくていぶっしつのきせいとうにかんするほうりつせこうれい,令和二年六月七日
407CO0000000205,政令,特許法等の一部を改正する法律の一部の施行に伴う経過措置を定める政令,とっきょほうとうのいちぶをかいせいするほうりつのいちぶのせこうにともなうけいかそちをさだめるせいれい,平成十七年四月一日
407CO0000000209,政令,平成七年度における旧令による共済組合等からの年金受給者のための特別措置法等の規定による年金の額の改定に関する政令,へいせいななねんどにおけるきゅうれいによるきょうさいくみあいとうからのねんきんじゅきゅうしゃのためのとくべつそちほうとうのきていによるねんきんのがくのかいていにかんするせいれい,令和六年四月二十五日
407CO0000000219,政令,平成七年度における私立学校教職員共済組合からの旧法の規定による年金等の額の改定に関する政令,へいせいななねんどにおけるしりつがっこうきょうしょくいんきょうさいくみあいからのきゅうほうのきていによるねんきんとうのがくのかいていにかんするせいれい,平成七年五月二十四日
407CO0000000252,政令,沖縄県における駐留軍用地跡地の有効かつ適切な利用の推進に関する特別措置法施行令,おきなわけんにおけるちゅうりゅうぐんようちあとちのゆうこうかつてきせつなりようのすいしんにかんするとくべつそちほうしこうれい,令和四年六月一日
407CO0000000256,政令,電線共同溝の整備等に関する特別措置法施行令,でんせんきょうどうこうのせいびとうにかんするとくべつそちほうしこうれい,平成二十二年四月一日
407CO0000000295,政令,地震防災対策特別措置法施行令,じしんぼうさいたいさくとくべつそちほうしこうれい,令和七年四月一日
407CO0000000296,政令,地震調査研究推進本部令,じしんちょうさけんきゅうすいしんほんぶれい,令和六年四月一日
407CO0000000317,政令,サリン等による人身被害の防止に関する法律の規定による規制等に係る物質を定める政令,さりんとうによるじんしんひがいのぼうしにかんするほうりつのきていによるきせいとうにかかるぶっしつをさだめるせいれい,平成七年八月二十一日
407CO0000000326,政令,古物営業法施行令,こぶつえいぎょうほうしこうれい,令和二年四月一日
407CO0000000327,政令,平成七年六月二日から七月二十三日までの間の豪雨についての激甚災害の指定及びこれに対し適用すべき措置の指定に関する政令,へいせいななねんろくがつふつかからしちがつにじゅうみっかまでのあいだのごううについてのげきじんさいがいのしていおよびこれにたいしてきようすべきそちのしていにかんするせいれい,平成七年十一月十日
407CO0000000357,政令,農産物検査法施行令,のうさんぶつけんさほうせこうれい,平成二十八年四月一日
407CO0000000372,政令,地方公共団体の物品等又は特定役務の調達手続の特例を定める政令,ちほうこうきょうだんたいのぶっぴんとうまたはとくていえきむのちょうたつてつづきのとくれいをさだめるせいれい,令和六年四月一日
407CO0000000396,政令,細菌兵器（生物兵器）及び毒素兵器の開発、生産及び貯蔵の禁止並びに廃棄に関する条約等の実施に関する法律施行令,さいきんへいきせいぶつへいきおよびどくそへいきのかいはつせいさんおよびちょぞうのきんしならびにはいきにかんするじょうやくとうのじっしにかんするほうりつしこうれい,平成二十年十二月一日
407CO0000000408,政令,地方自治法第二百五十二条の二十二第一項の中核市の指定に関する政令,ちほうじちほうだいにひゃくごじゅうにじょうのにじゅうにだいいっこうのちゅうかくしのしていにかんするせいれい,令和三年四月一日
407CO0000000409,政令,中小企業退職金共済法の一部を改正する法律の一部の施行に伴う経過措置に関する政令,ちゅうしょうきぎょうたいしょくきんきょうさいほうのいちぶをかいせいするほうりつのいちぶのせこうにともなうけいかそちにかんするせいれい,平成八年四月一日
407CO0000000411,政令,容器包装に係る分別収集及び再商品化の促進等に関する法律施行令,ようきほうそうにかかるふんべつしゅうしゅうおよびさいしょうひんかのそくしんとうにかんするほうりつせこうれい,令和七年六月一日
407CO0000000416,政令,高齢社会対策会議令,こうれいしゃかいたいさくかいぎれい,平成十三年一月六日
407CO0000000421,政令,ゴラン高原国際平和協力隊の設置等に関する政令,ごらんこうげんこくさいへいわきょうりょくたいのせっちとうにかんするせいれい,平成二十四年八月十日
407CO0000000425,政令,保険業法施行令,ほけんぎょうほうしこうれい,令和八年四月一日
407CO0000000429,政令,建築物の耐震改修の促進に関する法律施行令,けんちくぶつのたいしんかいしゅうのそくしんにかんするほうりつせこうれい,令和七年四月一日
407CO0000000438,政令,国際機関等に派遣される防衛省の職員の処遇等に関する法律施行令,こくさいきかんとうにはけんされるぼうえいしょうのしょくいんのしょぐうとうにかんするほうりつしこうれい,令和五年四月一日
407M50000002031,府省令,沖縄県における駐留軍用地跡地の有効かつ適切な利用の推進に関する特別措置法に基づく給付金及び特定給付金の支給に関する省令,おきなわけんにおけるちゅうりゅうぐんようちあとちのゆうこうかつてきせつなりようのすいしんにかんするとくべつそちほうにもとづくきゅうふきんのしきゅうにかんするしょうれい,令和三年一月二十九日
407M50000008003,府省令,阪神・淡路大震災に対処するための地方公務員等共済組合法の特例に関する省令,はんしんあわじだいしんさいにたいしょするためのちほうこうむいんとうきょうさいくみあいほうのとくれいにかんするしょうれい,平成七年三月一日
407M50000008004,府省令,阪神・淡路大震災に対処するための特別の財政援助及び助成に関する法律第八十条第一項の徴収金等の範囲を定める省令,はんしんあわじだいしんさいにたいしょするためのとくべつのざいせいえんじょおよびじょせいにかんするほうりつだいはちじゅうじょうだいいっこうのちょうしゅうきんとうのはんいをさだめるしょうれい,平成七年三月九日
407M50000008012,府省令,特定農山村地域における農林業等の活性化のための基盤整備の促進に関する法律第十六条の地方税の不均一課税に伴う措置が適用される場合等を定める省令,とくていのうさんそんちいきにおけるのうりんぎょうとうのかっせいかのためのきばんせいびのそくしんにかんするほうりつだいじゅうろくじょうのちほうぜいのふきんいつかぜいにともなうそちがてきようされるばあいとうをさだめるしょうれい,平成十七年四月一日
407M50000008013,府省令,水源地域対策特別措置法第十三条の固定資産税の不均一課税に伴う措置が適用される場合等を定める省令,すいげんちいきたいさくとくべつそちほうだいじゅうさんじょうのこていしさんぜいのふきんいつかぜいにともなうそちがてきようされるばあいとうをさだめるしょうれい,平成三十一年四月一日
407M50000008016,府省令,半島振興法第十七条の地方税の不均一課税に伴う措置が適用される場合等を定める省令,はんとうしんこうほうだいじゅうななじょうのちほうぜいのふきんいつかぜいにともなうそちがてきようされるばあいとうをさだめるしょうれい,令和七年四月一日
407M50000008023,府省令,平成七年度における地方財政法第三十三条の二第二項の額の算定に関する省令,へいせいななねんどにおけるちほうざいせいほうだいさんじゅうさんじょうのにだいにこうのがくのさんていにかんするしょうれい,平成七年七月二十五日
407M50000008033,府省令,大阪湾臨海地域開発整備法第十四条の地方税の不均一課税に伴う措置が適用される場合等を定める省令,おおさかわんりんかいちいきかいはつせいびほうだいじゅうよんじょうのちほうぜいのふきんいつかぜいにともなうそちがてきようされるばあいとうをさだめるしょうれい,平成十六年四月一日
407M50000020004,府省令,外務省聴聞規則,がいむしょうちょうもんきそく,令和二年十二月二十四日
407M50000040004,府省令,阪神・淡路大震災に対処するための国家公務員等共済組合法の特例に関する省令,はんしんあわじだいしんさいにたいしょするためのこっかこうむいんとうきょうさいくみあいほうのとくれいにかんするしょうれい,平成七年三月一日
407M50000040012,府省令,阪神・淡路大震災の被災者等に係る国税関係法律の臨時特例に関する法律施行規則,はんしんあわじだいしんさいのひさいしゃとうにかかるこくぜいかんけいほうりつのりんじとくれいにかんするほうりつしこうきそく,平成二十一年四月一日
407M50000040041,府省令,特別葬祭給付金国庫債券の発行交付等に関する省令,とくべつそうさいきゅうふきんこっこさいけんのはっこうこうふとうにかんするしょうれい,令和三年四月一日
407M50000080002,府省令,阪神・淡路大震災に対処するための私立学校教職員共済組合法の特例に関する省令,はんしんあわじだいしんさいにたいしょするためのしりつがっこうきょうしょくいんきょうさいくみあいほうのとくれいにかんするしょうれい,平成七年三月一日
407M50000100007,府省令,阪神・淡路大震災に対処するための厚生省関係の特例に関する省令,はんしんあわじだいしんさいにたいしょするためのこうせいしょうかんけいのとくれいにかんするしょうれい,平成七年三月三日
407M50000100033,府省令,原子爆弾被爆者に対する援護に関する法律施行規則,げんしばくだんひばくしゃにたいするえんごにかんするほうりつしこうきそく,令和六年十二月二日
407M50000100050,府省令,消除予定添加物名簿に関する内閣府令,しょうじょよていてんかぶつめいぼにかんするないかくふれい,令和六年四月一日
407M50000100060,府省令,医師法、歯科医師法、保健師助産師看護師法及び薬剤師法意見の聴取等手続規則,いしほうしかいしほうほけんしじょさんしかんごしほうおよびやくざいしほういけんのちょうしゅとうてつづききそく,令和元年十二月十四日
407M50000100061,府省令,容器包装廃棄物の分別収集に関する省令,ようきほうそうはいきぶつのふんべつしゅうしゅうにかんするしょうれい,平成二十年四月一日
407M50000200013,府省令,牛及び豚のうち純粋種の繁殖用のもの並びに無税を適用する馬の証明書の発給に関する省令,うしおよびぶたのうちじゅんすいたねのはんしょくようのものならびにむぜいをてきようするうまのしょうめいしょのはっきゅうにかんするしょうれい,令和二年十二月二十一日
407M50000200014,府省令,野菜栽培用の豆の証明書の発給に関する省令,やさいさいばいようのまめのしょうめいしょのはっきゅうにかんするしょうれい,令和二年十二月二十一日
407M50000200017,府省令,主要食糧の需給及び価格の安定に関する法律施行規則,しゅようしょくりょうのじゅきゅうおよびかかくのあんていにかんするほうりつせこうきそく,令和六年十二月二日
407M50000200018,府省令,関税暫定措置法施行令第二条第一項又は第二項の証明書の発給に関する省令,かんぜいざんていそちほうせこうれいだいにじょうだいいっこうまたはだいにこうのしょうめいしょのはっきゅうにかんするしょうれい,令和二年十二月二十一日
407M50000200023,府省令,農山漁村滞在型余暇活動のための基盤整備の促進に関する法律施行規則,のうさんぎょそんたいざいかたよかかつどうのためのきばんせいびのそくしんにかんするほうりつしこうきそく,令和六年四月一日
407M50000200034,府省令,緑の募金による森林整備等の推進に関する法律施行規則,みどりのぼきんによるしんりんせいびとうのすいしんにかんするほうりつしこうきそく,平成二十年十二月一日
407M50000200040,府省令,動物用医療機器及び動物用体外診断用医薬品の製造管理及び品質管理に関する省令,どうぶつよういりょうききおよびどうぶつようたいがいしんだんよういやくひんのせいぞうかんりおよびひんしつかんりにかんするしょうれい,令和五年十二月二十八日
407M50000400040,府省令,化学兵器の禁止及び特定物質の規制等に関する法律施行規則,かがくへいきのきんしおよびとくていぶっしつのきせいとうにかんするほうりつしこうきそく,令和五年十二月二十八日
407M50000400077,府省令,電気事業法施行規則,でんきじぎょうほうしこうきそく,令和八年四月一日
407M50000400081,府省令,電気事業法関係手数料規則,でんきじぎょうほうかんけいてすうりょうきそく,令和七年六月六日
407M50000402002,府省令,特定国際種事業に係る届出及び特別国際種事業に係る登録等に関する省令,とくていこくさいしゅじぎょうにかかるとどけでおよびとくべつこくさいしゅじぎょうにかかるとうろくとうにかんするしょうれい,令和六年四月一日
407M50000500001,府省令,容器包装に係る分別収集及び再商品化の促進等に関する法律第二条第十項第一号に規定する委託の範囲を定める省令,ようきほうそうにかかるぶんべつしゅうしゅうおよびさいしょうひんかのそくしんとうにかんするほうりつだいにじょうだいじゅっこうだいいちごうにきていするいたくのはんいをさだめるしょうれい,平成九年四月一日
407M50000740001,府省令,容器包装に係る分別収集及び再商品化の促進等に関する法律施行規則,ようきほうそうにかかるふんべつしゅうしゅうおよびさいしょうひんかのそくしんとうにかんするほうりつしこうきそく,令和七年六月一日
407M50000800004,府省令,指定漁船に乗り組む船員の有給休暇に関する省令,していぎょせんにのりくむせんいんのゆうきゅうきゅうかにかんするしょうれい,令和二年十二月一日
407M50000800037,府省令,貨物流通事業者の氏名の変更の届出等の一本化した提出の手続を定める省令,かもつりゅうつうじぎょうしゃのしめいのへんこうのとどけでとうのいっぽんかしたていしゅつのてつづきをさだめるしょうれい,令和元年七月一日
407M50000800046,府省令,地域地震情報センターの名称等を定める省令,ちいきじしんじょうほうせんたーのめいしょうとうをさだめるしょうれい,平成七年七月十八日
407M50001000068,府省令,阪神・淡路大震災に伴う貸付けに関する郵便貯金規則の特例を定める省令,はんしんあわじだいしんさいにともなうかしつけにかんするゆうびんちょきんきそくのとくれいをさだめるしょうれい,平成七年八月十四日
407M50004000002,府省令,被災市街地復興特別措置法施行規則,ひさいしがいちふっこうとくべつそちほうせこうきそく,令和三年一月一日
407M50004000017,府省令,電線共同溝の整備等に関する特別措置法施行規則,でんせんきょうどうこうのせいびとうにかんするとくべつそちほうしこうきそく,平成七年六月二十二日
407M50004000028,府省令,建築物の耐震改修の促進に関する法律施行規則,けんちくぶつのたいしんかいしゅうのそくしんにかんするほうりつしこうきそく,令和六年四月一日
407M50004040002,府省令,不動産特定共同事業法施行規則,ふどうさんとくていきょうどうじぎょうほうしこうきそく,令和六年十一月一日
407M50006000001,府省令,勤労者財産形成促進法施行令附則第八項の住宅を定める省令,きんろうしゃざいさんけいせいそくしんほうしこうれいふそくだいはちこうのじゅうたくをさだめるしょうれい,平成九年四月一日
407M50400000004,規則,特定物質の運搬の届出等に関する規則,とくていぶっしのうんぱんのとどけでとうにかんするきそく,令和二年十二月二十八日
407M50400000010,規則,古物営業法施行規則,こぶつえいぎょうほうせこうきそく,令和七年十月一日
408AC0000000002,法律,平成七年度における租税収入の減少を補うための公債の発行の特例に関する法律,へいせいななねんどにおけるそぜいしゅうにゅうのげんしょうをおぎなうためのこうさいのはっこうのとくれいにかんするほうりつ,平成八年二月二十三日
408AC0000000039,法律,塩事業法,しおじぎょうほう,令和七年六月一日
408AC0000000040,法律,社会保障研究所の解散に関する法律,しゃかいほしょうけんきゅうしょのかいさんにかんするほうりつ,平成八年十二月一日
408AC0000000041,法律,平成八年度における財政運営のための公債の発行の特例等に関する法律,へいせいはちねんどにおけるざいせいうんえいのためのこうさいのはっこうのとくれいとうにかんするほうりつ,平成十九年四月一日
408AC0000000045,法律,林業労働力の確保の促進に関する法律,りんぎょうろうどうりょくのかくほのそくしんにかんするほうりつ,令和七年六月一日
408AC0000000047,法律,木材の安定供給の確保に関する特別措置法,もくざいのあんていきょうきゅうのかくほにかんするとくべつそちほう,令和八年四月一日
408AC0000000071,法律,外国船舶製造事業者による船舶の不当廉価建造契約の防止に関する法律,がいこくせんぱくせいぞうじぎょうしゃによるせんぱくのふとうれんかけんぞうけいやくのぼうしにかんするほうりつ,令和九十九年十二月三十一日
408AC0000000074,法律,排他的経済水域及び大陸棚に関する法律,はいたてきけいざいすいいきおよびたいりくだなにかんするほうりつ,平成八年七月二十日
408AC0000000076,法律,排他的経済水域における漁業等に関する主権的権利の行使等に関する法律,はいたてきけいざいすいいきにおけるぎょぎょうとうにかんするしゅけんてきけんりのこうしとうにかんするほうりつ,令和二年十二月一日
408AC0000000085,法律,特定非常災害の被害者の権利利益の保全等を図るための特別措置に関する法律,とくていひじょうさいがいのひがいしゃのけんりりえきのほぜんとうをはかるためのとくべつそちにかんするほうりつ,令和四年五月三十一日
408AC0000000093,法律,特定住宅金融専門会社の債権債務の処理の促進等に関する特別措置法,とくていじゅうたくきんゆうせんもんかいしゃのさいけんさいむのしょりのそくしんとうにかんするとくべつそちほう,令和四年四月一日
408AC0000000095,法律,金融機関等の更生手続の特例等に関する法律,きんゆうきかんとうのこうせいてつづきのとくれいとうにかんするほうりつ,令和十年六月十三日
408AC0000000109,法律,民事訴訟法,みんじそしょうほう,令和八年五月二十二日
408AC0000000118,法律,農林中央金庫及び特定農水産業協同組合等による信用事業の再編及び強化に関する法律,のうりんちゅうおうきんこおよびとくていのうすいさんぎょうきょうどうくみあいとうによるしんようじぎょうのさいへんおよびきょうかにかんするほうりつ,令和七年六月一日
408AC1000000098,法律,特定住宅金融専門会社が有する債権の時効の停止等に関する特別措置法,とくていじゅうたくきんゆうせんもんかいしゃがゆうするさいけんのじこうのていしとうにかんするとくべつそちほう,平成八年六月二十一日
408AC1000000101,法律,まぐろ資源の保存及び管理の強化に関する特別措置法,まぐろしげんのほぞんおよびかんりのきょうかにかんするとくべつそちほう,平成十三年一月六日
408CO0000000018,政令,中国残留邦人等の円滑な帰国の促進並びに永住帰国した中国残留邦人等及び特定配偶者の自立の支援に関する法律施行令,ちゅうごくざんりゅうほうじんとうのえんかつなきこくのそくしんならびにえいじゅうきこくしたちゅうごくざんりゅうほうじんとうおよびとくていはいぐうしゃのじりつのしえんにかんするほうりつしこうれい,令和八年四月一日
408CO0000000023,政令,覚醒剤原料を指定する政令,かくせいざいげんりょうをしていするせいれい,令和六年八月三十日
408CO0000000152,政令,消費経済審議会令,しょうひけいざいしんぎかいれい,令和七年七月一日
408CO0000000153,政令,林業労働力の確保の促進に関する法律施行令,りんぎょうろうどうりょくのかくほのそくしんにかんするほうりつせこうれい,平成二十年十二月一日
408CO0000000167,政令,平成八年度における旧令による共済組合等からの年金受給者のための特別措置法等の規定による年金の額の改定に関する政令,へいせいはちねんどにおけるきゅうれいによるきょうさいくみあいとうからのねんきんじゅきゅうしゃのためのとくべつそちほうとうのきていによるねんきんのがくのかいていにかんするせいれい,令和六年四月二十五日
408CO0000000168,政令,平成八年度における私立学校教職員共済組合からの旧法の規定による年金等の額の改定に関する政令,へいせいはちねんどにおけるしりつがっこうきょうしょくいんきょうさいくみあいからのきゅうほうのきていによるねんきんとうのがくのかいていにかんするせいれい,平成八年五月三十一日
408CO0000000185,政令,特定住宅金融専門会社の債権債務の処理の促進等に関する特別措置法施行令,とくていじゅうたくきんゆうせんもんかいしゃのさいけんさいむのしょりのそくしんとうにかんするとくべつそちほうしこうれい,平成十九年九月三十日
408CO0000000200,政令,排他的経済水域における海洋汚染等及び海上災害の防止に関する法律等の適用関係の整理に関する政令,はいたてきけいざいすいいきにおけるかいようおせんとうおよびかいじょうさいがいのぼうしにかんするほうりつとうのてきようかんけいのせいりにかんするせいれい,令和七年一月一日
408CO0000000212,政令,排他的経済水域における漁業等に関する主権的権利の行使等に関する法律施行令,はいたてきけいざいすいいきにおけるぎょぎょうとうにかんするしゅけんてきけんりのこうしとうにかんするほうりつしこうれい,令和元年十二月四日
408CO0000000216,政令,塩事業法施行令,しおじぎょうほうせこうれい,令和元年九月十四日
408CO0000000227,政令,阪神・淡路大震災に伴う国民年金法第三十条の四の規定による障害基礎年金の支給停止等に係る平成七年の所得の額の計算方法の特例に関する政令,はんしんあわじだいしんさいにともなうこくみんねんきんほうだいさんじゅうじょうのしのきていによるしょうがいきそねんきんのしきゅうていしとうにかかるへいせいななねんのしょとくのがくのけいさんほうほうのとくれいにかんするせいれい,平成十一年四月一日
408CO0000000235,政令,国会等移転審議会令,こっかいとういてんしんぎかいれい,平成十三年一月六日
408CO0000000310,政令,木材の安定供給の確保に関する特別措置法施行令,もくざいのあんていきょうきゅうのかくほにかんするとくべつそちほうせこうれい,令和二年四月一日
408CO0000000323,政令,社会保障研究所の解散に関する法律の施行に伴う関係政令の整理等に関する政令,しゃかいほしょうけんきゅうしょのかいさんにかんするほうりつのしこうにともなうかんけいせいれいのせいりとうにかんするせいれい,平成八年十二月一日
408CO0000000343,政令,厚生年金保険法等の一部を改正する法律附則第三十七条第一項の規定による旧適用法人に係る健康保険組合の設立に必要な事項等を定める政令,こうせいねんきんほけんほうとうのいちぶをかいせいするほうりつふそくだいさんじゅうななじょうだいいっこうのきていによるきゅうてきようほうじんにかかるけんこうほけんくみあいのせつりつにひつようなじこうとうをさだめるせいれい,平成九年四月一日
408CO0000000352,政令,阪神・淡路大震災についての特定非常災害の指定及びこれに対し適用すべき措置の指定に関する政令,はんしんあわじだいしんさいについてのとくていひじょうさいがいのしていおよびこれにたいしてきようすべきそちのしていにかんするせいれい,平成八年十二月二十六日
408M50000002036,府省令,排他的経済水域における海洋汚染等及び海上災害の防止に関する法律等の適用関係の整理に関する政令第三条第二項の表の第三号に規定する粉砕装置の技術上の基準を定める省令,はいたてきけいざいすいいきにおけるかいようおせんとうおよびかいじょうさいがいのぼうしにかんするほうりつとうのてきようかんけいのせいりにかんするせいれいだいさんじょうだいにこうのひょうのだいさんごうにきていするふんさいそうちのぎじゅつじょうのきじゅんをさだめるしょうれい,平成十九年一月一日
408M50000008026,府省令,平成八年度における地方財政法第三十三条の二第二項の額の算定に関する省令,へいせいはちねんどにおけるちほうざいせいほうだいさんじゅうさんじょうのにだいにこうのがくのさんていにかんするしょうれい,平成八年七月二十六日
408M50000008027,府省令,地方財政法第三十三条の三第二項の額の算定に関する省令,ちほうざいせいほうだいさんじゅうさんじょうのさんだいにこうのがくのさんていにかんするしょうれい,平成八年七月二十六日
408M50000010025,府省令,更生保護事業法施行規則,こうせいほごじぎょうほうせこうきそく,令和七年四月一日
408M50000040005,府省令,保険業法施行規則,ほけんぎょうほうしこうきそく,令和八年三月三十一日
408M50000040007,府省令,損害保険料率算出団体に関する内閣府令,そんがいほけんりょうりつさんしゅつだんたいにかんするないかくふれい,令和七年八月二十九日
408M50000040008,府省令,損害保険料率算出団体に関する法律の規定による公開の意見聴取に関する内閣府令,そんがいほけんりょうりつさんしゅつだんたいにかんするほうりつのきていによるこうかいのいけんちょうしゅにかんするないかくふれい,平成十三年一月六日
408M50000040034,府省令,特定住宅金融専門会社の債権債務の処理の促進等に関する特別措置法施行規則,とくていじゅうたくきんゆうせんもんかいしゃのさいけんさいむのしょりのそくしんとうにかんするとくべつそちほうせこうきそく,平成十九年九月三十日
408M50000040045,府省令,塩事業法施行規則,しおじぎょうほうせこうきそく,令和三年十二月二十一日
408M50000040061,府省令,自動車損害賠償保障法第二十九条の二第一項に規定する保険会社及び組合の料率団体に対する報告に関する内閣府令,じどうしゃそんがいばいしょうほしょうほうだいにじゅうきゅうじょうのにだいいっこうにきていするほけんがいしゃおよびくみあいのりょうりつだんたいにたいするほうこくにかんするないかくふれい,平成十三年一月六日
408M50000050001,府省令,外国保険会社等供託金規則,がいこくほけんがいしゃとうきょうたくきんきそく,令和三年六月三十日
408M50000050002,府省令,免許特定法人供託金規則,めんきょとくていほうじんきょうたくきんきそく,令和三年六月三十日
408M50000050003,府省令,保険仲立人保証金規則,ほけんちゅうりつにんほしょうきんきそく,令和三年六月三十日
408M50000080001,府省令,接収刀剣類の処理に関する法律施行規則,せっしゅうとうけんるいのしょりにかんするほうりつしこうきそく,平成八年二月九日
408M50000080029,府省令,登録有形文化財に係る登録手続及び届出書等に関する規則,とうろくゆうけいぶんかざいにかかるとうろくてづづきおよびとどけでかきとうにかんするきそく,令和元年七月一日
408M50000200025,府省令,林業労働力の確保の促進に関する法律に基づく資金の貸付け等に関する省令,りんぎょうろうどうりょくのかくほのそくしんにかんするほうりつにもとづくしきんのかしつけとうにかんするしょうれい,平成十五年七月一日
408M50000200033,府省令,排他的経済水域における漁業等に関する主権的権利の行使等に関する法律施行規則,はいたてきけいざいすいいきにおけるぎょぎょうとうにかんするしゅけんてきけんりのこうしとうにかんするほうりつしこうきそく,令和七年二月七日
408M50000200058,府省令,木材の安定供給の確保に関する特別措置法施行規則,もくざいのあんていきょうきゅうのかくほにかんするとくべつそちほうしこうきそく,令和四年四月一日
408M50000400064,府省令,工業所有権の手数料等を現金により納付する場合における手続に関する省令,こうぎょうしょゆうけんのてすうりょうとうをげんきんによりのうふするばあいにおけるてつづきにかんするしょうれい,令和五年四月一日
408M50000500001,府省令,特定容器製造等事業者に係る特定分別基準適合物の再商品化に関する省令,とくていようきせいぞうとうじぎょうしゃにかかるとくていふんべつきじゅんてきごうぶつのさいしょうひんかにかんするしょうれい,令和七年四月一日
408M50000500002,府省令,容器包装に係る分別収集及び再商品化の促進等に関する法律第三十五条の規定に基づく市町村長の申出に関する省令,ようきほうそうにかかるふんべつしゅうしゅうおよびさいしょうひんかのそくしんとうにかんするほうりつだいさんじゅうごじょうのきていにもとづくしちょうそんちょうのもうしでにかんするしょうれい,平成十二年四月一日
408M50000800041,府省令,排他的経済水域における海洋汚染等及び海上災害の防止に関する法律に基づく国土交通省令の適用関係の整理に関する省令,はいたてきけいざいすいいきにおけるかいようおせんとうおよびかいじょうさいがいのぼうしにかんするほうりつにもとづくこくどこうつうしょうれいのてきようかんけいのせいりにかんするしょうれい,平成二十五年一月一日
408M50000800060,府省令,自動車ターミナル法の一部を改正する法律の施行に伴う経過措置を定める省令,じどうしゃたーみなるほうのいちぶをかいせいするほうりつのしこうにともなうけいかそちをさだめるしょうれい,平成八年十一月二十八日
408M50000802001,府省令,海洋汚染等及び海上災害の防止に関する法律第六十五条第二項第一号に規定する担保金の提供等に関する命令,かいようおせんとうおよびかいじょうさいがいのぼうしにかんするほうりつだいろくじゅうごじょうだいにこうだいいちごうにきていするたんぽきんのていきょうとうにかんするめいれい,平成十七年五月十九日
408M50000802002,府省令,核原料物質、核燃料物質及び原子炉の規制に関する法律第八十五条第二項第一号に規定する担保金の提供等に関する命令,かくげんりょうぶっしつかくねんりょうぶっしつおよびげんしろのきせいにかんするほうりつだいはちじゅうごじょうだいにこうだいいちごうにきていするたんぽきんのていきょうとうにかんするめいれい,平成二十五年四月一日
408M50000802003,府省令,放射性同位元素等の規制に関する法律第六十二条第二項第一号に規定する担保金の提供等に関する命令,ほうしゃせいどういげんそとうのきせいにかんするほうりつだいろくじゅうにじょうだいにこうだいいちごうにきていするたんぽきんのていきょうとうにかんするめいれい,令和元年九月一日
408M50000810001,府省令,旅行業者営業保証金規則,りょこうぎょうしゃえいぎょうほしょうきんきそく,令和四年九月一日
408M50000810002,府省令,旅行業協会弁済業務保証金規則,りょこうぎょうきょうかいべんさいぎょうむほしょうきんきそく,令和四年九月一日
408M50000A02001,府省令,排他的経済水域における漁業等に関する主権的権利の行使等に関する法律第二十四条第一項に規定する事件に関する拿捕に係る担保金の提供等に関する命令,はいたてきけいざいすいいきにおけるぎょぎょうとうにかんするしゅけんてきけんりのこうしとうにかんするほうりつだいにじゅうよんじょうだいいっこうにきていするじけんにかんするだほにかかるたんぽきんのていきょうとうにかんするめいれい,令和元年十二月四日
408M50002000026,府省令,林業労働力の確保の促進に関する法律に基づく委託募集等に関する省令,りんぎょうろうどうりょくのかくほのそくしんにかんするほうりつにもとづくいたくぼしゅうとうにかんするしょうれい,平成十六年四月一日
408M50002200001,府省令,林業労働力の確保の促進に関する法律施行規則,りんぎょうろうどうりょくのかくほのそくしんにかんするほうりつしこうきそく,平成二十年十二月一日
408M50004100001,府省令,公営住宅法第四十五条第一項の事業等を定める省令,こうえいじゅうたくほうだいよんじゅうごじょうだいいっこうのじぎょうとうをさだめるしょうれい,令和七年十月一日
409AC0000000027,法律,平成九年度における財政運営のための公債の発行の特例等に関する法律,へいせいきゅうねんどにおけるざいせいうんえいのためのこうさいのはっこうのとくれいとうにかんするほうりつ,平成十九年四月一日
409AC0000000035,法律,中東・北アフリカ経済協力開発銀行への加盟に伴う措置に関する法律,ちゅうとうきたあふりかけいざいきょうりょくかいはつぎんこうへのかめいにともなうそちにかんするほうりつ,平成十三年一月六日
409AC0000000037,法律,新エネルギー利用等の促進に関する特別措置法,しんえねるぎーりようとうのそくしんにかんするとくべつそちほう,平成二十七年四月一日
409AC0000000048,法律,日本私立学校振興・共済事業団法,にほんしりつがっこうしんこうきょうさいじぎょうだんほう,令和十年十二月十一日
409AC0000000049,法律,密集市街地における防災街区の整備の促進に関する法律,みっしゅうしがいちにおけるぼうさいがいくのせいびのそくしんにかんするほうりつ,令和八年四月一日
409AC0000000061,法律,南極地域の環境の保護に関する法律,なんきょくちいきのかんきょうのほごにかんするほうりつ,令和七年六月一日
409AC0000000065,法律,一般職の任期付研究員の採用、給与及び勤務時間の特例に関する法律,いっぱんしょくのにんきつきけんきゅういんのさいようきゅうよおよびきんむじかんのとくれいにかんするほうりつ,令和八年四月一日
409AC0000000073,法律,日本国有鉄道清算事業団の債務の負担の軽減を図るために平成九年度において緊急に講ずべき特別措置に関する法律,にほんこくゆうてつどうせいさんじぎょうだんのさいむのふたんのけいげんをはかるためにへいせいきゅうねんどにおいてきんきゅうにこうずべきとくべつそちにかんするほうりつ,平成十年十月二十二日
409AC0000000081,法律,環境影響評価法,かんきょうえいきょうひょうかほう,令和八年四月一日
409AC0000000082,法律,大学の教員等の任期に関する法律,だいがくのきょういんとうのにんきにかんするほうりつ,平成三十一年一月十七日
409AC0000000089,法律,日本銀行法,にほんぎんこうほう,令和七年六月一日
409AC0000000091,法律,外国人観光旅客の来訪の促進等による国際観光の振興に関する法律,がいこくじんかんこうりょきゃくのらいほうのそくしんとうによるこくさいかんこうのしんこうにかんするほうりつ,令和七年四月一日
409AC0000000109,法律,財政構造改革の推進に関する特別措置法,ざいせいこうぞうかいかくのすいしんにかんするとくべつそちほう,令和三年四月一日
409AC0000000110,法律,内国税の適正な課税の確保を図るための国外送金等に係る調書の提出等に関する法律,ないこくぜいのてきせいなかぜいのかくほをはかるためのこくがいそうきんとうにかかるちょうしょのていしゅつとうにかんするほうりつ,令和九年一月一日
409AC0000000118,法律,平成十七年に開催される国際博覧会の準備及び運営のために必要な特別措置に関する法律,へいせいじゅうななねんにかいさいされるこくさいはくらんかいのじゅんびおよびうんえいのためにひつようなとくべつそちにかんするほうりつ,平成九年十二月十一日
409AC0000000123,法律,介護保険法,かいごほけんほう,令和十年十二月十一日
409AC0000000124,法律,介護保険法施行法,かいごほけんほうしこうほう,平成三十年四月一日
409AC0000000131,法律,精神保健福祉士法,せいしんほけんふくししほう,令和七年十月一日
409AC0000000132,法律,言語聴覚士法,げんごちょうかくしほう,令和七年六月一日
409AC1000000090,法律,小学校及び中学校の教諭の普通免許状授与に係る教育職員免許法の特例等に関する法律,しょうがっこうおよびちゅうがっこうのきょうゆのふつうめんきょじょうじゅよにかかるきょういくしょくいんめんきょほうのとくれいとうにかんするほうりつ,令和五年四月一日
409AC1000000104,法律,臓器の移植に関する法律,ぞうきのいしょくにかんするほうりつ,令和七年六月一日
409CO0000000008,政令,農林中央金庫及び特定農水産業協同組合等による信用事業の再編及び強化に関する法律施行令,のうりんちゅうおうきんこおよびとくていのうすいさんぎょうきょうどうくみあいとうによるしんようじぎょうのさいへんおよびきょうかにかんするほうりつせこうれい,令和七年七月一日
409CO0000000020,政令,高圧ガス保安法施行令,こうあつがすほあんほうしこうれい,令和五年十二月二十一日
409CO0000000021,政令,高圧ガス保安法関係手数料令,こうあつがすほあんほうかんけいてすうりょうれい,令和七年四月一日
409CO0000000054,政令,航空法の一部を改正する法律附則第三条第二項及び第五条第二項の規定により納付すべき手数料の額を定める政令,こうくうほうのいちぶをかいせいするほうりつふそくだいさんじょうだいにこうおよびだいごじょうだいにこうのきていによりのうふすべきてすうりょうのがくをさだめるせいれい,平成九年十月一日
409CO0000000085,政令,厚生年金保険法等の一部を改正する法律の施行に伴う経過措置に関する政令,こうせいねんきんほけんほうとうのいちぶをかいせいするほうりつのしこうにともなうけいかそちにかんするせいれい,令和八年四月一日
409CO0000000086,政令,厚生年金保険法等の一部を改正する法律の施行に伴う国家公務員共済組合法による長期給付等に関する経過措置に関する政令,こうせいねんきんほけんほうとうのいちぶをかいせいするほうりつのせこうにともなうこっかこうむいんきょうさいくみあいほうによるちょうききゅうふとうにかんするけいかそちにかんするせいれい,令和七年四月一日
409CO0000000087,政令,森林病害虫等防除法施行令,しんりんびょうがいちゅうとうぼうじょほうしこうれい,平成十二年四月一日
409CO0000000168,政令,日本国とアメリカ合衆国との間の相互協力及び安全保障条約第六条に基づく施設及び区域並びに日本国における合衆国軍隊の地位に関する協定の実施に伴う土地等の使用等に関する特別措置法の一部を改正する法律附則第五項の規定による裁決の申請に関する政令,にほんこくとあめりかがっしゅうこくとのあいだのそうごきょうりょくおよびあんぜんほしょうじょうやくだいろくじょうにもとづくしせつおよびくいきならびににほんこくにおけるがっしゅうこくぐんたいのちいにかんするきょうていのじっしにともなうとちとうのしようとうにかんするとくべつそちほうのいちぶをかいせいするほうりつふそくだいごこうのきていによるさいけつのしんせいにかんするせいれい,平成十九年一月九日
409CO0000000187,政令,平成九年度における旧令による共済組合等からの年金受給者のための特別措置法等の規定による年金の額の改定に関する政令,へいせいきゅうねんどにおけるきゅうれいによるきょうさいくみあいとうからのねんきんじゅきゅうしゃのためのとくべつそちほうとうのきていによるねんきんのがくのかいていにかんするせいれい,令和六年四月二十五日
409CO0000000188,政令,平成九年度における旧私立学校教職員共済組合法の規定による年金等の額の改定に関する政令,へいせいきゅうねんどにおけるきゅうしりつがっこうきょうしょくいんきょうさいくみあいほうのきていによるねんきんとうのがくのかいていにかんするせいれい,平成十年一月一日
409CO0000000189,政令,学校図書館法附則第二項の学校の規模を定める政令,がっこうとしょかんほうふそくだいにこうのがっこうのきぼをさだめるせいれい,平成九年六月十一日
409CO0000000208,政令,新エネルギー利用等の促進に関する特別措置法施行令,しんえねるぎーりようとうのそくしんにかんするとくべつそちほうしこうれい,平成二十七年四月一日
409CO0000000244,政令,南極地域の環境の保護に関する法律施行令,なんきょくちいきのかんきょうのほごにかんするほうりつせこうれい,令和二年十二月一日
409CO0000000247,政令,日本国有鉄道清算事業団の債務の負担の軽減を図るために平成九年度において緊急に講ずべき特別措置に関する法律施行令,にほんこくゆうてつどうせいさんじぎょうだんのさいむのふたんのけいげんをはかるためにへいせいきゅうねんどにおいてきんきゅうにこうずべきとくべつそちにかんするほうりつしこうれい,平成九年七月十一日
409CO0000000284,政令,航空法関係手数料令,こうくうほうかんけいてすうりょうれい,令和七年四月一日
409CO0000000311,政令,臓器の移植に関する法律附則第十一条第一項の法律を定める政令,ぞうきのいしょくにかんするほうりつふそくだいじゅういちじょうだいいっこうのほうりつをさだめるせいれい,令和六年四月一日
409CO0000000324,政令,密集市街地における防災街区の整備の促進に関する法律施行令,みっしゅうしがいちにおけるぼうさいがいくのせいびのそくしんにかんするほうりつしこうれい,令和七年六月一日
409CO0000000346,政令,環境影響評価法施行令,かんきょうえいきょうひょうかほうしこうれい,令和八年四月一日
409CO0000000349,政令,財政構造改革の推進に関する特別措置法施行令,ざいせいこうぞうかいかくのすいしんにかんするとくべつそちほうせこうれい,令和二年十二月一日
409CO0000000354,政令,日本私立学校振興・共済事業団法施行令,にほんしりつがっこうしんこうきょうさいじぎょうだんほうしこうれい,令和三年一月一日
409CO0000000357,政令,平成十七年に開催される国際博覧会の準備及び運営のために必要な特別措置に関する法律施行令,へいせいじゅうななねんにかいさいされるこくさいはくらんかいのじゅんびおよびうんえいのためにひつようなとくべつそちにかんするほうりつしこうれい,平成九年十二月十一日
409CO0000000363,政令,内国税の適正な課税の確保を図るための国外送金等に係る調書の提出等に関する法律施行令,ないこくぜいのてきせいなかぜいのかくほをはかるためのこくがいそうきんとうにかかるちょうしょのていしゅつとうにかんするほうりつしこうれい,令和九十九年十二月三十一日
409CO0000000385,政令,日本銀行法施行令,にほんぎんこうほうせこうれい,平成二十八年一月一日
409M50000002001,府省令,情報本部組織規則,じょうほうほんぶそしききそく,令和六年四月一日
409M50000002029,府省令,日本国とアメリカ合衆国との間の相互協力及び安全保障条約第六条に基づく施設及び区域並びに日本国における合衆国軍隊の地位に関する協定の実施に伴う土地等の使用等に関する特別措置法の一部を改正する法律附則第五項の規定による裁決の申請に関する省令,にほんこくとあめりかがっしゅうこくとのあいだのそうごきょうりょくおよびあんぜんほしょうじょうやくだいろくじょうにもとづくしせつおよびくいきならびににほんこくにおけるがっしゅうこくぐんたいのちいにかんするきょうていのじっしにともなうとちとうのしようとうにかんするとくべつそちほうのいちぶをかいせいするほうりつふそくだいごこうのきていによるさいけつのしんせいにかんするしょうれい,令和三年一月二十九日
409M50000002053,府省令,南極地域の環境の保護に関する法律施行規則,なんきょくちいきのかんきょうのほごにかんするほうりつしこうきそく,令和七年十一月二十八日
409M50000008015,府省令,地方財政法第三十三条の四第二項の額の算定に関する省令,ちほうざいせいほうだいさんじゅうさんじょうのしだいにこうのがくのさんていにかんするしょうれい,平成十年二月二十七日
409M50000040021,府省令,厚生年金保険法等の一部を改正する法律等の施行に伴う存続組合及び指定基金に係る特例業務等に関する省令,こうせいねんきんほけんほうとうのいちぶをかいせいするほうりつとうのせこうにともなうそんぞくくみあいおよびしていききんにかかるとくれいぎょうむとうにかんするしょうれい,令和八年四月一日
409M50000040052,府省令,沖縄振興開発金融公庫の財務諸表等の閲覧期間並びに附属明細書及び業務報告書の記載事項に関する省令,おきなわしんこうかいはつきんゆうこうこのざいむしょひょうとうのえつらんきかんならびにふぞくめいさいしょおよびぎょうむほうこくしょのきさいじこうにかんするしょうれい,平成二十年十二月一日
409M50000040096,府省令,内国税の適正な課税の確保を図るための国外送金等に係る調書の提出等に関する法律施行規則,ないこくぜいのてきせいなかぜいのかくほをはかるためのこくがいそうきんとうにかかるちょうしょのていしゅつとうにかんするほうりつせこうきそく,令和七年四月一日
409M50000050001,府省令,株式の消却の手続に関する商法の特例に関する法律第四条に規定する取引に関する命令,かぶしきのしょうきゃくのてつづきにかんするしょうほうのとくれいにかんするほうりつだいよんじょうにきていするとりひきにかんするめいれい,平成十二年七月一日
409M50000080033,府省令,大学の教員等の任期に関する法律第三条第一項等の規定に基づく任期に関する規則に記載すべき事項及び同規則の公表の方法に関する省令,だいがくのきょういんとうのにんきにかんするほうりつだいさんじょうだいいっこうとうのきていにもとづくにんきにかんするきそくにきさいすべきじこうおよびどうきそくのこうひょうのほうほうにかんするしょうれい,平成十六年四月一日
409M50000080040,府省令,小学校及び中学校の教諭の普通免許状授与に係る教育職員免許法の特例等に関する法律施行規則,しょうがっこうおよびちゅうがっこうのきょうゆのふつうめんきょじょうじゅよにかかるきょういくめんきょほうのとくれいとうにかんするほうりつしこうきそく,令和七年十月一日
409M50000080041,府省令,日本私立学校振興・共済事業団法施行規則,にほんしりつがっこうしんこうきょうさいじぎょうだんほうしこうきそく,令和七年四月一日
409M50000080042,府省令,日本私立学校振興・共済事業団の財務及び会計に関する省令,にほんしりつがっこうしんこうきょうさいじぎょうだんのざいむおよびかいけいにかんするしょうれい,令和四年三月三十一日
409M50000100014,府省令,給水装置の構造及び材質の基準に関する省令,きゅうすいそうちのこうぞうおよびざいしつのきじゅんにかんするしょうれい,令和六年四月一日
409M50000100021,府省令,医薬品の安全性に関する非臨床試験の実施の基準に関する省令,いやくひんのあんぜんせいにかんするひりんしょうしけんのじっしのきじゅんにかんするしょうれい,令和八年五月一日
409M50000100028,府省令,医薬品の臨床試験の実施の基準に関する省令,いやくひんのりんしょうしけんのじっしのきじゅんにかんするしょうれい,令和八年五月一日
409M50000100047,府省令,水道法第二十五条の十二第一項に規定する指定試験機関を指定する省令,すいどうほうだいにじゅうごじょうのじゅうにだいいっこうにきていするしていしけんきかんをしていするしょうれい,平成二十六年十二月二十二日
409M50000100060,府省令,民間活動に係る規制の改善及び行政事務の合理化のための厚生省関係法律の一部を改正する法律附則第二条第二項の届出に関する省令,みんかんかつどうにかかるきせいのかいぜんおよびぎょうせいじむのごうりかのためのこうせいしょうかんけいほうりつのいちぶをかいせいするほうりつふそくだいにじょうだいにこうのとどけでにかんするしょうれい,平成十年四月一日
409M50000100068,府省令,廃棄物の処理及び清掃に関する法律施行令の一部を改正する政令附則第二条第三項及び第四項の規定による届出に関する省令,はいきぶつのしょりおよびせいそうにかんするほうりつしこうれいのいちぶをかいせいするせいれいふそくだいにじょうだいさんこうおよびだいよんこうのきていによるとどけでにかんするしょうれい,平成九年十二月一日
409M50000100078,府省令,臓器の移植に関する法律施行規則,ぞうきのいしょくにかんするほうりつしこうきそく,令和七年十月八日
409M50000200074,府省令,動物用医薬品の安全性に関する非臨床試験の実施の基準に関する省令,どうぶつよういやくひんのあんぜんせいにかんするひりんしょうしけんのじっしのきじゅんにかんするしょうれい,令和八年五月一日
409M50000200075,府省令,動物用医薬品の臨床試験の実施の基準に関する省令,どうぶつよういやくひんのりんしょうしけんのじっしのきじゅんにかんするしょうれい,令和八年五月一日
409M50000240001,府省令,農林中央金庫及び特定農水産業協同組合等による信用事業の再編及び強化に関する法律施行規則,のうりんちゅうおうきんこおよびとくていのうすいさんぎょうきょうどうくみあいとうによるしんようじぎょうのさいへんおよびきょうかにかんするほうりつせこうきそく,令和七年十月一日
409M50000400011,府省令,液化石油ガスの保安の確保及び取引の適正化に関する法律施行規則,えきかせきゆがすのほあんのかくほおよびとりひきのてきせいかにかんするほうりつしこうきそく,令和七年十二月二十五日
409M50000400023,府省令,高圧ガス保安法に基づく指定試験機関等に関する省令,こうあつがすほあんほうにもとづくしていしけんきかんとうにかんするしょうれい,令和七年四月一日
409M50000400027,府省令,高圧ガス保安法に基づく外国容器等製造業者及び外国特定設備製造業者の登録申請手数料の額の計算に関する省令,こうあつがすほあんほうにもとづくがいこくようきとうせいぞうぎょうしゃおよびがいこくとくていせつびせいぞうぎょうしゃのとうろくしんせいてすうりょうのがくのけいさんにかんするしょうれい,令和七年四月一日
409M50000400050,府省令,発電用水力設備に関する技術基準を定める省令,はつでんようすいりょくせつびにかんするぎじゅつきじゅんをさだめるしょうれい,平成二十一年四月一日
409M50000400051,府省令,発電用火力設備に関する技術基準を定める省令,はつでんようかりょくせつびにかんするぎじゅつきじゅんをさだめるしょうれい,令和八年六月一日
409M50000400052,府省令,電気設備に関する技術基準を定める省令,でんきせつびにかんするぎじゅつきじゅんをさだめるしょうれい,令和五年三月二十日
409M50000400053,府省令,発電用風力設備に関する技術基準を定める省令,はつでんようふうりょくせつびにかんするぎじゅつきじゅんをさだめるしょうれい,令和六年十月一日
409M50000800020,府省令,船員に関する中小企業退職金共済法の一部を改正する法律の施行に関する省令,せんいんにかんするちゅうしょうきぎょうたいしょくきんきょうさいほうのいちぶをかいせいするほうりつのしこうにかんするしょうれい,平成九年四月一日
409M50000800025,府省令,航空法の一部を改正する法律の施行に伴う経過措置を定める省令,こうくうほうのいちぶをかいせいするほうりつのせこうにともなうけいかそちをさだめるしょうれい,令和三年一月一日
409M50000800039,府省令,外国人観光旅客の来訪の促進等による国際観光の振興に関する法律施行規則,がいこくじんかんこうりょかくのらいほうのそくしんとうによるこくさいかんこうのしんこうにかんするほうりつしこうきそく,令和七年四月一日
409M50000800048,府省令,私的独占の禁止及び公正取引の確保に関する法律の適用除外制度の整理等に関する法律第十六条及び第二十条の施行に伴う経過措置を定める省令,してきどくせんのきんしおよびこうせいとりひきのかくほにかんするほうりつのてきようじょがいせいどのせいりとうにかんするほうりつだいじゅうろくじょうおよびだいにじゅうじょうのしこうにともなうけいかそちをさだめるしょうれい,平成九年七月二十日
409M50000800058,府省令,航空法関係手数料規則,こうくうほうかんけいてすうりょうきそく,令和七年四月一日
409M50000D00004,府省令,産業標準化法に基づく登録試験事業者等に関する省令,さんぎょうひょうじゅんかほうにもとづくとうろくしけんじぎょうしゃとうにかんするしょうれい,令和二年十二月二十八日
409M50000F40001,府省令,自動車損害賠償保障法第二十八条の三第一項に規定する準備金の積立て等に関する命令,じどうしゃそんがいばいしょうほしょうほうだいにじゅうはちじょうのさんだいいっこうにきていするじゅんびきんのつみたてとうにかんするめいれい,平成二十八年四月一日
409M50001000072,府省令,特定無線局の開設の根本的基準,とくていむせんきょくのかいせつのこんぽんてききじゅん,平成二十三年三月一日
409M50001000074,府省令,測定器等の較正に関する規則,そくていきとうのこうせいにかんするきそく,平成三十一年四月一日
409M50001000076,府省令,登録検査等事業者等規則,とうろくけんさとうじぎょうしゃとうきそく,令和九年四月一日
409M50001000090,府省令,日本電信電話株式会社の事業の引継ぎ並びに権利及び義務の承継に関する実施計画に関する省令,にほんでんしんでんわかぶしきがいしゃのじぎょうのひきつぎならびにけんりおよびぎむのしょうけいにかんするじっしけいかくにかんするしょうれい,平成九年十二月十九日
409M50001000091,府省令,第一種指定電気通信設備接続会計規則,だいいっしゅしていでんきつうしんせつびせつぞくかいけいきそく,令和八年四月一日
409M50002000018,府省令,中小企業退職金共済法の一部を改正する法律の施行に関する省令,ちゅうしょうきぎょうたいしょくきんきょうさいほうのいちぶをかいせいするほうりつのしこうにかんするしょうれい,平成九年三月三十一日
409M50002000030,府省令,中小企業退職金共済法施行令の一部を改正する政令の施行に伴う経過措置に関する省令,ちゅうしょうきぎょうたいしょくきんきょうさいほうしこうれいのいちぶをかいせいするせいれいのしこうにともなうけいかそちにかんするしょうれい,平成十年四月一日
409M50004000015,府省令,密集市街地における防災街区の整備の促進に関する法律施行規則,みっしゅうしがいちにおけるぼうさいがいくのせいびのそくしんにかんするほうりつしこうきそく,令和六年四月一日
409M50400000013,規則,指掌紋取扱規則,ししょうもんとうとりあつかいきそく,令和七年四月一日
409RJNJ09102000,規則,人事院規則九―一〇二（研究員調整手当）,じんじいんきそくきゅうのひゃくにけんきゅういんちょうせいてあて,平成三十年四月一日
409RJNJ20000000,規則,人事院規則二〇―〇（任期付研究員の採用、給与及び勤務時間の特例）,じんじいんきそくにじゅうのぜろにんきつきけんきゅういんのさいようきゅうよおよびきんむじかんのとくれい,令和四年十月一日
410AC0000000025,法律,電子計算機を使用して作成する国税関係帳簿書類の保存方法等の特例に関する法律,でんしけいさんきをしようしてさくせいするこくぜいかんけいちょうぼしょるいのほぞんほうほうとうのとくれいにかんするほうりつ,令和九年一月一日
410AC0000000035,法律,平成十年度における財政運営のための公債の発行の特例等に関する法律,へいせいじゅうねんどにおけるざいせいうんえいのためのこうさいのはっこうのとくれいとうにかんするほうりつ,平成十九年四月一日
410AC0000000036,法律,中部国際空港の設置及び管理に関する法律,ちゅうぶこくさいくうこうのせっちおよびかんりにかんするほうりつ,令和七年六月一日
410AC0000000052,法律,大学等における技術に関する研究成果の民間事業者への移転の促進に関する法律,だいがくとうにおけるぎじゅつにかんするけんきゅうせいかのみんかんじぎょうしゃへのいてんのそくしんにかんするほうりつ,平成三十一年四月一日
410AC0000000053,法律,特定公共電気通信システム開発関連技術に関する研究開発の推進に関する法律,とくていこうきょうでんきつうしんしすてむかいはつかんれんぎじゅつにかんするけんきゅうかいはつのすいしんにかんするほうりつ,平成二十七年四月一日
410AC0000000076,法律,平成十四年ワールドカップサッカー大会特別措置法,へいせいじゅうよんねんわーるどかっぷさっかーたいかいとくべつそちほう,平成十三年十一月二十八日
410AC0000000083,法律,種苗法,しゅびょうほう,令和八年五月二十一日
410AC0000000090,法律,投資事業有限責任組合契約に関する法律,とうしじぎょうゆうげんせきにんくみあいけいやくにかんするほうりつ,令和七年四月一日
410AC0000000091,法律,大規模小売店舗立地法,だいきぼこうりてんぽりっちほう,平成十三年四月一日
410AC0000000092,法律,中心市街地の活性化に関する法律,ちゅうしんしがいちのかっせいかにかんするほうりつ,令和七年十月一日
410AC0000000097,法律,特定家庭用機器再商品化法,とくていかていようききさいしょうひんかほう,令和二年四月一日
410AC0000000099,法律,美術品の美術館における公開の促進に関する法律,びじゅつひんのびじゅつかんにおけるこうかいのそくしんにかんするほうりつ,令和五年四月一日
410AC0000000103,法律,中央省庁等改革基本法,ちゅうおうしょうちょうとうかいかくきほんほう,平成十三年一月六日
410AC0000000104,法律,動産及び債権の譲渡の対抗要件に関する民法の特例等に関する法律,どうさんおよびさいけんのじょうとのたいこうようけんにかんするみんぽうのとくれいとうにかんするほうりつ,令和九年十二月五日
410AC0000000105,法律,資産の流動化に関する法律,しさんのりゅうどうかにかんするほうりつ,令和十年六月十三日
410AC0000000108,法律,金融機関等が行う特定金融取引の一括清算に関する法律,きんゆうきかんとうがおこなうとくていきんゆうとりひきのいっかつせいさんにかんするほうりつ,令和七年五月一日
410AC0000000114,法律,感染症の予防及び感染症の患者に対する医療に関する法律,かんせんしょうのよぼうおよびかんせんしょうのかんじゃにたいするいりょうにかんするほうりつ,令和十年十二月十一日
410AC0000000116,法律,対人地雷の製造の禁止及び所持の規制等に関する法律,たいじんじらいのせいぞうのきんしおよびしょじのきせいとうにかんするほうりつ,令和七年六月一日
410AC0000000117,法律,地球温暖化対策の推進に関する法律,ちきゅうおんだんかたいさくのすいしんにかんするほうりつ,令和八年一月一日
410AC0000000136,法律,日本国有鉄道清算事業団の債務等の処理に関する法律,にほんこくゆうてつどうせいさんじぎょうだんのさいむとうのしょりにかんするほうりつ,令和七年六月一日
410AC0000000137,法律,一般会計における債務の承継等に伴い必要な財源の確保に係る特別措置に関する法律,いっぱんかいけいにおけるさいむのしょうけいとうにともないひつようなざいげんのかくほにかかるとくべつそちにかんするほうりつ,令和八年五月二十五日
410AC0000000150,法律,財政構造改革の推進に関する特別措置法の停止に関する法律,ざいせいこうぞうかいかくのすいしんにかんするとくべつそちほうのていしにかんするほうりつ,平成十年十二月十八日
410AC0100000066,法律,被災者生活再建支援法,ひさいしゃせいかつさいけんしえんほう,令和七年六月一日
410AC1000000007,法律,特定非営利活動促進法,とくていひえいりかつどうそくしんほう,令和七年六月一日
410AC1000000034,法律,土地の再評価に関する法律,とちのさいひょうかにかんするほうりつ,平成十八年五月一日
410AC1000000041,法律,優良田園住宅の建設の促進に関する法律,ゆうりょうでんえんじゅうたくのけんせつのそくしんにかんするほうりつ,平成三十年十一月十六日
410AC1000000045,法律,オウム真理教に係る破産手続における国の債権に関する特例に関する法律,おうむしんりきょうにかかるはさんてつづきにおけるくにのさいけんにかんするとくれいにかんするほうりつ,平成十年四月二十四日
410AC1000000063,法律,スポーツ振興投票の実施等に関する法律,すぽーつしんこうとうひょうのじっしとうにかんするほうりつ,令和七年六月一日
410AC1000000126,法律,債権管理回収業に関する特別措置法,さいけんかんりかいしゅうぎょうにかんするとくべつそちほう,令和十年六月十三日
410AC1000000130,法律,金融庁設置法,きんゆうちょうせっちほう,令和八年八月六日
410AC1000000132,法律,金融機能の再生のための緊急措置に関する法律,きんゆうきのうのさいせいのためのきんきゅうそちにかんするほうりつ,令和七年六月一日
410AC1000000143,法律,金融機能の早期健全化のための緊急措置に関する法律,きんゆうきのうのそうきけんぜんかのためのきんきゅうそちにかんするほうりつ,令和元年五月二十四日
410AC1000000151,法律,破綻金融機関等の融資先である中堅事業者に係る信用保険の特例に関する臨時措置法,はたんきんゆうきかんとうのゆうしさきであるちゅうけんじぎょうしゃにかかるしんようほけんのとくれいにかんするりんじそちほう,平成二十七年十月一日
410CO0000000005,政令,精神保健福祉士法施行令,せいしんほけんふくししほうしこうれい,令和七年十月一日
410CO0000000028,政令,預金保険機構債令,よきんほけんきこうさいれい,令和二年四月一日
410CO0000000119,政令,土地の再評価に関する法律施行令,とちのさいひょうかにかんするほうりつしこうれい,平成十八年二月一日
410CO0000000121,政令,中部国際空港の設置及び管理に関する法律施行令,ちゅうぶこくさいくうこうのせっちおよびかんりにかんするほうりつしこうれい,平成十八年五月一日
410CO0000000178,政令,出入国管理及び難民認定法施行令,しゅつにゅうこくかんりおよびなんみんにんていほうせこうれい,令和八年六月十四日
410CO0000000197,政令,平成十年度における旧令による共済組合等からの年金受給者のための特別措置法等の規定による年金の額の改定に関する政令,へいせいじゅうねんどにおけるきゅうれいによるきょうさいくみあいとうからのねんきんじゅきゅうしゃのためのとくべつそちほうとうのきていによるねんきんのがくのかいていにかんするせいれい,令和六年四月二十五日
410CO0000000202,政令,平成十年度における旧私立学校教職員共済組合法の規定による年金等の額の改定に関する政令,へいせいじゅうねんどにおけるきゅうしりつがっこうきょうしょくいんきょうさいくみあいほうのきていによるねんきんとうのがくのかいていにかんするせいれい,平成十年六月五日
410CO0000000220,政令,中央省庁等改革推進本部の組織等に関する政令,ちゅうおうしょうちょうとうかいかくすいしんほんぶのそしきとうにかんするせいれい,平成十二年六月七日
410CO0000000235,政令,投資事業有限責任組合契約に関する法律施行令,とうしじぎょうゆうげんせきにんくみあいけいやくにかんするほうりつしこうれい,令和七年四月一日
410CO0000000254,政令,優良田園住宅の建設の促進に関する法律施行令,ゆうりょうでんえんじゅうたくのけんせつのそくしんにかんするほうりつしこうれい,平成十年七月十五日
410CO0000000263,政令,中心市街地の活性化に関する法律施行令,ちゅうしんしがいちにかっせいかにかんするほうりつしこうれい,令和六年三月十五日
410CO0000000265,政令,大学等における技術に関する研究成果の民間事業者への移転の促進に関する法律施行令,だいがくとうにおけるぎじゅつにかんするけんきゅうせいかのみんかんじぎょうしゃへのいてんのそくしんにかんするほうりつしこうれい,令和七年四月一日
410CO0000000296,政令,動産・債権譲渡登記令,どうさんさいけんじょうととうきれい,令和四年四月一日
410CO0000000299,政令,言語聴覚士法施行令,げんごちょうかくしほうしこうれい,令和五年九月二十九日
410CO0000000327,政令,大規模小売店舗立地法施行令,だいきぼこうりてんぽりっちほうしこうれい,平成十二年六月一日
410CO0000000335,政令,日本国有鉄道清算事業団の債務等の処理に関する法律施行令,にほんこくゆうてつどうせいさんじぎょうだんのさいむとうのしょりにかんするほうりつせこうれい,令和三年四月一日
410CO0000000338,政令,金融機能の再生のための緊急措置に関する法律施行令,きんゆうきのうのさいせいのためのきんきゅうそちにかんするほうりつせこうれい,平成二十六年三月六日
410CO0000000342,政令,金融機能の早期健全化のための緊急措置に関する法律施行令,きんゆうきのうのそうきけんぜんかのためのきんきゅうそちにかんするほうりつしこうれい,平成二十四年四月一日
410CO0000000345,政令,たばこ特別税に関する政令,たばことくべつぜいにかんするせいれい,令和六年十月一日
410CO0000000361,政令,被災者生活再建支援法施行令,ひさいしゃせいかつさいけんしえんほうしこうれい,令和三年五月二十日
410CO0000000363,政令,スポーツ振興投票の実施等に関する法律施行令,すぽーつしんこうとうひょうのじっしとうにかんするほうりつしこうれい,令和二年十二月十九日
410CO0000000368,政令,種苗法施行令,しゅびょうほうせこうれい,令和四年四月一日
410CO0000000371,政令,金融機関等が行う特定金融取引の一括清算に関する法律施行令,きんゆうきかんとうがおこなうとくていきんゆうとりひきのいっかつせいさんにかんするほうりつしこうれい,平成二十三年一月一日
410CO0000000378,政令,特定家庭用機器再商品化法施行令,とくていかていようききさいしょうひんかほうしこうれい,令和七年六月一日
410CO0000000380,政令,平成十年九月十五日から十月二日までの間における前線による豪雨及び暴風雨により発生した災害についての激甚災害の指定並びにこれに対し適用すべき措置の指定に関する政令,へいせいじゅうねんくがつじゅうごにちからじゅうがつふつかまでのまにおけるぜんせんによるごううおよびぼうふううによりはっせいしたさいがいについてのげきじんさいがいのしていならびにこれにたいしてきようすべきそちのしていにかんするせいれい,平成十年十二月二日
410CO0000000381,政令,平成十年九月十五日から十月二日までの間における前線による豪雨及び暴風雨についての天災による被害農林漁業者等に対する資金の融通に関する暫定措置法の適用に関する政令,へいせいじゅうねんくがつじゅうごにちからじゅうがつふつかまでのまにおけるぜんせんによるごううおよびぼうふううについてのてんさいによるひがいのうりんぎょぎょうものとうにたいするしきんのゆうづうにかんするざんていそちほうのてきようにかんするせいれい,平成十年十二月二日
410CO0000000392,政令,金融庁組織令,きんゆうちょうそしきれい,令和八年五月二十五日
410CO0000000404,政令,破綻金融機関等の融資先である中堅事業者に係る信用保険の特例に関する臨時措置法施行令,はたんきんゆうきかんとうのゆうしさきであるちゅうけんじぎょうしゃにかかるしんようほけんのとくれいにかんするりんじそちほうせこうれい,平成二十五年九月二十日
410CO0000000412,政令,介護保険法施行令,かいごほけんほうしこうれい,令和八年四月一日
410CO0000000413,政令,介護保険の国庫負担金の算定等に関する政令,かいごほけんのこっこふたんきんのさんていとうにかんするせいれい,令和八年三月十八日
410CO0000000420,政令,感染症の予防及び感染症の患者に対する医療に関する法律施行令,かんせんしょうのよぼうおよびかんせんしょうのかんじゃにたいするいりょうにかんするほうりつしこうれい,令和七年四月一日
410M50000002032,府省令,法人土地・建物基本調査規則,ほうじんとちたてものきほんちょうさきそく,令和七年四月一日
410M50000002037,府省令,環境影響評価法施行規則,かんきょうえいきょうひょうかほうしこうきそく,令和八年四月一日
410M50000002038,府省令,防衛省が行う飛行場及びその施設の設置又は変更の事業に係る計画段階配慮事項に係る調査、予測及び評価に関する指針、環境影響評価の項目並びに当該項目に係る調査、予測及び評価を合理的に行うための手法を選定するための指針、環境の保全のための措置に関する指針等を定める省令,ぼうえいしょうがおこなうひこうじょうおよびそのしせつのせっちまたはへんこうのじぎょうにかかるけいかくだんかいはいりょじこうにかかるちょうさよそくおよびひょうかにかんするししんかんきょうえいきょうひょうかのこうもくならびにとうがいこうもくにかかるちょうさよそくおよびひょうかをごうりてきにおこなうためのしゅほうをせんていするためのししんかんきょうのほぜんのためのそちにかんするししんとうをさだめるしょうれい,令和八年四月一日
410M50000002068,府省令,被災者生活再建支援法施行規則,ひさいしゃせいかつさいけんしえんほうしこうきそく,平成十九年十二月十四日
410M50000002081,府省令,金融庁組織規則,きんゆうちょうそしききそく,令和八年五月二十五日
410M50000008028,府省令,地方財政法第三十三条の五第二項第一号イ及びロ並びに第二号の額の算定に関する省令,ちほうざいせいほうだいさんじゅうさんじょうのごだいにこうだいいちごういおよびろならびにだいにごうのがくのさんていにかんするしょうれい,平成十年五月三十一日
410M50000010037,府省令,特定目的会社登記規則,とくていもくてきかいしゃとうききそく,令和六年十月一日
410M50000010039,府省令,動産・債権譲渡登記規則,どうさんさいけんじょうととうききそく,令和七年十月一日
410M50000010047,府省令,投資事業有限責任組合契約及び有限責任事業組合契約登記規則,とうしじぎょうゆうげんせきにんくみあいけいやくおよびゆうげんせきにんじぎょうくみあいけいやくとうききそく,令和八年二月二日
410M50000010051,府省令,投資法人登記規則,とうしほうじんとうききそく,令和六年十月一日
410M50000040003,府省令,日本銀行法施行規則,にほんぎんこうほうしこうきそく,平成二十七年十一月二十六日
410M50000040006,府省令,預金保険機構に交付される国債の発行等に関する省令,よきんほけんきこうにこうふされるこくさいのはっこうとうにかんするしょうれい,平成十二年六月三十日
410M50000040029,府省令,外国為替の取引等の報告に関する省令,がいこくかわせのとりひきとうのほうこくにかんするしょうれい,令和八年四月一日
410M50000040030,府省令,外国為替及び外国貿易法第六十八条第二項に規定する証票等の様式を定める省令,がいこくかわせおよびがいこくぼうえきほうだいろくじゅうはちじょうだいにこうにきていするしょうひょうとうのようしきをさだめるしょうれい,令和五年六月一日
410M50000040035,府省令,政府が承継した日本国有鉄道清算事業団債務に係る国債の取扱い等に関する省令,せいふがしょうけいしたにほんこくゆうてつどうせいさんじぎょうだんさいむにかかるこくさいのとりあつかいとうにかんするしょうれい,平成十三年一月六日
410M50000040043,府省令,電子計算機を使用して作成する国税関係帳簿書類の保存方法等の特例に関する法律施行規則,でんしけいさんきをしようしてさくせいするこくぜいかんけいちょうぼしょるいのほぞんほうほうとうのとくれいにかんするほうりつしこうきそく,令和九年一月一日
410M50000040098,府省令,株式会社日本政策金融公庫法等に規定する検査身分証明書等の様式を定める省令,かぶしきがいしゃにっぽんせいさくきんゆうこうこほうとうにきていするけんさみぶんしょうめいしょとうのようしきをさだめるしょうれい,令和七年六月十三日
410M50000040117,府省令,承継銀行等が取得した不動産に関する権利の移転登記の登録免許税の免税を受けるための手続に関する省令,しょうけいぎんこうとうがしゅとくしたふどうさんにかんするけんりのいてんとうきのとうろくめんきょぜいのめんぜいをうけるためのてつづきにかんするしょうれい,平成十年十月二十三日
410M50000040118,府省令,特別合併により新会社が受ける登記の登録免許税の免税を受けるための手続に関する省令,とくべつがっぺいによりしんがいしゃがうけるとうきのとうろくめんきょぜいのめんぜいをうけるためのてつづきにかんするしょうれい,平成十年十月二十三日
410M50000040119,府省令,承継銀行等が取得した不動産に関する権利の移転登記の登録免許税の免税を受けるための手続に関する省令,しょうけいぎんこうとうがしゅとくしたふどうさんにかんするけんりのいてんとうきのとうろくめんきょぜいのめんぜいをうけるためのてつづきにかんするしょうれい,平成二十六年三月六日
410M50000040122,府省令,たばこ特別税に関する省令,たばことくべつぜいにかんするしょうれい,平成二十七年四月一日
410M50000040123,府省令,地震保険に係る再保険金の概算払に関する省令,じしんほけんにかかるさいほけんきんのがいさんばらいにかんするしょうれい,令和二年十一月九日
410M50000040124,府省令,保険契約者等の保護のための特別の措置等に関する命令,ほけんけいやくしゃとうのほごのためのとくべつのそちとうにかんするめいれい,令和五年十二月二十七日
410M50000040125,府省令,投資者保護基金に関する命令,とうししゃほごききんにかんするめいれい,令和五年十二月二十七日
410M50000042016,府省令,金融機能の再生のための緊急措置に関する法律第六十条に規定する預金保険機構の業務の特例に係る業務方法書の記載事項に関する命令,きんゆうきのうのさいせいのためのきんきゅうそちにかんするほうりつだいろくじゅうじょうにきていするよきんほけんきこうのぎょうむのとくれいにかかるぎょうむほうほうかきのきさいじこうにかんするめいれい,平成十三年四月一日
410M50000042020,府省令,金融機能の早期健全化のための緊急措置に関する法律第十四条に規定する金融機能早期健全化業務に係る業務方法書の記載事項に関する命令,きんゆうきのうのそうきけんぜんかのためのきんきゅうそちにかんするほうりつだいじゅうよんじょうにきていするきんゆうきのうそうきけんぜんかぎょうむにかかるぎょうむほうほうかきのきさいじこうにかんするめいれい,平成十三年四月一日
410M50000042048,府省令,金融機関等が行う特定金融取引の一括清算に関する法律施行規則,きんゆうきかんとうがおこなうとくていきんゆうとりひきのいっかつせいさんにかんするほうりつせこうきそく,令和二年五月一日
410M50000042054,府省令,金融システム改革のための関係法律の整備等に関する法律附則第四十三条第一項に規定する資金の貸付けを定める命令,きんゆうしすてむかいかくのためのかんけいほうりつのせいびとうにかんするほうりつふそくだいよんじゅうさんじょうだいいっこうにきていするしきんのかしつけをさだめるめいれい,平成十三年一月六日
410M50000080039,府省令,スポーツ振興投票の実施等に関する法律施行規則,すぽーつしんこうとうひょうのじっしとうにかんするほうりつしこうきそく,令和六年八月九日
410M50000080043,府省令,美術品の美術館における公開の促進に関する法律施行規則,びじゅつひんのびじゅつかんにおけるこうかいのそくしんにかんするほうりつせこうきそく,令和三年四月一日
410M500000C2001,府省令,スポーツ振興投票に係る業務の委託を受けた金融機関の業務の運営に関する命令,すぽーつしんこうとうひょうにかかるぎょうむのいたくをうけたきんゆうきかんのぎょうむのうんえいにかんするめいれい,平成十三年一月六日
410M50000100004,府省令,理容師法施行規則,りようしほうしこうきそく,令和五年十二月十三日
410M50000100005,府省令,理容師養成施設指定規則,りようしようせいしせつしていきそく,令和四年十月一日
410M50000100006,府省令,理容師法に基づく指定試験機関及び指定登録機関に関する省令,りようしほうにもとづくしていしけんきかんおよびしていとうろくきかんにかんするしょうれい,令和五年十二月二十七日
410M50000100007,府省令,美容師法施行規則,びようしほうしこうきそく,令和五年十二月十三日
410M50000100008,府省令,美容師養成施設指定規則,びようしようせいしせつしていきそく,令和四年十月一日
410M50000100009,府省令,美容師法に基づく指定試験機関及び指定登録機関に関する省令,びようしほうにもとづくしていしけんきかんおよびしていとうろくきかんにかんするしょうれい,令和五年十二月二十七日
410M50000100011,府省令,精神保健福祉士法施行規則,せいしんほけんふくししほうせこうきそく,令和八年四月一日
410M50000100012,府省令,精神保健福祉士短期養成施設等及び精神保健福祉士一般養成施設等指定規則,せいしんほけんふくししたんきようせいしせつとうおよびせいしんほけんふくししいっぱんようせいしせつとうしていきそく,令和八年四月一日
410M50000100013,府省令,精神保健福祉士法に基づく指定試験機関及び指定登録機関に関する省令,せいしんほけんふくししほうにもとづくしていしけんきかんおよびしていとうろくきかんにかんするしょうれい,令和六年五月二十七日
410M50000100020,府省令,船員保険法第五十四条第二項の規定に基づき船員保険の療養の給付の担当又は船員保険の診療の準則を定める省令,せんいんほけんほうだいごじゅうよんじょうだいにこうのきていにもとづきせんいんほけんのりょうようのきゅうふのたんとうまたはせんいんほけんのしんりょうのじゅんそくをさだめるしょうれい,平成二十二年一月一日
410M50000100061,府省令,廃棄物の最終処分場事業に係る環境影響評価の項目並びに当該項目に係る調査、予測及び評価を合理的に行うための手法を選定するための指針、環境の保全のための措置に関する指針等を定める省令,はいきぶつのさいしゅうしょぶんばじぎょうにかかるかんきょうえいきょうひょうかのこうもくならびにとうがいこうもくにかかるちょうさよそくおよびひょうかをごうりてきにおこなうためのしゅほうをせんていするためのししんかんきょうのほぜんのためのそちにかんするししんとうをさだめるしょうれい,令和八年四月一日
410M50000100074,府省令,言語聴覚士法施行規則,げんごちょうかくしほうしこうきそく,令和四年八月三十日
410M50000100075,府省令,言語聴覚士法に基づく指定登録機関及び指定試験機関に関する省令,げんごちょうかくしほうにもとづくしていとうろくきかんおよびしていしけんきかんにかんするしょうれい,平成二十七年四月一日
410M50000100099,府省令,感染症の予防及び感染症の患者に対する医療に関する法律施行規則,かんせんしょうのよぼうおよびかんせんしょうのかんじゃにたいするいりょうにかんするほうりつしこうきそく,令和八年四月六日
410M50000180002,府省令,言語聴覚士学校養成所指定規則,げんごちょうかくしがっこうようせいじょしていきそく,令和八年四月一日
410M50000200025,府省令,漁業協同組合合併促進法施行規則,ぎょぎょうきょうどうくみあいがっぺいそくしんほうしこうきそく,平成二十年十二月一日
410M50000200059,府省令,優良田園住宅の建設の促進に関する法律第四条第五項に規定する農林水産大臣に対する協議に関する省令,ゆうりょうでんえんじゅうたくのけんせつのそくしんにかんするほうりつだいよんじょうだいごこうにきていするのうりんすいさんだいじんにたいするきょうぎにかんするしょうれい,令和七年四月一日
410M50000200063,府省令,中心市街地の活性化に関する法律第五十四条に規定する業務に係る食品等持続的供給推進機構に関する省令,ちゅうしんしがいちのかっせいかにかんするほうりつだいごじゅうよんじょうにきていするぎょうむにかかるしょくひんとうじぞくてききょうきゅうすいしんきこうにかんするしょうれい,令和七年十月一日
410M50000200083,府省令,種苗法施行規則,しゅびょうほうしこうきそく,令和八年三月二十三日
410M50000200086,府省令,品種登録規則,ひんしゅとうろくきそく,令和八年四月一日
410M50000400008,府省令,貿易関係貿易外取引等に関する省令,ぼうえきかんけいぼうえきそととりひきとうにかんするしょうれい,令和七年十一月十五日
410M50000400054,府省令,発電所の設置又は変更の工事の事業に係る計画段階配慮事項の選定並びに当該計画段階配慮事項に係る調査、予測及び評価の手法に関する指針、環境影響評価の項目並びに当該項目に係る調査、予測及び評価を合理的に行うための手法を選定するための指針並びに環境の保全のための措置に関する指針等を定める省令,はつでんしょのせっちまたはへんこうのこうじのじぎょうにかかるけいかくだんかいはいりょじこうのせんていならびにとうがいけいかくだんかいはいりょじこうにかかるちょうさよそくおよびひょうかのしゅほうにかんするししんかんきょうえいきょうひょうかのこうもくならびにとうがいこうもくにかかるちょうさよそくおよびひょうかをごうりてきにおこなうためのしゅほうをせんていするためのししんならびにかんきょうのほぜんのためのそちにかんするししんとうをさだめるしょうれい,令和五年九月二十九日
410M50000800016,府省令,船舶構造規則,せんぱくこうぞうきそく,令和七年十二月二十四日
410M50000800019,府省令,中部国際空港の設置及び管理に関する法律施行規則,ちゅうぶこくさいくうこうのせっちおよびかんりにかんするほうりつしこうきそく,令和六年四月一日
410M50000800035,府省令,鉄道の建設及び改良の事業に係る環境影響評価の項目並びに当該項目に係る調査、予測及び評価を合理的に行うための手法を選定するための指針、環境の保全のための措置に関する指針等を定める省令,てつどうのけんせつおよびかいりょうのじぎょうにかかるかんきょうえいきょうひょうかのこうもくならびにとうがいこうもくにかかるちょうさよそくおよびひょうかをごうりてきにおこなうためのしゅほうをせんていするためのししんかんきょうのほぜんのためのそちにかんするししんとうをさだめるしょうれい,令和元年七月一日
410M50000800036,府省令,飛行場及びその施設の設置又は変更の事業に係る環境影響評価の項目並びに当該項目に係る調査、予測及び評価を合理的に行うための手法を選定するための指針、環境の保全のための措置に関する指針等を定める省令,ひこうじょうおよびそのしせつのせっちまたはへんこうのじぎょうにかかるかんきょうえいきょうひょうかのこうもくならびにとうがいこうもくにかかるちょうさよそくおよびひょうかをごうりてきにおこなうためのしゅほうをせんていするためのししんかんきょうのほぜんのためのそちにかんするししんとうをさだめるしょうれい,令和元年七月一日
410M50000800037,府省令,鉄道施設が都市施設として都市計画に定められる場合における当該都市施設に係る鉄道の建設及び改良の事業に係る環境影響評価の項目並びに当該項目に係る調査、予測及び評価を合理的に行うための手法を選定するための指針、環境の保全のための措置に関する指針等を定める省令,てつどうしせつがとししせつとしてとしけいかくにさだめられるばあいにおけるとうがいとししせつにかかるてつどうのけんせつおよびかいりょうのじぎょうにかかるかんきょうえいきょうひょうかのこうもくならびにとうがいこうもくにかかるちょうさよそくおよびひょうかをごうりてきにおこなうためのしゅほうをせんていするためのししんかんきょうのほぜんのためのそちにかんするししんとうをさだめるしょうれい,平成二十五年四月一日
410M50000800038,府省令,飛行場及びその施設が都市施設として都市計画に定められる場合における当該都市施設に係る飛行場及びその施設の設置又は変更の事業に係る環境影響評価の項目並びに当該項目に係る調査、予測及び評価を合理的に行うための手法を選定するための指針、環境の保全のための措置に関する指針等を定める省令,ひこうじょうおよびそのしせつがとししせつとしてとしけいかくにさだめられるばあいにおけるとうがいとししせつにかかるひこうじょうおよびそのしせつのせっちまたはへんこうのじぎょうにかかるかんきょうえいきょうひょうかのこうもくならびにとうがいこうもくにかかるちょうさよそくおよびひょうかをごうりてきにおこなうためのしゅほうをせんていするためのししんかんきょうのほぜんのためのそちにかんするししんとうをさだめるしょうれい,平成二十五年四月一日
410M50000800039,府省令,港湾環境影響評価の項目並びに当該項目に係る調査、予測及び評価を合理的に行うための手法を選定するための指針、環境の保全のための措置に関する指針等を定める省令,こうわんかんきょうえいきょうひょうかのこうもくならびにとうがいこうもくにかかるちょうさよそくおよびひょうかをごうりてきにおこなうためのしゅほうをせんていするためのししんかんきょうのほぜんのためのそちにかんするししんとうをさだめるしょうれい,平成二十七年六月一日
410M50000800066,府省令,装置型式指定規則,そうちかたしきしていきそく,令和八年三月三十一日
410M50000800070,府省令,日本国有鉄道清算事業団の債務等の処理に関する法律施行規則,にほんこくゆうてつどうせいさんじぎょうだんのさいむとうのしょりにかんするほうりつしこうきそく,令和五年九月二十九日
410M50001800001,府省令,特定公共電気通信システム開発関連技術に関する研究開発の推進に関する法律第二条第四号の情報を定める省令,とくていこうきょうでんきつうしんしすてむかいはつかんれんぎじゅつにかんするけんきゅうかいはつのすいしんにかんするほうりつだいにじょうだいよんごうのじょうほうをさだめるしょうれい,平成十三年一月六日
410M50002002001,府省令,労働金庫等に係る金融機能の再生のための緊急措置に関する法律施行規則,ろうどうきんことうにかかるきんゆうきのうのさいせいのためのきんきゅうそちにかんするほうりつせこうきそく,令和八年二月二十八日
410M50002202001,府省令,金融機能の早期健全化のための緊急措置に関する法律第二条に規定する定義に関する命令,きんゆうきのうのそうきけんぜんかのためのきんきゅうそちにかんするほうりつだいにじょうにきていするていぎにかんするめいれい,平成十年十月二十三日
410M50004000008,府省令,公営住宅等整備基準,こうえいじゅうたくとうせいびきじゅん,平成二十四年四月一日
410M50004000010,府省令,道路事業に係る環境影響評価の項目並びに当該項目に係る調査、予測及び評価を合理的に行うための手法を選定するための指針、環境の保全のための措置に関する指針等を定める省令,どうろじぎょうにかかるかんきょうえいきょうひょうかのこうもくならびにとうがいこうもくにかかるちょうさよそくおよびひょうかをごうりてきにおこなうためのしゅほうをせんていするためのししんかんきょうのほぜんのためのそちにかんするししんとうをさだめるしょうれい,令和元年七月一日
410M50004000011,府省令,湖沼水位調節施設事業に係る環境影響評価の項目並びに当該項目に係る調査、予測及び評価を合理的に行うための手法を選定するための指針、環境の保全のための措置に関する指針等を定める省令,こしょうすいいちょうせつしせつじぎょうにかかるかんきょうえいきょうひょうかのこうもくならびにとうがいこうもくにかかるちょうさよそくおよびひょうかをごうりてきにおこなうためのしゅほうをせんていするためのししんかんきょうのほぜんのためのそちにかんするししんとうをさだめるしょうれい,令和元年七月一日
410M50004000012,府省令,放水路事業に係る環境影響評価の項目並びに当該項目に係る調査、予測及び評価を合理的に行うための手法を選定するための指針、環境の保全のための措置に関する指針等を定める省令,ほうすいろじぎょうにかかるかんきょうえいきょうひょうかのこうもくならびにとうがいこうもくにかかるちょうさよそくおよびひょうかをごうりてきにおこなうためのしゅほうをせんていするためのししんかんきょうのほぜんのためのそちにかんするししんとうをさだめるしょうれい,令和元年七月一日
410M50004000013,府省令,土地区画整理事業に係る環境影響評価の項目並びに当該項目に係る調査、予測及び評価を合理的に行うための手法を選定するための指針、環境の保全のための措置に関する指針等を定める省令,とちくかくせいりじぎょうにかかるかんきょうえいきょうひょうかのこうもくならびにとうがいこうもくにかかるちょうさよそくおよびひょうかをごうりてきにおこなうためのしゅほうをせんていするためのししんかんきょうのほぜんのためのそちにかんするししんとうをさだめるしょうれい,令和元年七月一日
410M50004000014,府省令,新住宅市街地開発事業に係る環境影響評価の項目並びに当該項目に係る調査、予測及び評価を合理的に行うための手法を選定するための指針、環境の保全のための措置に関する指針等を定める省令,しんじゅうたくしがいちかいはつじぎょうにかかるかんきょうえいきょうひょうかのこうもくならびにとうがいこうもくにかかるちょうさよそくおよびひょうかをごうりてきにおこなうためのしゅほうをせんていするためのししんかんきょうのほぜんのためのそちにかんするししんとうをさだめるしょうれい,令和元年七月一日
410M50004000015,府省令,工業団地造成事業に係る環境影響評価の項目並びに当該項目に係る調査、予測及び評価を合理的に行うための手法を選定するための指針、環境の保全のための措置に関する指針等を定める省令,こうぎょうだんちぞうせいじぎょうにかかるかんきょうえいきょうひょうかのこうもくならびにとうがいこうもくにかかるちょうさよそくおよびひょうかをごうりてきにおこなうためのしゅほうをせんていするためのししんかんきょうのほぜんのためのそちにかんするししんとうをさだめるしょうれい,令和元年七月一日
410M50004000016,府省令,新都市基盤整備事業に係る環境影響評価の項目並びに当該項目に係る調査、予測及び評価を合理的に行うための手法を選定するための指針、環境の保全のための措置に関する指針等を定める省令,しんとしきばんせいびじぎょうにかかるかんきょうえいきょうひょうかのこうもくならびにとうがいこうもくにかかるちょうさよそくおよびひょうかをごうりてきにおこなうためのしゅほうをせんていするためのししんかんきょうのほぜんのためのそちにかんするししんとうをさだめるしょうれい,令和元年七月一日
410M50004000017,府省令,流通業務団地造成事業に係る環境影響評価の項目並びに当該項目に係る調査、予測及び評価を合理的に行うための手法を選定するための指針、環境の保全のための措置に関する指針等を定める省令,りゅうつうぎょうむだんちぞうせいじぎょうにかかるかんきょうえいきょうひょうかのこうもくならびにとうがいこうもくにかかるちょうさよそくおよびひょうかをごうりてきにおこなうためのしゅほうをせんていするためのししんかんきょうのほぜんのためのそちにかんするししんとうをさだめるしょうれい,令和元年七月一日
410M50004000018,府省令,独立行政法人都市再生機構が行う宅地の造成の事業に係る環境影響評価の項目並びに当該項目に係る調査、予測及び評価を合理的に行うための手法を選定するための指針、環境の保全のための措置に関する指針等を定める省令,どくりつぎょうせいほうじんとしさいせいきこうがおこなうたくちのぞうせいのじぎょうにかかるかんきょうえいきょうひょうかのこうもくならびにとうがいこうもくにかかるちょうさよそくおよびひょうかをごうりてきにおこなうためのしゅほうをせんていするためのししんかんきょうのほぜんのためのそちにかんするししんとうをさだめるしょうれい,令和元年七月一日
410M50004000019,府省令,道路が都市施設として都市計画に定められる場合における当該都市施設に係る道路事業に係る環境影響評価の項目並びに当該項目に係る調査、予測及び評価を合理的に行うための手法を選定するための指針、環境の保全のための措置に関する指針等を定める省令,どうろがとししせつとしてとしけいかくにさだめられるばあいにおけるとうがいとししせつにかかるどうろじぎょうにかかるかんきょうえいきょうひょうかのこうもくならびにとうがいこうもくにかかるちょうさよそくおよびひょうかをごうりてきにおこなうためのしゅほうをせんていするためのししんかんきょうのほぜんのためのそちにかんするししんとうをさだめるしょうれい,令和元年七月一日
410M50004000020,府省令,湖沼水位調節施設が都市施設として都市計画に定められる場合における当該都市施設に係る湖沼水位調節施設事業に係る環境影響評価の項目並びに当該項目に係る調査、予測及び評価を合理的に行うための手法を選定するための指針、環境の保全のための措置に関する指針等を定める省令,こしょうすいいちょうせつしせつがとししせつとしてとしけいかくにさだめられるばあいにおけるとうがいとししせつにかかるこしょうすいいちょうせつしせつじぎょうにかかるかんきょうえいきょうひょうかのこうもくならびにとうがいこうもくにかかるちょうさよそくおよびひょうかをごうりてきにおこなうためのしゅほうをせんていするためのししんかんきょうのほぜんのためのそちにかんするししんとうをさだめるしょうれい,令和元年七月一日
410M50004000021,府省令,放水路が都市施設として都市計画に定められる場合における当該都市施設に係る放水路事業に係る環境影響評価の項目並びに当該項目に係る調査、予測及び評価を合理的に行うための手法を選定するための指針、環境の保全のための措置に関する指針等を定める省令,ほうすいろがとししせつとしてとしけいかくにさだめられるばあいにおけるとうがいとししせつにかかるほうすいろじぎょうにかかるかんきょうえいきょうひょうかのこうもくならびにとうがいこうもくにかかるちょうさよそくおよびひょうかをごうりてきにおこなうためのしゅほうをせんていするためのししんかんきょうのほぜんのためのそちにかんするししんとうをさだめるしょうれい,令和元年七月一日
410M50004000022,府省令,土地区画整理事業が都市計画に定められる場合における当該土地区画整理事業に係る環境影響評価の項目並びに当該項目に係る調査、予測及び評価を合理的に行うための手法を選定するための指針、環境の保全のための措置に関する指針等を定める省令,とちくかくせいりじぎょうがとしけいかくにさだめられるばあいにおけるとうがいとちくかくせいりじぎょうにかかるかんきょうえいきょうひょうかのこうもくならびにとうがいこうもくにかかるちょうさよそくおよびひょうかをごうりてきにおこなうためのしゅほうをせんていするためのししんかんきょうのほぜんのためのそちにかんするししんとうをさだめるしょうれい,令和元年七月一日
410M50004000023,府省令,新住宅市街地開発事業が都市計画に定められる場合における当該新住宅市街地開発事業に係る環境影響評価の項目並びに当該項目に係る調査、予測及び評価を合理的に行うための手法を選定するための指針、環境の保全のための措置に関する指針等を定める省令,しんじゅうたくしがいちかいはつじぎょうがとしけいかくにさだめられるばあいにおけるとうがいしんじゅうたくしがいちかいはつじぎょうにかかるかんきょうえいきょうひょうかのこうもくならびにとうがいこうもくにかかるちょうさよそくおよびひょうかをごうりてきにおこなうためのしゅほうをせんていするためのししんかんきょうのほぜんのためのそちにかんするししんとうをさだめるしょうれい,令和元年七月一日
410M50004000024,府省令,工業団地造成事業が都市計画に定められる場合における当該工業団地造成事業に係る環境影響評価の項目並びに当該項目に係る調査、予測及び評価を合理的に行うための手法を選定するための指針、環境の保全のための措置に関する指針等を定める省令,こうぎょうだんちぞうせいじぎょうがとしけいかくにさだめられるばあいにおけるとうがいこうぎょうだんちぞうせいじぎょうにかかるかんきょうえいきょうひょうかのこうもくならびにとうがいこうもくにかかるちょうさよそくおよびひょうかをごうりてきにおこなうためのしゅほうをせんていするためのししんかんきょうのほぜんのためのそちにかんするししんとうをさだめるしょうれい,令和元年七月一日
410M50004000025,府省令,新都市基盤整備事業が都市計画に定められる場合における当該新都市基盤整備事業に係る環境影響評価の項目並びに当該項目に係る調査、予測及び評価を合理的に行うための手法を選定するための指針、環境の保全のための措置に関する指針等を定める省令,しんとしきばんせいびじぎょうがとしけいかくにさだめられるばあいにおけるとうがいしんとしきばんせいびじぎょうにかかるかんきょうえいきょうひょうかのこうもくならびにとうがいこうもくにかかるちょうさよそくおよびひょうかをごうりてきにおこなうためのしゅほうをせんていするためのししんかんきょうのほぜんのためのそちにかんするししんとうをさだめるしょうれい,令和元年七月一日
410M50004000026,府省令,流通業務団地が都市施設として都市計画に定められる場合における当該都市施設に係る流通業務団地造成事業に係る環境影響評価の項目並びに当該項目に係る調査、予測及び評価を合理的に行うための手法を選定するための指針、環境の保全のための措置に関する指針等を定める省令,りゅうつうぎょうむだんちがとししせつとしてとしけいかくにさだめられるばあいにおけるとうがいとししせつにかかるりゅうつうぎょうむだんちぞうせいじぎょうにかかるかんきょうえいきょうひょうかのこうもくならびにとうがいこうもくにかかるちょうさよそくおよびひょうかをごうりてきにおこなうためのしゅほうをせんていするためのししんかんきょうのほぜんのためのそちにかんするししんとうをさだめるしょうれい,令和元年七月一日
410M50004200001,府省令,優良田園住宅の建設の促進に関する法律施行規則,ゆうりょうでんえんじゅうたくのけんせつのそくしんにかんするほうりつしこうきそく,平成十三年一月六日
410M50004700001,府省令,ダム事業に係る環境影響評価の項目並びに当該項目に係る調査、予測及び評価を合理的に行うための手法を選定するための指針、環境の保全のための措置に関する指針等を定める省令,だむじぎょうにかかるかんきょうえいきょうひょうかのこうもくならびにとうがいこうもくにかかるちょうさよそくおよびひょうかをごうりてきにおこなうためのしゅほうをせんていするためのししんかんきょうのほぜんのためのそちにかんするししんとうをさだめるしょうれい,令和元年七月一日
410M50004700002,府省令,堰事業に係る環境影響評価の項目並びに当該項目に係る調査、予測及び評価を合理的に行うための手法を選定するための指針、環境の保全のための措置に関する指針等を定める省令,せきじぎょうにかかるかんきょうえいきょうひょうかのこうもくならびにとうがいこうもくにかかるちょうさよそくおよびひょうかをごうりてきにおこなうためのしゅほうをせんていするためのししんかんきょうのほぜんのためのそちにかんするししんとうをさだめるしょうれい,令和元年七月一日
410M50004700003,府省令,ダムが都市施設として都市計画に定められる場合における当該都市施設に係るダム事業に係る環境影響評価の項目並びに当該項目に係る調査、予測及び評価を合理的に行うための手法を選定するための指針、環境の保全のための措置に関する指針等を定める省令,だむがとししせつとしてとしけいかくにさだめられるばあいにおけるとうがいとししせつにかかるだむじぎょうにかかるかんきょうえいきょうひょうかのこうもくならびにとうがいこうもくにかかるちょうさよそくおよびひょうかをごうりてきにおこなうためのしゅほうをせんていするためのししんかんきょうのほぜんのためのそちにかんするししんとうをさだめるしょうれい,令和元年七月一日
410M50004700004,府省令,堰が都市施設として都市計画に定められる場合における当該都市施設に係る堰事業に係る環境影響評価の項目並びに当該項目に係る調査、予測及び評価を合理的に行うための手法を選定するための指針、環境の保全のための措置に関する指針等を定める省令,せきがとししせつとしてとしけいかくにさだめられるばあいにおけるとうがいとししせつにかかるせきじぎょうにかかるかんきょうえいきょうひょうかのこうもくならびにとうがいこうもくにかかるちょうさよそくおよびひょうかをごうりてきにおこなうためのしゅほうをせんていするためのししんかんきょうのほぜんのためのそちにかんするししんとうをさだめるしょうれい,令和元年七月一日
410M50004800002,府省令,軌道の建設及び改良の事業に係る環境影響評価の項目並びに当該項目に係る調査、予測及び評価を合理的に行うための手法を選定するための指針、環境の保全のための措置に関する指針等を定める省令,きどうのけんせつおよびかいりょうのじぎょうにかかるかんきょうえいきょうひょうかのこうもくならびにとうがいこうもくにかかるちょうさよそくおよびひょうかをごうりてきにおこなうためのしゅほうをせんていするためのししんかんきょうのほぜんのためのそちにかんするししんとうをさだめるしょうれい,令和元年七月一日
410M50004800003,府省令,鉄道施設が都市施設として都市計画に定められる場合における当該都市施設に係る鉄道の建設及び改良の事業に係る第二種事業の判定の基準等を定める省令,てつどうしせつがとししせつとしてとしけいかくにさだめられるばあいにおけるとうがいとししせつにかかるてつどうのけんせつおよびかいりょうのじぎょうにかかるだいにしゅじぎょうのはんていのきじゅんとうをさだめるしょうれい,令和元年七月一日
410M50004800004,府省令,新設軌道に係る線路が都市施設として都市計画に定められる場合における当該都市施設に係る軌道の建設及び改良の事業に係る環境影響評価の項目並びに当該項目に係る調査、予測及び評価を合理的に行うための手法を選定するための指針、環境の保全のための措置に関する指針等を定める省令,しんせつきどうにかかるせんろがとししせつとしてとしけいかくにさだめられるばあいにおけるとうがいとししせつにかかるきどうのけんせつおよびかいりょうのじぎょうにかかるかんきょうえいきょうひょうかのこうもくならびにとうがいこうもくにかかるちょうさよそくおよびひょうかをごうりてきにおこなうためのしゅほうをせんていするためのししんかんきょうのほぜんのためのそちにかんするししんとうをさだめるしょうれい,令和元年七月一日
410M50004800005,府省令,飛行場及びその施設が都市施設として都市計画に定められる場合における当該都市施設に係る飛行場及びその施設の設置又は変更の事業に係る第二種事業の判定の基準等を定める省令,ひこうじょうおよびそのしせつがとししせつとしてとしけいかくにさだめられるばあいにおけるとうがいとししせつにかかるひこうじょうおよびそのしせつのせっちまたはへんこうのじぎょうにかかるだいにしゅじぎょうのはんていのきじゅんとうをさだめるしょうれい,令和元年七月一日
410M50004A00001,府省令,公有水面の埋立て又は干拓の事業に係る環境影響評価の項目並びに当該項目に係る調査、予測及び評価を合理的に行うための手法を選定するための指針、環境の保全のための措置に関する指針等を定める省令,こうゆうすいめんのうめたててまたはかんたくのじぎょうにかかるかんきょうえいきょうひょうかのこうもくならびにとうがいこうもくにかかるちょうさよそくおよびひょうかをごうりてきにおこなうためのしゅほうをせんていするためのししんかんきょうのほぜんのためのそちにかんするししんとうをさだめるしょうれい,令和元年七月一日
410M50200000004,規則,私的独占の禁止及び公正取引の確保に関する法律の一部を改正する法律の施行に伴う経過措置を定める規則,してきどくせんのきんしおよびこうせいとりひきのかくほにかんするほうりつのいちぶをかいせいするほうりつのしこうにともなうけいかそちをさだめるきそく,平成十一年一月一日
410M50400000003,規則,交通安全活動推進センターに関する規則,こうつうあんぜんかつどうすいしんせんたーにかんするきそく,令和七年六月一日
410M50400000007,規則,国家公安委員会文書決裁規則,こっかこうあんいいんかいぶんしょけっさいきそく,令和二年十二月二十五日
410M50400000013,規則,指定自動車教習所等の教習の基準の細目に関する規則,していじどうしゃきょうしゅうじょとうのきょうしゅうのきじゅんのさいもくにかんするきそく,令和八年四月一日
410R00000005002,規則,金融機能の再生のための緊急措置に関する法律施行規則,きんゆうきのうのさいせいのためのきんきゅうそちにかんするほうりつしこうきそく,令和八年二月二十八日
410R00000005003,規則,金融機能の早期健全化のための緊急措置に関する法律施行規則,きんゆうきのうのそうきけんぜんかのためのきんきゅうそちにかんするほうりつしこうきそく,令和六年三月三十一日
410RJNJ01024000,規則,人事院規則一―二四（公務の活性化のために民間の人材を採用する場合の特例）,じんじいんきそくいちのにじゅうよんこうむのかっせいかのためにみんかんのじんざいをさいようするばあいのとくれい,平成二十七年四月一日
410RJNJ10010000,規則,人事院規則一〇―一〇（セクシュアル・ハラスメントの防止等）,じんじいんきそくじゅうのじゅうせくしゅあるはらすめんとのぼうしとう,令和二年六月一日
410RJNJ10011000,規則,人事院規則一〇―一一（育児又は介護を行う職員の早出遅出勤務並びに深夜勤務及び超過勤務の制限並びに意向確認等）,じんじいんきそくじゅうのじゅういちいくじまたはかいごをおこなうしょくいんのはやでおそできんむならびにしんやきんむおよびちょうかきんむのせいげんならびにいこうかくにんとう,令和七年十月一日
411AC0000000003,法律,平成十一年度における公債の発行の特例に関する法律,へいせいじゅういちねんどにおけるこうさいのはっこうのとくれいにかんするほうりつ,平成十一年四月一日
411AC0000000017,法律,地方特例交付金等の地方財政の特別措置に関する法律,ちほうとくれいこうふきんとうのちほうざいせいのとくべつそちにかんするほうりつ,令和八年四月一日
411AC0000000018,法律,中小企業等経営強化法,ちゅうしょうきぎょうとうけいえいきょうかほう,令和八年一月一日
411AC0000000032,法律,金融業者の貸付業務のための社債の発行等に関する法律,きんゆうぎょうしゃのかしつけぎょうむのためのしゃさいのはっこうとうにかんするほうりつ,令和七年六月一日
411AC0000000042,法律,行政機関の保有する情報の公開に関する法律,ぎょうせいきかんのほゆうするじょうほうのこうかいにかんするほうりつ,令和四年四月一日
411AC0000000051,法律,持続的養殖生産確保法,じぞくてきようしょくせいさんかくほほう,令和八年四月一日
411AC0000000060,法律,重要影響事態に際して我が国の平和及び安全を確保するための措置に関する法律,じゅうようえいきょうじたいにさいしてわがくにのへいわおよびあんぜんをかくほするためのそちにかんするほうりつ,令和三年九月一日
411AC0000000062,法律,国立教育会館の解散に関する法律,こくりつきょういくかいかんのかいさんにかんするほうりつ,平成十三年四月一日
411AC0000000078,法律,男女共同参画社会基本法,だんじょきょうどうさんかくしゃかいきほんほう,令和八年四月一日
411AC0000000081,法律,住宅の品質確保の促進等に関する法律,じゅうたくのひんしつかくほのそくしんとうにかんするほうりつ,令和七年六月一日
411AC0000000086,法律,特定化学物質の環境への排出量の把握等及び管理の改善の促進に関する法律,とくていかがくぶっしつのかんきょうへのはいしゅつりょうのはあくとうおよびかんりのかいぜんのそくしんにかんするほうりつ,平成十五年二月三日
411AC0000000089,法律,内閣府設置法,ないかくふせっちほう,令和八年四月一日
411AC0000000091,法律,総務省設置法,そうむしょうせっちほう,令和八年四月一日
411AC0000000093,法律,法務省設置法,ほうむしょうせっちほう,令和八年一月十五日
411AC0000000094,法律,外務省設置法,がいむしょうせっちほう,令和七年四月十七日
411AC0000000095,法律,財務省設置法,ざいむしょうせっちほう,令和八年四月一日
411AC0000000096,法律,文部科学省設置法,もんぶかがくしょうせっちほう,令和六年四月一日
411AC0000000097,法律,厚生労働省設置法,こうせいろうどうしょうせっちほう,令和十年十二月十一日
411AC0000000098,法律,農林水産省設置法,のうりんすいさんしょうせっちほう,令和七年三月三十一日
411AC0000000099,法律,経済産業省設置法,けいざいさんぎょうしょうせっちほう,令和八年四月一日
411AC0000000100,法律,国土交通省設置法,こくどこうつうしょうせっちほう,令和七年六月二十六日
411AC0000000101,法律,環境省設置法,かんきょうしょうせっちほう,令和六年四月一日
411AC0000000103,法律,独立行政法人通則法,どくりつぎょうせいほうじんつうそくほう,令和七年六月一日
411AC0000000106,法律,食料・農業・農村基本法,しょくりょうのうぎょうのうそんきほんほう,令和七年十月一日
411AC0000000112,法律,家畜排せつ物の管理の適正化及び利用の促進に関する法律,かちくはいせつもののかんりのてきせいかおよびりようのそくしんにかんするほうりつ,平成二十四年四月一日
411AC0000000127,法律,国旗及び国歌に関する法律,こっきおよびこっかにかんするほうりつ,平成十一年八月十三日
411AC0000000128,法律,不正アクセス行為の禁止等に関する法律,ふせいあくせすこういのきんしとうにかんするほうりつ,令和七年六月一日
411AC0000000136,法律,組織的な犯罪の処罰及び犯罪収益の規制等に関する法律,そしきてきなはんざいのしょばつおよびはんざいしゅうえきのきせいとうにかんするほうりつ,令和十年六月十三日
411AC0000000137,法律,犯罪捜査のための通信傍受に関する法律,はんざいそうさのためのつうしんぼうじゅにかんするほうりつ,令和八年五月二十二日
411AC0000000147,法律,無差別大量殺人行為を行った団体の規制に関する法律,むさべつたいりょうさつじんこういをおこなっただんたいのきせいにかんするほうりつ,令和七年六月一日
411AC0000000150,法律,任意後見契約に関する法律,にんいこうけんけいやくにかんするほうりつ,平成二十五年一月一日
411AC0000000152,法律,後見登記等に関する法律,こうけんとうきとうにかんするほうりつ,令和五年四月一日
411AC0000000156,法律,原子力災害対策特別措置法,げんしりょくさいがいたいさくとくべつそちほう,令和七年七月一日
411AC0000000162,法律,国立研究開発法人情報通信研究機構法,こくりつけんきゅうかいはつほうじんじょうほうつうしんけんきゅうきこうほう,令和八年十月一日
411AC0000000164,法律,独立行政法人酒類総合研究所法,どくりつぎょうせいほうじんしゅるいそうごうけんきゅうしょほう,令和七年六月一日
411AC0000000165,法律,独立行政法人国立特別支援教育総合研究所法,どくりつぎょうせいほうじんこくりつとくべつしえんきょういくそうごうけんきゅうじょほう,令和八年四月一日
411AC0000000166,法律,独立行政法人大学入試センター法,どくりつぎょうせいほうじんだいがくにゅうしせんたーほう,令和八年四月一日
411AC0000000167,法律,独立行政法人国立青少年教育振興機構法,どくりつぎょうせいほうじんこくりつせいしょうねんきょういくしんこうきこうほう,令和八年四月一日
411AC0000000172,法律,独立行政法人国立科学博物館法,どくりつぎょうせいほうじんこくりつかがくはくぶつかんほう,令和八年四月一日
411AC0000000173,法律,国立研究開発法人物質・材料研究機構法,こくりつけんきゅうかいはつほうじんぶっしつざいりょうけんきゅうきこうほう,令和八年四月一日
411AC0000000174,法律,国立研究開発法人防災科学技術研究所法,こくりつけんきゅうかいはつほうじんぼうさいかがくぎじゅつけんきゅうしょほう,令和八年四月一日
411AC0000000176,法律,国立研究開発法人量子科学技術研究開発機構法,こくりつぎょうせいかいはつほうじんほうしゃせんいがくそうごうけんきゅうしょほう,令和八年四月一日
411AC0000000177,法律,独立行政法人国立美術館法,どくりつぎょうせいほうじんこくりつびじゅつかんほう,令和八年四月一日
411AC0000000178,法律,独立行政法人国立文化財機構法,どくりつぎょうせいほうじんこくりつぶんかざいきこうほう,令和八年四月一日
411AC0000000183,法律,独立行政法人農林水産消費安全技術センター法,どくりつぎょうせいほうじんのうりんすいさんしょうひあんぜんぎじゅつせんたーほう,令和四年十月一日
411AC0000000185,法律,独立行政法人家畜改良センター法,どくりつぎょうせいほうじんかちくかいりょうせんたーほう,令和七年六月一日
411AC0000000192,法律,国立研究開発法人農業・食品産業技術総合研究機構法,こくりつけんきゅうかいはつほうじんのうぎょうしょくひんさんぎょうぎじゅつそうごうけんきゅうきこうほう,令和七年十月一日
411AC0000000197,法律,国立研究開発法人国際農林水産業研究センター法,こくりつけんきゅうかいはつほうじんこくさいのうりんすいさんぎょうけんきゅうせんたーほう,令和七年六月一日
411AC0000000198,法律,国立研究開発法人森林研究・整備機構法,こくりつけんきゅうかいはつほうじんしんりんけんきゅうせいびきこうほう,令和七年六月一日
411AC0000000199,法律,国立研究開発法人水産研究・教育機構法,こくりつけんきゅうかいはつほうじんすいさんけんきゅうきょういくきこうほう,令和七年六月一日
411AC0000000200,法律,独立行政法人経済産業研究所法,どくりつぎょうせいほうじんけいざいさんぎょうけんきゅうしょほう,令和三年四月一日
411AC0000000201,法律,独立行政法人工業所有権情報・研修館法,どくりつぎょうせいほうじんこうぎょうしょゆうけんじょうほうけんしゅうかんほう,令和七年六月一日
411AC0000000203,法律,国立研究開発法人産業技術総合研究所法,こくりつけんきゅうかいはつほうじんさんぎょうぎじゅつそうごうけんきゅうしょほう,令和七年六月一日
411AC0000000204,法律,独立行政法人製品評価技術基盤機構法,どくりつぎょうせいほうじんせいひんひょうかぎじゅつきばんきこうほう,令和四年四月一日
411AC0000000205,法律,国立研究開発法人土木研究所法,こくりつけんきゅうかいはつほうじんどぼくけんきゅうしょほう,令和七年六月一日
411AC0000000206,法律,国立研究開発法人建築研究所法,こくりつけんきゅうかいはつほうじんけんちくけんきゅうしょほう,令和七年六月一日
411AC0000000208,法律,国立研究開発法人海上・港湾・航空技術研究所法,こくりつけんきゅうかいはつほうじんかいじょうこうわんこうくうぎじゅつけんきゅうじょほう,令和七年六月一日
411AC0000000214,法律,独立行政法人海技教育機構法,どくりつぎょうせいほうじんかいぎきょういくきこうほう,令和七年六月一日
411AC0000000215,法律,独立行政法人航空大学校法,どくりつぎょうせいほうじんこうくうだいがっこうほう,令和七年六月一日
411AC0000000216,法律,国立研究開発法人国立環境研究所法,こくりつけんきゅうかいはつほうじんこくりつかんきょうけんきゅうしょほう,令和七年六月一日
411AC0000000217,法律,独立行政法人駐留軍等労働者労務管理機構法,どくりつぎょうせいほうじんちゅうりゅうぐんとうろうどうしゃろうむかんりきこうほう,平成二十八年四月一日
411AC0000000218,法律,独立行政法人自動車技術総合機構法,どくりつぎょうせいほうじんじどうしゃぎじゅつそうごうきこうほう,令和七年六月一日
411AC0000000219,法律,独立行政法人統計センター法,どくりつぎょうせいほうじんとうけいせんたーほう,令和三年九月一日
411AC0000000224,法律,国と民間企業との間の人事交流に関する法律,くにとみんかんきぎょうとのあいだのじんじこうりゅうにかんするほうりつ,令和八年四月一日
411AC0000000225,法律,民事再生法,みんじさいせいほう,令和十年六月十三日
411AC0000000226,法律,電気通信回線による登記情報の提供に関する法律,でんきつうしんかいせんによるとうきじょうほうのていきょうにかんするほうりつ,令和七年六月一日
411AC0100000002,法律,ものづくり基盤技術振興基本法,ものづくりきばんぎじゅつしんこうきほんほう,令和八年一月一日
411AC0100000004,法律,特定融資枠契約に関する法律,とくていゆうしわくけいやくにかんするほうりつ,令和七年五月一日
411AC0100000052,法律,児童買春、児童ポルノに係る行為等の規制及び処罰並びに児童の保護等に関する法律,じどうばいしゅんじどうぽるのにかかるこういとうのきせいおよびしょばつならびにじどうのほごとうにかんするほうりつ,令和七年六月一日
411AC0100000079,法律,国立公文書館法,こくりつこうぶんしょかんほう,平成二十七年四月一日
411AC0100000105,法律,ダイオキシン類対策特別措置法,だいおきしんるいたいさくとくべつそちほう,令和七年六月一日
411AC1000000116,法律,国会審議の活性化及び政治主導の政策決定システムの確立に関する法律,こっかいしんぎのかっせいかおよびせいじしゅどうのせいさくけっていしすてむのかくりつにかんするほうりつ,平成十九年一月九日
411AC1000000117,法律,民間資金等の活用による公共施設等の整備等の促進に関する法律,みんかんしきんとうのかつようによるこうきょうしせつとうのせいびとうのそくしんにかんするほうりつ,令和七年十二月二十四日
411AC1000000126,法律,政治倫理の確立のための仮名による株取引等の禁止に関する法律,せいじりんりのかくりつのためのかなによるかぶとりひきとうのきんしにかんするほうりつ,平成二十一年一月五日
411AC1000000129,法律,国家公務員倫理法,こっかこうむいんりんりほう,令和七年六月一日
411AC1000000130,法律,自衛隊員倫理法,じえいたいいんりんりほう,令和五年四月一日
411AC1000000148,法律,特定破産法人の破産財団に属すべき財産の回復に関する特別措置法,とくていはさんほうじんのはさんざいだんにぞくすべきざいさんのかいふくにかんするとくべつそちほう,令和二年四月一日
411AC1000000153,法律,良質な賃貸住宅等の供給の促進に関する特別措置法,りょうしつなちんたいじゅうたくとうのきょうきゅうのそくしんにかんするとくべつそちほう,平成十八年六月八日
411AC1000000158,法律,特定債務等の調整の促進のための特定調停に関する法律,とくていさいむとうのちょうせいのそくしんのためのとくていちょうていにかんするほうりつ,令和十年六月十三日
411CO0000000014,政令,債権管理回収業に関する特別措置法施行令,さいけんかんりかいしゅうぎょうにかんするとくべつそちほうしこうれい,平成二十七年四月一日
411CO0000000015,政令,労働基準法の一部を改正する法律の施行に伴う年次有給休暇に関する経過措置に関する政令,ろうどうきじゅんほうのいちぶをかいせいするほうりつのしこうにともなうねんじゆうきゅうきゅうかにかんするけいかそちにかんするせいれい,平成十一年四月一日
411CO0000000065,政令,当せん金付証票法第六条第一項の金融機関を定める政令,とうせんきんつきしょうひょうほうだいろくじょうだいいっこうのきんゆうきかんをさだめるせいれい,平成十一年四月一日
411CO0000000095,政令,地方特例交付金等の地方財政の特別措置に関する法律施行令,ちほうとくれいこうふきんとうのちほうざいせいのとくべつそちにかんするほうりつしこうれい,令和八年四月一日
411CO0000000103,政令,職業能力開発短期大学校に関する経過措置に関する政令,しょくぎょうのうりょくかいはつたんきだいがくこうにかんするけいかそちにかんするせいれい,平成十一年四月一日
411CO0000000105,政令,中小企業退職金共済法の一部を改正する法律の施行に伴う経過措置に関する政令,ちゅうしょうきぎょうたいしょくきんきょうさいほうのいちぶをかいせいするほうりつのしこうにともなうけいかそちにかんするせいれい,平成十一年四月一日
411CO0000000133,政令,国民年金法等の一部を改正する法律の一部を改正する法律附則第二項に規定する還付額の算定に関する政令,こくみんねんきんほうとうのいちぶをかいせいするほうりつのいちぶをかいせいするほうりつふそくだいにこうにきていするかんぷがくのさんていにかんするせいれい,平成十一年三月三十一日
411CO0000000143,政令,地球温暖化対策の推進に関する法律施行令,ちきゅうおんだんかたいさくのすいしんにかんするほうりつしこうれい,令和八年四月一日
411CO0000000156,政令,金融業者の貸付業務のための社債の発行等に関する法律施行令,きんゆうぎょうしゃのかしつけぎょうむのためのしゃさいのはっこうとうにかんするほうりつしこうれい,平成十九年十二月十九日
411CO0000000165,政令,日本電信電話株式会社法の一部を改正する法律の施行に伴う経過措置及び関係政令の整備に関する政令,にほんでんしんでんわかぶしきがいしゃほうのいちぶをかいせいするほうりつのしこうにともなうけいかそちおよびかんけいせいれいのせいびにかんするせいれい,平成十三年三月三十一日
411CO0000000169,政令,平成十一年度における旧令による共済組合等からの年金受給者のための特別措置法等の規定による年金の額の改定に関する政令,へいせいじゅういちねんどにおけるきゅうれいによるきょうさいくみあいとうからのねんきんじゅきゅうしゃのためのとくべつそちほうとうのきていによるねんきんのがくのかいていにかんするせいれい,令和六年四月二十五日
411CO0000000172,政令,平成十一年度における旧私立学校教職員共済組合法の規定による年金等の額の改定に関する政令,へいせいじゅういちねんどにおけるきゅうしりつがっこうきょうしょくいんきょうさいくみあいほうのきていによるねんきんとうのがくのかいていにかんするせいれい,平成十一年六月四日
411CO0000000188,政令,ものづくり基盤技術振興基本法施行令,ものづくりきばんぎじゅつしんこうきほんほうしこうれい,平成十一年六月十八日
411CO0000000193,政令,海岸法第三十七条の二第一項の海岸を指定する政令,かいがんほうだいさんじゅうななじょうのにだいいっこうのかいがんをしていするせいれい,平成十一年六月二十三日
411CO0000000201,政令,中小企業等経営強化法施行令,ちゅうしょうきぎょうとうけいえいきょうかほうしこうれい,令和八年一月一日
411CO0000000253,政令,重要影響事態に際して我が国の平和及び安全を確保するための措置に関する法律第三条第一項第四号の関係行政機関を定める政令,じゅうようえいきょうじたいにさいしてわがくにのへいわおよびあんぜんをかくほするためのそちにかんするほうりつだいさんじょうだいいっこうだいよんごうのかんけいぎょうせいきかんをさだめるせいれい,令和五年四月一日
411CO0000000279,政令,民間資金等の活用による公共施設等の整備等の促進に関する法律施行令,みんかんしきんとうのかつようによるこうきょうしせつとうのせいびとうのそくしんにかんするほうりつせこうれい,平成三十年八月一日
411CO0000000280,政令,民間資金等活用事業推進委員会令,みんかんしきんとうかつようじぎょうすいしんいいんかいれい,平成十三年一月六日
411CO0000000319,政令,地方分権の推進を図るための関係法律の整備等に関する法律附則第二百二条の規定による国家公務員共済組合法の規定の技術的読替えに関する政令,ちほうぶんけんのすいしんをはかるためのかんけいほうりつのせいびとうにかんするほうりつふそくだいにひゃくにじょうのきていによるこっかこうむいんきょうさいくみあいほうのきていのぎじゅつてきよみかえにかんするせいれい,平成十一年十月八日
411CO0000000348,政令,家畜排せつ物の管理の適正化及び利用の促進に関する法律施行令,かちくはいせつもののかんりのてきせいかおよびりようのそくしんにかんするほうりつしこうれい,平成二十年十月一日
411CO0000000360,政令,防衛施設中央審議会令,ぼうえいしせつちゅうおうしんぎかいれい,令和三年七月一日
411CO0000000362,政令,平成十一年九月十三日から同月二十五日までの間の豪雨及び暴風雨による災害についての激甚災害の指定並びにこれに対し適用すべき措置の指定に関する政令,へいせいじゅういちねんくがつじゅうさんにちからどうげつにじゅういつかまでのあいだのごううおよびぼうふううによるさいがいについてのげきじんさいがいのしていならびにこれにたいしてきようすべきそちのしていにかんするせいれい,平成十一年十一月十二日
411CO0000000363,政令,平成十一年九月十三日から同月二十五日までの間の豪雨及び暴風雨についての天災による被害農林漁業者等に対する資金の融通に関する暫定措置法の適用に関する政令,へいせいじゅういちねんくがつじゅうさんにちからどうげつにじゅういつかまでのあいだのごううおよびぼうふううについてのてんさいによるひがいのうりんぎょぎょうものとうにたいするしきんのゆうづうにかんするざんていそちほうのてきようにかんするせいれい,平成十一年十一月十二日
411CO0000000378,政令,東チモール避難民救援国際平和協力隊の設置等に関する政令,ひがしちもーるひなんみんきゅうえんこくさいへいわきょうりょくたいのせっちとうにかんするせいれい,平成十一年十一月二十二日
411CO0000000395,政令,社会保険診療報酬支払基金法施行令,しゃかいほけんしんりょうほうしゅうしはらいききんほうしこうれい,平成二十三年四月一日
411CO0000000402,政令,没収保全と滞納処分との手続の調整に関する政令,ぼっしゅうほぜんとたいのうしょぶんとのてつづきのちょうせいにかんするせいれい,令和四年十二月二十九日
411CO0000000403,政令,無差別大量殺人行為を行った団体の規制に関する法律施行令,むさべつたいりょうさつじんこういをいっただんたいのきせいにかんするほうりつしこうれい,平成十九年九月三十日
411CO0000000417,政令,家畜保健衛生所法施行令,かちくほけんえいせいところほうせこうれい,平成三十一年四月一日
411CO0000000433,政令,ダイオキシン類対策特別措置法施行令,だいおきしんるいたいさくとくべつそちほうせこうれい,平成三十一年一月一日
411M50000002031,府省令,地球温暖化対策の推進に関する法律施行規則,ちきゅうおんだんかたいさくのすいしんにかんするほうりつしこうきそく,令和七年四月一日
411M50000002067,府省令,ダイオキシン類対策特別措置法施行規則,だいおきしんるいたいさくとくべつそちほうしこうきそく,令和六年四月一日
411M50000008002,府省令,在外選挙執行規則,ざいがいせんきょしっこうきそく,令和七年十二月二十二日
411M50000008014,府省令,奄美群島振興開発特別措置法第三十八条の地方税の課税免除又は不均一課税に伴う措置が適用される場合等を定める省令,あまみぐんとうしんこうかいはつとくべつそちほうだいさんじゅうはちじょうのちほうぜいのかぜいめんじょまたはふきんいつかぜいにともなうそちがてきようされるばあいとうをさだめるしょうれい,令和六年四月一日
411M50000008015,府省令,地方特例交付金に関する省令,ちほうとくれいこうふきんにかんするしょうれい,令和八年四月一日
411M50000008035,府省令,住民基本台帳法施行規則,じゅうみんきほんだいちょうほうせこうきそく,令和七年十二月十日
411M50000010002,府省令,保護司会及び保護司会連合会に関する規則,ほごしかいおよびほごしかいれんごうかいにかんするきそく,平成二十四年四月一日
411M50000010004,府省令,債権管理回収業に関する特別措置法施行規則,さいけんかんりかいしゅうぎょうにかんするとくべつそちほうせこうきそく,令和三年三月三十一日
411M50000010046,府省令,無差別大量殺人行為を行った団体の規制に関する法律施行規則,むさべつたいりょうさつじんこういをいっただんたいのきせいにかんするほうりつせこうきそく,令和三年六月三十日
411M50000028001,府省令,在外選挙人名簿及び在外投票人名簿に関する事務についての領事官の管轄区域を定める省令,ざいがいせんきょにんめいぼおよびざいがいとうひょうにんめいぼにかんするじむについてのりょうじかんのかんかつくいきをさだめるしょうれい,令和八年三月一日
411M50000028002,府省令,在外選挙人名簿及び在外投票人名簿の登録申請について領事官を経由して行うことが著しく困難である地域等に関する省令,ざいがいせんきょにんめいぼおよびざいがいとうひょうにんめいぼのとうろくしんせいについてりょうじかんをけいゆしておこなうことがいちじるしくこんなんであるちいきとうにかんするしょうれい,令和三年九月十八日
411M50000040006,府省令,政府資金調達事務取扱規則,せいふしきんちょうたつじむとりあつかいきそく,令和七年五月一日
411M50000040057,府省令,特定金融会社等の開示に関する内閣府令,とくていきんゆうかいしゃとうのかいじにかんするないかくふれい,令和六年四月一日
411M50000042031,府省令,金融業者の貸付業務のための社債の発行等に関する法律施行規則,きんゆうぎょうしゃのかしつけぎょうむのためのしゃさいのはっこうとうにかんするほうりつしこうきそく,令和三年六月三十日
411M50000042032,府省令,特定金融会社等の会計の整理に関する内閣府令,とくていきんゆうかいしゃとうのかいけいのせいりにかんするないかくふれい,令和六年四月一日
411M50000080033,府省令,地方分権の推進を図るための関係法律の整備等に関する法律附則第五十九条ただし書の規定に基づき地方公共団体からの別段の申出の手続を定める省令,ちほうぶんけんのすいしんをはかるためのかんけいほうりつのせいびとうにかんするほうりつふそくだいごじゅうきゅうじょうただしかきのきていにもとづきちほうこうきょうだんたいからのべつだんのもうしでのてつづきをさだめるしょうれい,平成十一年七月二十一日
411M50000080038,府省令,学校教育法第八十九条の規定を適用しない者を定める省令,がっこうきょういくほうだいはちじゅうきゅうじょうのきていをてきようしないものをさだめるしょうれい,平成十九年十二月二十六日
411M50000100036,府省令,介護保険法施行規則,かいごほけんほうしこうきそく,令和七年十二月一日
411M50000100037,府省令,指定居宅サービス等の事業の人員、設備及び運営に関する基準,していきょたくさーびすとうのじぎょうのじんいんせつびおよびうんえいにかんするきじゅん,令和七年四月一日
411M50000100038,府省令,指定居宅介護支援等の事業の人員及び運営に関する基準,していきょたくかいごしえんとうのじぎょうのじんいんおよびうんえいにかんするきじゅん,令和六年四月一日
411M50000100039,府省令,指定介護老人福祉施設の人員、設備及び運営に関する基準,していかいごろうじんふくししせつのじんいんせつびおよびうんえいにかんするきじゅん,令和七年四月一日
411M50000100040,府省令,介護老人保健施設の人員、施設及び設備並びに運営に関する基準,かいごろうじんほけんしせつのじんいんしせつおよびせつびならびにうんえいにかんするきじゅん,令和六年四月一日
411M50000100043,府省令,介護保険の医療保険者の納付金の算定等に関する省令,かいごほけんのいりょうほけんしゃののうふきんのさんていとうにかんするしょうれい,令和六年四月一日
411M50000100044,府省令,社会保険診療報酬支払基金の介護保険関係業務に係る業務方法書に記載すべき事項を定める省令,しゃかいほけんしんりょうほうしゅうしはらいききんのかいごほけんかんけいぎょうむにかかるぎょうむほうほうかきにきさいすべきじこうをさだめるしょうれい,平成十八年四月一日
411M50000100045,府省令,社会保険診療報酬支払基金の介護保険関係業務に係る財務及び会計に関する省令,しゃかいほけんしんりょうほうしゅうしはらいききんのかいごほけんかんけいぎょうむにかかるざいむおよびかいけいにかんするしょうれい,平成二十年十二月一日
411M50000100046,府省令,特別養護老人ホームの設備及び運営に関する基準,とくべつようごろうじんほーむのせつびおよびうんえいにかんするきじゅん,令和七年四月一日
411M50000100054,府省令,国民年金法等の一部を改正する法律の一部を改正する法律附則第二項の規定による還付の請求手続に関する省令,こくみんねんきんほうとうのいちぶをかいせいするほうりつのいちぶをかいせいするほうりつふそくだいにこうのきていによるかんぷのせいきゅうてつづきにかんするしょうれい,令和四年四月一日
411M50000100058,府省令,要介護認定等に係る介護認定審査会による審査及び判定の基準等に関する省令,ようかいごにんていとうにかかるかいごにんていしんさかいによるしんさおよびはんていのきじゅんとうにかんするしょうれい,平成十八年四月一日
411M50000200031,府省令,持続的養殖生産確保法施行規則,じぞくてきようしょくせいさんかくほほうせこうきそく,令和八年六月九日
411M50000200068,府省令,犬等の輸出入検疫規則,いぬとうのゆしゅつにゅうけんえききそく,令和四年十二月一日
411M50000200074,府省令,家畜排せつ物の管理の適正化及び利用の促進に関する法律施行規則,かちくはいせつもののかんりのてきせいかおよびりようのそくしんにかんするほうりつしこうきそく,令和二年十二月二十一日
411M50000200083,府省令,感染症の病原体を媒介するおそれのある動物の輸入に関する規則,かんせんしょうのびょうげんたいをばいかいするおそれのあるどうぶつのゆにゅうにかんするきそく,令和二年十二月二十一日
411M50000300002,府省令,感染症の予防及び感染症の患者に対する医療に関する法律第五十四条第一号の輸入禁止地域等を定める省令,かんせんしょうのよぼうおよびかんせんしょうのかんじゃにたいするいりょうにかんするほうりつだいごじゅうよんじょうだいいちごうのゆにゅうきんしちいきとうをさだめるしょうれい,令和二年十二月二十八日
411M50000400010,府省令,対人地雷の製造の禁止及び所持の規制等に関する法律施行規則,たいじんじらいのせいぞうのきんしおよびしょじのきせいとうにかんするほうりつしこうきそく,令和五年十二月二十八日
411M50000400048,府省令,エネルギー管理講習に関する規則,えねるぎーかんりこうしゅうにかんするきそく,令和五年四月一日
411M50000400062,府省令,大規模小売店舗立地法施行規則,だいきぼこうりてんぽりっちほうしこうきそく,令和六年六月三十日
411M50000400074,府省令,中小企業等経営強化法施行規則,ちゅうしょうきぎょうとうけいえいきょうかほうしこうきそく,令和八年四月一日
411M50001000024,府省令,日本電信電話株式会社等に関する法律第二条第三項第一号の区域を定める省令,にほんでんしんでんわかぶしきがいしゃとうにかんするほうりつだいにじょうだいさんこうだいいちごうのくいきをさだめるしょうれい,平成二十一年三月一日
411M50001000053,府省令,日本電信電話株式会社法の一部を改正する法律の施行に伴う経過措置及び郵政省関係省令の整備に関する省令,にほんでんしんでんわかぶしきがいしゃほうのいちぶをかいせいするほうりつのしこうにともなうけいかそちおよびゆうせいしょうかんけいしょうれいのせいびにかんするしょうれい,平成十一年七月一日
411M50001000073,府省令,東日本電信電話株式会社が西日本電信電話株式会社に交付することができる金銭の額の範囲を定める省令,ひがしにほんでんしんでんわかぶしきがいしゃがにしにほんでんしんでんわかぶしきがいしゃにこうふすることができるきんせんのがくのはんいをさだめるしょうれい,平成二十年三月二十一日
411M50002000047,府省令,中小企業基本法等の一部を改正する法律附則第十条第一項の退職金共済事業を行う団体等を定める省令,ちゅうしょうきぎょうきほんほうとうのいちぶをかいせいするほうりつふそくだいじゅうじょうだいいっこうのたいしょくきんきょうさいじぎょうをおこなうだんたいとうをさだめるしょうれい,平成十一年十二月三日
411M50002000050,府省令,労働基準法の一部を改正する法律附則第六条第三項の職業及び日を定める省令,ろうどうきじゅんほうのいちぶをかいせいするほうりつふそくだいろくじょうだいさんこうのしょくぎょうおよびひをさだめるしょうれい,平成十三年一月六日
411M50004000013,府省令,建築基準法に基づく指定建築基準適合判定資格者検定機関等に関する省令,けんちくきじゅんほうにもとづくしていけんちくきじゅんてきごうはんていしかくしゃけんていきかんとうにかんするしょうれい,令和七年八月一日
411M50004000038,府省令,有料道路自動料金収受システムを使用する料金徴収事務の取扱いに関する省令,ゆうりょうどうろじどうりょうきんしゅうじゅしすてむをしようするりょうきんちょうしゅうじむのとりあつかいにかんするしょうれい,令和五年九月六日
411M50004000048,府省令,土地区画整理法第百十七条の四第一項に規定する指定検定機関を指定する省令,とちくかくせいりほうだいひゃくじゅうななじょうのしだいいっこうにきていするしていけんていきかんをしていするしょうれい,平成二十四年四月一日
411M50004F02001,府省令,特定商取引適正化業務を行う者に関する命令,とくていしょうとりひきてきせいかぎょうむをおこなうものにかんするめいれい,平成二十年十二月一日
411M50004F02002,府省令,特定商取引に関する法律の規定に基づく立入検査をする職員の携帯する身分を示す証明書の様式を定める命令,とくていしょうとりひきにかんするほうりつのきていにもとづくたちいりけんさをするしょくいんのけいたいするみぶんをしめすしょうめいしょのようしきをさだめるめいれい,令和四年六月一日
411M50400000002,規則,債権管理回収業に関する特別措置法の規定に基づく警察庁長官の意見の陳述等の実施に関する規則,さいけんかんりかいしゅうぎょうにかんするとくべつそちほうのきていにもとづくけいさつちょうちょうかんのいけんのちんじゅつとうのじっしにかんするきそく,平成十一年二月一日
411M50400000012,規則,不正アクセス行為の再発を防止するための都道府県公安委員会による援助に関する規則,ふせいあくせすこういのさいはつをぼうしするためのとどうふけんこうあんいいんかいによるえんじょにかんするきそく,令和二年十二月二十八日
411M50400000013,規則,無差別大量殺人行為を行った団体の規制に関する法律の規定に基づく警察庁長官の意見の陳述等の実施に関する規則,むさべつたいりょうさつじんこういをおこなっただんたいのきせいにかんするほうりつのきていにもとづくけいさつちょうちょうかんのいけんのちんじゅつとうのじっしにかんするきそく,令和元年七月一日
411M51000000001,規則,無差別大量殺人行為を行った団体の規制に関する法律の規定に基づく規制措置の手続等に関する規則,むさべつたいりょうさつじんこういをおこなっただんたいのきせいにかんするほうりつのきていにもとづくきせいそちのてつづきとうにかんするきそく,令和三年六月三十日
411RJNJ02010000,規則,人事院規則二―一〇（国家公務員倫理審査会事務局の組織）,じんじいんきそくにのじゅうこっかこうむいんりんりしんさかいじむきょくのそしき,平成十一年九月二十日
411RJNJ02011000,規則,人事院規則二―一一（交流審査会）,じんじいんきそくにのじゅういちこうりゅうしんさかい,平成十三年一月六日
411RJNJ09107000,規則,人事院規則九―一〇七（定年前再任用短時間勤務職員等の俸給月額の端数計算）,じんじいんきそくきゅうのひゃくななていねんまえさいにんようたんじかんきんむしょくいんとうのほうきゅうげつがくのはすうけいさん,令和五年四月一日
412AC0000000003,法律,平成十二年度における公債の発行の特例に関する法律,へいせいじゅうにねんどにおけるこうさいのはっこうのとくれいにかんするほうりつ,平成十二年四月一日
412AC0000000034,法律,平成十二年度における国民年金法による年金の額等の改定の特例に関する法律,へいせいじゅうにねんどにおけるこくみんねんきんほうによるねんきんのがくとうのかいていのとくれいにかんするほうりつ,平成十二年四月一日
412AC0000000036,法律,アルコール事業法,あるこーるじぎょうほう,令和七年六月一日
412AC0000000044,法律,産業技術力強化法,さんぎょうぎじゅつりょくきょうかほう,平成三十一年四月一日
412AC0000000049,法律,弁理士法,べんりしほう,令和十年六月十三日
412AC0000000050,法律,公益的法人等への一般職の地方公務員の派遣等に関する法律,こうえきてきほうじんとうへのいっぱんしょくのちほうこうむいんのはけんとうにかんするほうりつ,令和二年四月一日
412AC0000000051,法律,地方公共団体の一般職の任期付研究員の採用等に関する法律,ちほうこうきょうだんたいのいっぱんしょくのにんきつきけんきゅういんのさいようとうにかんするほうりつ,平成二十六年四月一日
412AC0000000057,法律,土砂災害警戒区域等における土砂災害防止対策の推進に関する法律,どしゃさいがいけいかいくいきとうにおけるどしゃさいがいぼうしたいさくのすいしんにかんするほうりつ,令和七年六月一日
412AC0000000061,法律,消費者契約法,しょうひしゃけいやくほう,令和七年六月一日
412AC0000000075,法律,犯罪被害者等の権利利益の保護を図るための刑事手続に付随する措置に関する法律,はんざいひがいしゃとうのけんりりえきのほごをはかるためのけいじてつづきにふずいするそちにかんするほうりつ,令和十年六月十三日
412AC0000000087,法律,大深度地下の公共的使用に関する特別措置法,だいしんどちかのこうきょうてきしようにかんするとくべつそちほう,令和七年六月一日
412AC0000000088,法律,独立行政法人教職員支援機構法,どくりつぎょうせいほうじんきょうしょくいんしえんきこう,令和四年七月一日
412AC0000000095,法律,農水産業協同組合の再生手続の特例等に関する法律,のうすいさんぎょうきょうどうくみあいのさいせいてつづきのとくれいとうにかんするほうりつ,令和十年六月十三日
412AC0000000101,法律,金融サービスの提供及び利用環境の整備等に関する法律,きんゆうさーびすのていきょうおよびりようかんきょうのせいびとうにかんするほうりつ,令和十二年六月十九日
412AC0000000102,法律,電子署名及び認証業務に関する法律,でんししょめいおよびにんしょうぎょうむにかんするほうりつ,令和七年六月一日
412AC0000000103,法律,会社分割に伴う労働契約の承継等に関する法律,かいしゃぶんかつにともなうろうどうけいやくのしょうけいとうにかんするほうりつ,平成二十七年五月一日
412AC0000000104,法律,建設工事に係る資材の再資源化等に関する法律,けんせつこうじにかかるしざいのさいしげんかとうにかんするほうりつ,令和七年六月一日
412AC0000000110,法律,循環型社会形成推進基本法,じゅんかんかたしゃかいけいせいすいしんきほんほう,平成二十四年九月十九日
412AC0000000116,法律,食品循環資源の再生利用等の促進に関する法律,しょくひんじゅんかんしげんのさいせいりようとうのそくしんにかんするほうりつ,令和六年四月一日
412AC0000000117,法律,特定放射性廃棄物の最終処分に関する法律,とくていほうしゃせいはいきぶつのさいしゅうしょぶんにかんするほうりつ,令和八年五月二十二日
412AC0000000125,法律,一般職の任期付職員の採用及び給与の特例に関する法律,いっぱんしょくのにんきつきしょくいんのさいようおよびきゅうよのとくれいにかんするほうりつ,令和八年四月一日
412AC0000000127,法律,公共工事の入札及び契約の適正化の促進に関する法律,こうきょうこうじのにゅうさつおよびけいやくのてきせいかのそくしんにかんするほうりつ,令和七年十二月十二日
412AC0000000129,法律,外国倒産処理手続の承認援助に関する法律,がいこくとうさんしょりてつづきのしょうにんえんじょにかんするほうりつ,令和十年六月十三日
412AC0000000131,法律,著作権等管理事業法,ちょさくけんとうかんりじぎょうほう,令和七年六月一日
412AC0000000132,法律,平成十一年度歳入歳出の決算上の剰余金の処理の特例に関する法律,へいせいじゅういちねんどさいにゅうさいしゅつのけっさんじょうのじょうよきんのしょりのとくれいにかんするほうりつ,平成十二年十二月一日
412AC0000000145,法律,重要影響事態等に際して実施する船舶検査活動に関する法律,じゅうようえいきょうじたいとうにさいしてじっしするせんぱくけんさかつどうにかんするほうりつ,平成二十八年三月二十九日
412AC0000000146,法律,ヒトに関するクローン技術等の規制に関する法律,ひとにかんするくろーんぎじゅつとうのきせいにかんするほうりつ,令和七年六月一日
412AC0100000081,法律,ストーカー行為等の規制等に関する法律,すとーかーこういとうのきせいとうにかんするほうりつ,令和八年五月二十一日
412AC1000000082,法律,児童虐待の防止等に関する法律,じどうぎゃくたいのぼうしとうにかんするほうりつ,令和八年四月一日
412AC1000000100,法律,国等による環境物品等の調達の推進等に関する法律,くにとうによるかんきょうぶっぴんとうのちょうたつのすいしんとうにかんするほうりつ,令和三年九月一日
412AC1000000130,法律,公職にある者等のあっせん行為による利得等の処罰に関する法律,こうしょくにあるものとうのあっせんこういによるりとくとうのしょばつにかんするほうりつ,令和七年六月一日
412AC1000000147,法律,人権教育及び人権啓発の推進に関する法律,じんけんきょういくおよびじんけんけいはつのすいしんにかんするほうりつ,平成十二年十二月六日
412AC1000000148,法律,原子力発電施設等立地地域の振興に関する特別措置法,げんしりょくはつでんしせつとうりっちちいきのしんこうにかんするとくべつそちほう,令和六年四月一日
412AC1000000149,法律,マンションの管理の適正化の推進に関する法律,まんしょんのかんりのてきせいかのすいしんにかんするほうりつ,令和八年四月一日
412CO0000000016,政令,地方公共団体の手数料の標準に関する政令,ちほうこうきょうだんたいのてすうりょうのひょうじゅんにかんするせいれい,令和七年四月一日
412CO0000000024,政令,後見登記等に関する政令,こうけんとうきとうにかんするせいれい,令和四年四月一日
412CO0000000033,政令,地方分権の推進を図るための関係法律の整備等に関する法律附則第百八十四条の規定による受入金の資金への受入れ等に関する経過措置に関する政令,ちほうぶんけんのすいしんをはかるためのかんけいほうりつのせいびとうにかんするほうりつふそくだいひゃくはちじゅうよんじょうのきていによるうけいれきんのしきんへのうけいれとうにかんするけいかそちにかんするせいれい,平成十二年四月一日
412CO0000000041,政令,行政機関の保有する情報の公開に関する法律施行令,ぎょうせいきかんのほゆうするじょうほうのこうかいにかんするほうりつしこうれい,令和七年七月一日
412CO0000000057,政令,平成十一年における特定地域に係る激甚災害の指定及びこれに対し適用すべき措置の指定に関する政令,へいせいじゅういちねんにおけるとくていちいきにかかるげきじんさいがいのしていおよびこれにたいしてきようすべきそちのしていにかんするせいれい,平成十二年三月三日
412CO0000000064,政令,住宅の品質確保の促進等に関する法律施行令,じゅうたくのひんしつかくほのそくしんとうにかんするほうりつしこうれい,平成二十一年九月一日
412CO0000000100,政令,ボスニア・ヘルツェゴヴィナ国際平和協力隊の設置等に関する政令,ぼすにあへるつえごびなこくさいへいわきょうりょくたいのせっちとうにかんするせいれい,平成十二年三月二十七日
412CO0000000101,政令,国家公務員倫理規程,こっかこうむいんりんりきてい,令和八年四月一日
412CO0000000102,政令,国家公務員倫理法第四十二条第一項の法人を定める政令,こっかこうむいんりんりほうだいよんじゅうにじょうだいいっこうのほうじんをさだめるせいれい,平成十二年四月一日
412CO0000000138,政令,特定化学物質の環境への排出量の把握等及び管理の改善の促進に関する法律施行令,とくていかがくぶっしつのかんきょうへのはいしゅつりょうのはあくとうおよびかんりのかいぜんのそくしんにかんするほうりつしこうれい,令和六年四月一日
412CO0000000151,政令,地方分権の推進を図るための関係法律の整備等に関する法律の施行に伴う国家公務員共済組合法及び国家公務員共済組合法施行令の適用の経過措置に関する政令,ちほうぶんけんのすいしんをはかるためのかんけいほうりつのせいびとうにかんするほうりつのしこうにともなうこっかこうむいんきょうさいくみあいほうおよびこっかこうむいんきょうさいくみあいほうしこうれいのてきようのけいかそちにかんするせいれい,平成十二年四月一日
412CO0000000153,政令,地方事務官であった者に係る地方職員共済組合の権利義務の承継等に関する政令,ちほうじむかんであったものにかかるちほうしょくいんきょうさいくみあいのけんりぎむのしょうけいとうにかんするせいれい,平成十二年四月一日
412CO0000000161,政令,国立教育会館の解散に関する法律附則第五項の規定により国が承継する財産を定める政令,こくりつきょういくかいかんのかいさんにかんするほうりつふそくだいごこうのきていによりくにがしょうけいするざいさんをさだめるせいれい,平成十二年四月一日
412CO0000000173,政令,自衛隊員倫理規程,じえいたいいんりんりきてい,令和六年十月一日
412CO0000000174,政令,自衛隊員倫理審査会令,じえいたいいんりんりしんさかいれい,平成十九年九月一日
412CO0000000177,政令,電気通信回線による登記情報の提供に関する法律施行令,でんきつうしんかいせんによるとうきじょうほうのていきょうにかんするほうりつしこうれい,平成二十年十一月三十日
412CO0000000180,政令,平成十二年度、平成十四年度及び平成十五年度の国民年金制度及び厚生年金保険制度の改正に伴う経過措置に関する政令,へいせいじゅうにねんどへいせいじゅうよんねんどおよびへいせいじゅうごねんどのこくみんねんきんせいどおよびこうせいねんきんほけんせいどのかいせいにともなうけいかそちにかんするせいれい,平成二十七年十月一日
412CO0000000195,政令,原子力災害対策特別措置法施行令,げんしりょくさいがいたいさくとくべつそちほうしこうれい,令和五年九月一日
412CO0000000206,政令,産業技術力強化法施行令,さんぎょうぎじゅつりょくきょうかほうしこうれい,平成三十一年四月一日
412CO0000000241,政令,平成十九年十月以後における旧令による共済組合等からの年金受給者のための特別措置法等の規定による年金の額の改定に関する政令,へいせいじゅうきゅうねんじゅうがついごにおけるきゅうれいによるきょうさいくみあいとうからのねんきんじゅきゅうしゃのためのとくべつそちほうとうのきていによるねんきんのがくのかいていにかんするせいれい,令和八年四月一日
412CO0000000245,政令,内閣府本府組織令,ないかくふほんぷそしきれい,令和八年四月一日
412CO0000000246,政令,総務省組織令,そうむしょうそしきれい,令和八年四月一日
412CO0000000248,政令,法務省組織令,ほうむしょうそしきれい,令和八年一月十五日
412CO0000000249,政令,外務省組織令,がいむしょうそしきれい,令和七年八月一日
412CO0000000250,政令,財務省組織令,ざいむしょうそしきれい,令和八年四月一日
412CO0000000251,政令,文部科学省組織令,もんぶかがくしょうそしきれい,令和八年四月一日
412CO0000000252,政令,厚生労働省組織令,こうせいろうどうしょうそしきれい,令和八年五月一日
412CO0000000253,政令,農林水産省組織令,のうりんすいさんしょうそしきれい,令和八年四月一日
412CO0000000254,政令,経済産業省組織令,けいざいさんぎょうしょうそしきれい,令和八年四月一日
412CO0000000255,政令,国土交通省組織令,こくどこうつうしょうそしきれい,令和八年四月一日
412CO0000000256,政令,環境省組織令,かんきょうしょうそしきれい,令和八年四月一日
412CO0000000257,政令,経済財政諮問会議令,けいざいざいせいしもんかいぎれい,平成十三年一月六日
412CO0000000258,政令,総合科学技術・イノベーション会議令,そうごうかがくぎじゅついのべーしょんかいぎれい,令和三年四月一日
412CO0000000259,政令,男女共同参画会議令,だんじょきょうどうさんかくかいぎれい,平成十三年一月六日
412CO0000000260,政令,金融危機対応会議令,きんゆうききたいおうかいぎれい,平成十三年一月六日
412CO0000000261,政令,防衛人事審議会令,ぼうえいじんじしんぎかいれい,平成二十七年十月一日
412CO0000000262,政令,防衛調達審議会令,ぼうえいちょうたつしんぎかいれい,平成二十七年十月一日
412CO0000000263,政令,金融審議会令,きんゆうしんぎかいれい,平成三十年七月十七日
412CO0000000264,政令,自動車損害賠償責任保険審議会令,じどうしゃそんがいばいしょうせきにんほけんしんぎかいれい,平成十三年一月六日
412CO0000000265,政令,公認会計士・監査審査会令,こうにんかいけいしかんさしんさかいれい,平成十六年四月一日
412CO0000000268,政令,地方財政審議会令,ちほうざいせいしんぎかいれい,令和八年四月一日
412CO0000000270,政令,政策評価審議会令,せいさくひょうかしんぎかいれい,平成二十七年四月一日
412CO0000000271,政令,情報通信審議会令,じょうほうつうしんしんぎかいれい,平成二十九年九月一日
412CO0000000274,政令,在外公館の名称及び位置並びに在外公館に勤務する外務公務員の給与に関する法律第七条第二項の審議会等で政令で定めるものを定める政令,ざいがいこうかんのめいしょうおよびいちならびにざいがいこうかんにきんむするがいむこうむいんのきゅうよにかんするほうりつだいななじょうだいにこうのしんぎかいとうでせいれいでさだめるものをさだめるせいれい,平成十三年一月六日
412CO0000000275,政令,財政制度等審議会令,ざいせいせいどとうしんぎかいれい,令和八年四月一日
412CO0000000276,政令,関税・外国為替等審議会令,かんぜいがいこくかわせとうしんぎかいれい,令和八年四月一日
412CO0000000277,政令,関税等不服審査会令,かんぜいとうふふくしんさかいれい,平成二十八年四月一日
412CO0000000278,政令,国税審議会令,こくぜいしんぎかいれい,令和八年四月一日
412CO0000000279,政令,科学技術・学術審議会令,かがくぎじゅつがくじゅつしんぎかいれい,令和六年四月一日
412CO0000000280,政令,中央教育審議会令,ちゅうおうきょういくしんぎかいれい,令和八年一月一日
412CO0000000281,政令,文化審議会令,ぶんかしんぎかいれい,令和八年四月一日
412CO0000000282,政令,社会保障審議会令,しゃかいほしょうしんぎかいれい,令和五年四月一日
412CO0000000283,政令,厚生科学審議会令,こうせいかがくしんぎかいれい,令和五年九月一日
412CO0000000284,政令,労働政策審議会令,ろうどうせいさくしんぎかいれい,令和四年一月十九日
412CO0000000285,政令,医道審議会令,いどうしんぎかいれい,令和八年四月一日
412CO0000000286,政令,薬事審議会令,やくじしんぎかいれい ,令和七年一月十日
412CO0000000287,政令,疾病・障害認定審査会令,しっぺいしょうがいにんていしんさかいれい,令和五年九月一日
412CO0000000288,政令,農業資材審議会令,のうぎょうしざいしんぎかいれい,平成三十年四月一日
412CO0000000289,政令,食料・農業・農村政策審議会令,しょくりょうのうぎょうのうそんせいさくしんぎかいれい,令和八年四月一日
412CO0000000290,政令,日本農林規格調査会令,にほんのうりんきかくちょうさかいれい,令和四年十月一日
412CO0000000292,政令,産業構造審議会令,さんぎょうこうぞうしんぎかいれい,令和八年四月一日
412CO0000000293,政令,総合資源エネルギー調査会令,そうごうしげんえねるぎーちょうさかいれい,令和五年四月一日
412CO0000000294,政令,工業所有権審議会令,こうぎょうしょゆうけんしんぎかいれい,平成十五年一月一日
412CO0000000295,政令,中小企業政策審議会令,ちゅうしょうきぎょうせいさくしんぎかいれい,令和八年一月一日
412CO0000000296,政令,産業標準化法第七十二条第一項の主務大臣等を定める政令,さんぎょうひょうじゅんかほうだいななじゅうにじょうだいいっこうのしゅむだいじんとうをさだめるせいれい,令和元年七月一日
412CO0000000297,政令,国土交通省設置法第四条第一項第二十八号の資産等を定める政令,こくどこうつうしょうせっちほうだいよんじょうだいいちこうだいにじゅうはちごうのしさんとうをさだめるせいれい,平成二十八年四月一日
412CO0000000298,政令,国土審議会令,こくどしんぎかいれい,令和七年三月三十一日
412CO0000000299,政令,社会資本整備審議会令,しゃかいしほんせいびしんぎかいれい,令和六年四月一日
412CO0000000300,政令,交通政策審議会令,こうつうせいさくしんぎかいれい,令和八年四月一日
412CO0000000301,政令,運輸審議会令,うんゆしんぎかいれい,平成二十八年四月一日
412CO0000000302,政令,臨時水俣病認定審査会令,りんじみなまたびょうにんていしんさかいれい,令和六年四月一日
412CO0000000315,政令,中央省庁等改革のための国の行政組織関係法律の整備等に関する法律附則第三条の審議会等の委員等に類する者及び従前の府省等の相当の新府省等を定める政令,ちゅうおうしょうちょうとうかいかくのためのくにのぎょうせいそしきかんけいほうりつのせいびとうにかんするほうりつふそくだいさんじょうのしんぎかいとうのいいんとうにるいするものおよびじゅうぜんのふしょうとうのそうとうのしんふしょうとうをさだめるせいれい,平成十三年一月六日
412CO0000000316,政令,独立行政法人の組織、運営及び管理に係る共通的な事項に関する政令,どくりつぎょうせいほうじんのそしきうんえいおよびかんりにかかるきょうつうてきなじこうにかんするせいれい,令和八年四月一日
412CO0000000326,政令,独立行政法人通則法等の施行に伴う関係政令の整備及び経過措置に関する政令,どくりつぎょうせいほうじんつうそくほうとうのしこうにともなうかんけいせいれいのせいびおよびけいかそちにかんするせいれい,平成十三年一月六日
412CO0000000327,政令,国立研究開発法人量子科学技術研究開発機構法第二十条の規定による医療法施行令等の規定の技術的読替え等に関する政令,こくりつけんきゅうかいはつほうじんりょうしかがくぎじゅつけんきゅうかいはつきこうほうだいにじゅうじょうのきていによるいりょうほうしこうれいとうのきていのぎじゅつてきよみかえとうにかんするせいれい,令和八年四月一日
412CO0000000328,政令,国立研究開発法人土木研究所法第十二条第五号の建設工事を定める政令,こくりつけんきゅうかいはつほうじんどぼくけんきゅうしょほうだいじゅうにじょうだいごごうのけんせつこうじをさだめるせいれい,令和六年四月一日
412CO0000000329,政令,国立研究開発法人建築研究所法第十二条第五号の公共的団体を定める政令,こくりつけんきゅうかいはつほうじんけんちくけんきゅうじょほうだいじゅうにじょうだいごごうのこうきょうてきだんたいをさだめるせいれい,平成二十七年四月一日
412CO0000000332,政令,船舶のトン数の測度に関する法律施行令,せんぱくのとんすうのそくどにかんするほうりつしこうれい,平成二十八年四月一日
412CO0000000341,政令,平成十九年十月以後における旧私立学校教職員共済組合法の規定による年金等の額の改定に関する政令,へいせいじゅうにねんじゅうがついごにおけるきゅうしりつがっこうきょうしょくいんきょうさいくみあいほうのきていによるねんきんとうのがくのかいていにかんするせいれい,平成二十七年十月一日
412CO0000000360,政令,財政融資資金法施行令,ざいせいゆうししきんほうせこうれい,令和七年五月一日
412CO0000000384,政令,弁理士法施行令,べんりしほうせこうれい,令和四年四月一日
412CO0000000388,政令,防衛省と民間企業との間の人事交流に関する政令,ぼうえいしょうとみんかんきぎょうとのあいだのじんじこうりゅうにかんするせいれい,令和五年四月一日
412CO0000000389,政令,防衛省と民間企業との間の交流基準を定める政令,ぼうえいしょうとみんかんきぎょうとのあいだのこうりゅうきじゅんをさだめるせいれい,平成二十七年十月一日
412CO0000000411,政令,航空法の一部を改正する法律の一部の施行に伴う経過措置を定める政令,こうくうほうのいちぶをかいせいするほうりつのいちぶのしこうにともなうけいかそちをさだめるせいれい,平成十七年四月一日
412CO0000000415,政令,アルコール事業法施行令,あるこーるじぎょうほうしこうれい,平成十八年四月一日
412CO0000000462,政令,特定放射性廃棄物の最終処分に関する法律施行令,とくていほうしゃせいはいきぶつのさいしゅうしょぶんにかんするほうりつせこうれい,平成二十五年七月八日
412CO0000000464,政令,海洋汚染及び海上災害の防止に関する法律の一部を改正する法律の一部の施行に伴う経過措置を定める政令,かいようおせんおよびかいじょうさいがいのぼうしにかんするほうりつのいちぶをかいせいするほうりつのいちぶのしこうにともなうけいかそちをさだめるせいれい,平成十四年七月一日
412CO0000000467,政令,ストーカー行為等の規制等に関する法律施行令,すとーかーこういとうのきせいとうにかんするほうりつしこうれい,令和七年十二月三十日
412CO0000000468,政令,中小企業の事業活動の活性化等のための中小企業関係法律の一部を改正する法律の一部の施行に伴う経過措置に関する政令,ちゅうしょうきぎょうのじぎょうかつどうのかっせいかとうのためのちゅうしょうきぎょうかんけいほうりつのいちぶをかいせいするほうりつのいちぶのしこうにともなうけいかそちにかんするせいれい,平成十二年十一月八日
412CO0000000469,政令,平成十二年九月八日から同月十七日までの間の豪雨及び暴風雨による災害についての激甚災害の指定並びにこれに対し適用すべき措置の指定に関する政令,へいせいじゅうにねんくがつようかからどうげつじゅうしちにちまでのあいだのごううおよびぼうふううによるさいがいについてのげきじんさいがいのしていならびにこれにたいしてきようすべきそちのしていにかんするせいれい,平成十二年十一月八日
412CO0000000472,政令,児童虐待の防止等に関する法律施行令,じどうぎゃくたいのぼうしとうにかんするほうりつせこうれい,令和四年四月一日
412CO0000000479,政令,資産の流動化に関する法律施行令,しさんのりゅうどうかにかんするほうりつしこうれい,令和八年一月一日
412CO0000000480,政令,投資信託及び投資法人に関する法律施行令,とうししんたくおよびとうしほうじんにかんするほうりつしこうれい,令和七年五月一日
412CO0000000484,政令,金融サービスの提供及び利用環境の整備等に関する法律施行令,きんゆうさーびすのていきょうおよびりようかんきょうのせいびとうにかんするほうりつしこうれい,令和八年五月二十五日
412CO0000000495,政令,建設工事に係る資材の再資源化等に関する法律施行令,けんせつこうじにかかるしざいのさいしげんかとうにかんするほうりつせこうれい,令和七年四月一日
412CO0000000500,政令,大深度地下の公共的使用に関する特別措置法施行令,だいしんどちかのこうきょうてきしようにかんするとくべつそちほうせこうれい,令和八年五月二十一日
412CO0000000507,政令,独立行政法人教員研修センター法の施行に伴う関係政令の整備及び経過措置に関する政令,どくりつぎょうせいほうじんきょういんけんしゅうせんたーほうのしこうにともなうかんけいせいれいのせいびおよびけいかそちにかんするせいれい,平成十三年一月六日
412CO0000000509,政令,健康保険法等の一部を改正する法律の施行に伴う経過措置に関する政令,けんこうほけんほうとうのいちぶをかいせいするほうりつのしこうにともなうけいかそちにかんするせいれい,平成十三年一月一日
412CO0000000523,政令,公益的法人等への一般職の地方公務員の派遣等に関する法律第二条第一項第三号の法人を定める政令,こうえきてきほうじんとうへのいっぱんしょくのちほうこうむいんのはけんとうにかんするほうりつだいにじょうだいいっこうだいさんごうのほうじんをさだめるせいれい,令和七年四月一日
412CO0000000535,政令,産炭地域振興臨時措置法附則第六項前段に規定する地区を定める政令,さんたんちいきしんこうりんじそちほうふそくだいろくこうぜんだんにきていするちくをさだめるせいれい,平成十二年十二月二十二日
412CO0000000552,政令,郵便貯金法等の一部を改正する法律の施行に伴う経過措置を定める政令,ゆうびんちょきんほうとうのいちぶをかいせいするほうりつのしこうにともなうけいかそちをさだめるせいれい,平成十三年四月一日
412CO0000000556,政令,国等による環境物品等の調達の推進等に関する法律第二条第二項の法人を定める政令,くにとうによるかんきょうぶっぴんとうのちょうたつのすいしんとうにかんするほうりつだいにじょうだいにこうのほうじんをさだめるせいれい,令和八年四月一日
412M50000002015,府省令,騒音規制法第十七条第一項の規定に基づく指定地域内における自動車騒音の限度を定める省令,そうおんきせいほうだいじゅうななじょうだいいっこうのきていにもとづくしていちいきないにおけるじどうしゃそうおんのげんどをさだめるしょうれい,令和二年三月三十日
412M50000002059,府省令,原子力災害対策特別措置法及び原子力災害対策特別措置法施行令の施行に伴う災害対策基本法施行規則の規定の読替えに関する内閣府令,げんしりょくさいがいたいさくとくべつそちほうおよびげんしりょくさいがいたいさくとくべつそちほうしこうれいのしこうにともなうさいがいたいさくきほんほうしこうきそくのきていのよみかえにかんするないかくふれい,令和五年九月一日
412M50000002067,府省令,日本銀行と取引先金融機関等との間で締結する考査の契約に関する内閣府令,にほんぎんこうととりひきさききんゆうきかんとうとのかんでていけつするこうさのけいやくにかんするないかくふれい,平成十三年一月六日
412M50000002096,府省令,環境省所管の不動産の登記並びに船舶の登記及び登録の嘱託に関する省令,かんきょうしょうしょかんのふどうさんのとうきならびにせんぱくのとうきおよびとうろくのしょくたくにかんするしょうれい,平成二十九年七月十四日
412M50000002097,府省令,環境省の主管に係る一般会計の歳入について証券をもって納付しうる種目を定める省令,かんきょうしょうのしゅかんにかかるいっぱんかいけいのさいにゅうについてしょうけんをもってのうふしうるしゅもくをさだめるしょうれい,平成十三年一月六日
412M50000002101,府省令,環境省聴聞手続規則,かんきょうしょうちょうもんてつづききそく,令和二年十二月二十八日
412M50000002122,府省令,研究開発段階発電用原子炉の設置、運転等に関する規則,けんきゅうかいはつだんかいはつでんようげんしろのせっちうんてんとうにかんするきそく,令和七年六月六日
412M50000002124,府省令,特定核燃料物質の運搬の取決めに関する規則,とくていかくねんりょうぶっしつのうんぱんのしゅきめにかんするきそく,令和元年七月一日
412M50000002125,府省令,核燃料物質の受託貯蔵に関する規則,かくねんりょうぶっしつのじゅたくちょぞうにかんするきそく,令和六年三月七日
412M50000002128,府省令,資産の流動化に関する法律施行規則,しさんのりゅうどうかにかんするほうりつしこうきそく,令和六年十一月一日
412M50000002129,府省令,投資信託及び投資法人に関する法律施行規則,とうししんたくおよびとうしほうじんにかんするほうりつしこうきそく,令和七年六月二十四日
412M50000002130,府省令,資産対応証券の募集等又はその取扱いを行う特定目的会社及び特定譲渡人に係る行為規制等に関する内閣府令,しさんたいおうしょうけんのぼしゅうとうまたはそのとりあつかいをおこなうとくていもくてきかいしゃおよびとくていゆずりわたしにんにかかるこういきせいとうにかんするないかくふれい,令和七年四月一日
412M50000002131,府省令,特定目的信託の受益証券の募集等を行う原委託者に係る行為規制等に関する内閣府令,とくていもくてきしんたくのじゅえきしょうけんのぼしゅうとうをおこなうげんいたくしゃにかかるこういきせいとうにかんするないかくふれい,令和七年四月一日
412M50000002132,府省令,特定目的信託財産の計算に関する規則,とくていもくてきしんたくざいさんのけいさんにかんするきそく,令和七年六月二十五日
412M50000002133,府省令,投資信託財産の計算に関する規則,とうししんたくざいさんのけいさんにかんするきそく,令和七年六月二十五日
412M50000002140,府省令,環境省所管に属する物品の無償貸付及び譲与に関する省令,かんきょうしょうしょかんにぞくするぶっぴんのむしょうかしつけおよびじょうよにかんするしょうれい,平成二十四年九月十九日
412M50000002157,府省令,大深度地下の公共的使用に関する特別措置法施行規則,だいしんどちかのこうきょうてきしようにかんするとくべつそちほうしこうきそく,令和六年四月一日
412M50000008005,府省令,地方公共団体の手数料の標準に関する政令に規定する総務省令で定める金額等を定める省令,ちほうこうきょうだんたいのてすうりょうのひょうじゅんにかんするせいれいにきていするそうむしょうれいでさだめるきんがくとうをさだめるしょうれい,令和六年三月一日
412M50000010002,府省令,後見登記等に関する省令,こうけんとうきとうにかんするしょうれい,令和六年四月十八日
412M50000010009,府省令,任意後見契約に関する法律第三条の規定による公正証書の様式に関する省令,にんいこうけんけいやくにかんするほうりつだいさんじょうのきていによるこうせいしょうしょのようしきにかんするしょうれい,令和七年十月一日
412M50000010028,府省令,電気通信回線による登記情報の提供に関する法律施行規則,でんきつうしんかいせんによるとうきじょうほうのていきょうにかんするほうりつせこうきそく,令和六年十月一日
412M50000010045,府省令,法務省所管に属する物品の無償貸付及び譲与に関する省令,ほうむしょうしょかんにぞくするぶっぴんのむしょうかしつけおよびじょうよにかんするしょうれい,平成十三年一月六日
412M50000040058,府省令,保険契約者保護機構等が取得した不動産に関する権利等の移転登記に係る登録免許税の免税を受けるための手続に関する省令,ほけんけいやくしゃほごきこうとうがしゅとくしたふどうさんにかんするけんりとうのいてんとうきにかかるとうろくめんきょぜいのめんぜいをうけるためのてつづきにかんするしょうれい,平成十三年一月六日
412M50000042039,府省令,銀行法第二十六条第二項に規定する区分等を定める命令,ぎんこうほうだいにじゅうろくじょうだいにこうにきていするくぶんとうをさだめるめいれい,令和五年三月三十一日
412M50000042040,府省令,長期信用銀行法第十七条において準用する銀行法第二十六条第二項に規定する区分等を定める命令,ちょうきしんようぎんこうほうだいじゅうななじょうにおいてじゅんようするぎんこうほうだいにじゅうろくじょうだいにこうにきていするくぶんとうをさだめるめいれい,平成二十六年三月六日
412M50000042041,府省令,信用金庫法第八十九条第一項において準用する銀行法第二十六条第二項に規定する区分等を定める命令,しんようきんこほうだいはちじゅうきゅうじょうだいいっこうにおいてじゅんようするぎんこうほうだいにじゅうろくじょうだいにこうにきていするくぶんとうをさだめるめいれい,令和六年三月三十一日
412M50000042042,府省令,協同組合による金融事業に関する法律第六条第一項において準用する銀行法第二十六条第二項に規定する区分等を定める命令,きょうどうくみあいによるきんゆうじぎょうにかんするほうりつだいろくじょうだいいっこうにおいてじゅんようするぎんこうほうだいにじゅうろくじょうだいにこうにきていするくぶんとうをさだめるめいれい,令和三年十一月二十二日
412M50000042045,府省令,保険業法第百三十二条第二項に規定する区分等を定める命令,ほけんぎょうほうだいひゃくさんじゅうにじょうだいにこうにきていするくぶんとうをさだめるめいれい,令和八年三月三十一日
412M50000080014,府省令,スポーツ振興投票の対象試合等における選手、監督、コーチ及び審判員の登録に関する省令,すぽーつしんこうとうひょうのたいしょうしあいとうにおけるせんしゅかんとくこーちおよびしんぱんいんのとうろくにかんするしょうれい,令和二年十二月十九日
412M50000080037,府省令,介護保険法施行令第三十七条第一項第三十四号に掲げる規定として文部科学大臣が定めるものを定める省令,かいごほけんほうしこうれいだいさんじゅうななじょうだいいっこうだいさんじゅうよんごうにかかげるきていとしてもんぶかがくだいじんがさだめるものをさだめるしょうれい,平成十三年一月六日
412M50000082003,府省令,文部科学省の主管又は所管に係る一般会計及び特別会計の歳入について証券をもって納付し得る種目を定める省令,もんぶかがくしょうのしゅかんまたはしょかんにかかるいっぱんかいけいおよびとくべつかいけいのさいにゅうについてしょうけんをもってのうふしえるしゅもくをさだめるしょうれい,平成十三年一月六日
412M50000082005,府省令,文部科学省の所管に属する不動産及び船舶に関する権利の登記嘱託職員を指定する省令,もんぶかがくしょうのしょかんにぞくするふどうさんおよびせんぱくにかんするけんりのとうきしょくたくしょくいんをしていするしょうれい,平成十七年三月七日
412M50000082006,府省令,文部科学省所管に属する物品の無償貸付及び譲与に関する省令,もんぶかがくしょうしょかんにぞくするぶっぴんのむしょうかしつけおよびじょうよにかんするしょうれい,令和四年四月一日
412M50000082009,府省令,文部科学省聴聞手続規則,もんぶかがくしょうちょうもんてつづききそく,令和三年六月十一日
412M50000100015,府省令,水道施設の技術的基準を定める省令,すいどうしせつのぎじゅつてききじゅんをさだめるしょうれい,令和六年四月一日
412M50000100020,府省令,介護給付費及び公費負担医療等に関する費用等の請求に関する命令,かいごきゅうふひおよびこうひふたんいりょうとうにかんするひようとうのせいきゅうにかんするめいれい,令和六年四月一日
412M50000100026,府省令,介護保険の調整交付金等の交付額の算定に関する省令,かいごほけんのちょうせいこうふきんとうのこうふがくのさんていにかんするしょうれい,令和六年四月一日
412M50000100053,府省令,社会福祉主事養成機関等指定規則,しゃかいふくししゅじようせいきかんとうしていきそく,令和六年四月一日
412M50000100063,府省令,医薬品、医療機器等の品質、有効性及び安全性の確保等に関する法律関係手数料規則,いやくひんいりょうききとうのひんしつゆうこうせいおよびあんぜんせいのかくほとうにかんするほうりつかんけいてすうりょうきそく,令和八年五月一日
412M50000100080,府省令,指定訪問看護の事業の人員及び運営に関する基準,していほうもんかんごのじぎょうのじんいんおよびうんえいにかんするきじゅん,令和六年十二月二日
412M50000100091,府省令,理容師法第四条の二第一項及び美容師法第四条の二第一項に規定する指定試験機関を指定する省令,りようしほうだいよんじょうのにだいいっこうおよびびようしほうだいよんじょうのにだいいっこうにきていするしていしけんきかんをしていするしょうれい,令和五年七月一日
412M50000100129,府省令,大麻草の栽培の規制に関する法律第二十二条の五の規定により地方厚生局長及び地方厚生支局長に委任する権限を定める省令,たいまそうのさいばいのきせいにかんするほうりつだいにじゅうにじょうのごのきていによりちほうこうせいきょくちょうおよびちほうこうせいしきょくちょうにいにんするけんげんをさだめるしょうれい,令和七年三月一日
412M50000100135,府省令,船舶登記の嘱託職員を指定する省令,せんぱくとうきのしょくたくしょくいんをしていするしょうれい,平成二十八年四月一日
412M50000102002,府省令,ダイオキシン類対策特別措置法に基づく廃棄物の最終処分場の維持管理の基準を定める省令,だいおきしんるいたいさくとくべつそちほうにもとづくはいきぶつのさいしゅうしょぶんばのいじかんりのきじゅんをさだめるしょうれい,平成十三年一月六日
412M50000200027,府省令,天災による被害農林漁業者等に対する資金の融通に関する暫定措置法施行規則,てんさいによるひがいのうりんぎょぎょうものとうにたいするしきんのゆうづうにかんするざんていそちほうしこうきそく,平成十三年一月六日
412M50000242004,府省令,農業協同組合法施行令第六十三条第三項から第五項までの規定による主務大臣に対する報告等に関する命令,のうぎょうきょうどうくみあいほうしこうれいだいろくじゅうさんじょうだいさんこうからだいごこうまでのきていによるしゅむだいじんにたいするほうこくとうにかんするめいれい,平成三十年六月一日
412M50000242006,府省令,水産業協同組合法施行令第三十条第三項から第五項までの規定による主務大臣に対する報告等に関する命令,すいさんぎょうきょうどうくみあいほうしこうれいだいさんじゅうじょうだいさんこうからだいごこうまでのきていによるしゅむだいじんにたいするほうこくとうにかんするめいれい,平成十五年一月一日
412M50000242013,府省令,農業協同組合法第九十四条の二第三項に規定する区分等を定める命令,のうぎょうきょうどうくみあいほうだいきゅうじゅうよんじょうのにだいさんこうにきていするくぶんとうをさだめるめいれい,令和二年五月一日
412M50000242015,府省令,水産業協同組合法第百二十三条の二第三項に規定する区分等を定める命令,すいさんぎょうきょうどうくみあいほうだいひゃくにじゅうさんじょうのにだいさんこうにきていするくぶんとうをさだめるめいれい,令和二年十二月一日
412M50000400038,府省令,消費生活用製品安全法施行令第十六条第二項の規定に基づく都道府県知事又は市長の報告に関する省令,しょうひせいかつようせいひんあんぜんほうしこうれいだいじゅうろくじょうだいにこうのきていにもとづくとどうふけんちじまたはしちょうのほうこくにかんするしょうれい,令和七年十二月二十五日
412M50000400111,府省令,ガス工作物の技術上の基準を定める省令,がすこうさくぶつのぎじゅつじょうのきじゅんをさだめるしょうれい,令和六年四月二十七日
412M50000400112,府省令,使用済燃料の貯蔵の事業に関する規則,しようずみねんりょうのちょぞうのじぎょうにかんするきそく,令和六年十月十五日
412M50000400151,府省令,特定放射性廃棄物の最終処分に関する法律施行規則,とくていほうしゃせいはいきぶつのさいしゅうしょぶんにかんするほうりつしこうきそく,令和五年十二月二十七日
412M50000400152,府省令,原子力発電環境整備機構に関する省令,げんしりょくはつでんかんきょうせいびきこうにかんするしょうれい,令和二年十二月二十八日
412M50000400153,府省令,原子力発電環境整備機構の財務及び会計に関する省令,げんしりょくはつでんかんきょうせいびきこうのざいむおよびかいけいにかんするしょうれい,平成二十年四月一日
412M50000400192,府省令,中小企業診断士の登録等及び試験に関する規則,ちゅうしょうきぎょうしんだんしのとうろくとうおよびしけんにかんするきそく,令和八年四月一日
412M50000400209,府省令,アルコール事業法施行規則,あるこーるじぎょうほうしこうきそく,令和五年十二月二十八日
412M50000400210,府省令,特定商取引に関する法律第六十一条第一項に規定する指定法人が行う同条第二項第四号に規定する特定商取引に関する苦情処理又は相談に係る業務を担当する者を養成する業務に関する命令,とくていしょうとりひきにかんするほうりつだいじゅうろくじゅういちじょうだいいっこうにきていするしていほうじんがおこなうどうじょうだいにこうだいよんごうにきていするとくていしょうとりひきにかんするくじょうしょりまたはそうだんにかかるぎょうむをたんとうするものをようせいするぎょうむにかんするめいれい,平成二十五年二月八日
412M50000400384,府省令,経済産業省の所管に属する不動産及び船舶に関する権利の登記嘱託職員を指定する省令,けいざいさんぎょうしょうのしょかんにぞくするふどうさんおよびせんぱくにかんするけんりのとうきしょくたくしょくいんをしていするしょうれい,平成二十四年九月十九日
412M50000400398,府省令,特定放射性廃棄物の最終処分に関する法律第十一条第三項の単位数量当たりの第一種最終処分業務に必要な金額及び同法第十一条の二第三項の単位数量当たりの第二種最終処分業務に必要な金額を定める省令,とくていほうしゃせいはいきぶつのさいしゅうしょぶんにかんするほうりつだいじゅういちじょうだいさんこうのたんいすうりょうあたりのだいいっしゅさいしゅうしょぶんぎょうむにひつようなきんがくおよびどうほうだいじゅういちじょうのにだいさんこうのたんいすうりょうあたりのだいにしゅさいしゅうしょぶんぎょうむにひつようなきんがくをさだめるしょうれい,令和八年二月四日
412M50000400401,府省令,指定化学物質等の性状及び取扱いに関する情報の提供の方法等を定める省令,していかがくぶっしつとうのせいじょうおよびとりあつかいにかんするじょうほうのていきょうのほうほうとうをさだめるしょうれい,令和四年三月三十一日
412M50000400411,府省令,弁理士法施行規則,べんりしほうしこうきそく,令和五年六月九日
412M50000500001,府省令,特定家庭用機器再商品化法施行規則,とくていかていようききさいしょうひんかほうせこうきそく,令和七年六月一日
412M50000800027,府省令,航空法の一部を改正する法律の施行に伴う経過措置を定める省令,こうくうほうのいちぶをかいせいするほうりつのせこうにともなうけいかそちをさだめるしょうれい,令和三年一月一日
412M50000800036,府省令,海洋汚染及び海上災害の防止に関する法律の一部を改正する法律の一部の施行に伴う経過措置を定める省令,かいようおせんおよびかいじょうさいがいのぼうしにかんするほうりつのいちぶをかいせいするほうりつのいちぶのしこうにともなうけいかそちをさだめるしょうれい,平成十四年七月一日
412M50000800043,府省令,油又は有害液体物質による海洋の汚染の防止のために使用する薬剤の技術上の基準を定める省令,あぶらまたはゆうがいえきたいぶっしつによるかいようのおせんのぼうしのためにしようするやくざいのぎじゅつじょうのきじゅんをさだめるしょうれい,平成二十三年八月一日
412M50001000064,府省令,第一種指定電気通信設備接続料規則,だいいっしゅしていでんきつうしんせつびせつぞくりょうきそく,令和八年四月一日
412M5000100A003,府省令,総務省聴聞手続規則,そうむしょうちょうもんてつづききそく,令和三年四月十五日
412M5000100A006,府省令,総務省所管補助金等交付規則,そうむしょうしょかんほじょきんとうこうふきそく,令和八年三月二十三日
412M5000100A007,府省令,総務省の主管又は所管に係る一般会計及び特別会計の歳入について証券をもって納付し得る種目を定める省令,そうむしょうのしゅかんまたはしょかんにかかるいっぱんかいけいおよびとくべつかいけいのさいにゅうについてしょうけんをもってのうふしえるしゅもくをさだめるしょうれい,平成十五年四月一日
412M5000100A008,府省令,総務省所管に属する物品の無償貸付及び譲与に関する省令,そうむしょうしょかんにぞくするぶっぴんのむしょうかしつけおよびじょうよにかんするしょうれい,平成二十六年九月一日
412M50002000048,府省令,会社分割に伴う労働契約の承継等に関する法律施行規則,かいしゃぶんかつにともなうろうどうけいやくのしょうけいとうにかんするほうりつしこうきそく,令和三年四月一日
412M50002042008,府省令,労働金庫法第九十四条第一項において準用する銀行法第二十六条第二項に規定する区分等を定める命令,ろうどうきんこほうだいくじゅうよんじょうだいいっこうにおいてじゅんようするぎんこうほうだいにじゅうろくじょうだいにこうにきていするくぶんとうをさだめるめいれい,令和三年十一月二十二日
412M50002100002,府省令,厚生労働省聴聞手続規則,こうせいろうどうしょうちょうもんてつづききそく,平成二十二年四月一日
412M50002100005,府省令,不動産登記の嘱託職員を指定する省令,ふどうさんとうきのしょくたくしょくいんをしていするしょうれい,令和七年四月一日
412M50002100006,府省令,厚生労働省所管補助金等交付規則,こうせいろうどうしょうしょかんほじょきんとうこうふきそく,令和二年四月一日
412M50002100007,府省令,厚生労働省の所管に係る一般会計及び特別会計の歳入について証券をもって納付し得る種目を定める省令,こうせいろうどうしょうのしょかんにかかるいっぱんかいけいおよびとくべつかいけいのさいにゅうについてしょうけんをもってのうふしえるしゅもくをさだめるしょうれい,平成十三年一月六日
412M50002100008,府省令,厚生労働省の所管に属する物品の無償貸付及び譲与等に関する省令,こうせいろうどうしょうのしょかんにぞくするぶっぴんのむしょうかしつけおよびじょうよとうにかんするしょうれい,令和七年四月一日
412M50004000020,府省令,住宅の品質確保の促進等に関する法律施行規則,じゅうたくのひんしつかくほのそくしんとうにかんするほうりつしこうきそく,令和七年四月一日
412M50004000038,府省令,官公庁施設の建設等に関する法律施行規則,かんこうちょうしせつのけんせつとうにかんするほうりせこうきそく,令和六年十一月一日
412M50004000039,府省令,高齢者、障害者等の移動等の円滑化の促進に関する法律第三十九条第一項に規定する土地区画整理事業に関する省令,こうれいしゃしょうがいしゃとうのいどうとうのえんかつかのそくしんにかんするほうりつだいさんじゅうきゅうじょうだいいっこうにきていするとちくかくせいりじぎょうにかんするしょうれい,平成十八年十二月二十日
412M50004000042,府省令,水道原水水質保全事業の実施の促進に関する法律第十九条の規定により地方整備局長又は北海道開発局長に委任する権限を定める省令,すいどうげんすいすいしつほぜんじぎょうのじっしのそくしんにかんするほうりつだいじゅうきゅうじょうのきていによりちほうせいびきょくちょうまたはほっかいどうかいはつきょくちょうにいにんするけんげんをさだめるしょうれい,平成十三年一月六日
412M50004000043,府省令,砂防法第四十四条及び砂防法施行規程第八条ノ四の規定により地方整備局長又は北海道開発局長に委任する職権を定める省令,さぼうほうだいよんじゅうよんじょうおよびさぼうほうしこうきていだいはちじょうのよんのきていによりちほうせいびきょくちょうまたはほっかいどうかいはつきょくちょうにいにんするしょっけんをさだめるしょうれい,平成二十年四月一日
412M50004000044,府省令,水防法施行規則,すいぼうほうしこうきそく,令和三年十一月一日
412M50004002007,府省令,首都圏近郊緑地保全法施行規則,しゅとけんきんこうりょくちほぜんほうせこうきそく,令和三年一月一日
412M50004002008,府省令,近畿圏の保全区域の整備に関する法律施行規則,きんきけんのほぜんくいきのせいびにかんするほうりつせこうきそく,令和三年一月一日
412M50004002009,府省令,国土交通省所管補助金等交付規則,こくどこうつうしょうしょかんほじょきんとうこうふきそく,令和六年四月一日
412M50004800012,府省令,駐車場法施行規則,ちゅうしゃじょうほうしこうきそく　,令和三年九月一日
412M50004800014,府省令,公共土木施設災害復旧事業費国庫負担法施行規則,こうきょうどぼくしせつさいがいふっきゅうじぎょうひこっこふたんほうしこうきそく,令和六年四月一日
412M50004802001,府省令,国土交通省聴聞手続規則,こくどこうつうしょうちょうもんてつづききそく,令和三年三月二十六日
412M50004802003,府省令,国土交通大臣の所管に属する公益信託の引受けの許可及び監督に関する規則,こくどこうつうだいじんのしょかんにぞくするこうえきしんたくのひきうけのきょかおよびかんとくにかんするきそく,平成十九年九月三十日
412M50004802004,府省令,国土交通省の主管又は所管に係る一般会計及び特別会計の歳入について証券をもって納付し得る種目を定める省令,こくどこうつうしょうのしゅかんまたはしょかんにかかるいっぱんかいけいおよびとくべつかいけいのさいにゅうについてしょうけんをもってのうふしえるしゅもくをさだめるしょうれい,平成十三年一月六日
412M50004802005,府省令,国土交通省所管の不動産の登記並びに船舶の登記及び登録の嘱託に関する省令,こくどこうつうしょうしょかんのふどうさんのとうきならびにせんぱくのとうきおよびとうろくのしょくたくにかんするしょうれい,令和五年十月一日
412M50004F02001,府省令,特定商取引に関する法律第六十一条第一項に規定する指定法人を指定する命令,とくていしょうとりひきにかんするほうりつだいろくじゅういちじょうだいいっこうにきていするしていほうじんをしていするめいれい,平成二十五年四月一日
412M50400000001,規則,警察職員の職務倫理及び服務に関する規則,けいさつしょくいんのしょくむりんりおよびふくむにかんするきそく,平成十二年一月二十五日
412M50400000002,規則,監察に関する規則,かんさつにかんするきそく,平成三十一年三月十五日
412M50400000003,規則,警察教養規則,けいさつきょうようきそく,平成三十一年四月一日
412M50400000004,規則,運転免許取得者等教育の認定に関する規則,うんてんめんきょしゅとくしゃとうきょういくのにんていにかんするきそく,令和七年六月一日
412M50400000005,規則,犯罪収益に係る没収保全等を請求することができる司法警察員の指定に関する規則,はんざいしゅうえきにかかるぼっしゅうほぜんとうをせいきゅうすることができるしほうけいさついんのしていにかんするきそく,令和六年四月一日
412M50400000007,規則,地方警務官の利害関係者に関する規則,ちほうけいさつかんのりがいかんけいしゃにかんするきそく,令和七年三月二十四日
412M50400000013,規則,通信傍受規則,つうしんぼうじゅきそく,令和六年四月一日
412M50400000018,規則,ストーカー行為等の規制等に関する法律施行規則,すとーかーこういとうのきせいとうにかんするほうりつせこうきそく,令和八年三月十日
412M50400000019,規則,ストーカー行為等の規制等に関する法律の規定に基づく意見の聴取の実施に関する規則,すとーかーこういとうのきせいとうにかんするほうりつのきていにもとづくいけんのちょうしゅうのじっしにかんするきそく,令和七年三月一日
412RJNJ13005000,規則,人事院規則一三―五（職員からの苦情相談）,じんじいんきそくじゅうさんのごしょくいんからのくじょうそうだん,令和五年四月一日
412RJNJ14017000,規則,人事院規則一四―一七（研究職員の技術移転事業者の役員等との兼業）,じんじいんきそくじゅうよんのじゅうななけんきゅうしょくいんのぎじゅついてんじぎょうしゃのやくいんとうとのけんぎょう,令和五年四月一日
412RJNJ14018000,規則,人事院規則一四―一八（研究職員の研究成果活用企業の役員等との兼業）,じんじいんきそくじゅうよんのじゅうはちけんきゅうしょくいんのけんきゅうせいかかつようきぎょうのやくいんとうとのけんぎょう,令和五年四月一日
412RJNJ14019000,規則,人事院規則一四―一九（研究職員の株式会社の監査役との兼業）,じんじいんきそくじゅうよんのじゅうきゅうけんきゅうしょくいんのかぶしきがいしゃのかんさやくとのけんぎょう,令和五年四月一日
412RJNJ14021000,規則,人事院規則一四―二一（株式所有により営利企業の経営に参加し得る地位にある職員の報告等）,じんじいんきそくじゅうよんのにじゅういちかぶしきしょゆうによりえいりきぎょうのけいえいにさんかしうるちいにあるしょくいんのほうこくとう,令和五年四月一日
412RJNJ21002000,規則,人事院規則二一―二（中央省庁等改革関係法施行法（平成十一年法律第百六十号）第千三百十五条の規定による官民人事交流法の適用に関する経過措置）,じんじいんきそくにじゅういちのにちゅうおうしょうちょうとうかいかくかんけいほうしこうほうへいせいじゅういちねんほうりつだいひゃくろくじゅうごうだいせんさんびゃくじゅうごじょうのきていによるかんみんじんじこうりゅうほうのてきようにかんするけいかそち,平成十三年一月六日
412RJNJ22000000,規則,人事院規則二二―〇（倫理法の適用を受けない非常勤職員）,じんじいんきそくにじゅうにのぜろりんりほうのてきようをうけないひじょうきんしょくいん,平成二十五年十二月十三日
412RJNJ22001000,規則,人事院規則二二―一（倫理法又は同法に基づく命令に違反した場合の懲戒処分の基準）,じんじいんきそくにじゅうにのいちりんりほうまたはどうほうにもとづくめいれいにいはんしたばあいのちょうかいしょぶんのきじゅん,平成二十七年四月一日
412RJNJ22002000,規則,人事院規則二二―二（倫理法又は同法に基づく命令の違反に係る調査及び懲戒の手続）,じんじいんきそくにじゅうにのにりんりほうまたはどうほうにもとづくめいれいのいはんにかかるちょうさおよびちょうかいのてつづき,令和七年六月一日
412RJNJ23000000,規則,人事院規則二三―〇（任期付職員の採用及び給与の特例）,じんじいんきそくにじゅうさんのぜろにんきつきしょくいんのさいようおよびきゅうよのとくれい,令和七年四月一日
412RPMD08210000,府省令,内閣官房に危機管理審議官を置く規則,ないかくかんぼうにききかんりしんぎかんをおくきそく,令和三年九月一日
412RPMD08210001,府省令,内閣広報室に内閣副広報官等を置く規則,ないかくこうほうしつにないかくこうほうかんとうをおくきそく,平成二十三年四月一日
412RPMD08210002,府省令,内閣総務官室に総理大臣官邸事務所等を置く規則,ないかくそうむかんしつにそうりだいじんかんていじむしょとうをおくきそく,平成三十年四月一日
413AC0000000012,法律,平成十三年度における公債の発行の特例に関する法律,へいせいじゅうさんねんどにおけるこうさいのはっこうのとくれいにかんするほうりつ,平成十三年四月一日
413AC0000000013,法律,平成十三年度における国民年金法による年金の額等の改定の特例に関する法律,へいせいじゅうさんねんどにおけるこくみんねんきんほうによるねんきんのがくとうのかいていのとくれいにかんするほうりつ,平成十四年四月一日
413AC0000000026,法律,高齢者の居住の安定確保に関する法律,こうれいしゃのきょじゅうのあんていかくほにかんするほうりつ,令和七年十月一日
413AC0000000044,法律,通信・放送融合技術の開発の促進に関する法律,つうしんほうそうゆうごうぎじゅつのかいはつのそくしんにかんするほうりつ,令和三年九月一日
413AC0000000050,法律,確定給付企業年金法,かくていきゅうふきぎょうねんきんほう,令和十年四月一日
413AC0000000057,法律,自動車運転代行業の業務の適正化に関する法律,じどうしゃうんてんだいこうぎょうのぎょうむのてきせいかにかんするほうりつ,令和七年六月一日
413AC0000000065,法律,ポリ塩化ビフェニル廃棄物の適正な処理の推進に関する特別措置法,ぽりえんかびふぇにるはいきぶつのてきせいなしょりのすいしんにかんするとくべつそちほう,令和七年六月一日
413AC0000000075,法律,社債、株式等の振替に関する法律,しゃさいかぶしきとうのふりかえにかんするほうりつ,令和八年五月二十一日
413AC0000000086,法律,行政機関が行う政策の評価に関する法律,ぎょうせいきかんがおこなうせいさくのひょうかにかんするほうりつ,令和八年四月一日
413AC0000000088,法律,確定拠出年金法,かくていきょしゅつねんきんほう,令和十二年六月十九日
413AC0000000089,法律,水産基本法,すいさんきほんほう,令和六年六月五日
413AC0000000093,法律,農林中央金庫法,のうりんちゅうおうきんこほう,令和八年十一月六日
413AC0000000095,法律,電子消費者契約に関する民法の特例に関する法律,でんししょうひしゃけいやくにかんするみんぽうのとくれいにかんするほうりつ,令和二年四月一日
413AC0000000102,法律,小型船舶の登録等に関する法律,こがたせんぱくのとうろくとうにかんするほうりつ,令和七年六月一日
413AC0000000111,法律,特定機器に係る適合性評価手続の結果の外国との相互承認の実施に関する法律,とくていききにかかるてきごうせいひょうかてつづきのけっかのがいこくとのそうごしょうにんのじっしにかんするほうりつ,令和七年六月一日
413AC0000000112,法律,個別労働関係紛争の解決の促進に関する法律,こべつろうどうふんそうのかいけつのそくしんにかんするほうりつ,令和七年六月一日
413AC0000000119,法律,司法制度改革推進法,しほうせいどかいかくすいしんほう,平成十三年十二月一日
413AC0000000120,法律,地方公共団体の特定の事務の郵便局における取扱いに関する法律,ちほうこうきょうだんたいのとくていのじむのゆうびんきょくにおけるとりあつかいにかんするほうりつ,令和七年六月一日
413AC0000000123,法律,平成十二年度歳入歳出の決算上の剰余金の処理の特例に関する法律,へいせいじゅうにねんどさいにゅうさいしゅつのけっさんじょうのかじょうきんのしょりのとくれいにかんするほうりつ,平成十三年十一月二十六日
413AC0000000131,法律,銀行等の株式等の保有の制限等に関する法律,ぎんこうとうのかぶしきとうのほゆうのせいげんとうにかんするほうりつ,令和七年六月一日
413AC0000000137,法律,特定電気通信による情報の流通によって発生する権利侵害等への対処に関する法律,とくていでんきつうしんによるじょうほうのりゅうつうによってはっせいするけんりしんがいとうへのたいしょにかんするほうりつ,令和十年六月十三日
413AC0000000140,法律,独立行政法人等の保有する情報の公開に関する法律,どくりつぎょうせいほうじんとうのほゆうするじょうほうのこうかいにかんするほうりつ,令和八年十月一日
413AC0000000147,法律,地方公共団体の議会の議員及び長の選挙に係る電磁的記録式投票機を用いて行う投票方法等の特例に関する法律,ちほうこうきょうだんたいのぎかいのぎいんおよびちょうのせんきょにかかるでんじてききろくしきとうひょうきをもちいておこなうとうひょうほうしきとうのとくれいにかんするほうりつ,令和七年六月一日
413AC0100000031,法律,配偶者からの暴力の防止及び被害者の保護等に関する法律,はいぐうしゃからのぼうりょくのぼうしおよびひがいしゃのほごとうにかんするほうりつ,令和十年六月十三日
413AC1000000063,法律,ハンセン病療養所入所者等に対する補償金の支給等に関する法律,はんせんびょうりょうようじょにゅうしょしゃとうにたいするほしょうきんのしきゅうとうにかんするほうりつ,平成十八年二月十日
413AC1000000064,法律,フロン類の使用の合理化及び管理の適正化に関する法律,ふろんるいのしようのごうりかおよびかんりのてきせいかにかんするほうりつ,令和七年六月一日
413AC1000000148,法律,文化芸術基本法,ぶんかげいじゅつきほんほう,令和元年六月七日
413AC1000000154,法律,子どもの読書活動の推進に関する法律,こどものどくしょかつどうのすいしんにかんするほうりつ,平成十三年十二月十二日
413CO0000000002,政令,地方分権の推進を図るための関係法律の整備等に関する法律の施行に伴う国民年金の保険料の納付に関する経過措置に関する政令,ちほうぶんけんのすいしんをはかるためのかんけいほうりつのせいびとうにかんするほうりつのしこうにともなうこくみんねんきんのほけんりょうののうふにかんするけいかそちにかんするせいれい,平成十三年一月十日
413CO0000000005,政令,製造委託等に係る中小受託事業者に対する代金の支払の遅延等の防止に関する法律第二条第八項第一号の情報成果物及び役務を定める政令,せいぞういたくとうにかかるちゅうしょうじゅたくじぎょうしゃにたいするだいきんのしはらいのちえんとうのぼうしにかんするほうりつだいにじょうだいはちこうだいいちごうのじょうほうせいかぶつおよびえきむをさだめるせいれい,令和八年一月一日
413CO0000000009,政令,財政融資資金の長期運用に対する特別措置に関する法律第五条第二項第三号に規定する法人を定める政令,ざいせいゆうししきんのちょうきうんようにたいするとくべつそちにかんするほうりつだいごじょうだいにこうだいさんごうにきていするほうじんをさだめるせいれい,令和八年一月十五日
413CO0000000017,政令,医療法等の一部を改正する法律の施行に伴う経過措置に関する政令,いりょうほうとうのいちぶをかいせいするほうりつのしこうにともなうけいかそちにかんするせいれい,平成十五年四月一日
413CO0000000032,政令,農水産業協同組合の再生手続の特例等に関する法律施行令,のうすいさんぎょうきょうどうくみあいのさいせいてつづきのとくれいとうにかんするほうりつしこうれい,平成十七年一月一日
413CO0000000034,政令,公共工事の入札及び契約の適正化の促進に関する法律施行令,こうきょうこうじのにゅうさつおよびけいやくのてきせいかのそくしんにかんするほうりつせこうれい,令和八年四月一日
413CO0000000041,政令,電子署名及び認証業務に関する法律施行令,でんししょめいおよびにんしょうぎょうむにかんするほうりつせこうれい,令和元年十二月十六日
413CO0000000047,政令,平成十二年における特定地域に係る激甚災害の指定及びこれに対し適用すべき措置の指定に関する政令,へいせいじゅうにねんにおけるとくていちいきにかかるげきじんさいがいのしていおよびこれにたいしてきようすべきそちのしていにかんするせいれい,平成十三年三月十四日
413CO0000000048,政令,平成十一年及び平成十二年の地盤の沈下及び陥没による岡山県川上郡備中町の区域に係る災害についての激甚災害の指定並びにこれに対し適用すべき措置の指定に関する政令,へいせいじゅういちねんおよびへいせいじゅうにねんのじばんのちんかおよびかんぼつによるおかやまけんかわかみぐんびっちゅうちょうのくいきにかかるさいがいについてのげきじんさいがいのしていならびにこれにたいしてきようすべきそちのしていにかんするせいれい,平成十三年三月十四日
413CO0000000050,政令,民事再生法第二百四十一条第三項の額を定める政令,みんじさいせいほうだいにひゃくよんじゅういちじょうだいさんこうのがくをさだめるせいれい,平成十三年四月一日
413CO0000000084,政令,土砂災害警戒区域等における土砂災害防止対策の推進に関する法律施行令,どしゃさいがいけいかいくいきとうにおけるどしゃさいがいぼうしたいさくのすいしんにかんするほうりつしこうれい,令和七年十月一日
413CO0000000105,政令,原子力発電施設等立地地域の振興に関する特別措置法施行令,げんしりょくはつでんしせつとうりっちちいきのしんこうにかんするとくべつそちほうせこうれい,令和三年四月一日
413CO0000000176,政令,食品循環資源の再生利用等の促進に関する法律施行令,しょくひんじゅんかんしげんのさいせいりようとうのそくしんにかんするほうりつせこうれい,令和元年七月十二日
413CO0000000215,政令,ポリ塩化ビフェニル廃棄物の適正な処理の推進に関する特別措置法施行令,ぽりえんかびふぇにるはいきぶつのてきせいなしょりのすいしんにかんするとくべつそちほうせこうれい,令和二年四月一日
413CO0000000230,政令,水産政策審議会令,すいさんせいさくしんぎかいれい,令和六年七月一日
413CO0000000238,政令,マンションの管理の適正化の推進に関する法律施行令,まんしょんのかんりのてきせいかのすいしんにかんするほうりつせこうれい,令和七年十一月二十八日
413CO0000000245,政令,電波法施行令,でんぱほうしこうれい,令和七年十月一日
413CO0000000248,政令,確定拠出年金法施行令,かくていきょしゅつねんきんほうせこうれい,令和八年四月一日
413CO0000000250,政令,高齢者の居住の安定確保に関する法律施行令,こうれいしゃのきょじゅうのあんていかくほにかんするほうりつしこうれい,令和四年五月十八日
413CO0000000285,政令,農林中央金庫法施行令,のうりんちゅうおうきんこほうしこうれい,令和八年五月二十五日
413CO0000000297,政令,自動車検査独立行政法人の設立に伴う関係政令の整備及び経過措置に関する政令,じどうしゃけんさどくりつぎょうせいほうじんのせつりつにともなうかんけいせいれいのせいびおよびけいかそちにかんするせいれい,平成十四年七月一日
413CO0000000307,政令,漁船法施行令,ぎょせんほうしこうれい,平成二十八年四月一日
413CO0000000310,政令,浄化槽法施行令,じょうかそうほうしこうれい,令和五年二月三日
413CO0000000318,政令,家内労働法第四条第二項及び第八条第一項の審議会を定める政令,かないろうどうほうだいよんじょうだいにこうおよびだいはちじょうだいいっこうのしんぎかいをさだめるせいれい,平成十三年十月一日
413CO0000000319,政令,地域雇用開発促進法第五条第六項及び第六条第六項の審議会を定める政令,ちいきこようかいはつそくしんほうだいごじょうだいろっこうおよびだいろくじょうだいろっこうのしんぎかいをさだめるせいれい,平成二十三年八月三十日
413CO0000000320,政令,地方労働審議会令,ちほうろうどうしんぎかいれい,平成二十九年七月十一日
413CO0000000323,政令,行政機関が行う政策の評価に関する法律施行令,ぎょうせいきかんがおこなうせいさくのひょうかにかんするほうりつせこうれい,令和三年九月一日
413CO0000000326,政令,アフガニスタン難民救援国際平和協力隊の設置等に関する政令,あふがにすたんなんみんきゅうえんこくさいへいわきょうりょくたいのせっちとうにかんするせいれい,平成十三年十月五日
413CO0000000345,政令,旅客鉄道株式会社及び日本貨物鉄道株式会社に関する法律の一部を改正する法律の施行に伴う経過措置を定める政令,りょかくてつどうかぶしきがいしゃおよびにほんかもつてつどうかぶしきがいしゃにかんするほうりつのいちぶをかいせいするほうりつのしこうにともなうけいかそちをさだめるせいれい,平成二十七年十月一日
413CO0000000348,政令,コソヴォ国際平和協力隊の設置等に関する政令,こそぼぉこくさいへいわきょうりょくたいのせっちとうにかんするせいれい,平成十三年十一月七日
413CO0000000355,政令,特定機器に係る適合性評価手続の結果の外国との相互承認の実施に関する法律施行令,とくていききにかかるてきごうせいひょうかてつづきのけっかのがいこくとのそうごしょうにんのじっしにかんするほうりつしこうれい,令和五年十月二十日
413CO0000000362,政令,電気通信紛争処理委員会令,でんきつうしんふんそうしょりいいんかいれい,令和四年十月一日
413CO0000000372,政令,司法制度改革推進本部令,しほうせいどかいかくすいしんほんぶれい,平成十四年四月一日
413CO0000000381,政令,小型船舶登録令,こがたせんぱくとうろくれい,令和八年五月二十一日
413CO0000000382,政令,小型船舶の登録等に関する法律の施行に伴う経過措置を定める政令,こがたせんぱくのとうろくとうにかんするほうりつのせこうにともなうけいかそちをさだめるせいれい,平成十四年四月一日
413CO0000000388,政令,不正競争防止法施行令,ふせいきょうそうぼうしほうしこうれい,令和六年四月一日
413CO0000000396,政令,フロン類の使用の合理化及び管理の適正化に関する法律施行令,ふろんるいのしようのごうりかおよびかんりのてきせいかにかんするほうりつせこうれい,令和二年四月一日
413CO0000000420,政令,自動車損害賠償保障法及び自動車損害賠償責任再保険特別会計法の一部を改正する法律の施行に伴う経過措置を定める政令,じどうしゃそんがいばいしょうほしょうほうおよびじどうしゃそんがいばいしょうせきにんさいほけんとくべつかいけいほうのいちぶをかいせいするほうりつのしこうにともなうけいかそちをさだめるせいれい,平成十四年四月一日
413CO0000000424,政令,確定給付企業年金法施行令,かくていきゅうふきぎょうねんきんほうしこうれい,令和七年五月一日
413CO0000000426,政令,銀行等の株式等の保有の制限等に関する法律施行令,ぎんこうとうのかぶしきとうのほゆうのせいげんとうにかんするほうりつしこうれい,令和五年四月一日
413CO0000000433,政令,水路業務法施行令,すいろぎょうむほうしこうれい,平成十四年四月一日
413M60000002001,府省令,内閣府本府組織規則,ないかくふほんぷそしききそく,令和七年四月一日
413M60000002004,府省令,沖縄総合事務局組織規則,おきなわそうごうじむきょくそしききそく,令和八年四月一日
413M60000002014,府省令,独立行政法人国立公文書館の業務運営並びに財務及び会計に関する内閣府令,どくりつぎょうせいほうじんこくりつこうぶんしょかんのぎょうむうんえいならびにざいむおよびかいけいにかんするないかくふれい,令和元年六月二十八日
413M60000002091,府省令,銀行法等の一部を改正する法律附則第二条第二項の届出に関する内閣府令,ぎんこうほうとうのいちぶをかいせいするほうりつふそくだいにじょうだいにこうのとどけでにかんするないかくふれい,平成十三年十二月九日
413M60000002093,府省令,独立行政法人駐留軍等労働者労務管理機構の業務運営並びに財務及び会計に関する省令,どくりつぎょうせいほうじんちゅうりゅうぐんとうろうどうしゃろうむかんりきこうのぎょうむうんえいならびにざいむおよびかいけいにかんするしょうれい,平成三十一年四月一日
413M60000008001,府省令,総務省組織規則,そうむしょうそしききそく,令和八年四月一日
413M60000008004,府省令,総務省定員規則,そうむしょうていいんきそく,令和八年四月一日
413M60000008054,府省令,原子力発電施設等立地地域の振興に関する特別措置法第十条の地方税の不均一課税に伴う措置が適用される場合等を定める省令,げんしりょくはつでんしせつとうりっちちいきのしんこうにかんするとくべつそちほうだいじゅうじょうのちほうぜいのふきんいつかぜいにともなうそちがてきようされるばあいとうをさだめるしょうれい,令和七年四月一日
413M60000008104,府省令,特定周波数変更対策業務及び特定周波数終了対策業務に関する規則,とくていしゅうはすうへんこうたいさくぎょうむにかんするきそく,令和七年十月一日
413M60000008109,府省令,地方財政法第三十三条の五の二第一項の額の算定方法を定める省令,ちほうざいせいほうだいさんじゅうさんじょうのごのにだいいっこうのがくのさんていほうほうをさだめるしょうれい,令和六年十二月二十四日
413M60000008155,府省令,電気通信紛争処理委員会手続規則,でんきつうしんふんそうしょりいいんかいてつづききそく,令和四年十月一日
413M60000008158,府省令,地方公共団体の特定の事務の郵便局における取扱いに関する法律第二条第二号、第三号及び第五号から第十一号までに規定する事務の郵便局における取扱いに関する省令,ちほうこうきょうだんたいのとくていのじむのゆうびんきょくにおけるとりあつかいにかんするほうりつだいにじょうだいにごうだいさんごうおよびだいごごうからだいじゅういちごうまでにきていするじむのゆうびんきょくにおけるとりあつかいにかんするしょうれい,令和六年四月一日
413M60000010001,府省令,法務省組織規則,ほうむしょうそしききそく,令和七年四月一日
413M60000010002,府省令,公安調査庁組織規則,こうあんちょうさちょうそしききそく,令和七年四月一日
413M60000010004,府省令,少年院及び少年鑑別所組織規則,しょうねんいんおよびしょうねんかんべつしょそしききそく,令和七年四月一日
413M60000010007,府省令,法務総合研究所組織規則,ほうむそうごうけんきゅうしょそしききそく,令和三年四月一日
413M60000010008,府省令,矯正研修所組織規則,きょうせいけんしゅうじょそしききそく,令和六年四月一日
413M60000010011,府省令,法務局及び地方法務局組織規則,ほうむきょくおよびちほうほうむきょくそしききそく,令和八年四月一日
413M60000010012,府省令,法務局及び地方法務局の支局及び出張所設置規則,ほうむきょくおよびちほうほうむきょくのしきょくおよびしゅっちょうしょせっちきそく,令和八年一月五日
413M60000010015,府省令,保護司の選考に関する規則,ほごしのせんこうにかんするきそく,令和三年三月三十一日
413M60000010016,府省令,法務省定員規則,ほうむしょうていいんきそく,令和七年四月一日
413M60000010062,府省令,弁護士法人、外国法事務弁護士法人及び弁護士・外国法事務弁護士共同法人の業務及び会計帳簿等に関する規則,べんごしほうじんがいこくほうじむべんごしほうじんおよびべんごしがいこくほうじむべんごしきょうどうほうじんのぎょうむおよびかいけいちょうぼとうにかんするきそく,令和五年十二月二十八日
413M60000018002,府省令,戸籍等の謄本等又は戸籍の附票等の写しの交付の請求の受付及び引渡しの事務の郵便局における取扱いに関する省令,こせきとうのとうほんとうまたはこせきのふひょうとうのうつしのこうふのせいきゅうのうけつけおよびひきわたしのじむのゆうびんきょくにおけるとりあつかいにかんするしょうれい,令和六年四月一日
413M60000020001,府省令,外務省組織規則,がいむしょうそしききそく,令和八年四月一日
413M60000040001,府省令,財務省組織規則,ざいむしょうそしききそく,令和八年四月一日
413M60000040003,府省令,財務省定員規則,ざいむしょうていいんきそく,令和七年四月一日
413M60000040006,府省令,独立行政法人酒類総合研究所に関する省令,どくりつぎょうせいほうじんしゅるいそうごうけんきゅうしょにかんするしょうれい,平成三十一年四月一日
413M60000040010,府省令,行政機関の保有する情報の公開に関する法律等に基づく手数料の納付手続の特例に関する省令,ぎょうせいきかんのほゆうするじょうほうのこうかいにかんするほうりつとうにもとづくてすうりょうののうふてつづきのとくれいにかんするしょうれい,令和五年四月一日
413M60000040015,府省令,国家公務員宿舎法に基づく宿舎使用料の納付手続の特例に関する省令,こっかこうむいんしゅくしゃほうにもとづくしゅくしゃしようりょうののうふてつづきのとくれいにかんするしょうれい,令和三年一月一日
413M60000040018,府省令,旧総理府共済組合の解散に係る権利義務の承継に伴い内閣共済組合が総務省共済組合、文部科学省共済組合及び国土交通省共済組合に対して支払うべき金額の算出方法等を定める省令,きゅうそうりふきょうさいくみあいのかいさんにかかるけんりぎむのしょうけいにともないないかくきょうさいくみあいがそうむしょうきょうさいくみあいもんぶかがくしょうきょうさいくみあいおよびこくどこうつうしょうきょうさいくみあいにたいしてしはらうべききんがくのさんしゅつほうほうとうをさだめるしょうれい,平成十三年三月二十三日
413M60000040056,府省令,額面株式の株券の無効手続に伴い作成する株券に係る印紙税の非課税に関する省令,がくめんかぶしきのかぶけんのむこうてつづきにともないさくせいするかぶけんにかかるいんしぜいのひかぜいにかんするしょうれい,令和七年四月一日
413M60000040067,府省令,エネルギーの使用の合理化及び非化石エネルギーへの転換等に関する法律の規定に基づく立入検査をする職員の携帯する身分を示す証明書の様式を定める省令,えねるぎーのしようのごうりかおよびひかせきえねるぎーへのてんかんとうにかんするほうりつのきていにもとづくたちいりけんさをするしょくいんのけいたいするみぶんをしめすしょうめいしょのようしきをさだめるしょうれい,令和五年四月一日
413M60000042002,府省令,信託会社が信託財産として所有する登録国債の登録方法等に関する命令,しんたくがいしゃがしんたくざいさんとしてしょゆうするとうろくこくさいのとうろくほうほうとうにかんするめいれい,平成十九年九月三十日
413M60000042010,府省令,銀行等保有株式取得機構に関する命令,ぎんこうとうほゆうかぶしきしゅとくきこうにかんするめいれい,令和五年十二月二十七日
413M60000080001,府省令,文部科学省組織規則,もんぶかがくしょうそしききそく,令和八年四月一日
413M60000080002,府省令,大学設置・学校法人審議会の私立大学等関係委員の推薦に関する省令,だいがくせっちがっこうほうじんしんぎかいのしりつだいがくとうかんけいいいんのすいせんにかんするしょうれい,平成十三年一月六日
413M60000080003,府省令,国立教育政策研究所組織規則,こくりつきょういくせいさくけんきゅうしょそしききそく,令和七年四月一日
413M60000080017,府省令,文部科学省定員規則,もんぶかがくしょうていいんきそく,令和七年四月一日
413M60000080028,府省令,独立行政法人国立特別支援教育総合研究所に関する省令,どくりつぎょうせいほうじんこくりつとくべつしえんきょういくそうごうけんきゅうじょにかんするしょうれい,令和元年六月十三日
413M60000080029,府省令,独立行政法人大学入試センターに関する省令,どくりつぎょうせいほうじんだいがくにゅうしせんたーにかんするしょうれい,令和四年三月三十一日
413M60000080030,府省令,独立行政法人国立青少年教育振興機構に関する省令,どくりつぎょうせいほうじんこくりつこくりつせいしょうねんきょういくしんこうきこうにかんするしょうれい,令和四年三月三十一日
413M60000080035,府省令,独立行政法人国立科学博物館に関する省令,どくりつぎょうせいほうじんこくりつかがくはくぶつかんにかんするしょうれい,令和四年三月三十一日
413M60000080036,府省令,国立研究開発法人物質・材料研究機構に関する省令,こくりつけんきゅうかいはつほうじんぶっしつざいりょうけんきゅうきこうにかんするしょうれい,令和四年三月三十一日
413M60000080037,府省令,国立研究開発法人防災科学技術研究所に関する省令,こくりつけんきゅうかいはつほうじんぼうさいかがくぎじゅつけんきゅうじょにかんするしょうれい,令和四年三月三十一日
413M60000080039,府省令,国立研究開発法人量子科学技術研究開発機構の財務及び会計に関する省令,こくりつけんきゅうかいはつほうじんりょうしかがくぎじゅつけんきゅうかいはつきこうのざいむおよびかいけいにかんするしょうれい,令和四年三月三十一日
413M60000080040,府省令,独立行政法人国立美術館に関する省令,どくりつぎょうせいほうじんこくりつびじゅつかんにかんするしょうれい,令和四年三月三十一日
413M60000080041,府省令,独立行政法人国立文化財機構に関する省令,どくりつぎょうせいほうじんこくりつぶんかざいきこうにかんするしょうれい,令和五年四月一日
413M60000080043,府省令,独立行政法人教職員支援機構に関する省令,どくりつぎょうせいほうじんきょうしょくいんしえんきこうにかんするしょうれい,令和元年六月十三日
413M60000080073,府省令,著作権等管理事業法施行規則,ちょさくけんとうかんりじぎょうほうせこうきそく,令和元年九月十四日
413M60000100001,府省令,厚生労働省組織規則,こうせいろうどうしょうそしききそく,令和八年五月一日
413M60000100003,府省令,厚生労働省定員規則,こうせいろうどうしょうていいんきそく,令和七年四月一日
413M60000100005,府省令,地方分権の推進を図るための関係法律の整備等に関する法律の施行に伴う国民年金の保険料の納付に関する経過措置に関する政令第二条第一項に規定する厚生労働省令で定める者等を定める省令,ちほうぶんけんのすいしんをはかるためのかんけいほうりつのせいびとうにかんするほうりつのしこうにともなうこくみんねんきんのほけんりょうののうふにかんするけいかそちにかんするせいれいだいにじょうだいいっこうにきていするこうせいろうどうしょうれいでさだめるものとうをさだめるしょうれい,平成十三年一月十日
413M60000100041,府省令,国民健康保険法第四十五条第六項に規定する厚生労働大臣が指定する法人を指定する省令,こくみんけんこうほけんほうだいよんじゅうごじょうだいろっこうにきていするこうせいろうどうだいじんがしていするほうじんをしていするしょうれい,平成二十四年五月一日
413M60000100067,府省令,労働安全衛生法第七十五条の二第一項に規定する指定試験機関の指定に関する省令,ろうどうあんぜんえいせいほうだいななじゅうごじょうのにだいいっこうにきていするしていしけんきかんのしていにかんするしょうれい,平成二十五年六月十二日
413M60000100068,府省令,労働安全衛生法第八十三条の二に規定する指定コンサルタント試験機関の指定に関する省令,ろうどうあんぜんえいせいほうだいはちじゅうさんじょうのににきていするしていこんさるたんとしけんきかんのしていにかんするしょうれい,平成二十五年六月十二日
413M60000100069,府省令,労働安全衛生法第八十五条の二第一項に規定する指定登録機関の指定に関する省令,ろうどうあんぜんえいせいほうだいはちじゅうごじょうのにだいいっこうにきていするしていとうろくきかんのしていにかんするしょうれい,平成二十五年六月十二日
413M60000100070,府省令,作業環境測定法第二十条第二項に規定する指定試験機関の指定に関する省令,さぎょうかんきょうそくていほうだいにじゅうじょうだいにこうにきていするしていしけんきかんのしていにかんするしょうれい,平成二十五年六月十二日
413M60000100072,府省令,作業環境測定法第三十二条の二第二項に規定する指定登録機関の指定に関する省令,さぎょうかんきょうそくていほうだいさんじゅうにじょうのにだいにこうにきていするしていとうろくきかんのしていにかんするしょうれい,平成二十五年六月十二日
413M60000100073,府省令,厚生年金保険法施行令第三条の十六に規定する総括審議官等の範囲を定める省令,こうせいねんきんほけんほうしこうれいだいさんじょうのじゅうろくにきていするそうかつしんぎかんとうのはんいをさだめるしょうれい,令和五年九月一日
413M60000100074,府省令,国民年金法施行令第六条の四の二に規定する総括審議官等の範囲を定める省令,こくみんねんきんほうしこうれいだいろくじょうのよんのににきていするそうかつしんぎかんとうのはんいをさだめるしょうれい,令和五年九月一日
413M60000100085,府省令,社会福祉士及び介護福祉士法第十条第一項の規定に基づく指定試験機関等を指定する省令,しゃかいふくししおよびかいごふくししほうだいじゅうじょうだいいっこうのきていにもとづくしていしけんきかんとうをしていするしょうれい,令和四年四月一日
413M60000100087,府省令,救急救命士法第十二条第一項及び第三十七条第一項に規定する指定登録機関及び指定試験機関を指定する省令,きゅうきゅうきゅうめいしほうだいじゅうにじょうだいいっこうおよびだいさんじゅうななじょうだいいっこうにきていするしていとうろくきかんおよびしていしけんきかんをしていするしょうれい,令和五年四月三日
413M60000100088,府省令,あん摩マツサージ指圧師、はり師、きゆう師等に関する法律第三条の四第一項及び第三条の二十三第一項に規定する指定試験機関及び指定登録機関を指定する省令,あんままっさーじしあつしはりしきゆうしとうにかんするほうりつだいさんじょうのよんだいいっこうおよびだいさんじょうのにじゅうさんだいいっこうにきていするしていしけんきかんおよびしていとうろくきかんをしていするしょうれい,平成三十年十二月十一日
413M60000100089,府省令,歯科衛生士法第八条の二第一項及び第十二条の四第一項に規定する指定登録機関及び指定試験機関を指定する省令,しかえいせいしほうだいはちじょうのにだいいっこうおよびだいじゅうにじょうのよんだいいっこうにきていするしていとうろくきかんおよびしていしけんきかんをしていするしょうれい,平成二十年十二月一日
413M60000100090,府省令,柔道整復師法第八条の二第一項及び第十三条の三第一項に規定する指定登録機関及び指定試験機関を指定する省令,じゅうどうせいふくしほうだいはちじょうのにだいいっこうおよびだいじゅうさんじょうのさんだいいっこうにきていするしていとうろくきかんおよびしていしけんきかんをしていするしょうれい,平成二十年十二月一日
413M60000100091,府省令,臨床工学技士法第十七条第一項に規定する指定試験機関を指定する省令,りんしょうこうがくぎしほうだいじゅうななじょうだいいっこうにきていするしていしけんきかんをしていするしょうれい,平成三十年七月九日
413M60000100092,府省令,義肢装具士法第十七条第一項に規定する指定試験機関を指定する省令,ぎしそうぐしほうだいじゅうななじょうだいいっこうにきていするしていしけんきかんをしていするしょうれい,平成二十年十二月一日
413M60000100093,府省令,言語聴覚士法第十二条第一項及び第三十六条第一項に規定する指定登録機関及び指定試験機関を指定する省令,げんごちょうかくしほうだいじゅうにじょうだいいっこうおよびだいさんじゅうろくじょうだいいっこうにきていするしていとうろくきかんおよびしていしけんきかんをしていするしょうれい,平成三十年五月十四日
413M60000100102,府省令,調理師試験の実施に関する事務を行う者等を指定する省令,ちょうりししけんのじっしにかんするじむをおこなうものとうをしていするしょうれい,令和四年四月四日
413M60000100107,府省令,精神保健福祉士法第十条第一項に規定する指定試験機関及び同法第三十五条第一項に規定する指定登録機関を指定する省令,せいしんほけんふくししほうだいじゅうじょうだいいっこうにきていするしていしけんきかんおよびどうほうだいさんじゅうごじょうだいいっこうにきていするしていとうろくきかんをしていするしょうれい,平成二十四年四月二日
413M60000100133,府省令,ハンセン病療養所入所者等に対する補償金の支給等に関する法律施行規則,はんせんびょうりょうようじょにゅうしょしゃとうにたいするほしょうきんのしきゅうとうにかんするほうりつせこうきそく,令和元年七月一日
413M60000100175,府省令,確定拠出年金法施行規則,かくていきょしゅつねんきんほうせこうきそく,令和八年四月一日
413M60000100191,府省令,個別労働関係紛争の解決の促進に関する法律施行規則,こべつろうどうふんそうのかいけつのそくしんにかんするほうりつしこうきそく,令和五年四月一日
413M60000100193,府省令,地域雇用開発促進法施行規則,ちいきこようかいはつそくしんほうせこうきそく,平成三十一年四月一日
413M60000100196,府省令,言語聴覚士法附則第三条第一号に規定する指定講習会を指定する省令,げんごちょうかくしほうふそくだいさんじょうだいいちごうにきていするしていこうしゅうかいをしていするしょうれい,平成二十年十二月一日
413M60000100200,府省令,放射性医薬品の製造及び取扱規則第三条第一項に規定する放射性物質等の廃棄の委託を受ける者を指定する省令,ほうしゃせいいやくひんのせいぞうおよびとりあつかいきそくだいさんじょうだいいっこうにきていするほうしゃせいぶっしつとうのはいきのいたくをうけるものをしていするしょうれい,平成二十四年四月二十五日
413M60000100202,府省令,医療法施行規則第三十条の十四の二第一項の診療用放射性同位元素又は放射性同位元素によって汚染された物の廃棄の委託を受ける者を指定する省令,いりょうほうせこうきそくだいさんじゅうじょうのじゅうよんのにだいいっこうのしんりょうようほうしゃせいどういげんそまたはほうしゃせいどういげんそによっておせんされたもののはいきのいたくをうけるものをしていするしょうれい,平成二十四年四月二十日
413M60000102006,府省令,確定拠出年金運営管理機関に関する命令,かくていきょしゅつねんきんうんえいかんりきかんにかんするめいれい,令和七年六月一日
413M60000200001,府省令,農林水産省組織規則,のうりんすいさんしょうそしききそく,令和八年四月一日
413M60000200027,府省令,農林水産省定員規則,のうりんすいさんしょうていいんきそく,令和七年四月一日
413M60000200033,府省令,独立行政法人農林水産消費安全技術センターの業務運営並びに財務及び会計に関する省令,どくりつぎょうせいほうじんのうりんすいさんしょうひあんぜんぎじゅつせんたーのぎょうむうんえいならびにざいむおよびかいけいにかんするしょうれい,令和四年十月一日
413M60000200035,府省令,独立行政法人家畜改良センターの業務運営、財務及び会計並びに人事管理に関する省令,どくりつぎょうせいほうじんかちくかいりょうせんたーのぎょうむうんえいざいむおよびかいけいならびにじんじかんりにかんするしょうれい,令和四年二月二十二日
413M60000200047,府省令,国立研究開発法人国際農林水産業研究センターの業務運営、財務及び会計並びに人事管理に関する省令,こくりつけんきゅうかいはつほうじんこくさいのうりんすいさんぎょうけんきゅうせんたーのぎょうむうんえいざいむおよびかいけいならびにじんじかんりにかんするしょうれい,令和元年五月二十七日
413M60000200048,府省令,国立研究開発法人森林研究・整備機構の業務運営、財務及び会計並びに人事管理に関する省令,こくりつけんきゅうかいはつほうじんしんりんけんきゅうせいびきこうのぎょうむうんえいざいむおよびかいけいならびにじんじかんりにかんするしょうれい,令和四年二月二十二日
413M60000200049,府省令,国立研究開発法人水産研究・教育機構の業務運営、財務及び会計並びに人事管理に関する省令,こくりつけんきゅうかいはつほうじんすいさんけんきゅうきょういくきこうのぎょうむうんえいざいむおよびかいけいならびにじんじかんりにかんするしょうれい,令和四年二月二十二日
413M60000200058,府省令,農林水産省の所管する独立行政法人に対し立入検査をする農林水産省の職員が携帯すべき身分証明書の様式を定める省令,のうりんすいさんしょうのしょかんするどくりつぎょうせいほうじんにたいしたちいりけんさをするのうりんすいさんしょうのしょくいんがけいたいすべきみぶんしょうめいしょのようしきをさだめるしょうれい,令和二年十二月二十一日
413M60000200063,府省令,家畜改良増殖法に基づく家畜登録機関に関する省令,かちくかいりょうぞうしょくほうにもとづくかちくとうろくきかんにかんするしょうれい,令和二年十月一日
413M60000202016,府省令,農林中央金庫法施行規則,のうりんちゅうおうきんこほうしこうきそく,令和八年二月十七日
413M60000242003,府省令,農林中央金庫法第八十五条第二項に規定する区分等を定める命令,のうりんちゅうおうきんこほうだいはちじゅうごじょうだいにこうにきていするくぶんとうをさだめるめいれい,令和五年三月三十一日
413M60000400001,府省令,経済産業省組織規則,けいざいさんぎょうしょうそしききそく,令和八年四月一日
413M60000400002,府省令,日本産業標準調査会規則,にほんさんぎょうひょうじゅんちょうさかいきそく,令和六年七月一日
413M60000400004,府省令,経済産業省定員規則,けいざいさんぎょうしょうていいんきそく,令和八年四月一日
413M60000400050,府省令,資源の有効な利用の促進に関する法律施行令別表第二の四の項の上欄に規定する複写機に関する省令,しげんのゆうこうなりようのそくしんにかんするほうりつしこうれいべっぴょうだいにのよんのこうのじょうらんにきていするふくしゃきにかんするしょうれい,平成十三年四月一日
413M60000400051,府省令,資源の有効な利用の促進に関する法律施行令別表第三の十五の項の上欄に規定する石油ストーブに関する省令,しげんのゆうこうなりようのそくしんにかんするほうりつしこうれいべっぴょうだいさんのじゅうごのこうのじょうらんにきていするせきゆすとーぶにかんするしょうれい,平成十三年四月一日
413M60000400052,府省令,資源の有効な利用の促進に関する法律施行令別表第五の六の項の中欄第一号に規定する特定容器包装を定める省令,しげんのゆうこうなりようのそくしんにかんするほうりつしこうれいべっぴょうだいごのろくのこうのちゅうらんだいいちごうにきていするとくていようきほうそうをさだめるしょうれい,平成十三年四月一日
413M60000400053,府省令,パルプ製造業及び紙製造業に属する事業を行う者のスラッジの発生抑制等に関する判断の基準となるべき事項を定める省令,ぱるぷせいぞうぎょうおよびかみせいぞうぎょうにぞくするじぎょうをおこなうもののすらっじのはっせいよくせいとうにかんするはんだんのきじゅんとなるべきじこうをさだめるしょうれい,平成十三年四月一日
413M60000400054,府省令,無機化学工業製品製造業及び有機化学工業製品製造業に属する事業を行う者のスラッジの発生抑制等に関する判断の基準となるべき事項を定める省令,むきかがくこうぎょうせいひんせいぞうぎょうおよびゆうきかがくこうぎょうせいひんせいぞうぎょうにぞくするじぎょうをおこなうもののすらっじのはっせいよくせいとうにかんするはんだんのきじゅんとなるべきじこうをさだめるしょうれい,平成十三年四月一日
413M60000400055,府省令,製鉄業及び製鋼・製鋼圧延業に属する事業を行う者のスラグの発生抑制等に関する判断の基準となるべき事項を定める省令,せいてつぎょうおよびせいこうせいこうあつえんぎょうにぞくするじぎょうをおこなうもののすらぐのはっせいよくせいとうにかんするはんだんのきじゅんとなるべきじこうをさだめるしょうれい,令和元年七月一日
413M60000400056,府省令,銅第一次製錬・精製業に属する事業を行う者のスラグの発生抑制等に関する判断の基準となるべき事項を定める省令,どうだいいちじせいれんせいせいぎょうにぞくするじぎょうをおこなうもののすらぐのはっせいよくせいとうにかんするはんだんのきじゅんとなるべきじこうをさだめるしょうれい,令和元年七月一日
413M60000400057,府省令,自動車製造業に属する事業を行う者の金属くず及び鋳物廃砂の発生抑制等に関する判断の基準となるべき事項を定める省令,じどうしゃせいぞうぎょうにぞくするじぎょうをおこなうもののきんぞくくずおよびちゅうぶつはいしゃのはっせいよくせいとうにかんするはんだんのきじゅんとなるべきじこうをさだめるしょうれい,平成十三年四月一日
413M60000400058,府省令,資源の有効な利用の促進に関する法律第十二条に規定する計画に関する省令,しげんのゆうこうなりようのそくしんにかんするほうりつだいじゅうにじょうにきていするけいかくにかんするしょうれい,令和元年七月一日
413M60000400059,府省令,硬質塩化ビニル製の管又は管継手の製造業に属する事業を行う者の使用済硬質塩化ビニル製の管又は管継手の利用に関する判断の基準となるべき事項を定める省令,こうしつえんかびにるせいのくだまたはかんけいしゅのせいぞうぎょうにぞくするじぎょうをおこなうもののしようずみこうしつえんかびにるせいのくだまたはかんけいしゅのりようにかんするはんだんのきじゅんとなるべきじこうをさだめるしょうれい,平成十三年四月一日
413M60000400060,府省令,複写機の製造業に属する事業を行う者の再生部品の利用に関する判断の基準となるべき事項を定める省令,ふくしゃきのせいぞうぎょうにぞくするじぎょうをおこなうもののさいせいぶひんのりようにかんするはんだんのきじゅんとなるべきじこうをさだめるしょうれい,平成二十三年四月一日
413M60000400062,府省令,パーソナルコンピュータの製造等の事業を行う者の使用済物品等の発生の抑制に関する判断の基準となるべき事項を定める省令,ぱーそなるこんぴゅーたのせいぞうとうのじぎょうをおこなうもののしようずみぶっぴんとうのはっせいのよくせいにかんするはんだんのきじゅんとなるべきじこうをさだめるしょうれい,平成十八年七月一日
413M60000400063,府省令,ユニット形エアコンディショナの製造等の事業を行う者の使用済物品等の発生の抑制に関する判断の基準となるべき事項を定める省令,ゆにっとけいえあこんでぃしょなのせいぞうとうのじぎょうをおこなうもののしようずみぶっぴんとうのはっせいのよくせいにかんするはんだんのきじゅんとなるべきじこうをさだめるしょうれい,令和八年四月一日
413M60000400064,府省令,ぱちんこ遊技機の製造の事業を行う者の使用済物品等の発生の抑制に関する判断の基準となるべき事項を定める省令,ぱちんこゆうぎきのせいぞうのじぎょうをおこなうもののしようずみぶっぴんとうのはっせいのよくせいにかんするはんだんのきじゅんとなるべきじこうをさだめるしょうれい,平成十三年四月一日
413M60000400065,府省令,回胴式遊技機の製造の事業を行う者の使用済物品等の発生の抑制に関する判断の基準となるべき事項を定める省令,かいどうしきゆうぎきのせいぞうのじぎょうをおこなうもののしようずみぶっぴんとうのはっせいのよくせいにかんするはんだんのきじゅんとなるべきじこうをさだめるしょうれい,平成十三年四月一日
413M60000400066,府省令,テレビ受像機の製造等の事業を行う者の使用済物品等の発生の抑制に関する判断の基準となるべき事項を定める省令,てれびじゅぞうきのせいぞうとうのじぎょうをおこなうもののしようずみぶっぴんとうのはっせいのよくせいにかんするはんだんのきじゅんとなるべきじこうをさだめるしょうれい,令和八年四月一日
413M60000400067,府省令,電子レンジの製造等の事業を行う者の使用済物品等の発生の抑制に関する判断の基準となるべき事項を定める省令,でんしれんじのせいぞうとうのじぎょうをおこなうもののしようずみぶっぴんとうのはっせいのよくせいにかんするはんだんのきじゅんとなるべきじこうをさだめるしょうれい,平成十八年七月一日
413M60000400068,府省令,衣類乾燥機の製造等の事業を行う者の使用済物品等の発生の抑制に関する判断の基準となるべき事項を定める省令,いるいかんそうきのせいぞうとうのじぎょうをおこなうもののしようずみぶっぴんとうのはっせいのよくせいにかんするはんだんのきじゅんとなるべきじこうをさだめるしょうれい,平成十八年七月一日
413M60000400069,府省令,電気冷蔵庫の製造等の事業を行う者の使用済物品等の発生の抑制に関する判断の基準となるべき事項を定める省令,でんきれいぞうこのせいぞうとうのじぎょうをおこなうもののしようずみぶっぴんとうのはっせいのよくせいにかんするはんだんのきじゅんとなるべきじこうをさだめるしょうれい,令和八年四月一日
413M60000400070,府省令,電気洗濯機の製造等の事業を行う者の使用済物品等の発生の抑制に関する判断の基準となるべき事項を定める省令,でんきせんたくきのせいぞうとうのじぎょうをおこなうもののしようずみぶっぴんとうのはっせいのよくせいにかんするはんだんのきじゅんとなるべきじこうをさだめるしょうれい,令和八年四月一日
413M60000400071,府省令,収納家具の製造等の事業を行う者の使用済物品等の発生の抑制に関する判断の基準となるべき事項を定める省令,しゅうのうかぐのせいぞうとうのじぎょうをおこなうもののしようずみぶっぴんとうのはっせいのよくせいにかんするはんだんのきじゅんとなるべきじこうをさだめるしょうれい,令和八年四月一日
413M60000400072,府省令,棚の製造等の事業を行う者の使用済物品等の発生の抑制に関する判断の基準となるべき事項を定める省令,たなのせいぞうとうのじぎょうをおこなうもののしようずみぶっぴんとうのはっせいのよくせいにかんするはんだんのきじゅんとなるべきじこうをさだめるしょうれい,令和八年四月一日
413M60000400073,府省令,事務用机の製造等の事業を行う者の使用済物品等の発生の抑制に関する判断の基準となるべき事項を定める省令,じむようづくえのせいぞうとうのじぎょうをおこなうもののしようずみぶっぴんとうのはっせいのよくせいにかんするはんだんのきじゅんとなるべきじこうをさだめるしょうれい,令和八年四月一日
413M60000400074,府省令,回転いすの製造等の事業を行う者の使用済物品等の発生の抑制に関する判断の基準となるべき事項を定める省令,かいてんいすのせいぞうとうのじぎょうをおこなうもののしようずみぶっぴんとうのはっせいのよくせいにかんするはんだんのきじゅんとなるべきじこうをさだめるしょうれい,令和八年四月一日
413M60000400075,府省令,石油ストーブ等の製造の事業を行う者の使用済物品等の発生の抑制に関する判断の基準となるべき事項を定める省令,せきゆすとーぶとうのせいぞうのじぎょうをおこなうもののしようずみぶっぴんとうのはっせいのよくせいにかんするはんだんのきじゅんとなるべきじこうをさだめるしょうれい,平成十三年四月一日
413M60000400076,府省令,浴室ユニットの製造の事業を行う者の再生資源の利用の促進に関する判断の基準となるべき事項を定める省令,よくしつゆにっとのせいぞうのじぎょうをおこなうもののさいせいしげんのりようのそくしんにかんするはんだんのきじゅんとなるべきじこうをさだめるしょうれい,平成十三年四月一日
413M60000400077,府省令,パーソナルコンピュータの製造等の事業を行う者の再生資源又は再生部品の利用の促進に関する判断の基準となるべき事項を定める省令,ぱーそなるこんぴゅーたのせいぞうとうのじぎょうをおこなうもののさいせいしげんまたはさいせいぶひんのりようのそくしんにかんするはんだんのきじゅんとなるべきじこうをさだめるしょうれい,令和元年七月一日
413M60000400078,府省令,ユニット形エアコンディショナの製造等の事業を行う者の再生資源の利用の促進に関する判断の基準となるべき事項を定める省令,ゆにっとけいえあこんでぃしょなのせいぞうとうのじぎょうをおこなうもののさいせいしげんのりようのそくしんにかんするはんだんのきじゅんとなるべきじこうをさだめるしょうれい,令和元年七月一日
413M60000400079,府省令,ぱちんこ遊技機の製造の事業を行う者の再生資源又は再生部品の利用の促進に関する判断の基準となるべき事項を定める省令,ぱちんこゆうぎきのせいぞうのじぎょうをおこなうもののさいせいしげんまたはさいせいぶひんのりようのそくしんにかんするはんだんのきじゅんとなるべきじこうをさだめるしょうれい,平成十三年四月一日
413M60000400080,府省令,回胴式遊技機の製造の事業を行う者の再生資源又は再生部品の利用の促進に関する判断の基準となるべき事項を定める省令,かいどうしきゆうぎきのせいぞうのじぎょうをおこなうもののさいせいしげんまたはさいせいぶひんのりようのそくしんにかんするはんだんのきじゅんとなるべきじこうをさだめるしょうれい,平成十三年四月一日
413M60000400081,府省令,複写機の製造等の事業を行う者の再生部品の利用の促進に関する判断の基準となるべき事項を定める省令,ふくしゃきのせいぞうとうのじぎょうをおこなうもののさいせいぶひんのりようのそくしんにかんするはんだんのきじゅんとなるべきじこうをさだめるしょうれい,令和八年四月一日
413M60000400082,府省令,テレビ受像機の製造等の事業を行う者の再生資源の利用の促進に関する判断の基準となるべき事項を定める省令,てれびじゅぞうきのせいぞうとうのじぎょうをおこなうもののさいせいしげんのりようのそくしんにかんするはんだんのきじゅんとなるべきじこうをさだめるしょうれい,令和元年七月一日
413M60000400083,府省令,電子レンジの製造等の事業を行う者の再生資源の利用の促進に関する判断の基準となるべき事項を定める省令,でんしれんじのせいぞうとうのじぎょうをおこなうもののさいせいしげんのりようのそくしんにかんするはんだんのきじゅんとなるべきじこうをさだめるしょうれい,令和元年七月一日
413M60000400084,府省令,衣類乾燥機の製造等の事業を行う者の再生資源の利用の促進に関する判断の基準となるべき事項を定める省令,いるいかんそうきのせいぞうとうのじぎょうをおこなうもののさいせいしげんのりようのそくしんにかんするはんだんのきじゅんとなるべきじこうをさだめるしょうれい,令和元年七月一日
413M60000400085,府省令,電気冷蔵庫の製造等の事業を行う者の再生資源の利用の促進に関する判断の基準となるべき事項を定める省令,でんきれいぞうこのせいぞうとうのじぎょうをおこなうもののさいせいしげんのりようのそくしんにかんするはんだんのきじゅんとなるべきじこうをさだめるしょうれい,令和元年七月一日
413M60000400086,府省令,電気洗濯機の製造等の事業を行う者の再生資源の利用の促進に関する判断の基準となるべき事項を定める省令,でんきせんたくきのせいぞうとうのじぎょうをおこなうもののさいせいしげんのりようのそくしんにかんするはんだんのきじゅんとなるべきじこうをさだめるしょうれい,平成十八年七月一日
413M60000400087,府省令,収納家具の製造の事業を行う者の再生資源の利用の促進に関する判断の基準となるべき事項を定める省令,しゅうのうかぐのせいぞうのじぎょうをおこなうもののさいせいしげんのりようのそくしんにかんするはんだんのきじゅんとなるべきじこうをさだめるしょうれい,平成十三年四月一日
413M60000400088,府省令,棚の製造の事業を行う者の再生資源の利用の促進に関する判断の基準となるべき事項を定める省令,たなのせいぞうのじぎょうをおこなうもののさいせいしげんのりようのそくしんにかんするはんだんのきじゅんとなるべきじこうをさだめるしょうれい,平成十三年四月一日
413M60000400089,府省令,事務用机の製造の事業を行う者の再生資源の利用の促進に関する判断の基準となるべき事項を定める省令,じむようづくえのせいぞうのじぎょうをおこなうもののさいせいしげんのりようのそくしんにかんするはんだんのきじゅんとなるべきじこうをさだめるしょうれい,平成十三年四月一日
413M60000400090,府省令,回転いすの製造の事業を行う者の再生資源の利用の促進に関する判断の基準となるべき事項を定める省令,かいてんいすのせいぞうのじぎょうをおこなうもののさいせいしげんのりようのそくしんにかんするはんだんのきじゅんとなるべきじこうをさだめるしょうれい,平成十三年四月一日
413M60000400091,府省令,システムキッチンの製造の事業を行う者の再生資源の利用の促進に関する判断の基準となるべき事項を定める省令,しすてむきっちんのせいぞうのじぎょうをおこなうもののさいせいしげんのりようのそくしんにかんするはんだんのきじゅんとなるべきじこうをさだめるしょうれい,平成十三年四月一日
413M60000400092,府省令,石油ストーブ等の製造の事業を行う者の再生資源の利用の促進に関する判断の基準となるべき事項を定める省令,せきゆすとーぶとうのせいぞうのじぎょうをおこなうもののさいせいしげんのりようのそくしんにかんするはんだんのきじゅんとなるべきじこうをさだめるしょうれい,平成十三年四月一日
413M60000400094,府省令,塩化ビニル製建設資材の表示の標準となるべき事項を定める省令,えんかびにるせいけんせつしざいのひょうじのひょうじゅんとなるべきじこうをさだめるしょうれい,令和八年四月一日
413M60000400101,府省令,独立行政法人経済産業研究所の業務運営、財務及び会計並びに人事管理に関する省令,どくりつぎょうせいほうじんけいざいさんぎょうけんきゅうじょのぎょうむうんえいざいむおよびかいけいならびにじんじかんりにかんするしょうれい,令和元年六月一日
413M60000400102,府省令,独立行政法人工業所有権情報・研修館の業務運営、財務及び会計並びに人事管理に関する省令,どくりつぎょうせいほうじんこうぎょうしょゆうけんけんしゅうかんのぎょうむうんえいざいむおよびかいけいならびにじんじかんりにかんするしょうれい,令和六年九月二日
413M60000400105,府省令,貿易保険法施行規則,ぼうえきほけんほうしこうきそく,令和七年二月十三日
413M60000400108,府省令,国立研究開発法人産業技術総合研究所の業務運営、財務及び会計並びに人事管理に関する省令,こくりつけんきゅうかいはつほうじんさんぎょうぎじゅつそうごうけんきゅうじょのぎょうむうんえいざいむおよびかいけいならびにじんじかんりにかんするしょうれい,令和四年二月一日
413M60000400109,府省令,独立行政法人製品評価技術基盤機構の業務運営並びに財務及び会計に関する省令,どくりつぎょうせいほうじんせいひんひょうかぎじゅつきばんきこうのぎょうむうんえいならびにざいむおよびかいけいにかんするしょうれい,令和四年二月一日
413M60000400119,府省令,ガス事業法第二十九条第三項に規定する経済産業大臣が指定する者を定める省令,がすじぎょうほうだいにじゅうきゅうじょうだいさんこうにきていするけいざいさんぎょうだいじんがしていするものをさだめるしょうれい,平成二十九年四月一日
413M60000400123,府省令,電気事業法第四十五条第二項に規定する指定試験機関を定める省令,でんきじぎょうほうだいよんじゅうごじょうだいにこうにきていするしていしけんきかんをさだめるしょうれい,平成二十年十二月一日
413M60000400129,府省令,エネルギーの使用の合理化及び非化石エネルギーへの転換等に関する法律に規定する指定試験機関を指定する省令,えねるぎーのしようのごうりかおよびひかせきえねるぎーへのてんかんとうにかんするほうりつにきていするしていしけんきかんをしていするしょうれい,令和五年四月一日
413M60000400131,府省令,エネルギーの使用の合理化及び非化石エネルギーへの転換等に関する法律に規定する指定講習機関を指定する省令,えねるぎーのしようのごうりかおよびひかせきえねるぎーへのへんかんとうにかんするほうりつにきていするしていこうしゅうきかんをしていするしょうれい,令和五年四月一日
413M60000400132,府省令,中小企業信用保険法第五条及び第八条の回収委託費用の算出方法に関する省令,ちゅうしょうきぎょうしんようほけんほうだいごじょうおよびだいはちじょうのかいしゅういたくひようのさんしゅつほうほうにかんするしょうれい,平成十五年二月十日
413M60000400146,府省令,伝統的工芸品産業の振興に関する法律施行規則,でんとうてきこうげいひんさんぎょうのしんこうにかんするほうりつせこうきそく,令和元年七月一日
413M60000400147,府省令,電気工事士法第七条第一項に規定する経済産業大臣が指定する者を定める省令,でんきこうじしほうだいよんじょうのさんにきていするけいざいさんぎょうだいじんがしていするものとうをさだめるしょうれい,平成二十四年六月十五日
413M60000400154,府省令,中小企業支援法第十二条第二項に規定する指定試験機関を指定する省令,ちゅうしょうきぎょうしえんほうだいじゅうにじょうだいにこうにきていするしていしけんきかんをしていするしょうれい,令和六年十月一日
413M60000400161,府省令,工業統計調査規則第四条に規定する調査の範囲の特例に関する省令,こうぎょうとうけいちょうさきそくだいよんじょうにきていするちょうさのはんいのとくれいにかんするしょうれい,平成十三年五月八日
413M60000400167,府省令,計量法第百三十五条第一項に規定する指定校正機関を指定する省令,けいりょうほうだいひゃくさんじゅうごじょうだいいっこうにきていするしていこうせいきかんをしていするしょうれい,平成二十九年一月十一日
413M60000400208,府省令,特定機器に係る適合性評価手続の結果の外国との相互承認の実施に関する法律第三十五条に基づく国際証明書等に関する省令,とくていききにかかるてきごうせいひょうかてつづきのけっかのがいこくとのそうごしょうにんのじっしにかんするほうりつだいさんじゅうごじょうにもとづくこくさいしょうめいしょとうにかんするしょうれい,令和五年十月二十日
413M60000400249,府省令,輸出貨物が核兵器等の開発等のために用いられるおそれがある場合を定める省令,ゆしゅつかもつがかくへいきとうのかいはつとうのためにもちいられるおそれがあるばあいをさだめるしょうれい,令和七年十月九日
413M60000408002,府省令,特定機器に係る適合性評価手続の結果の外国との相互承認の実施に関する法律に基づく指定調査機関等に関する省令,とくていききにかかるてきごうせいひょうかのけっかのがいこくとのそうごしょうにんのじっしにかんするほうりつにもとづくしていちょうさきかんとうにかんするしょうれい,令和五年十月二十日
413M60000408003,府省令,特定機器に係る適合性評価手続の結果の外国との相互承認の実施に関する法律施行規則,とくていききにかかるてきごうせいひょうかてつづきのけっかのがいこくとのそうごしょうにんのじっしにかんするほうりつしこうきそく,令和五年十月二十日
413M60000418001,府省令,電子署名及び認証業務に関する法律に基づく指定調査機関等に関する省令,でんししょめいおよびにんしょうぎょうむにかんするほうりつにもとづくしていちょうさきかんとうにかんするしょうれい,令和三年九月一日
413M60000418002,府省令,電子署名及び認証業務に関する法律施行規則,でんししょめいおよびにんしょうぎょうむにかんするほうりつしこうきそく,令和八年一月一日
413M60000482001,府省令,原子力発電施設等立地地域の振興に関する特別措置法施行令第二条第七号に規定する原子力発電による電気の安定供給に寄与する原子力の研究及び開発の用に供する施設を定める命令,げんしりょくはつでんしせつとうりっちちいきのしんこうにかんするとくべつそちほうしこうれいだいにじょうだいななごうにきていするげんしりょくはつでんによるでんきのあんていきょうきゅうにきよするげんしりょくのけんきゅうおよびかいはつのようにきょうするしせつをさだめるめいれい,平成二十七年四月一日
413M60000740001,府省令,資源の有効な利用の促進に関する法律施行令別表第五の六の項の上欄に規定する特定容器包装に関する省令,しげんのゆうこうなりようのそくしんにかんするほうりつしこうれいべっぴょうだいごのろくのこうのじょうらんにきていするとくていようきほうそうにかんするしょうれい,平成二十年四月一日
413M60000740002,府省令,特定容器包装の表示の標準となるべき事項を定める省令,とくていようきほうそうのひょうじのひょうじゅんとなるべきじこうをさだめるしょうれい,令和八年四月一日
413M60000800001,府省令,国土交通省組織規則,こくどこうつうしょうそしききそく,令和八年四月一日
413M60000800003,府省令,気象庁組織規則,きしょうちょうそしききそく,令和七年八月七日
413M60000800004,府省令,海上保安庁組織規則,かいじょうほあんちょうそしききそく,令和八年四月一日
413M60000800005,府省令,海難審判所組織規則,かいなんしんぱんしょそしききそく,平成二十三年三月三十一日
413M60000800007,府省令,国土交通政策研究所組織規則,こくどこうつうせいさくけんきゅうしょそしききそく,平成二十一年四月一日
413M60000800014,府省令,国土交通大学校組織規則,こくどこうつうだいがっこうそしききそく,令和七年七月一日
413M60000800019,府省令,航空保安大学校組織規則,こうくうほあんだいがっこうそしききそく,令和二年四月一日
413M60000800020,府省令,国土地理院組織規則,こくどちりいんそしききそく,令和七年四月一日
413M60000800021,府省令,地方整備局組織規則,ちほうせいびきょくそしききそく,令和八年四月一日
413M60000800022,府省令,北海道開発局組織規則,ほっかいどうかいはつきょくそしききそく,令和八年四月一日
413M60000800024,府省令,地方交通審議会規則,ちほうこうつうしんぎかいきそく,平成二十七年七月一日
413M60000800025,府省令,地方航空局組織規則,ちほうこうくうきょくそしききそく,令和八年三月一日
413M60000800026,府省令,航空交通管制部組織規則,こうくうこうつうかんせいぶそしききそく,令和七年四月一日
413M60000800028,府省令,国土交通省定員規則,こくどこうつうしょうていいんきそく,令和七年四月一日
413M60000800044,府省令,国立研究開発法人土木研究所の財務及び会計等に関する省令,こくりつけんきゅうかいはつほうじんどぼくけんきゅうじょのざいむおよびかいけいとうにかんするしょうれい,令和四年三月二十九日
413M60000800045,府省令,国立研究開発法人建築研究所に関する省令,こくりつけんきゅうかいはつほうじんけんちくけんきゅうじょにかんするしょうれい,令和四年三月二十九日
413M60000800047,府省令,国立研究開発法人海上・港湾・航空技術研究所に関する省令,こくりつけんきゅうかいはつほうじんかいじょうこうわんこうくうぎじゅつけんきゅうしょにかんするしょうれい,令和四年三月二十九日
413M60000800052,府省令,独立行政法人海技教育機構に関する省令,どくりつぎょうせいほうじんかいぎきょういくきこうにかんするしょうれい,令和四年三月二十九日
413M60000800053,府省令,独立行政法人航空大学校に関する省令,どくりつぎょうせいほうじんこうくうだいがっこうにかんするしょうれい,令和元年六月二十七日
413M60000800071,府省令,土砂災害警戒区域等における土砂災害防止対策の推進に関する法律施行規則,どしゃさいがいけいかいくいきとうにおけるどしゃさいがいぼうしたいさくのすいしんにかんするほうりつせこうきそく,令和三年一月一日
413M60000800079,府省令,国土技術政策総合研究所組織規則,こくどぎじゅつせいさくそうごうけんきゅうじょそしききそく,令和七年七月一日
413M60000800086,府省令,踏切道改良促進法施行規則,ふみきりどうかいりょうそくしんほうせこうきそく,令和三年四月一日
413M60000800092,府省令,解体工事業に係る登録等に関する省令,かいたいこうじぎょうにかかるとうろくとうにかんするしょうれい,令和五年十二月二十八日
413M60000800103,府省令,車道及び側帯の舗装の構造の基準に関する省令,しゃどうおよびそくたいのほそうのこうぞうのきじゅんにかんするしょうれい,平成十三年七月一日
413M60000800106,府省令,道路運送法及びタクシー業務適正化臨時措置法の一部を改正する法律の施行に伴う経過措置を定める省令,どうろうんそうほうおよびたくしーぎょうむてきせいかりんじそちほうのいちぶをかいせいするほうりつのしこうにともなうけいかそちをさだめるしょうれい,平成十四年七月一日
413M60000800110,府省令,マンションの管理の適正化の推進に関する法律施行規則,まんしょんのかんりのてきせいかのすいしんにかんするほうりつせこうきそく,令和八年四月一日
413M60000800115,府省令,高齢者の居住の安定確保に関する法律施行規則,こうれいしゃのきょじゅうのあんていかくほにかんするほうりつしこうきそく,令和七年十月一日
413M60000800124,府省令,運輸安全委員会設置法施行規則,うんゆあんぜんいいんかいせっちほうしこうきそく,令和四年十二月五日
413M60000800129,府省令,船員に関する個別労働関係紛争の解決の促進に関する法律施行規則,せんいんにかんするこべつろうどうかんけいふんそうのかいけつのそくしんにかんするほうりつせこうきそく,令和三年一月一日
413M60000800151,府省令,鉄道に関する技術上の基準を定める省令,てつどうにかんするぎじゅつじょうのきじゅんをさだめるしょうれい,令和八年七月一日
413M60000802002,府省令,自動車損害賠償責任保険の保険金等及び自動車損害賠償責任共済の共済金等の支払の適正化のための措置に関する命令,じどうしゃそんがいばいしょうせきにんほけんのほけんきんとうおよびじどうしゃそんがいばいしょうせきにんきょうさいのきょうさいきんとうのしはらいのてきせいかのためのそちにかんするめいれい,令和六年四月一日
413M60000C00001,府省令,自動車の製造又は修理の事業を行う者の再生資源又は再生部品の利用の促進に関する判断の基準となるべき事項を定める省令,じどうしゃのせいぞうまたはしゅうりのじぎょうをおこなうもののさいせいしげんまたはさいせいぶひんのりようのそくしんにかんするはんだんのきじゅんとなるべきじこうをさだめるしょうれい,平成十三年四月一日
413M60000C00004,府省令,自動車の製造又は修理の事業を行う者の使用済物品等の発生の抑制に関する判断の基準となるべき事項を定める省令,じどうしゃのせいぞうまたはしゅうりのじぎょうをおこなうもののしようずみぶっぴんとうのはっせいのよくせいにかんするはんだんのきじゅんとなるべきじこうをさだめるしょうれい,平成十三年四月一日
413M60001000001,府省令,環境省組織規則,かんきょうしょうそしききそく,令和八年四月一日
413M60001000002,府省令,公害健康被害補償不服審査会の庶務を処理する組織を定める省令,こうがいけんこうひがいほしょうふふくしんさかいのしょむをしょりするそしきをさだめるしょうれい,令和六年四月一日
413M60001000004,府省令,廃棄物の処理及び清掃に関する法律施行令の一部を改正する政令附則第二条第三項の規定による届出に関する省令,はいきぶつのしょりおよびせいそうにかんするほうりつせこうれいのいちぶをかいせいするせいれいふそくだいにじょうだいさんこうのきていによるとどけでにかんするしょうれい,令和元年十二月十四日
413M60001000014,府省令,国立研究開発法人国立環境研究所の業務運営並びに財務及び会計等に関する省令,こくりつけんきゅうかいはつほうじんこくりつかんきょうけんきゅうじょのぎょうむうんえいならびにざいむおよびかいけいとうにかんするしょうれい,令和四年三月二日
413M60001000019,府省令,悪臭防止法第十三条第二項に規定する指定機関を指定する省令,あくしゅうぼうしほうだいじゅうさんじょうだいにこうにきていするしていきかんをしていするしょうれい,令和五年九月十一日
413M60001000023,府省令,ポリ塩化ビフェニル廃棄物の適正な処理の推進に関する特別措置法施行規則,ぽりえんかびふぇにるはいきぶつのてきせいなしょりのすいしんにかんするとくべつそちほうしこうきそく,令和六年四月十九日
413M60001000034,府省令,一般廃棄物収集運搬業の許可を要しない者に関する廃棄物の処理及び清掃に関する法律施行規則の特例を定める省令,いっぱんはいきぶつしゅうしゅううんぱんぎょうのきょかをようしないものにかんするはいきぶつのしょりおよびせいそうにかんするほうりつしこうきそくのとくれいをさだめるしょうれい,令和六年二月十三日
413M60001200002,府省令,食品循環資源の再生利用等の促進に関する法律第二条第七項の方法を定める省令,しょくひんじゅんかんしげんのさいせいりようとうのそくしんにかんするほうりつだいにじょうだいななこうのほうほうをさだめるしょうれい,平成十九年十二月一日
413M60001400001,府省令,パーソナルコンピュータの製造等の事業を行う者の使用済パーソナルコンピュータの自主回収及び再資源化に関する判断の基準となるべき事項を定める省令,ぱーそなるこんぴゅーたのせいぞうとうのじぎょうをおこなうもののしようずみパーソナルコンピュータのじしゅかいしゅうおよびさいしげんかにかんするはんだんのきじゅんとなるべきじこうをさだめるしょうれい,平成十五年十月一日
413M60001400002,府省令,特定工場における公害防止組織の整備に関する法律第八条の二第一項に規定する指定試験機関を指定する省令,とくていこうじょうにおけるこうがいぼうしそしきのせいびにかんするほうりつだいはちじょうのにだいいっこうにきていするしていしけんきかんをしていするしょうれい,令和五年七月十九日
413M60001500001,府省令,密閉形蓄電池の製造等の事業を行う者及び密閉形蓄電池使用製品の製造等の事業を行う者の使用済密閉形蓄電池の自主回収及び再資源化に関する判断の基準となるべき事項を定める省令,みっぺいがたちくでんちのせいぞうとうのじぎょうをおこなうものおよびみっぺいがたちくでんちしようせいひんのせいぞうとうのじぎょうをおこなうもののしようずみみっぺいがたちくでんちのじしゅかいしゅうおよびさいしげんかにかんするはんだんのきじゅんとなるべきじこうをさだめるしょうれい,平成十三年四月一日
413M60001600001,府省令,食品循環資源の再生利用等の促進に関する法律に基づく再生利用事業を行う者の登録に関する省令,しょくひんじゅんかんしげんのさいせいりようとうのそくしんにかんするほうりつにもとづくさいせいりようじぎょうをおこなうもののとうろくにかんするしょうれい,令和六年四月一日
413M60001600002,府省令,食品循環資源の再生利用等の促進に関する法律第二十四条第二項の規定による立入検査をする職員の携帯する身分を示す証明書の様式を定める省令,しょくひんじゅんかんしげんのさいせいりようとうのそくしんにかんするほうりつだいにじゅうよんじょうだいにこうのきていによるたちいりけんさをするしょくいんのけいたいするみぶんをしめすしょうめいしょのようしきをさだめるしょうれい,令和元年七月一日
413M60001800003,府省令,特定工場における公害防止組織の整備に関する法律施行令別表第三の三の項の下欄及び七の項の下欄に規定する講習に関する省令,とくていこうじょうにおけるこうがいぼうしそしきのせいびにかんするほうりつせこうれいべっぴょうだいさんのさんのこうのげらんおよびななのこうのげらんにきていするこうしゅうにかんするしょうれい,平成十六年六月二十三日
413M60001800004,府省令,浄化槽設備士に係る講習等に関する省令,じょうかそうせいびしにかかるこうしゅうとうにかんするしょうれい,令和五年二月二十八日
413M60001F40001,府省令,資源の有効な利用の促進に関する法律の規定に基づく立入検査をする職員の携帯する身分を示す証明書の様式を定める省令,しげんのゆうこうなりようのそくしんにかんするほうりつのきていにもとづくたちいりけんさをするしょくいんのけいたいするみぶんをしめすしょうめいしょのようしきをさだめるしょうれい,令和八年四月一日
413M60001F40002,府省令,食品循環資源の再生利用等の促進に関する法律に基づく再生利用事業計画の認定に関する省令,しょくひんじゅんかんしげんのさいせいりようとうのそくしんにかんするほうりつにもとづくさいせいりようじぎょうけいかくのにんていにかんするしょうれい,令和七年十一月十七日
413M60001F40003,府省令,食品循環資源の再生利用等の促進に関する法律第二十四条第一項及び第三項の規定による立入検査をする職員の携帯する身分を示す証明書の様式を定める省令,しょくひんじゅんかんしげんのさいせいりようとうのそくしんにかんするほうりつだいにじゅうよんじょうだいいっこうおよびだいさんこうのきていによるたちいりけんさをするしょくいんのけいたいするみぶんをしめすしょうめいしょのようしきをさだめるしょうれい,令和元年七月一日
413M60001F40004,府省令,食品循環資源の再生利用等の促進に関する食品関連事業者の判断の基準となるべき事項を定める省令,しょくひんじゅんかんしげんのさいせいりようとうのそくしんにかんするしょくひんかんれんじぎょうしゃのはんだんのきじゅんとなるべきじこうをさだめるしょうれい,令和七年三月二十四日
413M60001FC2001,府省令,特定化学物質の環境への排出量の把握等及び管理の改善の促進に関する法律施行規則,とくていかがくぶっしつのかんきょうへのはいしゅつりょうのはあくとうおよびかんりのかいぜんのそくしんにかんするほうりつしこうきそく,令和五年十二月二十八日
413M60400000002,規則,刑事訴訟法の規定による司法警察職員として職務を行う皇宮護衛官に関する規則,けいじそしょうほうのきていによるしほうけいさつしょくいんとしてしょくむをおこなうこうぐうごえいかんにかんするきそく,平成十三年三月一日
413M60400000011,規則,苦情の申出の手続に関する規則,くじょうのもうしでのてつづきにかんするきそく,令和四年四月一日
413M60400000014,規則,警察官等警棒等使用及び取扱い規範,けいさつかんとうけいぼうとうしようおよびとりあつかいきはん,令和七年六月一日
413R00000001002,規則,会計検査院の情報公開に関する権限又は事務の委任に関する規則,かいけいけんさいんのじょうほうこうかいにかんするけんげんまたはじむのいにんにかんするきそく,平成十三年四月一日
413R00000001003,規則,会計検査院情報公開・個人情報保護審査会規則,かいけいけんさいんじょうほうこうかいこじんじょうほうほごしんさかいきそく,令和四年四月一日
413RJNJ01034000,規則,人事院規則一―三四（人事管理文書の保存期間及び保存期間が満了したときの措置）,じんじいんきそくいちのさんじゅうよんじんじかんりぶんしょのほぞんきかんおよびほぞんきかんがまんりょうしたときのそち,令和八年四月一日
413RJNJ02012000,規則,人事院規則二―一二（人事院の職員に対する行政文書の開示に係る権限又は事務の委任）,じんじいんきそくにのじゅうにじんじいんのしょくいんにたいするぎょうせいぶんしょのかいじにかかるけんげんまたはじむのいにん,平成十三年四月一日
413RJNJ22003000,規則,人事院規則二二―三（倫理法第四章の規定の適用を受ける行政執行法人の職員の官職）,じんじいんきそくにじゅうにのさんりんりほうだいよんしょうのきていのてきようをうけるぎょうせいしっこうほうじんのしょくいんのかんしょく,平成二十七年四月一日
413RPMD03290000,府省令,内閣衛星情報センター組織規則,ないかくえいせいじょうほうせんたーそしききそく,平成二十九年四月一日
414AC0000000014,法律,沖縄振興特別措置法,おきなわしんこうとくべつそちほう,令和七年十月一日
414AC0000000020,法律,平成十四年度における財政運営のための公債の発行の特例等に関する法律,へいせいじゅうよねんどにおけるざいせいうんえいのためのこうさいのはっこうのとくれいとうにかんするほうりつ,平成十九年四月一日
414AC0000000021,法律,平成十四年度における国民年金法による年金の額等の改定の特例に関する法律,へいせいじゅうよねんどにおけるこくみんねんきんほうによるねんきんのがくとうのかいていのとくれいとうにかんするほうりつ,平成十四年四月一日
414AC0000000022,法律,都市再生特別措置法,としさいせいとくべつそちほう,令和六年十一月八日
414AC0000000040,法律,独立行政法人造幣局法,どくりつぎょうせいほうじんぞうへいきょくほう,平成二十七年四月一日
414AC0000000041,法律,独立行政法人国立印刷局法,どくりつぎょうせいほうじんこくりついんさつきょくほう,令和七年四月一日
414AC0000000042,法律,貨幣回収準備資金に関する法律,かへいかいしゅうじゅんびしきんにかんするほうりつ,平成十五年四月一日
414AC0000000048,法律,地方公共団体の一般職の任期付職員の採用に関する法律,ちほうこうきょうだんたいのいっぱんしょくのにんきつきしょくいんのさいようにかんするほうりつ,令和七年四月一日
414AC0000000052,法律,農林漁業法人等に対する投資の円滑化に関する特別措置法,のうりんぎょぎょうほうじんとうにたいするとうしのえんかつかにかんするとくべつそちほう,令和三年八月二日
414AC0000000053,法律,土壌汚染対策法,どじょうおせんたいさくほう,令和七年六月一日
414AC0000000066,法律,国際受刑者移送法,こくさいじゅけいしゃいそうほう,令和八年五月二十二日
414AC0000000067,法律,公衆等脅迫目的の犯罪行為等のための資金等の提供等の処罰に関する法律,こうしゅうとうきょうはくもくてきのはんざいこういとうのためのしきんとうのていきょうとうのしょばつにかんするほうりつ,令和七年六月一日
414AC0000000078,法律,マンションの再生等の円滑化に関する法律,まんしょんのさいせいとうのえんかつかにかんするほうりつ,令和八年四月一日
414AC0000000081,法律,文化財の不法な輸出入等の規制等に関する法律,ぶんかざいのふほうなゆしゅつにゅうとうのきせいとうにかんするほうりつ,平成十七年四月一日
414AC0000000087,法律,使用済自動車の再資源化等に関する法律,しようずみじどうしゃのさいしげんかとうにかんするほうりつ,令和七年六月一日
414AC0000000088,法律,鳥獣の保護及び管理並びに狩猟の適正化に関する法律,ちょうじゅうのほごおよびかんりならびにしゅりょうのてきせいかにかんするほうりつ,令和九年四月一日
414AC0000000094,法律,独立行政法人エネルギー・金属鉱物資源機構法,どくりつぎょうせいほうじんえねるぎーきんぞくこうぶつしげんきこうほう,令和八年五月二十二日
414AC0000000099,法律,民間事業者による信書の送達に関する法律,みんかんじぎょうしゃによるしんしょのそうたつにかんするほうりつ,令和八年五月二十一日
414AC0000000103,法律,健康増進法,けんこうぞうしんほう,令和十一年十二月十一日
414AC0000000122,法律,知的財産基本法,ちてきざいさんきほんほう,令和三年九月一日
414AC0000000123,法律,独立行政法人国民生活センター法,どくりつぎょうせいほうじんこくみんせいかつせんたーほう,令和七年六月一日
414AC0000000126,法律,独立行政法人農畜産業振興機構法,どくりつぎょうせいほうじんのうちくさんぎょうしんこうきこうほう,平成三十年十二月三十日
414AC0000000127,法律,独立行政法人農業者年金基金法,どくりつぎょうせいほうじんのうぎょうしゃねんきんききんほう,令和十一年十月一日
414AC0000000128,法律,独立行政法人農林漁業信用基金法,どくりつぎょうせいほうじんのうりんぎょぎょうしんようききんほう,令和八年四月一日
414AC0000000132,法律,独立行政法人北方領土問題対策協会法,どくりつぎょうせいほうじんほっぽうりょうどもんだいたいさくきょうかいほう,平成二十七年四月一日
414AC0000000136,法律,独立行政法人国際協力機構法,どくりつぎょうせいほうじんこくさいきょうりょくきこうほう,令和七年六月一日
414AC0000000137,法律,独立行政法人国際交流基金法,どくりつぎょうせいほうじんこくさいこうりゅうききんほう,令和七年六月一日
414AC0000000139,法律,法科大学院の教育と司法試験等との連携等に関する法律,ほうかだいがくいんのきょういくとしほうしけんとうとのれんけいとうにかんするほうりつ,令和四年十月一日
414AC0000000145,法律,国立研究開発法人新エネルギー・産業技術総合開発機構法,こくりつけんきゅうかいはつほうじんしんえねるぎーさんぎょうぎじゅつそうごうかいはつきこうほう,令和七年六月一日
414AC0000000147,法律,独立行政法人中小企業基盤整備機構法,どくりつぎょうせいほうじんちゅうしょうきぎょうきばんせいびきこうほう,令和八年一月一日
414AC0000000151,法律,情報通信技術を活用した行政の推進等に関する法律,じょうほうつうしんぎじゅつをかつようしたぎょうせいのすいしんとうにかんするほうりつ,令和八年四月一日
414AC0000000153,法律,電子署名等に係る地方公共団体情報システム機構の認証業務に関する法律,でんししょめいとうにかかるちほうこうきょうだんたいじょうほうしすてむきこうのにんしょうぎょうむにかんするほうりつ,令和八年六月十四日
414AC0000000154,法律,会社更生法,かいしゃこうせいほう,令和十年六月十三日
414AC0000000156,法律,放送大学学園法,ほうそうだいがくがくえんほう,令和七年四月一日
414AC0000000158,法律,国立研究開発法人科学技術振興機構法,こくりつけんきゅうかいはつほうじんかがくぎじゅつしんこうきこうほう,令和七年六月一日
414AC0000000159,法律,独立行政法人日本学術振興会法,どくりつぎょうせいほうじんにほんがくじゅつしんこうかいほう,平成三十一年一月十七日
414AC0000000160,法律,国立研究開発法人理化学研究所法,こくりつけんきゅうかいはつほうじんりかがくけんきゅうしょほう,令和七年六月一日
414AC0000000161,法律,国立研究開発法人宇宙航空研究開発機構法,こくりつけんきゅうかいはつほうじんうちゅうこうくうけんきゅうかいはつきこうほう,令和七年六月一日
414AC0000000162,法律,独立行政法人日本スポーツ振興センター法,どくりつぎょうせいほうじんにほんすぽーつしんこうせんたーほう,令和七年六月一日
414AC0000000163,法律,独立行政法人日本芸術文化振興会法,どくりつぎょうせいほうじんにほんげいじゅつぶんかしんこうかいほう,平成二十七年四月一日
414AC0000000165,法律,独立行政法人高齢・障害・求職者雇用支援機構法,どくりつぎょうせいほうじんこうれいしょうがいきゅうしょくしゃこようしえんきこうほう,令和七年六月一日
414AC0000000166,法律,独立行政法人福祉医療機構法,どくりつぎょうせいほうじんふくしいりょうきこうほう,令和八年四月一日
414AC0000000167,法律,独立行政法人国立重度知的障害者総合施設のぞみの園法,どくりつぎょうせいほうじんこくりつじゅうどちてきしょうがいしゃそうごうしせつのぞみのそのほう,令和七年六月一日
414AC0000000169,法律,独立行政法人労働政策研究・研修機構法,どくりつぎょうせいほうじんろうどうせいさくけんきゅうけんしゅうきこうほう,令和七年六月一日
414AC0000000171,法律,独立行政法人労働者健康安全機構法,どくりつぎょうせいほうじんろうどうしゃけんこうあんぜんきこうほう,令和七年六月一日
414AC0000000172,法律,独立行政法人日本貿易振興機構法,どくりつぎょうせいほうじんにほんぼうえきしんこうきこうほう,令和七年六月一日
414AC0000000180,法律,独立行政法人鉄道建設・運輸施設整備支援機構法,どくりつぎょうせいほうじんてつどうけんせつうんゆしせつせいびしえんきこうほう,令和九十九年十二月三十一日
414AC0000000181,法律,独立行政法人国際観光振興機構法,どくりつぎょうせいほうじんこくさいかんこうしんこうきこうほう,令和七年六月一日
414AC0000000182,法律,独立行政法人水資源機構法,どくりつぎょうせいほうじんみずしげんきこうほう,令和七年四月一日
414AC0000000183,法律,独立行政法人自動車事故対策機構法,どくりつぎょうせいほうじんじどうしゃじこたいさくきこうほう,令和七年六月一日
414AC0000000188,法律,東京地下鉄株式会社法,とうきょうちかてつかぶしきがいしゃほう,令和七年六月一日
414AC0000000189,法律,構造改革特別区域法,こうぞうかいかくとくべつくいきほう,令和十四年五月十五日
414AC0000000190,法律,金融機関等の組織再編成の促進に関する特別措置法,きんゆうきかんとうのそしきさいへんせいのそくしんにかんするとくべつそちほう,令和八年八月六日
414AC0000000191,法律,独立行政法人国立病院機構法,どくりつぎょうせいほうじんこくりつびょういんきこうほう,令和七年六月一日
414AC0000000192,法律,独立行政法人医薬品医療機器総合機構法,どくりつぎょうせいほうじんいやくひんいりょうききそうごうきこうほう,令和十年五月二十日
414AC0100000026,法律,特定電子メールの送信の適正化等に関する法律,とくていでんしめーるのそうしんのてきせいかとうにかんするほうりつ,令和七年六月一日
414AC1000000049,法律,身体障害者補助犬法,しんたいしょうがいしゃほじょけんほう,令和三年九月一日
414AC1000000070,法律,牛海綿状脳症対策特別措置法,うしかいめんじょうのうしょうたいさくとくべつそちほう,平成十六年四月一日
414AC1000000071,法律,エネルギー政策基本法,えねるぎーせいさくきほんほう,平成十四年六月十四日
414AC1000000092,法律,南海トラフ地震に係る地震防災対策の推進に関する特別措置法,なんかいとらふじしんにかかるじしんぼうさいたいさくのすいしんにかんするとくべつそちほう,令和六年十月二十三日
414AC1000000101,法律,入札談合等関与行為の排除及び防止並びに職員による入札等の公正を害すべき行為の処罰に関する法律,にゅうさつだんごうとうかんよこういのはいじょおよびぼうしならびにしょくいんによるにゅうさつとうのこうせいをがいすべきこういのしょばつにかんするほうりつ,令和八年九月二十四日
414AC1000000105,法律,ホームレスの自立の支援等に関する特別措置法,ほーむれすのじりつのしえんとうにかんするとくべつそちほう,平成二十九年六月二十一日
414AC1000000120,法律,有明海及び八代海等を再生するための特別措置に関する法律,ありあけかいおよびやつしろかいとうをさいせいするためのとくべつそちにかんするほうりつ,令和六年四月一日
414AC1000000143,法律,北朝鮮当局によって拉致された被害者等の支援に関する法律,きたちょうせんとうきょくによってらちされたひがいしゃとうのしえんにかんするほうりつ,平成二十七年一月一日
414AC1000000148,法律,自然再生推進法,しぜんさいせいすいしんほう,平成十五年一月一日
414CO0000000019,政令,地方公共団体の議会の議員及び長の選挙に係る電磁的記録式投票機を用いて行う投票方法等の特例に関する法律施行令,ちほうこうきょうだんたいのぎかいのぎいんおよびちょうのせんきょにかかるでんじてききろくしきとうひょうきをもちいておこなうとうひょうほうほうとうのとくれいにかんするほうりつせこうれい,平成二十八年六月十九日
414CO0000000026,政令,自動車運転代行業の業務の適正化に関する法律施行令,じどうしゃうんてんだいこうぎょうのぎょうむのてきせいかにかんするほうりつしこうれい,令和八年四月一日
414CO0000000044,政令,厚生年金保険制度及び農林漁業団体職員共済組合制度の統合を図るための農林漁業団体職員共済組合法等を廃止する等の法律の施行に伴う移行農林共済年金等に関する経過措置に関する政令,こうせいねんきんほけんせいどおよびのうりんぎょぎょうだんたいしょくいんきょうさいくみあいせいどのとうごうをはかるためののうりんぎょぎょうだんたいしょくいんきょうさいくみあいほうとうをはいしするとうのほうりつのせこうにともなういこうのうりんきょうさいねんきんとうにかんするけいかそちにかんするせいれい,令和五年四月一日
414CO0000000045,政令,厚生年金保険制度及び農林漁業団体職員共済組合制度の統合を図るための農林漁業団体職員共済組合法等を廃止する等の法律の施行に伴う存続組合が支給する特例一時金等に関する政令,こうせいねんきんほけんせいどおよびのうりんぎょぎょうだんたいしょくいんきょうさいくみあいせいどのとうごうをはかるためののうりんぎょぎょうだんたいしょくいんきょうさいくみあいほうとうをはいしするとうのほうりつのしこうにともなうそんぞくくみあいがしきゅうするとくれいいちじきんとうにかんするせいれい,令和五年四月一日
414CO0000000048,政令,平成十三年における特定地域に係る激甚災害の指定及びこれに対し適用すべき措置の指定に関する政令,へいせいじゅうさんねんどにおけるとくていちいきにかかるげきじんさいがいのしていおよびこれにたいしてきようすべきそちのしていにかんするせいれい,平成十四年三月十五日
414CO0000000051,政令,担保付社債信託法施行令,たんぽつきしゃさいしんたくほうしこうれい,令和七年四月一日
414CO0000000089,政令,自動車損害賠償保障法及び自動車損害賠償責任再保険特別会計法の一部を改正する法律附則第四条第四項の政令で定める金額等を定める政令,じどうしゃそんがいばいしょうほしょうほうおよびじどうしゃそんがいばいしょうせきにんさいほけんとくべつかいけいほうのいちぶをかいせいするほうりつふそくだいよんじょうだいよんこうのせいれいでさだめるきんがくとうをさだめるせいれい,平成十四年四月一日
414CO0000000102,政令,沖縄振興特別措置法施行令,おきなわしんこうとくべつそちほうしこうれい,令和八年六月一日
414CO0000000116,政令,経済連携協定に基づく関税の緊急措置に関する政令,けいざいれんけいきょうていにもとづくかんぜいのきんきゅうそちにかんするせいれい,平成三十年十二月三十日
414CO0000000119,政令,沖縄振興審議会令,おきなわしんこうしんぎかいれい,平成十四年四月一日
414CO0000000177,政令,証券取引法及び金融先物取引法の一部を改正する法律の一部の施行に伴う経過措置に関する政令,しょうけんとりひきほうおよびきんゆうさきものとりひきほうのいちぶをかいせいするほうりつのいちぶのしこうにともなうけいかそちにかんするせいれい,平成十五年五月二十三日
414CO0000000190,政令,都市再生特別措置法施行令,としさいせいとくべつそちほうしこうれい,令和七年四月十六日
414CO0000000199,政令,独立行政法人等の保有する情報の公開に関する法律施行令,どくりつぎょうせいほうじんとうのほゆうするじょうほうのこうかいにかんするほうりつせこうれい,令和四年四月一日
414CO0000000248,政令,土地収用法第八十八条の二の細目等を定める政令,とちしゅうようほうだいはちじゅうはちじょうのにのさいもくとうをさだめるせいれい,令和二年四月一日
414CO0000000257,政令,都市再生緊急整備地域及び特定都市再生緊急整備地域を定める政令,としさいせいきんきゅうせいびちいきおよびとくていとしさいせいきんきゅうせいびちいきをさだめるせいれい,令和七年七月二日
414CO0000000262,政令,ポリエステル短繊維に対して課する不当廉売関税に関する政令,ぽりえすてるたんせんいにたいしてかするふとうれんばいかんぜいにかんするせいれい,平成二十三年四月一日
414CO0000000283,政令,健康保険法等の一部を改正する法律の施行に伴う経過措置に関する政令,けんこうほけんほうとうのいちぶをかいせいするほうりつのしこうにともなうけいかそちにかんするせいれい,平成十五年四月一日
414CO0000000292,政令,中小企業退職金共済法の一部を改正する法律の施行に伴う経過措置に関する政令,ちゅうしょうきぎょうたいしょくきんきょうさいほうのいちぶをかいせいするほうりつのしこうにともなうけいかそちにかんするせいれい,平成十四年十一月一日
414CO0000000295,政令,確定給付企業年金法附則第二十八条第二項の政令で定める額等を定める政令,かくていきゅうふきぎょうねんきんほうふそくだいにじゅうはちじょうだいにこうのせいれいでさだめるがくとうをさだめるせいれい,平成十七年四月一日
414CO0000000296,政令,独立行政法人統計センターの設立に伴う関係政令の整備及び経過措置に関する政令,どくりつぎょうせいほうじんとうけいせんたーのせつりつにともなうかんけいせいれいのせいびおよびけいかそちにかんするせいれい,平成十五年四月一日
414CO0000000297,政令,平成十四年七月八日から同月十二日までの間の豪雨及び暴風雨による災害についての激甚災害の指定並びにこれに対し適用すべき措置の指定に関する政令,へいせいじゅうよんねんしちがつようかからどうげつじゅうににちまでのかんのごううおよびぼうふううによるさいがいについてのげきじんさいがいのしていならびにこれにたいしてきようすべきそちのしていにかんするせいれい,平成十四年九月十三日
414CO0000000298,政令,身体障害者補助犬法施行令,しんたいしょうがいしゃほじょけんほうしこうれい,令和六年四月一日
414CO0000000336,政令,土壌汚染対策法施行令,どじょうおせんたいさくほうしこうれい,令和六年四月一日
414CO0000000346,政令,船舶職員法の一部を改正する法律の施行に伴う経過措置を定める政令,せんぱくしょくいんほうのいちぶをかいせいするほうりつのせこうにともなうけいかそちをさだめるせいれい,平成十五年六月一日
414CO0000000349,政令,国際受刑者移送法施行令,こくさいじゅけいしゃいそうほうしこうれい,令和七年六月一日
414CO0000000354,政令,有明海及び八代海等を再生するための特別措置に関する法律施行令,ありあけかいおよびやつしろかいとうをさいせいするためのとくべつそちにかんするほうりつしこうれい,令和六年四月一日
414CO0000000355,政令,有明海・八代海等総合調査評価委員会令,ありあけかいやつしろかいそうごうちょうさひょうかいいんかいれい,令和五年七月一日
414CO0000000361,政令,健康増進法施行令,けんこうぞうしんほうしこうれい,令和八年四月一日
414CO0000000362,政令,社債、株式等の振替に関する法律施行令,しゃさいかぶしきとうのふりかえにかんするほうりつせこうれい,令和八年四月一日
414CO0000000367,政令,マンションの再生等の円滑化に関する法律施行令,まんしょんのさいせいとうのえんかつかにかんするほうりつしこうれい,令和八年四月一日
414CO0000000379,政令,マンションの再生等の円滑化に関する法律による不動産登記に関する政令,まんしょんのさいせいとうのえんかつかにかんするほうりつによるふどうさんとうきにかんするせいれい,令和八年四月一日
414CO0000000380,政令,独立行政法人造幣局法施行令,どくりつぎょうせいほうじんぞうへいきょくほうせこうれい,令和三年一月一日
414CO0000000381,政令,独立行政法人造幣局法の施行に伴う関係政令の整備及び経過措置に関する政令,どくりつぎょうせいほうじんぞうへいきょくほうのしこうにともなうかんけいせいれいのせいびおよびけいかそちにかんするせいれい,平成十五年四月一日
414CO0000000382,政令,独立行政法人国立印刷局法施行令,どくりつぎょうせいほうじんこくりついんさつきょくほうせこうれい,令和三年一月一日
414CO0000000383,政令,独立行政法人国立印刷局法の施行に伴う関係政令の整備及び経過措置に関する政令,どくりつぎょうせいほうじんこくりついんさつきょくほうのしこうにともなうかんけいせいれいのせいびおよびけいかそちにかんするせいれい,平成十五年四月一日
414CO0000000389,政令,使用済自動車の再資源化等に関する法律施行令,しようずみじどうしゃのさいしげんかとうにかんするほうりつせこうれい,令和七年六月一日
414CO0000000391,政令,鳥獣の保護及び管理並びに狩猟の適正化に関する法律施行令,ちょうじゅうのほごおよびかんりならびにしゅりょうのてきせいかにかんするほうりつせこうれい,令和七年九月一日
414CO0000000394,政令,金融機関等の組織再編成の促進に関する特別措置法施行令,きんゆうきかんとうのそしきさいへんせいのそくしんにかんするとくべつそちほうしこうれい,平成十八年五月一日
414CO0000000407,政令,北朝鮮当局によって拉致された被害者等の支援に関する法律施行令,きたちょうせんとうきょくによってらちされたひがいしゃとうのしえんにかんするほうりつしこうれい,令和八年四月一日
414M60000002004,府省令,銀行等の株式等の保有の制限に関する内閣府令,ぎんこうとうのかぶしきとうのほゆうのせいげんにかんするないかくふれい,平成十九年九月三十日
414M60000002035,府省令,自動車運転代行業の業務の適正化に関する法律の施行に伴う道路交通法施行規則の規定の読替えに関する内閣府令,じどうしゃうんてんだいこうぎょうのぎょうむのてきせいかにかんするほうりつのしこうにともなうどうろこうつうほうしこうきそくのきていのよみかえにかんするないかくふれい,令和五年四月一日
414M60000002045,府省令,開示用電子情報処理組織による手続の特例等に関する内閣府令,かいじようでんしじょうほうしょりそしきによるてつづきのとくれいとうにかんするないかくふれい,令和七年五月一日
414M60000002076,府省令,金融商品取引清算機関等に関する内閣府令,きんゆうしょうひんとりひきせいさんきかんとうにかんするないかくふれい,令和七年一月一日
414M60000002086,府省令,北朝鮮当局によって拉致された被害者等の支援に関する法律施行規則,きたちょうせんとうきょくによってらちされたひがいしゃとうのしえんにかんするほうりつしこうきそく,令和七年四月一日
414M60000002088,府省令,金融機関等の組織再編成の促進のための特別措置に関する内閣府令,きんゆうきかんとうのそしきさいへんせいのそくしんのためのとくべつそちにかんするないかくふれい,令和六年三月三十一日
414M60000008009,府省令,地方公共団体の議会の議員及び長の選挙に係る電磁的記録式投票機を用いて行う投票方法等の特例に関する法律施行規則,ちほうこうきょうだんたいのぎかいのぎいんおよびちょうのせんきょにかかるでんじてききろくしきとうひょうきをもちいておこなうとうひょうほうほうとうのとくれいにかんするほうりつせこうきそく,令和元年六月一日
414M60000008013,府省令,住民基本台帳法別表第一から別表第六までの総務省令で定める事務を定める省令,じゅうみんきほんだいちょうほうべっぴょうだいいちからべっぴょうだいろくまでのそうむしょうれいでさだめるじむをさだめるしょうれい,令和八年四月一日
414M60000008024,府省令,対象火気設備等の位置、構造及び管理並びに対象火気器具等の取扱いに関する条例の制定に関する基準を定める省令,たいしょうかきせつびとうのいちこうぞうおよびかんりならびにたいしょうかききぐとうのとりあつかいにかんするじょうれいのせいていにかんするきじゅんをさだめるしょうれい,令和八年三月三十一日
414M60000008042,府省令,沖縄振興特別措置法第九条等の地方税の課税免除又は不均一課税に伴う措置が適用される場合等を定める省令,おきなわしんこうとくべつそちほうだいきゅうじょうとうのちほうぜいのかぜいめんじょまたはふきんいつかぜいにともなうそちがてきようされるばあいとうをさだめるしょうれい,令和七年四月一日
414M60000008064,府省令,第一号基礎的電気通信役務の提供に係る第一種交付金及び第一種負担金算定等規則,だいいちごうきそてきでんきつうしんえきむのていきょうにかかるだいいっしゅこうふきんおよびだいいっしゅふたんきんさんていとうきそく,令和八年一月二十七日
414M60000008066,府省令,特定電子メールの送信の適正化等に関する法律施行規則,とくていでんしめーるのそうしんのてきせいかとうにかんするほうりつせこうきそく,令和二年十二月十五日
414M60000008085,府省令,独立行政法人等の保有する情報の公開に関する法律施行令第十三条に規定する情報提供の対象となる法人の範囲を定める省令,どくりつぎょうせいほうじんとうのほゆうするじょうほうのこうかいにかんするほうりつしこうれいだいじゅうさんじょうにきていするじょうほうていきょうのたいしょうとなるほうじんのはんいをさだめるしょうれい,平成二十一年十二月二十八日
414M60000008110,府省令,電波の利用状況の調査及び電波の有効利用の程度の評価に関する省令,でんぱのりようじょうきょうのちょうさおよびでんぱのゆうこうりようのていどのひょうかにかんするしょうれい,令和六年十二月二十日
414M60000008114,府省令,特定の秘書官の俸給月額の切替えに関する総務省令,とくていのひしょかんのほうきゅうげつがくのきりかえにかんするそうむしょうれい,平成十四年十二月一日
414M60000010022,府省令,商法施行規則,しょうほうしこうきそく,令和五年十二月二十七日
414M60000010037,府省令,更生保護施設における処遇の基準等に関する規則,こうせいほごしせつにおけるしょぐうのきじゅんとうにかんするきそく,令和五年十二月一日
414M60000012001,府省令,一般振替機関の監督に関する命令,いっぱんふりかえきかんのかんとくにかんするめいれい,令和七年六月一日
414M60000012005,府省令,社債、株式等の振替に関する命令,しゃさいかぶしきとうのふりかえにかんするめいれい,令和七年四月一日
414M60000040045,府省令,ポリエステル短繊維に対して課する不当廉売関税に関する政令に規定する原産地の意義に関する省令,ぽりえすてるたんせんいにたいしてかするふとうれんばいかんぜいにかんするせいれいにきていするげんさんちのいぎにかんするしょうれい,平成十八年四月一日
414M60000040065,府省令,振替国債を取り扱う振替機関への同意等に関する省令,ふりかえこくさいをとりあつかうふりかえきかんへのどういとうにかんするしょうれい,平成二十八年一月一日
414M60000040066,府省令,分離適格振替国債の指定等に関する省令,ぶんりてきかくふりかえこくさいのしていとうにかんするしょうれい,平成二十八年一月一日
414M60000040067,府省令,政府短期証券及び割引短期国庫債券の取扱いに関する省令,せいふたんきしょうけんおよびわりびきたんきこっこさいけんのとりあつかいにかんするしょうれい,平成二十九年四月一日
414M60000040068,府省令,個人向け国債の発行等に関する省令,こじんむけこくさいのはっこうとうにかんするしょうれい,平成二十八年四月一日
414M60000040069,府省令,供託振替国債取扱規程,きょうたくふりかえこくさいとりあつかいきてい,令和元年七月一日
414M60000040070,府省令,日本銀行供託振替国債取扱規程,にほんぎんこうきょうたくふりかえこくさいとりあつかいきてい,平成二十一年一月五日
414M60000052001,府省令,特別振替機関の監督に関する命令,とくべつふりかえきかんのかんとくにかんするめいれい,令和七年六月一日
414M60000052002,府省令,口座管理機関に関する命令,こうざかんりきかんにかんするめいれい,令和六年十一月六日
414M60000052003,府省令,国債の振替に関する命令,こくさいのふりかえにかんするめいれい,令和五年十二月二十七日
414M60000052004,府省令,加入者保護信託に関する命令,かにゅうしゃほごしんたくにかんするめいれい,令和八年四月一日
414M60000080014,府省令,小学校設置基準,しょうがっこうせっちきじゅん,令和八年四月一日
414M60000080015,府省令,中学校設置基準,ちゅうがっこうせっちきじゅん,令和八年四月一日
414M60000100001,府省令,確定給付企業年金法附則第二十八条第一項の被共済者の持分を算定する方法等を定める省令,かくていきゅうふきぎょうねんきんほうふそくだいにじゅうはちじょうだいいちこうのひきょうさいしゃのとくぶんをさんていするほうほうとうをさだめるしょうれい,平成二十三年一月一日
414M60000100015,府省令,確定給付企業年金法附則第二十八条第二項の政令で定める額等を定める政令第一条第二号の金額を定める省令,かくていきゅうふきぎょうねんきんほうふそくだいにじゅうはちじょうだいにこうのせいれいでさだめるがくとうをさだめるせいれいだいいちじょうだいにごうのきんがくをさだめるしょうれい,平成十七年四月一日
414M60000100022,府省令,確定給付企業年金法施行規則,かくていきゅうふきぎょうねんきんほうしこうきそく,令和八年四月一日
414M60000100054,府省令,沖縄振興特別措置法に基づく就職指導等に関する省令,おきなわしんこうとくべつそちほうにもとづくしゅうしょくしどうとうにかんするしょうれい,令和四年四月一日
414M60000100077,府省令,職業能力開発促進法第四十七条第一項に規定する指定試験機関の指定に関する省令,しょくぎょうのうりょくかいはつそくしんほうだいよんじゅうななじょうだいいっこうにきていするしていしけんきかんのしていにかんするしょうれい,令和七年二月四日
414M60000100089,府省令,厚生労働省関係牛海綿状脳症対策特別措置法施行規則,こうせいろうどうしょうかんけいうしかいめんじょうのうしょうたいさくとくべつそちほうしこうきそく,平成二十九年四月一日
414M60000100116,府省令,里親が行う養育に関する最低基準,さとおやがおこなうよういくにかんするさいていきじゅん,令和七年十月一日
414M60000100127,府省令,身体障害者補助犬法施行規則,しんたいしょうがいしゃほじょけんほうせこうきそく,令和元年五月七日
414M60000100135,府省令,労働金庫及び労働金庫連合会並びにそれらの子会社に対し立入検査をする厚生労働省の職員の携帯する身分を示す証明書の様式を定める省令,ろうどうきんこおよびろうどうきんこれんごうかいならびにそれらのこがいしゃにたいしたちいりけんさをするこうせいろうどうしょうのしょくいんのけいたいするみぶんをしめすしょうめいしょのようしきをさだめるしょうれい,平成十五年一月六日
414M60000100158,府省令,医師法第十六条の二第一項に規定する臨床研修に関する省令,いしほうだいじゅうろくじょうのにだいいっこうにきていするりんしょうけんしゅうにかんするしょうれい,令和七年四月一日
414M60000100170,府省令,北朝鮮当局によって拉致された被害者等の支援に関する法律に基づく国民年金の特例に関する省令,きたちょうせんとうきょくによってらちされたひがいしゃとうのしえんにかんするほうりつにもとづくこくみんねんきんのとくれいにかんするしょうれい,令和四年四月一日
414M60000102007,府省令,労働金庫及び労働金庫連合会の組織再編成の促進のための特別措置に関する命令,ろうどうきんこおよびろうどうきんこれんごうかいのそしきさいへんせいのそくしんのためのとくべつそちにかんするめいれい,令和三年六月三十日
414M60000200025,府省令,厚生年金保険制度及び農林漁業団体職員共済組合制度の統合を図るための農林漁業団体職員共済組合法等を廃止する等の法律の施行に伴う存続組合が支給する特例一時金等に関する省令,こうせいねんきんほけんせいどおよびのうりんぎょぎょうだんたいしょくいんきょうさいくみあいせいどのとうごうをはかるためののうりんぎょぎょうだんたいしょくいんきょうさいくみあいほうとうをはいしするとうのほうりつのしこうにともなうそんぞくくみあいがしきゅうするとくれいいちじきんとうにかんするしょうれい,令和六年五月二十七日
414M60000200052,府省令,農林漁業法人等に対する投資の円滑化に関する特別措置法施行規則,のうりんぎょぎょうほうじんとうにたいするとうしのえんかつかにかんするとくべつそちほうしこうきそく,令和七年六月一日
414M60000200057,府省令,農業改良資金融通法施行規則,のうぎょうかいりょうしきんゆうづうほうしこうきそく,平成二十二年十月一日
414M60000200058,府省令,牛海綿状脳症対策特別措置法施行規則,うしかいめんじょうのうしょうたいさくとくべつそちほうしこうきそく,令和八年五月一日
414M60000200083,府省令,農林水産省の職員が検査の際に携帯する身分証明書の様式を定める省令,のうりんすいさんしょうのしょくいんがけんさのさいにけいたいするみぶんしょうめいしょのようしきをさだめるしょうれい,令和六年四月一日
414M60000202001,府省令,農林中央金庫の株式等の保有の制限に関する命令,のうりんちゅうおうきんこのかぶしきとうのほゆうのせいげんにかんするめいれい,平成十九年九月三十日
414M60000202014,府省令,農水産業協同組合の組織再編成の促進のための特別措置に関する命令,のうすいさんぎょうきょうどうくみあいのそしきさいへんせいのそくしんのためのとくべつそちにかんするめいれい,令和五年三月三十一日
414M60000240002,府省令,株式会社日本政策金融公庫の出資業務に関する省令,かぶしきがいしゃにっぽんせいさくきんゆうこうこのしゅっしぎょうむにかんするしょうれい,令和六年九月二日
414M60000400097,府省令,自転車競技法施行規則,じてんしゃきょうぎほうしこうきそく,令和八年四月一日
414M60000400098,府省令,小型自動車競走法施行規則,こがたじどうしゃきょうそうほうしこうきそく,令和八年四月一日
414M60000402004,府省令,国際物流拠点産業集積措置実施計画及び特定国際物流拠点事業の認定申請及び実施状況の報告等に関する命令,こくさいぶつりゅうきょてんさんぎょうしゅうせきそちじっしけいかくおよびとくていこくさいぶつりゅうきょてんじぎょうのにんていしんせいおよびじっしじょうきょうのほうこくとうにかんするめいれい,令和四年四月一日
414M6000040A001,府省令,情報通信産業振興措置実施計画及び特定情報通信事業の認定申請及び実施状況の報告等に関する命令,じょうほうつうしんさんぎょうしんこうそちじっしけいかくおよびとくていじょうほうつうしんさんぎょうのにんていしんせいおよびじっしじょうきょうのほうこくとうにかんするめいれい,令和七年四月一日
414M60000418001,府省令,電子署名及び認証業務に関する法律第十五条第三項に規定する書類の記載事項を定める省令,でんししょめいおよびにんしょうぎょうむにかんするほうりつだいじゅうごじょうだいさんこうにきていするしょるいのきさいじこうをさだめるしょうれい,平成十四年八月十三日
414M60000800004,府省令,小型船舶登録規則,こがたせんぱくとうろくきそく,令和六年四月三十日
414M60000800005,府省令,小型船舶の登録等に関する法律の施行に伴う経過措置を定める省令,こがたせんぱくのとうろくとうにかんするほうりつのせこうにともなうけいかそちをさだめるしょうれい,令和三年一月一日
414M60000800017,府省令,特定建設資材に係る分別解体等に関する省令,とくていけんせつしざいにかかるぶんべつかいたいとうにかんするしょうれい,令和五年十二月二十八日
414M60000800025,府省令,気象測器検定規則,きしょうそっきけんていきそく,令和五年十一月三十日
414M60000800057,府省令,独立行政法人自動車技術総合機構に関する省令,どくりつぎょうせいほうじんじどうしゃぎじゅつそうごうきこうにかんするしょうれい,令和六年二月十九日
414M60000800062,府省令,国土交通省関係自動車運転代行業の業務の適正化に関する法律施行規則,こくどこうつうしょうかんけいじどうしゃうんてんだいこうぎょうのぎょうむのてきせいかにかんするほうりつしこうきそく,令和六年四月一日
414M60000800066,府省令,都市再生特別措置法施行規則,としさいせいとくべつそちほうしこうきそく,令和六年十一月八日
414M60000800073,府省令,地方運輸局組織規則,ちほううんゆきょくそしききそく,令和八年二月十四日
414M60000800116,府省令,マンションの再生等の円滑化に関する法律施行規則,まんしょんのさいせいとうのえんかつかにかんするほうりつしこうきそく,令和八年四月一日
414M60001000023,府省令,土壌汚染対策法に基づく指定調査機関及び指定支援法人に関する省令,どじょうおせんたいさくほうにもとづくしていちょうさきかんおよびしていしえんほうじんにかんするしょうれい,令和六年四月一日
414M60001000028,府省令,鳥獣の保護及び管理並びに狩猟の適正化に関する法律施行規則,ちょうじゅうのほごおよびかんりならびにしゅりょうのてきせいかにかんするほうりつしこうきそく,令和七年九月一日
414M60001000029,府省令,土壌汚染対策法施行規則,どじょうおせんたいさくほうしこうきそく,令和六年四月一日
414M60001400001,府省令,第一種指定化学物質の排出量等の届出事項の集計の方法等を定める省令,だいいっしゅしていかがくぶっしつのはいしゅつりょうとうのとどけでじこうのしゅうけいのほうほうとうをさだめるしょうれい,令和五年十二月二十八日
414M60001400007,府省令,使用済自動車の再資源化等に関する法律施行規則,しようずみじどうしゃのさいしげんかとうにかんするほうりつしこうきそく,令和七年六月一日
414M60001400008,府省令,使用済自動車の再資源化等に関する法律施行令第一条第五号の特殊の用途に使用する自動車を定める省令,しようずみじどうしゃのさいしげんかとうにかんするほうりつしこうれいだいいちじょうだいごごうのとくしゅのようとにしようするじどうしゃをさだめるしょうれい,平成十六年九月三十日
414M60001800001,府省令,建設工事に係る資材の再資源化等に関する法律施行規則,けんせつこうじにかかるしざいのさいしげんかとうにかんするほうりつせこうきそく,令和三年九月一日
414M60001800002,府省令,自動車運送事業者等に係る自動車排出窒素酸化物等の排出の抑制のための計画の提出方法等を定める省令,じどうしゃうんそうじぎょうしゃとうにかかるじどうしゃはいしゅつちっそさんかぶつとうのはいしゅつのよくせいのためのけいかくのていしゅつほうほうとうをさだめるしょうれい,令和六年四月一日
414M60001A02001,府省令,沖縄振興特別措置法第二十一条第五項第三号に規定する基準等を定める命令,おきなわしんこうとくべつそちほうだいにじゅういちじょうだいごこうだいさんごうにきていするきじゅんとうをさだめるめいれい,平成十四年四月十二日
414M60001FFA001,府省令,自動車運送事業者等以外の事業者に係る自動車排出窒素酸化物等の排出の抑制のための計画の提出方法等を定める命令,じどうしゃうんそうじぎょうしゃとういがいのじぎょうしゃにかかるじどうしゃはいしゅつちっそさんかぶつとうのはいしゅつのよくせいのためのけいかくのていしゅつほうほうとうをさだめるめいれい,令和四年十一月二十八日
414M60200000007,規則,私的独占の禁止及び公正取引の確保に関する法律第十条第三項に規定する他の国内の会社から除くものとして公正取引委員会規則で定める会社を定める規則,してきどくせんのきんしおよびこうせいとりひきのかくほにかんするほうりつだいじゅうじょうだいさんこうにきていするほかのこくないのかいしゃからのぞくものとしてこうせいとりひきいいんかいきそくでさだめるかいしゃをさだめるきそく,令和三年十一月二十二日
414M60200000008,規則,私的独占の禁止及び公正取引の確保に関する法律第十一条第一項第六号に規定する他の国内の会社の事業活動を拘束するおそれがない場合を定める規則,してきどくせんのきんしおよびこうせいとりひきのかくほにかんするほうりつだいじゅういちじょうだいいっこうだいろくごうにきていするたのこくないのかいしゃのじぎょうかつどうをこうそくするおそれがないばあいをさだめるきそく,平成十四年十一月二十八日
414M60400000001,規則,犯罪被害者等早期援助団体に関する規則,はんざいひがいしゃとうそうきえんじょだんたいにかんするきそく,令和七年六月一日
414M60400000011,規則,国家公安委員会関係自動車運転代行業の業務の適正化に関する法律施行規則,こっかこうあんいいんかいかんけいじどうしゃうんてんだいこうぎょうのぎょうむのてきせいかにかんするほうりつしこうきそく,令和七年十月一日
414M60400000014,規則,運転免許の拒否等の処分の基準に係る身体の障害の程度を定める規則,うんてんめんきょのきょひとうのしょぶんのきじゅんにかかるしんたいのしょうがいのていどをさだめるきそく,令和二年六月三十日
414M60400000016,規則,警察官等特殊銃使用及び取扱い規範,けいさつかんとうとくしゅじゅうしようおよびとりあつかいきはん,令和七年十一月十三日
414M60400000017,規則,警察官等の催涙スプレーの使用に関する規則,けいさつかんとうのさいるいすぷれーのしようにかんするきそく,平成十四年五月二十三日
414M60400000020,規則,少年警察活動規則,しょうねんけいさつかつどうきそく,令和六年四月一日
414R00000008001,規則,司法試験管理委員会の会議等に関する規則,しほうしけんかんりいいんんかいのかいぎとうにかんするきそく,平成十四年四月二十二日
415AC0000000018,法律,平成十五年度における公債の発行の特例に関する法律,へいせいじゅうごねんどにおけるこうさいのはっこうのとくれいにかんするほうりつ,平成十五年四月一日
415AC0000000019,法律,平成十五年度における国民年金法による年金の額等の改定の特例に関する法律,へいせいじゅうごねんどにおけるこくみんねんきんほうによるねんきんのがくとうのかいていのとくれいにかんするほうりつ,平成十五年四月一日
415AC0000000020,法律,社会資本整備重点計画法,しゃかいしほんせいびじゅうてんけいかくほう,令和六年四月一日
415AC0000000027,法律,株式会社産業再生機構法,かぶしきがいしゃさんぎょうさいせいきこうほう,令和七年六月一日
415AC0000000040,法律,法科大学院への裁判官及び検察官その他の一般職の国家公務員の派遣に関する法律,ほうかだいがくいんへのさいばんかんおよびけんさつかんそのほかのいっぱんしょくのこっかこうむいんのはけんにかんするほうりつ,令和八年四月一日
415AC0000000043,法律,独立行政法人環境再生保全機構法,どくりつぎょうせいほうじんかんきょうさいせいほぜんきこうほう,令和七年六月一日
415AC0000000044,法律,中間貯蔵・環境安全事業株式会社法,ちゅうかんちょぞうかんきょうあんぜんじぎょうかぶしきがいしゃほう,令和七年六月一日
415AC0000000048,法律,食品安全基本法,しょくひんあんぜんきほんほう,令和七年四月一日
415AC0000000057,法律,個人情報の保護に関する法律,こじんじょうほうのほごにかんするほうりつ,令和八年十月一日
415AC0000000060,法律,情報公開・個人情報保護審査会設置法,じょうほうこうかいこじんじょうほうほごしんさかいせっちほう,令和七年六月一日
415AC0000000065,法律,特殊開錠用具の所持の禁止等に関する法律,とくしゅかいじょうようぐのしょじのきんしとうにかんするほうりつ,令和七年六月一日
415AC0000000072,法律,牛の個体識別のための情報の管理及び伝達に関する特別措置法,うしのこたいしきべつのためのじょうほうのかんりおよびでんたつにかんするとくべつそちほう,平成十六年十二月一日
415AC0000000077,法律,特定都市河川浸水被害対策法,とくていとしかせんしんすいひがいたいさくほう,令和七年六月一日
415AC0000000079,法律,武力攻撃事態等及び存立危機事態における我が国の平和と独立並びに国及び国民の安全の確保に関する法律,ぶりょくこうげきじたいとうおよびそんりつききじたいにおけるわがくにのへいわとどくりつならびにくにおよびこくみんのあんぜんのかくほにかんするほうりつ,令和三年九月一日
415AC0000000083,法律,インターネット異性紹介事業を利用して児童を誘引する行為の規制等に関する法律,いんたーねっといせいしょうかいじぎょうをりようしてじどうをゆういんするこういのきせいとうにかんするほうりつ,令和七年六月一日
415AC0000000094,法律,独立行政法人日本学生支援機構法,どくりつぎょうせいほうじんにほんがくせいしえんきこうほう,令和八年四月一日
415AC0000000095,法律,国立研究開発法人海洋研究開発機構法,こくりつけんきゅうかいはつほうじんかいようけんきゅうかいはつきこうほう,令和七年六月一日
415AC0000000097,法律,遺伝子組換え生物等の使用等の規制による生物の多様性の確保に関する法律,いでんしくみかえせいぶつとうのしようとうのきせいによるせいぶつのたようせいのかくほにかんするほうりつ,令和七年六月一日
415AC0000000100,法律,独立行政法人都市再生機構法,どくりつぎょうせいほうじんとしさいせいきこうほう,令和八年四月一日
415AC0000000107,法律,裁判の迅速化に関する法律,さいばんのじんそくかにかんするほうりつ,平成十五年七月十六日
415AC0000000109,法律,人事訴訟法,じんじそしょうほう,令和十年六月十三日
415AC0000000110,法律,心神喪失等の状態で重大な他害行為を行った者の医療及び観察等に関する法律,しんしんそうしつとうのじょうたいでじゅうだいなたがいこういをおこなったもののいりょうおよびかんさつとうにかんするほうりつ,令和八年十月一日
415AC0000000112,法律,国立大学法人法,こくりつだいがくほうじんほう,令和七年六月一日
415AC0000000113,法律,独立行政法人国立高等専門学校機構法,どくりつぎょうせいほうじんこくりつこうとうせんもんがっこうきこうほう,令和七年六月一日
415AC0000000114,法律,独立行政法人大学改革支援・学位授与機構法,どくりつぎょうせいほうじんだいがくかいかくしえんがくいじゅよきこうほう,令和七年六月一日
415AC0000000118,法律,地方独立行政法人法,ちほうどくりつぎょうせいほうじんほう,令和八年九月二十四日
415AC0000000120,法律,次世代育成支援対策推進法,じせだいいくせいしえんたいさくすいしんほう,令和七年六月一日
415AC0000000124,法律,成田国際空港株式会社法,なりたこくさいくうこうかぶしきがいしゃほう,令和七年六月一日
415AC0000000138,法律,仲裁法,ちゅうさいほう,令和十年六月十三日
415AC0100000111,法律,性同一性障害者の性別の取扱いの特例に関する法律,せいどういつせいしょうがいしゃのせいべつのとりあつかいのとくれいにかんするほうりつ,令和四年四月一日
415AC1000000002,法律,平成十四年度の水田農業経営確立助成補助金等についての所得税及び法人税の臨時特例に関する法律,へいせいじゅうよねんどのすいでんのうぎょうけいえいかくりつじょせいほじょきんとうについてのしょとくぜいおよびほうじんぜいのりんじとくれいにかんするほうりつ,平成十五年二月十八日
415AC1000000130,法律,環境教育等による環境保全の取組の促進に関する法律,かんきょうきょういくとうによるかんきょうほぜんのとりくみのそくしんにかんするほうりつ,平成二十四年十月一日
415AC1000000133,法律,少子化社会対策基本法,しょうしかしゃかいたいさくきほんほう,令和五年四月一日
415CO0000000019,政令,貨幣回収準備資金に関する法律施行令,かへいかいしゅうじゅんびしきんにかんするほうりつしこうれい,平成十五年四月一日
415CO0000000027,政令,情報通信技術を活用した行政の推進等に関する法律施行令,じょうほうつうしんぎじゅつをかつようしたぎょうせいのすいしんとうにかんするほうりつしこうれい,令和九年四月一日
415CO0000000042,政令,平成十四年度の水田農業経営確立助成補助金等についての所得税及び法人税の臨時特例に関する法律施行令,へいせいじゅうよねんどのすいでんのうぎょうけいえいかくりつじょせいほじょきんとうについてのしょとくぜいおよびほうじんぜいのりんじとくれいにかんするほうりつしこうれい,平成十五年二月十八日
415CO0000000045,政令,知的財産戦略本部令,ちてきざいさんせんりゃくほんぶれい,平成十五年三月一日
415CO0000000050,政令,平成十四年における特定地域に係る激甚災害の指定及びこれに対し適用すべき措置の指定に関する政令,へいせいじゅうよねんにおけるとくていちいきにかかるげきじんさいがいのしていおよびこれにたいしてきようすべきそちのしていにかんするせいれい,平成十五年三月十二日
415CO0000000051,政令,平成十二年から平成二十六年までの間の火山現象による東京都三宅村の区域に係る災害についての激甚災害の指定及びこれに対し適用すべき措置の指定に関する政令,へいせいじゅうにねんからへいせいにじゅうろくねんまでのあいだのかざんげんしょうによるとうきょうとみやけむらのくいきにかかるさいがいについてのげきじんさいがいのしていおよびこれにたいしてきようすべきそちのしていにかんするせいれい,平成二十七年三月三十一日
415CO0000000064,政令,基盤技術研究促進センターの権利義務の承継等に関する政令,きばんぎじゅつけんきゅうそくしんせんたーのけんりぎむのしょうけいとうにかんするせいれい,平成十五年四月一日
415CO0000000078,政令,構造改革特別区域法施行令,こうぞうかいかくとくべつくいきほうしこうれい,令和十四年五月十五日
415CO0000000081,政令,情報通信行政・郵政行政審議会令,じょうほうつうしんぎょうせいゆうせいぎょうせいしんぎかいれい,平成三十一年四月一日
415CO0000000083,政令,郵便法第七十三条の審議会等を定める政令,ゆうびんほうだいななじゅうさんじょうのしんぎかいとうをさだめるせいれい,平成二十年七月四日
415CO0000000091,政令,民間事業者による信書の送達に関する法律第三十八条の審議会等を定める政令,みんかんじぎょうしゃによるしんしょのそうたつにかんするほうりつだいさんじゅうはちじょうのしんぎかいとうをさだめるせいれい,平成二十七年十二月一日
415CO0000000093,政令,郵便貯金振興会の組織変更に伴う関係政令の整理等に関する政令,ゆうびんちょきんしんこうかいのそしきへんこうにともなうかんけいせいれいのせいりとうにかんするせいれい,平成十五年四月一日
415CO0000000118,政令,金融機関等の更生手続の特例等に関する法律施行令,きんゆうきかんとうのこうせいてつづきのとくれいとうにかんするほうりつせこうれい,令和三年三月一日
415CO0000000121,政令,会社更生法施行令,かいしゃこうせいほうせこうれい,令和三年三月一日
415CO0000000123,政令,イラク難民救援国際平和協力隊の設置等に関する政令,いらくなんみんきゅうえんこくさいへいわきょうりょくたいのせっちとうにかんするせいれい,平成十五年三月二十八日
415CO0000000157,政令,平成十五年度における国民年金法による年金の額等の改定の特例に関する法律に基づく国家公務員共済組合法の年金の額の改定に関する政令,へいせいじゅうごねんどにおけるこくみんねんきんほうによるねんきんのがくとうのかいていのとくれいにかんするほうりつにもとづくこっかこうむいんきょうさいくみあいほうのねんきんのがくのかいていにかんするせいれい,平成十五年四月一日
415CO0000000158,政令,平成十五年度における国民年金法による年金の額等の改定の特例に関する法律に基づく地方公務員等共済組合法の年金の額の改定等に関する政令,へいせいじゅうごねんどにおけるこくみんねんきんほうによるねんきんのがくとうのかいていのとくれいにかんするほうりつにもとづくちほうこうむいんとうきょうさいくみあいほうのねんきんのがくのかいていとうにかんするせいれい,平成二十年九月一日
415CO0000000159,政令,平成十五年度における国民年金法による年金の額等の改定の特例に関する法律に基づく私立学校教職員共済法の年金の額の改定に関する政令,へいせいじゅうごねんどにおけるこくみんねんきんほうによるねんきんのがくとうのかいていのとくれいにかんするほうりつにもとづくしりつがっこうきょうしょくいんきょうさいほうのねんきんのがくのかいていにかんするせいれい,平成十五年四月一日
415CO0000000160,政令,平成十五年度における国民年金法による年金の額等の改定の特例に関する法律に基づく厚生労働省関係法令による年金等の額の改定等に関する政令,へいせいじゅうごねんどにおけるこくみんねんきんほうによるねんきんのがくとうのかいていのとくれいにかんするほうりつにもとづくこうせいろうどうしょうかんけいほうれいによるねんきんとうのがくのかいていとうにかんするせいれい,平成十五年十月一日
415CO0000000161,政令,平成十五年度における国民年金法による年金の額等の改定の特例に関する法律に基づく厚生年金保険制度及び農林漁業団体職員共済組合制度の統合を図るための農林漁業団体職員共済組合法等を廃止する等の法律による特例障害農林年金及び特例遺族農林年金の額の改定に関する政令,へいせいじゅうごねんどにおけるこくみんねんきんほうによるねんきんのがくとうのかいていのとくれいにかんするほうりつにもとづくこうせいねんきんほけんせいどおよびのうりんぎょぎょうだんたいしょくいんきょうさいくみあいせいどのとうごうをはかるためののうりんぎょぎょうだんたいしょくいんきょうさいくみあいほうとうをはいしするとうのほうりつによるとくれいしょうがいのうりんねんきんおよびとくれいいぞくのうりんねんきんのがくのかいていにかんするせいれい,平成十五年四月一日
415CO0000000162,政令,社会資本整備重点計画法施行令,しゃかいしほんせいびじゅうてんけいかくほうせこうれい,平成二十七年八月二十八日
415CO0000000204,政令,株式会社産業再生機構法施行令,かぶしきがいしゃさんぎょうさいせいきこうほうしこうれい,平成十八年四月一日
415CO0000000244,政令,独立行政法人原子力安全基盤機構法の施行に伴う関係政令の整備及び経過措置に関する政令,どくりつぎょうせいほうじんげんしりょくあんぜんきばんきこうほうのしこうにともなうかんけいせいれいのせいびおよびけいかそちにかんするせいれい,平成十七年四月一日
415CO0000000252,政令,武力攻撃事態等及び存立危機事態における我が国の平和と独立並びに国及び国民の安全の確保に関する法律施行令,ぶりょくこうげきじたいとうおよびそんりつききじたいにおけるわがくにのへいわとどくりつならびにくにおよびこくみんのあんぜんのかくほにかんするほうりつしこうれい,令和八年四月一日
415CO0000000263,政令,遺伝子組換え生物等の使用等の規制による生物の多様性の確保に関する法律における主務大臣を定める政令,いでんしくみかえせいぶつとうのしようとうのきせいによるせいぶつのたようせいのかくほにかんするほうりつにおけるしゅむだいじんをさだめるせいれい,平成十六年二月十九日
415CO0000000273,政令,食品安全委員会令,しょくひんあんぜんいいんかいれい,平成十六年二月二十七日
415CO0000000293,政令,独立行政法人鉄道建設・運輸施設整備支援機構法施行令,どくりつぎょうせいほうじんてつどうけんせつうんゆしせつせいびしえんきこうほうしこうれい,令和七年四月一日
415CO0000000296,政令,独立行政法人空港周辺整備機構の設立に伴う関係政令の整備及び経過措置に関する政令,どくりつぎょうせいほうじんくうこうしゅうへんせいびきこうのせつりつにともなうかんけいせいれいのせいびおよびけいかそちにかんするせいれい,平成十五年十月一日
415CO0000000297,政令,独立行政法人海上災害防止センターの設立に伴う関係政令の整備及び経過措置に関する政令,どくりつぎょうせいほうじんかいじょうさいがいぼうしせんたーのせつりつにともなうかんけいせいれいのせいびおよびけいかそちにかんするせいれい,平成十五年十月一日
415CO0000000300,政令,牛の個体識別のための情報の管理及び伝達に関する特別措置法施行令,うしのこたいしきべつのためのじょうほうのかんりおよびでんたつにかんするとくべつそちほうしこうれい,平成十六年十二月一日
415CO0000000306,政令,イラク被災民救援国際平和協力隊の設置等に関する政令,いらくひさいみんきゅうえんこくさいへいわきょうりょくたいのせっちとうにかんするせいれい,平成十五年七月七日
415CO0000000308,政令,小規模企業共済法の一部を改正する法律の施行に伴う経過措置に関する政令,しょうきぼきぎょうきょうさいほうのいちぶをかいせいするほうりつのしこうにともなうけいかそちにかんするせいれい,平成十六年四月一日
415CO0000000324,政令,南海トラフ地震に係る地震防災対策の推進に関する特別措置法施行令,なんかいとらふじしんにかかるじしんぼうさいたいさくのすいしんにかんするとくべつそちほうしこうれい,令和八年四月一日
415CO0000000326,政令,構造改革特別区域推進本部令,こうぞうかいかくとくべつくいきすいしんほんぶれい,平成十九年五月二十一日
415CO0000000329,政令,独立行政法人水資源機構法施行令,どくりつぎょうせいほうじんみずしげんきこうほうしこうれい,令和七年六月十一日
415CO0000000343,政令,独立行政法人農業者年金基金法施行令,どくりつぎょうせいほうじんのうぎょうしゃねんきんききんほうしこうれい,令和六年一月一日
415CO0000000344,政令,独立行政法人農林漁業信用基金法施行令,どくりつぎょうせいほうじんのうりんぎょぎょうしんようききんほうせこうれい,平成二十七年十月一日
415CO0000000355,政令,特殊開錠用具の所持の禁止等に関する法律施行令,とくしゅかいじょうようぐのしょじのきんしとうにかんするほうりつしこうれい,平成十六年一月二十日
415CO0000000359,政令,独立行政法人北方領土問題対策協会法施行令,どくりつぎょうせいほうじんほっぽうりょうどもんだいたいさくきょうかいほうしこうれい,平成十七年四月一日
415CO0000000364,政令,国立研究開発法人新エネルギー・産業技術総合開発機構法施行令,こくりつけんきゅうかいはつほうじんしんえねるぎーさんぎょうぎじゅつそうごうかいはつきこうほうしこうれい,令和七年八月四日
415CO0000000365,政令,放送大学学園法施行令,ほうそうだいがくがくえんほうしこうれい,令和四年十月一日
415CO0000000368,政令,国立研究開発法人宇宙航空研究開発機構法施行令,こくりつけんきゅうかいはつほうじんうちゅうこうくうけんきゅうかいはつきこうほうしこうれい,令和六年二月二十六日
415CO0000000369,政令,独立行政法人日本スポーツ振興センター法施行令,どくりつぎょうせいほうじんにほんすぽーつしんこうせんたーほうしこうれい,令和五年四月一日
415CO0000000370,政令,独立行政法人日本芸術文化振興会法施行令,どくりつぎょうせいほうじんにほんげいじゅつぶんかしんこうかいほうせこうれい,平成三十年十月一日
415CO0000000372,政令,次世代育成支援対策推進法施行令,じせだいいくせいしえんたいさくすいしんほうせこうれい,令和三年九月一日
415CO0000000379,政令,緊急消防援助隊に関する政令,きんきゅうしょうぼうえんじょたいにかんするせいれい,平成十八年六月十四日
415CO0000000389,政令,国立研究開発法人農業・食品産業技術総合研究機構法施行令,こくりつけんきゅうかいはつほうじんのうぎょうしょくひんさんぎょうぎじゅつそうごうけんきゅうきこうほうせこうれい,平成三十年四月一日
415CO0000000390,政令,独立行政法人農業技術研究機構法の一部を改正する法律の施行に伴う関係政令の整備及び経過措置に関する政令,どくりつぎょうせいほうじんのうぎょうぎじゅつけんきゅうきこうほうのいちぶをかいせいするほうりつのしこうにともなうかんけいせいれいのせいびおよびけいかそちにかんするせいれい,平成十五年十月一日
415CO0000000392,政令,独立行政法人高齢・障害者雇用支援機構法の施行に伴う経過措置に関する政令,どくりつぎょうせいほうじんこうれいしょうがいしゃこようしえんきこうほうのしこうにともなうけいかそちにかんするせいれい,平成十七年四月一日
415CO0000000393,政令,独立行政法人福祉医療機構法施行令,どくりつぎょうせいほうじんふくしいりょうきこうほうしこうれい,令和七年十二月二十二日
415CO0000000397,政令,独立行政法人水産総合研究センター法の一部を改正する法律の施行に伴う関係政令の整備及び経過措置に関する政令,どくりつぎょうせいほうじんすいさんそうごうけんきゅうせんたーほうのいちぶをかいせいするほうりつのしこうにともなうかんけいせいれいのせいびおよびけいかそちにかんするせいれい,平成十五年十月一日
415CO0000000408,政令,電子署名等に係る地方公共団体情報システム機構の認証業務に関する法律施行令,でんししょめいとうにかかるちほうこうきょうだんたいじょうほうしすてむきこうのにんしょうぎょうむにかんするほうりつせこうれい,令和八年六月十四日
415CO0000000410,政令,独立行政法人国際協力機構の設立に伴う関係政令の整備及び経過措置に関する政令,どくりつぎょうせいほうじんこくさいきょうりょくきこうのせつりつにともなうかんけいせいれいのせいびおよびけいかそちにかんするせいれい,平成十五年九月十二日
415CO0000000411,政令,独立行政法人国際交流基金法施行令,どくりつぎょうせいほうじんこくさいこうりゅうききんほうしこうれい,平成二十四年八月一日
415CO0000000412,政令,独立行政法人国際交流基金の設立に伴う関係政令の整備及び経過措置に関する政令,どくりつぎょうせいほうじんこくさいこうりゅうききんのせつりつにともなうかんけいせいれいのせいびおよびけいかそちにかんするせいれい,平成十五年九月十二日
415CO0000000414,政令,日本下水道事業団法の一部を改正する法律附則第二条第二項の規定による貸付金の償還期間等を定める政令,にほんげすいどうじぎょうだんほうのいちぶをかいせいするほうりつふそくだいにじょうだいにこうのきていによるかしつけきんのしょうかんきかんとうをさだめるせいれい,平成十五年十月一日
415CO0000000416,政令,独立行政法人労働政策研究・研修機構法の施行に伴う経過措置に関する政令,どくりつぎょうせいほうじんろうどうせいさくけんきゅうけんしゅうきこうほうのしこうにともなうけいかそちにかんするせいれい,平成十七年四月一日
415CO0000000439,政令,国立研究開発法人科学技術振興機構法施行令,こくりつけんきゅうかいはつほうじんかがくぎじゅつしんこうきこうほうしこうれい,令和七年五月一日
415CO0000000440,政令,国立研究開発法人理化学研究所法施行令,こくりつけんきゅうかいはつほうじんりかがくけんきゅうしょほうせこうれい,令和三年十月一日
415CO0000000441,政令,国立大学法人評価委員会令,こくりつだいがくほうじんひょうかいいんかいれい,令和三年十月一日
415CO0000000443,政令,電源開発促進法の廃止に伴う関係政令の整理及び経過措置に関する政令,でんげんかいはつそくしんほうのはいしにともなうかんけいせいれいのせいりおよびけいかそちにかんするせいれい,平成十五年十月二日
415CO0000000466,政令,平成十五年五月中旬から九月上旬までの間の低温及び日照不足についての天災による被害農林漁業者等に対する資金の融通に関する暫定措置法の適用に関する政令,へいせいじゅうごねんごがつちゅうじゅんからくがつじょうじゅんまでのかんのていおんおよびにっしょうぶそくについてのてんさいによるひがいのうりんぎょぎょうしゃとうにたいするしきんのゆうづうにかんするざんていそちほうのてきようにかんするせいれい,平成十五年十月二十九日
415CO0000000467,政令,平成十五年五月中旬から九月上旬までの間の低温及び日照不足による災害についての激甚災害及びこれに対し適用すべき措置の指定等に関する政令,へいせいじゅうごねんごがつちゅうじゅんからくがつじょうじゅんまでのかんのていおんおよびにっしょうぶそくによるさいがいについてのげきじんさいがいおよびこれにたいしてきようすべきそちのしていとうにかんするせいれい,平成十五年十月二十九日
415CO0000000477,政令,検察官・公証人特別任用等審査会令,けんさつかんこうしょうにんとくべつにんようとうしんさかいれい,平成十六年一月一日
415CO0000000478,政令,国立大学法人法施行令,こくりつだいがくほうじんほうしこうれい,令和八年四月一日
415CO0000000479,政令,独立行政法人国立高等専門学校機構法施行令,どくりつぎょうせいほうじんこくりつこうとうせんもんがっこうきこうほうしこうれい,令和七年四月一日
415CO0000000480,政令,独立行政法人大学評価・学位授与機構法の施行に伴う経過措置に関する政令,どくりつぎょうせいほうじんだいがくひょうかがくいじゅよきこうほうのしこうにともなうけいかそちにかんするせいれい,平成十七年三月七日
415CO0000000482,政令,独立行政法人メディア教育開発センター法の施行に伴う経過措置に関する政令,どくりつぎょうせいほうじんめでぃあきょういくかいはつせんたーほうのしこうにともなうけいかそちにかんするせいれい,平成十七年三月七日
415CO0000000484,政令,公立の義務教育諸学校等の教育職員を正規の勤務時間を超えて勤務させる場合等の基準を定める政令,こうりつのぎむきょういくしょがっこうとうのきょういくしょくいんをせいきのきんむじかんをこえてきんむさせるばあいとうのきじゅんをさだめるせいれい,平成十六年四月一日
415CO0000000486,政令,地方独立行政法人法施行令,ちほうどくりつぎょうせいほうじんほうしこうれい,令和八年四月一日
415CO0000000489,政令,独立行政法人環境再生保全機構法施行令,どくりつぎょうせいほうじんかんきょうさいせいほぜんきこうほうしこうれい,平成二十一年一月五日
415CO0000000497,政令,船舶安全法及び船舶職員法の一部を改正する法律附則第六条の規定による船舶職員及び小型船舶操縦者法の規定の技術的読替え等に関する政令,せんぱくあんぜんほうおよびせんぱくしょくいんほうのいちぶをかいせいするほうりつふそくだいろくじょうのきていによるせんぱくしょくいんおよびこがたせんぱくそうじゅうしゃほうのきていのぎじゅつてきよみかえとうにかんするせいれい,令和八年二月十四日
415CO0000000507,政令,個人情報の保護に関する法律施行令,こじんじょうほうのほごにかんするほうりつしこうれい,令和八年四月一日
415CO0000000513,政令,司法試験委員会令,しほうしけんいいんかいれい,平成二十二年九月一日
415CO0000000516,政令,独立行政法人国立病院機構法施行令,どくりつぎょうせいほうじんこくりつびょういんきこうほうしこうれい,令和八年四月一日
415CO0000000524,政令,密集市街地における防災街区の整備の促進に関する法律による不動産登記に関する政令,みっしゅうしがいちにおけるぼうさいがいくのせいびのそくしんにかんするほうりつによるふどうさんとうきにかんするせいれい,令和二年四月一日
415CO0000000530,政令,化学物質の審査及び製造等の規制に関する法律の一部を改正する法律の施行に伴う経過措置を定める政令,かがくぶっしつのしんさおよびせいぞうとうのきせいにかんするほうりつのいちぶをかいせいするほうりつのしこうにともなうけいかそちをさだめるせいれい,平成十六年四月一日
415CO0000000546,政令,法科大学院への裁判官及び検察官その他の一般職の国家公務員の派遣に関する法律施行令,ほうかだいがくいんへのさいばんかんおよびけんさつかんそのほかのいっぱんしょくのこっかこうむいんのはけんにかんするほうりつしこうれい,令和八年四月一日
415CO0000000550,政令,情報公開・個人情報保護審査会設置法施行令,じょうほうこうかいこじんじょうほうほごしんさかいせっちほうしこうれい,平成二十八年四月一日
415CO0000000553,政令,石油公団法及び金属鉱業事業団法の廃止等に関する法律の一部の施行に伴う関係政令の整備等及び経過措置に関する政令,せきゆこうだんほうおよびきんぞくこうぎょうじぎょうだんほうのはいしとうにかんするほうりつのいちぶのしこうにともなうかんけいせいれいのせいびとうおよびけいかそちにかんするせいれい,平成十六年二月二十九日
415CO0000000554,政令,独立行政法人エネルギー・金属鉱物資源機構法施行令,どくりつぎょうせいほうじんえねるぎーきんぞくこうぶつしげんきこうほうしこうれい,令和五年二月一日
415CO0000000556,政令,独立行政法人労働者健康安全機構法施行令,どくりつぎょうせいほうじんろうどうしゃけんこうあんぜんきこうほうしこうれい,令和八年四月一日
415M60000002003,府省令,預金保険法第五十八条の三第一項及び第二項に規定する措置に関する内閣府令,よきんほけんほうだいごじゅうはちじょうのさんだいいっこうおよびだいにこうにきていするそちにかんするないかくふれい,令和五年六月一日
415M60000002011,府省令,構造改革特別区域法施行規則,こうぞうかいかくとくべつくいきほうしこうきそく,令和七年三月十八日
415M60000002013,府省令,内閣府の所管する金融関連法令に係る情報通信技術を活用した行政の推進等に関する法律施行規則,ないかくふのしょかんするきんゆうかんれんほうれいにかかるじょうほうつうしんぎじゅつをかつようしたぎょうせいのすいしんとうにかんするほうりつしこうきそく,令和五年十二月二十七日
415M60000002019,府省令,金融機関等の更生手続の特例等に関する法律施行規則,きんゆうきかんとうのこうせいてつづきのとくれいとうにかんするほうりつしこうきそく,平成十八年五月一日
415M60000002021,府省令,上場株式の議決権の代理行使の勧誘に関する内閣府令,じょうじょうかぶしきのぎけつけんのだいりこうしのかんゆうにかんするないかくふれい,令和七年六月十二日
415M60000002054,府省令,各種勲章及び大勲位菊花章頸飾の制式及び形状を定める内閣府令,かくしゅくんしょうおよびだいくんいきっかしょうけいしょくのせいしきおよびけいじょうをさだめるないかくふれい,平成十五年十一月三日
415M60000002055,府省令,褒章の制式及び形状を定める内閣府令,ほうしょうのせいしきおよびけいじょうをさだめるないかくふれい,平成十五年十一月三日
415M60000002066,府省令,食品安全委員会令第一条第一項の内閣府令で定めるときを定める内閣府令,しょくひんあんぜんいいんかいれいだいいちじょうだいいっこうのないかくふれいでさだめるときをさだめるないかくふれい,令和七年五月九日
415M60000002067,府省令,食品安全委員会事務局組織規則,しょくひんあんぜんいいんかいじむきょくそしききそく,令和五年四月一日
415M60000002069,府省令,防衛省関係法令に係る情報通信技術を活用した行政の推進等に関する法律施行規則,ぼうえいしょうかんけいほうれいにかかるじょうほうつうしんぎじゅつをかつようしたぎょうせいのすいしんとうにかんするほうりつしこうきそく,令和五年十二月二十八日
415M60000002076,府省令,南海トラフ地震に係る地震防災対策の推進に関する特別措置法施行規則,なんかいとらふじしんにかかるじしんぼうさいたいさくのすいしんにかんするとくべつそちほうせこうきそく,令和七年四月一日
415M60000002085,府省令,独立行政法人国民生活センターの業務運営、財務及び会計並びに人事管理に関する内閣府令,どくりつぎょうせいほうじんこくみんせいかつせんたーのぎょうむうんえいざいむおよびかいけいならびにじんじかんりにかんするないかくふれい,令和五年一月五日
415M60000008002,府省令,独立行政法人統計センターに関する省令,どくりつぎょうせいほうじんとうけいせんたーにかんするしょうれい,令和四年十二月十二日
415M60000008005,府省令,郵便法施行規則,ゆうびんほうせこうきそく,令和六年六月十三日
415M60000008006,府省令,国際郵便規則,こくさいゆうびんきそく,令和六年四月一日
415M60000008007,府省令,お年玉付郵便葉書等に関する法律施行規則,おとしだまつきゆうびんはがきとうにかんするほうりつしこうきそく,平成十五年四月一日
415M60000008027,府省令,民間事業者による信書の送達に関する法律施行規則,みんかんじぎょうしゃによるしんしょのそうたつにかんするほうりつせこうきそく,令和六年六月十三日
415M60000008036,府省令,総務省関係構造改革特別区域法施行規則,そうむしょうかんけいこうぞうかいかくとくべつくいきほうせこうきそく,平成十六年四月一日
415M60000008048,府省令,総務省関係法令に係る情報通信技術を活用した行政の推進等に関する法律施行規則,そうむしょうかんけいほうれいにかかるじょうほうつうしんぎじゅつをかつようしたぎょうせいのすいしんとうにかんするほうりつしこうきそく,令和五年十二月二十五日
415M60000008067,府省令,平成十五年度における地方財政法第三十三条の五の四の額の算定に関する省令,へいせいじゅうごねんどにおけるちほうざいせいほうだいさんじゅうさんじょうのごのよんのがくのさんていにかんするしょうれい,平成十五年四月一日
415M60000008069,府省令,収入印紙及び自動車重量税印紙の売りさばきに関する省令,しゅうにゅういんしおよびじどうしゃじゅうりょうぜいいんしのうりさばきにかんするしょうれい,令和元年十月一日
415M60000008070,府省令,雇用保険印紙及び健康保険印紙の売りさばきに関する省令,こようほけんいんしおよびけんこうほけんいんしのうりさばきにかんするしょうれい,令和元年十月一日
415M60000008071,府省令,特許印紙の売りさばきに関する省令,とっきょいんしのうりさばきにかんするしょうれい,令和元年十月一日
415M60000008119,府省令,東日本電信電話株式会社の西日本電信電話株式会社に対する金銭の交付に関する省令,ひがしにほんでんしんでんわかぶしきがいしゃのにしにほんでんしんでんわかぶしきがいしゃにたいするきんせんのこうふにかんするしょうれい,令和七年一月一日
415M60000008120,府省令,電子署名等に係る地方公共団体情報システム機構の認証業務に関する法律施行規則,でんししょめいとうにかかるちほうこうきょうだんたいじょうほうしすてむきこうのにんしょうぎょうむにかんするほうりつしこうきそく,令和八年六月十四日
415M60000010011,府省令,法務省の所管する法令の規定に基づく情報通信技術を活用した行政の推進等に関する規則,ほうむしょうのしょかんするほうれいのきていにもとづくじょうほうつうしんぎじゅつをかつようしたぎょうせいのすいしんとうにかんするきそく,令和六年六月一日
415M60000010014,府省令,会社更生法施行規則,かいしゃこうせいほうしこうきそく,平成十八年五月一日
415M60000010015,府省令,国際受刑者移送法施行規則,こくさいじゅけいしゃいそうほうせこうきそく,令和七年六月一日
415M60000010025,府省令,電子情報処理組織による登記事務処理の円滑化のための措置等に関する法律施行細則,でんしじょうほうしょりそしきによるとうきじむしょりのえんかつかのためのそちとうにかんするほうりつしこうさいそく,平成十五年四月一日
415M60000010043,府省令,司法書士法第三条第二項第一号の法人を定める省令,しほうしょしほうだいさんじょうだいにこうだいいちごうのほうじんをさだめるしょうれい,平成十五年四月十七日
415M60000010047,府省令,建物の区分所有等に関する法律施行規則,たてもののくぶんしょゆうとうにかんするほうりつしこうきそく,令和八年四月一日
415M60000020006,府省令,外務省の所管する法令の規定に基づく情報通信技術を活用した行政の推進等に関する規則,がいむしょうのしょかんするほうれいのきていにもとづくじょうほうつうしんぎじゅつをかつようしたぎょうせいのすいしんとうにかんするきそく,令和元年十二月十六日
415M60000020007,府省令,アジア太平洋経済協力の枠組みにおいて運用されている商用渡航カードに関する省令,あじあたいへいようけいざいきょうりょくのわくぐみにおいてうんようされているしょうようとこうかーどにかんするしょうれい,令和六年四月一日
415M60000020021,府省令,独立行政法人国際交流基金に関する省令,どくりつぎょうせいほうじんこくさいこうりゅうききんにかんするしょうれい,平成三十一年四月一日
415M60000020022,府省令,独立行政法人国際協力機構の業務運営並びに財務及び会計に関する省令,どくりつぎょうせいほうじんこくさいきょうりょくきこうのぎょうむうんえいならびにざいむおよびかいけいにかんするしょうれい,令和七年四月十七日
415M60000040002,府省令,国債の買入消却に関する省令,こくさいのかいいれしょうきゃくにかんするしょうれい,令和四年九月二十六日
415M60000040005,府省令,平成十四年度の水田農業経営確立助成補助金等についての所得税及び法人税の臨時特例に関する法律施行規則,へいせいじゅうよねんどのすいでんのうぎょうけいえいかくりつじょせいほじょきんとうについてのしょとくぜいおよびほうじんぜいのりんじとくれいにかんするほうりつせこうきそく,平成十五年二月十八日
415M60000040007,府省令,税関関係法令に係る情報通信技術を活用した行政の推進等に関する省令,ぜいかんかんけいほうれいにかかるじょうほうつうしんぎじゅつをかつようしたぎょうせいのすいしんとうにかんするしょうれい,令和七年十月十二日
415M60000040017,府省令,財務省関係法令の情報通信技術を活用した行政の推進等に関する法律施行規則,ざいむしょうかんけいほうれいのじょうほうつうしんぎじゅつをかつようしたぎょうせいのすいしんとうにかんするほうりつしこうきそく,令和七年四月一日
415M60000040022,府省令,国が承継した石油公団債務に係る国債の取扱い等に関する省令,くにがしょうけいしたせきゆこうだんさいむにかかるこくさいのとりあつかいとうにかんするしょうれい,平成十五年四月一日
415M60000040024,府省令,予算決算及び会計に係る情報通信の技術の利用に関する対象手続等を定める省令,よさんけっさんおよびかいけいにかかるじょうほうつうしんのぎじゅつのりようにかんするたいしょうてつづきとうをさだめるしょうれい,令和六年七月十七日
415M60000040044,府省令,独立行政法人造幣局に関する省令,どくりつぎょうせいほうじんぞうへいきょくにかんするしょうれい,令和四年二月二十八日
415M60000040045,府省令,独立行政法人国立印刷局に関する命令,どくりつぎょうせいほうじんこくりついんさつきょくにかんするめいれい,令和七年四月一日
415M60000040046,府省令,貨幣回収準備資金事務取扱規則,かへいかいしゅうじゅんびしきんじむとりあつかいきそく,令和三年一月一日
415M60000040053,府省令,株式会社産業再生機構が取得した不動産に関する権利の移転登記の登録免許税の免税を受けるための手続に関する省令,かぶしきがいしゃさんぎょうさいせいきこうがしゅとくしたふどうさんにかんするけんりのいてんとうきのとうろくめんきょぜいのめんぜいをうけるためのてつづきにかんするしょうれい,平成十五年四月十日
415M60000040057,府省令,政府が承継した本州四国連絡橋公団債務に係る国債の取扱い等に関する省令,せいふがしょうけいしたほんしゅうしこくれんらくきょうこうだんさいむにかかるこくさいのとりあつかいとうにかんするしょうれい,平成十五年五月十二日
415M60000040071,府省令,国税関係法令に係る情報通信技術を活用した行政の推進等に関する省令,こくぜいかんけいほうれいにかかるじょうほうつうしんぎじゅつをかつようしたぎょうせいのすいしんとうにかんするしょうれい,令和八年九月二十四日
415M60000040085,府省令,周辺地域整備資金事務取扱規則,しゅうへんちいきせいびしきんじむとりあつかいきそく,平成十九年四月一日
415M60000040102,府省令,予算執行職員等の責任に関する法律施行規則,よさんしっこうしょくいんとうのせきにんにかんするほうりつせこうきそく,令和元年十二月十六日
415M60000040106,府省令,民事訴訟費用等に関する法律に基づく手数料の納付手続の特例に関する省令,みんじそしょうひようとうにかんするほうりつにもとづくてすうりょうののうふてつづきのとくれいにかんするしょうれい,令和八年四月一日
415M60000042007,府省令,株式会社産業再生機構法第八章に規定する預金保険機構の業務の特例等に関する命令,かぶしきがいしゃさんぎょうさいせいきこうほうだいはっしょうにきていするよきんほけんきこうのぎょうむのとくれいとうにかんするめいれい,平成十五年四月十日
415M60000080009,府省令,文部科学省関係の行政手続等における情報通信の技術の利用に関する省令,もんぶかがくしょうかんけいのぎょうせいてつづきとうにおけるじょうほうつうしんのぎじゅつのりようにかんするしょうれい,令和五年十二月二十六日
415M60000080016,府省令,専門職大学院設置基準,せんもんしょくだいがくいんせっちきじゅん,令和八年二月二十四日
415M60000080017,府省令,文部科学省関係構造改革特別区域法施行規則,もんぶかがくしょうかんけいこうぞうかいかくとくべつくいきほうしこうきそく,令和八年四月一日
415M60000080018,府省令,文部科学省関係構造改革特別区域法第三十五条に規定する政令等規制事業に係る省令の特例に関する措置を定める省令,もんぶかがくしょうかんけいこうぞうかいかくとくべつくいきほうだいさんじゅうごじょうにきていするせいれいとうきせいじぎょうにかかるしょうれいのとくれいにかんするそちをさだめるしょうれい,令和四年十月一日
415M60000080039,府省令,放送大学学園に関する省令,ほうそうだいがくがくえんにかんするしょうれい,令和七年四月一日
415M60000080040,府省令,エネルギーの使用の合理化及び非化石エネルギーの転換等に関する法律の規定に基づく立入検査をする職員の携帯する身分を示す証明書の様式を定める省令,えねるぎーのしようのごうりかおよびひかせきえねるぎーのてんかんとうにかんするほうりつのきていにもとづくたちいりけんさをするしょくいんのけいたいするみぶんをしめすしょうめいしょのようしきをさだめるしょうれい,令和五年四月一日
415M60000080042,府省令,文化財の不法な輸出入等の規制等に関する法律施行規則,ぶんかざいのふほうなゆしゅつにゅうとうのきせいとうにかんするほうりつしこうきそく,平成十五年九月二十九日
415M60000080043,府省令,文化財の不法な輸出入等の規制等に関する法律第三条第二項に規定する特定外国文化財を指定する省令,ぶんかざいのふほうなゆしゅつにゅうとうのきせいとうにかんするほうりつだいさんじょうだいにこうにきていするとくていがいこくぶんかざいをしていするしょうれい,平成三十年四月十三日
415M60000080047,府省令,国立研究開発法人科学技術振興機構に関する省令,こくりつけんきゅうかいはつほうじんかがくぎじゅつしんこうきこうにかんするしょうれい,令和八年四月一日
415M60000080048,府省令,独立行政法人日本学術振興会に関する省令,どくりつぎょうせいほうじんにほんがくじゅつしんこうかいにかんするしょうれい,令和四年三月三十一日
415M60000080049,府省令,国立研究開発法人理化学研究所に関する省令,こくりつけんきゅうかいはつほうじんりかがくけんきゅうしょにかんするしょうれい,令和四年三月三十一日
415M60000080050,府省令,国立研究開発法人宇宙航空研究開発機構の会計の原則及び短期借入金の認可の申請手続等に関する省令,こくりつけんきゅうかいはつほうじんうちゅうこうくうけんきゅうかいはつきこうのかいけいのげんそくおよびたんきかりいれきんのにんかのしんせいてつづきとうにかんするしょうれい,令和六年二月二十六日
415M60000080051,府省令,独立行政法人日本スポーツ振興センターに関する省令,どくりつぎょうせいほうじんにほんすぽーつしんこうせんたーにかんするしょうれい,令和六年四月一日
415M60000080052,府省令,独立行政法人日本芸術文化振興会に関する省令,どくりつぎょうせいほうじんにほんげいじゅつぶんかしんこうかいにかんするしょうれい,令和四年三月三十一日
415M60000080057,府省令,国立大学法人法施行規則,こくりつだいがくほうじんしこうきそく,令和八年四月一日
415M60000080058,府省令,独立行政法人国立高等専門学校機構に関する省令,どくりつぎょうせいほうじんこくりつこうとうせんもんがっこうきこうにかんするしょうれい,令和四年三月三十一日
415M60000080059,府省令,独立行政法人大学改革支援・学位授与機構に関する省令,どくりつぎょうせいほうじんだいがくかいかくしえんがくいじゅよきこうにかんするしょうれい,令和五年二月二十日
415M60000088002,府省令,放送大学学園法施行規則,ほうそうだいがくがくえんほうしこうきそく,令和七年四月一日
415M60000100021,府省令,身体障害者社会参加支援施設の設備及び運営に関する基準,しんたいしょうがいしゃしゃかいさんかしえんしせつのせつびおよびうんえいにかんするきじゅん,令和三年七月一日
415M60000100040,府省令,厚生労働省の所管する法令に係る情報通信技術を活用した行政の推進等に関する法律施行規則,こうせいろうどうしょうのしょかんするほうれいにかかるじょうほうつうしんぎじゅつをかつようしたぎょうせいのすいしんとうにかんするほうりつしこうきそく,令和八年三月三十一日
415M60000100052,府省令,既認定者等に交付する児童扶養手当証書の様式を定める内閣府令,きにんていしゃとうにこうふするじどうふようてあてしょうしょのようしきをさだめるないかくふれい,令和五年四月一日
415M60000100058,府省令,厚生労働省関係構造改革特別区域法施行規則,こうせいろうどうしょうかんけいこうぞうかいかくとくべつくいきほうしこうきそく,令和五年九月一日
415M60000100086,府省令,健康増進法施行規則,けんこうぞうしんほうしこうきそく,令和七年六月一日
415M60000100101,府省令,水質基準に関する省令,すいしつきじゅんにかんするしょうれい,令和八年四月一日
415M60000100118,府省令,採血の業務の管理及び構造設備に関する基準,さいけつのぎょうむのかんりおよびこうぞうせつびにかんするきじゅん,令和二年九月一日
415M60000100119,府省令,身体障害者補助犬法第十六条に規定する業務を行う者を指定する省令,しんたいしょうがいしゃほじょけんほうだいじゅうろくじょうにきていするぎょうむをおこなうものをしていするしょうれい,令和六年十二月二十七日
415M60000100122,府省令,次世代育成支援対策推進法施行規則,じせだいいくせいしえんたいさくすいしんほうせこうきそく,令和七年十月一日
415M60000100132,府省令,厚生労働省関係構造改革特別区域法第三十五条に規定する政令等規制事業に係る省令の特例に関する措置を定める省令,こうせいろうどうしょうかんけいこうぞうかいかくとくべつくいきほうだいさんじゅうごじょうにきていするせいれいとうきせいじぎょうにかかるしょうれいのとくれいにかんするそちをさだめるしょうれい,令和七年十一月二十日
415M60000100144,府省令,独立行政法人農業者年金基金法附則第十九条第四項の規定によりなお効力を有するものとされた農業者年金基金法の一部を改正する法律による改正前の農業者年金基金法第九十四条の規定により地方厚生局長及び地方厚生支局長に委任する権限を定める省令,どくりつぎょうせいほうじんのうぎょうしゃねんきんききんほうふそくだいじゅうきゅうじょうだいよんこうのきていによりなおこうりょくをゆうするものとされたのうぎょうものしゃきんききんほうのいちぶをかいせいするほうりつによるかいせいまえののうぎょうしゃねんきんききんほうだいきゅうじゅうよんじょうのきていによりちほうこうせいきょくちょうおよびちほうこうせいしきょくちょうにいにんするけんげんをさだめるしょうれい,平成二十八年四月一日
415M60000100147,府省令,独立行政法人高齢・障害・求職者雇用支援機構の業務運営、財務及び会計並びに人事管理に関する省令,どくりつぎょうせいほうじんこうれいしょうがいきゅうしょくしゃこようしえんきこうのぎょうむうんえいざいむおよびかいけいならびにじんじかんりにかんするしょうれい,令和四年一月三十一日
415M60000100148,府省令,独立行政法人福祉医療機構の業務運営、財務及び会計並びに人事管理に関する命令,どくりつぎょうせいほうじんふくしいりょうきこうのぎょうむうんえいざいむおよびかいけいならびにじんじかんりにかんするめいれい,令和八年四月一日
415M60000100149,府省令,独立行政法人国立重度知的障害者総合施設のぞみの園の業務運営、財務及び会計並びに人事管理に関する省令,どくりつぎょうせいほうじんこくりつじゅうどちてきしょうがいしゃそうごうしせつのぞみのえんのぎょうむうんえいざいむおよびかいけいならびにじんじかんりにかんするしょうれい,令和四年一月三十一日
415M60000100151,府省令,独立行政法人労働政策研究・研修機構の業務運営、財務及び会計並びに人事管理に関する省令,どくりつぎょうせいほうじんろうどうせいさくけんきゅうけんしゅうきこうのぎょうむうんえいざいむおよびかいけいならびにじんじかんりにかんするしょうれい,令和元年十二月二日
415M60000100152,府省令,独立行政法人勤労者退職金共済機構の業務運営、財務及び会計並びに人事管理に関する省令,どくりつぎょうせいほうじんきんろうしゃたいしょくきんきょうさいきこうのぎょうむうんえいざいむおよびかいけいならびにじんじかんりにかんするしょうれい,令和四年一月三十一日
415M60000110002,府省令,有料職業紹介事業保証金規則の廃止等に関する省令,ゆうりょうしょくぎょうしょうかいじぎょうほしょうきんきそくのはいしとうにかんするしょうれい,令和二年十二月二十五日
415M60000180003,府省令,児童福祉法第二十一条の九に規定する主務省令で定める事業等のうち文部科学大臣の所管するものを定める省令,じどうふくしほうだいにじゅういちじょうのきゅうにきていするしゅむしょうれいでさだめるじぎょうとうのうちもんぶかがくだいじんのしょかんするものをさだめるしょうれい,平成二十七年四月一日
415M60000200011,府省令,農薬の販売の禁止を定める省令,のうやくのはんばいのきんしをさだめるしょうれい,令和六年十二月二日
415M60000200021,府省令,農林水産省関係法令に係る情報通信技術を活用した行政の推進等に関する法律施行規則,のうりんすいさんしょうかんけいほうれいにかかるじょうほうつうしんぎじゅつをかつようしたぎょうせいのすいしんとうにかんするほうりつしこうきそく,令和五年十二月二十八日
415M60000200055,府省令,林業・木材産業改善資金助成法施行規則,りんぎょうもくざいさんぎょうかいぜんしきんじょせいほうしこうきそく,平成十五年七月一日
415M60000200070,府省令,医薬品、医療機器等の品質、有効性及び安全性の確保等に関する法律に基づく医薬品及び再生医療等製品の使用の禁止に関する規定の適用を受けない場合を定める省令,いやくひんいりょうききとうのひんしつゆうこうせいおよびあんぜんせいのかくほとうにかんするほうりつにもとづくいやくひんおよびさいせいいりょうとうせいひんのしようのきんしにかんするきていのていきようをうけないばあいをさだめるしょうれい,令和七年七月二十八日
415M60000200072,府省令,牛の個体識別のための情報の管理及び伝達に関する特別措置法施行規則,うしのこたいしきべつのためのじょうほうのかんりおよびでんたつにかんするとくべつそちほうしこうきそく,令和五年十二月二十八日
415M60000200082,府省令,農林水産省関係構造改革特別区域法第三十五条に規定する政令等規制事業に係る省令の特例に関する措置を定める省令,のうりんすいさんしょうかんけいこうぞうかいかくとくべつくいきほうだいさんじゅうごじょうにきていするせいれいとうきせいじぎょうにかかるしょうれいのとくれいにかんするそちをさだめるしょうれい,令和四年八月三十一日
415M60000200094,府省令,国立研究開発法人農業・食品産業技術総合研究機構の農業・食品産業技術研究等業務及び農業機械化促進業務に係る財務及び会計並びに人事管理に関する省令,こくりつけんきゅうかいはつほうじんのうぎょうしょくひんさんぎょうぎじゅつそうごうけんきゅうきこうののうぎょうしょくひんさんぎょうぎじゅつけんきゅうとうぎょうむおよびのうぎょうきかいかそくしんぎょうむにかかるざいむおよびかいけいならびにじんじかんりにかんするしょうれい,令和六年十月一日
415M60000200095,府省令,独立行政法人農業者年金基金法施行規則,どくりつぎょうせいほうじんのうぎょうしゃねんきんききんほうしこうきそく,令和八年四月一日
415M60000200100,府省令,独立行政法人農業者年金基金の業務運営、財務及び会計並びに人事管理に関する省令,どくりつぎょうせいほうじんのうぎょうしゃねんきんききんのぎょうむうんえいざいむおよびかいけいならびにじんじかんりにかんするしょうれい,令和四年四月一日
415M60000200103,府省令,独立行政法人農畜産業振興機構法施行規則,どくりつぎょうせいほうじんのうちくさんぎょうしんこうきこうほうしこうきそく,令和四年十二月六日
415M60000200104,府省令,独立行政法人農畜産業振興機構の業務運営、財務及び会計並びに人事管理に関する省令,どくりつぎょうせいほうじんのうちくさんぎょうしんこうきこうのぎょうむうんえいざいむおよびかいけいならびにじんじかんりにかんするしょうれい,令和四年三月三十日
415M60000200106,府省令,独立行政法人農林漁業信用基金の農業保険関係業務及び漁業災害補償関係業務に関する業務方法書の記載事項を定める省令,どくりつぎょうせいほうじんのうりんぎょぎょうしんようききんののうぎょうほけんかんけいぎょうむおよびぎょぎょうさいがいほしょうかんけいぎょうむにかんするぎょうむほうほうしょのきさいじこうをさだめるしょうれい,平成三十年四月一日
415M60000200107,府省令,独立行政法人農林漁業信用基金の農業保険関係業務及び漁業災害補償関係業務に係る財務及び会計に関する省令,どくりつぎょうせいほうじんのうりんぎょぎょうしんようききんののうぎょうほけんかんけいぎょうむおよびぎょぎょうさいがいほしょうかんけいぎょうむにかかるざいむおよびかいけいにかんするしょうれい,令和四年二月二十二日
415M60000202012,府省令,独立行政法人北方領土問題対策協会の業務運営、財務及び会計並びに人事管理に関する命令,どくりつぎょうせいほうじんほっぽうりょうどもんだいたいさくきょうかいのぎょうむうんえいざいむおよびかいけいならびにじんじかんりにかんするめいれい,令和四年二月二十二日
415M60000240002,府省令,国立研究開発法人農業・食品産業技術総合研究機構の業務運営に関する省令,こくりつけんきゅうかいはつほうじんのうぎょうしょくひんさんぎょうぎじゅつそうごうけんきゅうきこうのぎょうむうんえいにかんするしょうれい,令和元年五月二十七日
415M60000240003,府省令,国立研究開発法人農業・食品産業技術総合研究機構の基礎的研究業務に係る財務及び会計に関する省令,こくりつけんきゅうかいはつほうじんのうぎょうしょくひんさんぎょうぎじゅつそうごうけんきゅうきこうのきそてきけんきゅうぎょうむにかかるざいむおよびかいけいにかんするしょうれい,令和四年三月三十日
415M60000240004,府省令,独立行政法人農林漁業信用基金の業務運営等に関する省令,どくりつぎょうせいほうじんのうりんぎょぎょうしんようききんのぎょうむうんえいとうにかんするしょうれい,令和二年四月一日
415M60000240005,府省令,独立行政法人農林漁業信用基金の農業信用保険業務、林業信用保証業務及び漁業信用保険業務に係る財務及び会計に関する省令,どくりつぎょうせいほうじんのうりんぎょぎょうしんようききんののうぎょうしんようほけんぎょうむりんぎょうしんようほしょうぎょうむおよびぎょぎょうしんようほけんぎょうむにかかるざいむおよびかいけいにかんするしょうれい,令和四年二月二十二日
415M60000300004,府省令,独立行政法人農業者年金基金の業務運営、財務及び会計並びに人事管理に関する省令の特例を定める省令,どくりつぎょうせいほうじんのうぎょうしゃねんきんききんのぎょうむうんえいざいむおよびかいけいならびにじんじかんりにかんするしょうれいのとくれいをさだめるしょうれい,平成二十七年四月一日
415M60000400008,府省令,経済産業省の所管する法令に係る情報通信技術を活用した行政の推進等に関する法律施行規則,けいざいさんぎょうしょうのしょかんするほうれいにかかるじょうほうつうしんぎじゅつをかつようしたぎょうせいのすいしんとうにかんするほうりつしこうきそく,令和五年十一月七日
415M60000400038,府省令,経済産業省関係構造改革特別区域法施行規則,けいざいさんぎょうしょうかんけいこうぞうかいかくとくべつくいきほうせこうきそく,令和元年七月一日
415M60000400039,府省令,経済産業省関係構造改革特別区域法第二条第三項に規定する省令の特例に関する措置及びその適用を受ける特定事業を定める省令,けいざいさんぎょうしょうかんけいこうぞうかいかくとくべつくいきほうだいにじょうだいさんこうにきていするしょうれいのとくれいにかんするそちおよびそのてきようをうけるとくていじぎょうをさだめるしょうれい,令和八年四月一日
415M60000400081,府省令,経済産業省所管に属する物品の無償貸付及び譲与に関する省令,けいざいさんぎょうしょうしょかんにぞくするぶっぴんのむしょうかしつけおよびじょうよにかんするしょうれい,平成十五年七月八日
415M60000400119,府省令,独立行政法人日本貿易振興機構の業務運営、財務及び会計並びに人事管理に関する省令,どくりつぎょうせいほうじんにほんぼうえきしんこうきこうのぎょうむうんえいざいむおよびかいけいならびにじんじかんりにかんするしょうれい,令和四年二月一日
415M60000400120,府省令,国立研究開発法人新エネルギー・産業技術総合開発機構の業務運営、財務及び会計並びに人事管理に関する省令,こくりつけんきゅうかいはつほうじんしんえねるぎーさんぎょうぎじゅつそうごうかいはつきこうのぎょうむうんえいざいむおよびかいけいならびにじんじかんりにかんするしょうれい,令和六年九月二日
415M60000442001,府省令,株式会社産業再生機構法施行規則,かぶしきがいしゃさんぎょうさいせいきこうほうしこうきそく,令和七年六月十三日
415M60000620001,府省令,独立行政法人国際協力機構の業務運営並びに財務及び会計に関する省令の特例を定める省令,どくりつぎょうせいほうじんこくさいきょうりょくきこうのぎょうむうんえいならびにざいむおよびかいけいにかんするしょうれいのとくれいをさだめるしょうれい,平成二十年十月一日
415M60000800012,府省令,鉄道事業法等の一部を改正する法律の施行に伴う経過措置を定める省令,てつどうじぎょうほうとうのいちぶをかいせいするほうりつのしこうにともなうけいかそちをさだめるしょうれい,平成十五年四月一日
415M60000800025,府省令,国土交通省の所管する法令に係る情報通信技術を活用した行政の推進等に関する法律施行規則,こくどこうつうしょうのしょかんするほうれいにかかるじょうほうつうしんぎじゅつをかつようしたぎょうせいのすいしんとうにかんするほうりつしこうきそく,令和五年十二月二十八日
415M60000800028,府省令,船舶職員法の一部を改正する法律の施行に伴う経過措置を定める省令,せんぱくしょくいんほうのいちぶをかいせいするほうりつのせこうにともなうけいかそちをさだめるしょうれい,平成十六年十一月一日
415M60000800102,府省令,独立行政法人鉄道建設・運輸施設整備支援機構に関する省令,どくりつぎょうせいほうじんてつどうけんせつうんゆしせつせいびしえんきこうにかんするしょうれい,令和七年四月一日
415M60000800103,府省令,独立行政法人国際観光振興機構に関する省令,どくりつぎょうせいほうじんこくさいかんこうしんこうきこうにかんするしょうれい,令和四年三月二十九日
415M60000800104,府省令,独立行政法人水資源機構の財務及び会計等に関する省令,どくりつぎょうせいほうじんみずしげんきこうのざいむおよびかいけいとうにかんするしょうれい,令和八年四月一日
415M60000800105,府省令,独立行政法人水資源機構に関する不動産登記規則の準用に関する省令,どくりつぎょうせいほうじんすいしげんきこうにかんするふどうさんとうききそくのじゅんようにかんするしょうれい,平成二十二年十一月二十七日
415M60000800106,府省令,独立行政法人自動車事故対策機構に関する省令,どくりつぎょうせいほうじんじどうしゃじこたいさくきこうにかんするしょうれい,令和四年三月二十九日
415M60000800107,府省令,独立行政法人空港周辺整備機構に関する省令,どくりつぎょうせいほうじんくうこうしゅうへんせいびきこうにかんするしょうれい,令和四年三月二十九日
415M60000A02001,府省令,社会資本整備重点計画法施行規則,しゃかいしほんせいびじゅうてんけいかくほうしこうきそく,平成十五年四月一日
415M60000F00003,府省令,独立行政法人水資源機構の業務運営に関する省令,どくりつぎょうせいほうじんみずしげんきこうのぎょうむうんえいにかんするしょうれい,令和七年四月一日
415M60000F4A003,府省令,受託中小企業振興法施行規則,じゅたくちゅうしょうきぎょうしんこうほうしこうきそく,令和八年一月一日
415M60001000007,府省令,環境省の所管する法令に係る情報通信技術を活用した行政の推進等に関する法律施行規則,かんきょうしょうのしょかんするほうれいにかかるじょうほうつうしんぎじゅつをかつようしたぎょうせいのすいしんとうにかんするほうりつしこうきそく,令和六年二月二十日
415M60001000012,府省令,環境省関係構造改革特別区域法施行規則,かんきょうしょうかんけいこうぞうかいかくとくべつくいきほうせこうきそく,令和二年一月二十七日
415M60001000013,府省令,環境省関係構造改革特別区域法第三十五条に規定する政令等規制事業に係る省令の特例に関する措置を定める省令,かんきょうしょうかんけいこうぞうかいかくとくべつくいきほうだいさんじゅうごじょうにきていするせいれいとうきせいじぎょうにかかるしょうれいのとくれいにかんするそちをさだめるしょうれい,令和七年九月一日
415M60001000017,府省令,環境調査研修所組織規則,かんきょうちょうさけんしゅうじょそしききそく,平成三十一年四月一日
415M60001000018,府省令,環境調査研修所研修規則,かんきょうちょうさけんしゅうじょけんしゅうきそく,平成二十九年七月十四日
415M60001200001,府省令,農薬取締法に基づく農薬の使用の禁止に関する規定の適用を受けない場合を定める省令,のうやくとりしまりほうにもとづくのうやくのしようのきんしにかんするきていのてきようをうけないばあいをさだめるしょうれい,平成三十年十二月一日
415M60001200002,府省令,農薬取締法第三条第一項の登録を要しない場合を定める省令,のうやくとりしまりほうだいさんじょうだいいっこうのとうろくをようしないばあいをさだめるしょうれい,平成三十年十二月一日
415M60001200004,府省令,農薬取締法第二十五条第一項の農林水産省令・環境省令で定める農薬を定める省令,のうやくとりしまりほうだいにじゅうごじょうだいいっこうののうりんすいさんしょうれいかんきょうしょうれいでさだめるのうやくをさだめるしょうれい,平成三十年十二月一日
415M60001200005,府省令,農薬を使用する者が遵守すべき基準を定める省令,のうやくをしようするものがじゅんしゅすべききじゅんをさだめるしょうれい,令和二年四月一日
415M600017C0001,府省令,遺伝子組換え生物等の使用等の規制による生物の多様性の確保に関する法律施行規則,いでんしくみかえせいぶつとうのしようとうのきせいによるせいぶつのたようせいのかくほにかんするほうりつしこうきそく,令和四年六月二十四日
415M60001A00001,府省令,自然再生推進法施行規則,しぜんさいせいすいしんほうしこうきそく,平成十五年四月一日
415M60200000001,規則,公正取引委員会の所管する法令に係る情報通信技術を活用した行政の推進等に関する法律施行規則,こうせいとりひきいいんかいのしょかんするほうれいにかかるじょうほうつうしんぎじゅつをかつようしたぎょうせいのすいしんとうにかんするほうりつしこうきそく,令和七年五月十四日
415M60400000006,規則,国家公安委員会の所管する法令に係る情報通信技術を活用した行政の推進等に関する法律施行規則,こっかこうあんいいんかいのしょかんするほうれいにかかるじょうほうつうしんぎじゅつをかつようしたぎょうせいのすいしんとうにかんするほうりつしこうきそく,令和七年十二月一日
415M60400000007,規則,国家公安委員会電子署名規則,こっかこうあんいいんかいでんししょめいきそく,平成十五年三月三十一日
415M60400000012,規則,特殊開錠用具の所持の禁止等に関する法律施行規則,とくしゅかいじょうようぐのしょじのきんしとうにかんするほうりつせこうきそく,令和二年十二月二十八日
415M60400000015,規則,インターネット異性紹介事業を利用して児童を誘引する行為の規制等に関する法律施行規則,いんたーねっといせいしょうかいじぎょうをりようしてじどうをゆういんするこういのきせいとうにかんするほうりつせこうきそく,令和七年六月一日
415RJNJ01038000,規則,人事院規則一―三八（人事院関係法令に基づく行政手続等における情報通信技術の活用）,じんじいんきそくいちのさんじゅうはちじんじいんかんけいほうれいにもとづくぎょうせいてつづきとうにおけるじょうほうつうしんぎじゅつのかつよう,令和五年十二月十五日
415RJNJ01039000,規則,人事院規則一―三九（構造改革特別区域における人事院規則の特例に関する措置）,じんじいんきそくいちのさんじゅうきゅうこうぞうかいかくとくべつくいきにおけるじんじいんきそくのとくれいにかんするそち,令和四年八月三十一日
415RJNJ24000000,規則,人事院規則二四―〇（検察官その他の職員の法科大学院への派遣）,じんじいんきそくにじゅうよんのぜろけんさつかんそのほかのしょくいんのほうかだいがくいんへのはけん,令和八年四月一日
416AC0000000003,法律,平成十四年度歳入歳出の決算上の剰余金の処理の特例に関する法律,へいせいじゅうよんねんどさいにゅうさいしゅつのけっさんじょうのじょうよきんのしょりのとくれいにかんするほうりつ,平成十六年二月十六日
416AC0000000004,法律,農業共済再保険特別会計の農業勘定における平成十五年度の再保険金の支払財源の不足に充てるために行う積立金の歳入への繰入れに関する法律,のうぎょうきょうさいさいほけんとくべつかいけいののうぎょうかんじょうにおけるへいせいじゅうごねんどのさいほけんきんのしはらいざいげんのふそくにあてるためにおこなうつみたてきんのさいにゅうへのくりいれにかんするほうりつ,平成十六年二月十六日
416AC0000000022,法律,平成十六年度における財政運営のための公債の発行の特例等に関する法律,へいせいじゅうろくねんどにおけるざいせいうんえいのためのこうさいのはっこうのとくれいとうにかんするほうりつ,平成十六年四月一日
416AC0000000023,法律,平成十六年度における児童扶養手当法による手当の額等の改定の特例に関する法律,へいせいじゅうろくねんどにおけるじどうふようてあてほうによるてあてのがくとうのかいていのとくれいにかんするほうりつ,平成十六年十月一日
416AC0000000031,法律,国際航海船舶及び国際港湾施設の保安の確保等に関する法律,こくさいこうかいせんぱくおよびこくさいこうわんしせつのほあんのかくほとうにかんするほうりつ,令和七年六月一日
416AC0000000045,法律,労働審判法,ろうどうしんぱんほう,令和十年六月十三日
416AC0000000059,法律,市町村の合併の特例に関する法律,しちょうそんのがっぺいのとくれいにかんするほうりつ,令和八年五月二十一日
416AC0000000063,法律,裁判員の参加する刑事裁判に関する法律,さいばんいんのさんかするけいじさいばんにかんするほうりつ,令和十年五月十六日
416AC0000000074,法律,総合法律支援法,そうごうほうりつしえんほう,令和八年五月二十一日
416AC0000000075,法律,破産法,はさんほう,令和十年六月十三日
416AC0000000077,法律,環境情報の提供の促進等による特定事業者等の環境に配慮した事業活動の促進に関する法律,かんきょうじょうほうのていきょうのそくしんとうによるとくていじぎょうしゃとうのかんきょうにはいりょしたじぎょうかつどうのそくしんにかんするほうりつ,平成十八年五月一日
416AC0000000078,法律,特定外来生物による生態系等に係る被害の防止に関する法律,とくていがいらいせいぶつによるせいたいけいとうにかかるひがいのぼうしにかんするほうりつ,令和七年六月一日
416AC0000000099,法律,高速道路株式会社法,こうそくどうろかぶしきがいしゃほう,令和七年六月一日
416AC0000000100,法律,独立行政法人日本高速道路保有・債務返済機構法,どくりつぎょうせいほうじんにほんこうそくどうろほゆうさいむへんさいきこうほう,令和五年九月六日
416AC0000000102,法律,日本道路公団等民営化関係法施行法,にほんどうろこうだんとうみんえいかかんけいほうしこうほう,令和三年四月一日
416AC0000000105,法律,年金積立金管理運用独立行政法人法,ねんきんつみたてきんかんりうんようどくりつぎょうせいほうじんほう,令和七年六月一日
416AC0000000110,法律,景観法,けいかんほう,令和七年十月一日
416AC0000000112,法律,武力攻撃事態等における国民の保護のための措置に関する法律,ぶりょくこうげきじたいとうにおけるこくみんのほごのためのそちにかんするほうりつ,令和九年五月二十日
416AC0000000113,法律,武力攻撃事態等及び存立危機事態におけるアメリカ合衆国等の軍隊の行動に伴い我が国が実施する措置に関する法律,ぶりょくこうげきじたいとうおよびそんりつききじたいにおけるあめりかがっしゅうこくとうのぐんたいのこうどうにともないわがくにがじっしするそちにかんするほうりつ,平成二十八年三月二十九日
416AC0000000114,法律,武力攻撃事態等における特定公共施設等の利用に関する法律,ぶりょくこうげきじたいとうにおけるとくていこうきょうしせつとうのりようにかんするほうりつ,令和七年六月一日
416AC0000000115,法律,国際人道法の重大な違反行為の処罰に関する法律,こくさいじんどうほうのじゅうだいないはんこういのしょばつにかんするほうりつ,令和七年六月一日
416AC0000000116,法律,武力攻撃事態及び存立危機事態における外国軍用品等の海上輸送の規制に関する法律,ぶりょくこうげきじたいおよびそんりつじたいききにおけるがいこくぐんようひんとうのかいじょうゆそうのきせいにかんするほうりつ,令和七年六月一日
416AC0000000117,法律,武力攻撃事態及び存立危機事態における捕虜等の取扱いに関する法律,ぶりょくこうげきじたいおよびそんりつききじたいにおけるほりょとうのとりあつかいにかんするほうりつ,令和九年五月二十日
416AC0000000119,法律,知的財産高等裁判所設置法,ちてきざいさんこうとうさいばんしょせっちほう,令和二年十月一日
416AC0000000121,法律,判事補及び検事の弁護士職務経験に関する法律,はんじほおよびけんじのべんごししょくむけいけんにかんするほうりつ,令和八年四月一日
416AC0000000122,法律,公益通報者保護法,こうえきつうほうしゃほごほう,令和八年十二月一日
416AC0000000123,法律,不動産登記法,ふどうさんとうきほう,令和八年四月一日
416AC0000000128,法律,金融機能の強化のための特別措置に関する法律,きんゆうきのうのきょうかのためのとくべつそちにかんするほうりつ,令和八年八月六日
416AC0000000135,法律,国立研究開発法人医薬基盤・健康・栄養研究所法,こくりつけんきゅうかいはつほうじんいやくきばんけんこうえいようけんきゅうじょほう,令和七年十一月二十日
416AC0000000143,法律,経済連携協定に基づく特定原産地証明書の発給等に関する法律,けいざいれんけいきょうていにもとづくとくていげんさんちしょうめいしょのはっきゅうとうにかんするほうりつ,令和七年六月一日
416AC0000000149,法律,民間事業者等が行う書面の保存等における情報通信の技術の利用に関する法律,みんかんじぎょうしゃとうがおこなうしょめんのほぞんとうにおけるじょうほうつうしんのぎじゅつのりようにかんするほうりつ,令和八年四月一日
416AC0000000151,法律,裁判外紛争解決手続の利用の促進に関する法律,さいばんがいふんそうかいけつてつづきのりようのそくしんにかんするほうりつ,令和十年六月十三日
416AC0000000154,法律,信託業法,しんたくぎょうほう,令和八年四月一日
416AC0000000155,法律,国立研究開発法人日本原子力研究開発機構法,こくりつけんきゅうかいはつほうじんにほんげんしりょくけんきゅうかいはつきこうほう,令和七年六月一日
416AC1000000002,法律,平成十五年度の水田農業経営確立助成補助金等についての所得税及び法人税の臨時特例に関する法律,へいせいじゅうごねんどのすいでんのうぎょうけいえいかくりつじょせいほじょきんとうについてのしょとくぜいおよびほうじんぜいのりんじとくれいにかんするほうりつ,平成十六年二月十六日
416AC1000000027,法律,日本海溝・千島海溝周辺海溝型地震に係る地震防災対策の推進に関する特別措置法,にほんかいこうちしまかいこうしゅうへんかいこうがたじしんにかかるじしんぼうさいたいさくのすいしんにかんするとくべつそちほう,令和六年十月二十三日
416AC1000000081,法律,コンテンツの創造、保護及び活用の促進に関する法律,こんてんつのそうぞうほごおよびかつようのそくしんにかんするほうりつ,令和三年九月一日
416AC1000000125,法律,特定船舶の入港の禁止に関する特別措置法,とくていせんぱくのにゅうこうのきんしにかんするとくべつそちほう,令和七年六月一日
416AC1000000161,法律,犯罪被害者等基本法,はんざいひがいしゃとうきほんほう,平成二十八年四月一日
416AC1000000166,法律,特定障害者に対する特別障害給付金の支給に関する法律,とくていしょうがいしゃにたいするとくべつしょうがいきゅうふきんのしきゅうにかんするほうりつ,令和七年六月一日
416AC1000000167,法律,発達障害者支援法,はったつしょうがいしゃしえんほう,平成二十八年八月一日
416CO0000000002,政令,独立行政法人日本学生支援機構法施行令,どくりつぎょうせいほうじんにほんがくせいしえんきこうほうしこうれい,令和八年四月一日
416CO0000000013,政令,国立研究開発法人情報通信研究機構法施行令,こくりつけんきゅうかいはつほうじんじょうほうつうしんけんきゅうきこうほうしこうれい,令和六年九月二十日
416CO0000000014,政令,独立行政法人通信総合研究所法の一部を改正する法律の施行に伴う関係政令の整備及び経過措置に関する政令,どくりつぎょうせいほうじんつうしんそうごうけんきゅうしょほうのいちぶをかいせいするほうりつのしこうにともなうかんけいせいれいのせいびおよびけいかそちにかんするせいれい,平成十六年四月一日
416CO0000000017,政令,弁護士法第五条の二第三項の手数料の額を定める政令,べんごしほうだいごじょうのにだいさんこうのてすうりょうのがくをさだめるせいれい,平成十六年四月一日
416CO0000000021,政令,遺伝子組換え生物等の使用等の規制による生物の多様性の確保に関する法律第二十四条第一項の規定により納付すべき手数料の額を定める政令,いでんしくみかえせいぶつとうのしようとうのきせいによるせいぶつのたようせいのかくほにかんするほうりつだいにじゅうよんじょうだいいっこうのきていによりのうふすべきてすうりょうのがくをさだめるせいれい,平成十六年二月十九日
416CO0000000024,政令,平成十五年度の水田農業経営確立助成補助金等についての所得税及び法人税の臨時特例に関する法律施行令,へいせいじゅうごねんどのすいでんのうぎょうけいえいかくりつじょせいほじょきんとうについてのしょとくぜいおよびほうじんぜいのりんじとくれいにかんするほうりつしこうれい,平成十六年二月十六日
416CO0000000032,政令,国立研究開発法人海洋研究開発機構法施行令,こくりつけんきゅうかいはつほうじんかいようけんきゅうかいはつきこうほうしこうれい,平成二十七年四月一日
416CO0000000036,政令,平成十五年等における特定地域に係る激甚災害及びこれに対し適用すべき措置の指定に関する政令,へいせいじゅうごねんとうにおけるとくていちいきにかかるげきじんさいがいおよびこれにたいしてきようすべきそちのしていにかんするせいれい,平成十六年三月十二日
416CO0000000049,政令,東京地下鉄株式会社の設立に伴う関係政令の整備及び経過措置に関する政令,とうきょうちかてつかぶしきがいしゃのせつりつにともなうかんけいせいれいのせいびおよびけいかそちにかんするせいれい,平成十六年四月一日
416CO0000000050,政令,成田国際空港株式会社法施行令,なりたこくさいくうこうかぶしきがいしゃほうせこうれい,平成二十六年四月一日
416CO0000000083,政令,独立行政法人医薬品医療機器総合機構法施行令,どくりつぎょうせいほうじんいやくひんいりょうききそうごうきこうほうしこうれい,令和八年五月一日
416CO0000000112,政令,平成十六年度における財政運営のための公債の発行の特例等に関する法律第五条の規定による国家公務員共済組合の事務に要する費用の負担の特例に関する政令,へいせいじゅうろくねんどにおけるざいせいうんえいのためのこうさいのはっこうのとくれいとうにかんするほうりつだいごじょうのきていによるこっかこうむいんきょうさいくみあいのじむにようするひようのふたんのとくれいにかんするせいれい,平成十六年四月一日
416CO0000000116,政令,平成十六年度における国民年金法による年金の額等の改定の特例に関する法律に基づく私立学校教職員共済法の年金の額の改定に関する政令,へいせいじゅうろくねんどにおけるこくみんねんきんほうによるねんきんのがくとうのかいていのとくれいにかんするほうりつにもとづくしりつがっこうきょうしょくいんきょうさいほうのねんきんのがくのかいていにかんするせいれい,平成十六年四月一日
416CO0000000117,政令,平成十六年度における児童扶養手当法による手当の額等の改定の特例に関する法律に基づく厚生労働省関係法令による手当の額の改定等に関する政令,へいせいじゅうろくねんどにおけるじどうふようてあてほうによるてあてのがくとうのかいていのとくれいにかんするほうりつにもとづくこうせいろうどうしょうかんけいほうれいによるてあてのがくのかいていとうにかんするせいれい,平成十七年四月一日
416CO0000000157,政令,義務教育費国庫負担法第二条ただし書及び第三条ただし書の規定に基づき教職員の給与及び報酬等に要する経費の国庫負担額の最高限度を定める政令,ぎむきょういくひこっこふたんほうだいにじょうただしがきのきていにもとづききょうしょくいんのきゅうよおよびほうしゅうとうにようするけいひのこっこふたんがくのさいこうげんどをさだめるせいれい,令和八年四月一日
416CO0000000160,政令,独立行政法人都市再生機構法施行令,どくりつぎょうせいほうじんとしさいせいきこうほうしこうれい,令和七年四月一日
416CO0000000164,政令,国際航海船舶及び国際港湾施設の保安の確保等に関する法律施行令,こくさいこうかいせんぱくおよびこくさいこうわんしせつのほあんのかくほとうにかんするほうりつしこうれい,平成二十八年四月一日
416CO0000000168,政令,特定都市河川浸水被害対策法施行令,とくていとしかせんしんすいひがいたいさくほうしこうれい,令和七年十月一日
416CO0000000181,政令,中小企業総合事業団法及び機械類信用保険法の廃止等に関する法律及び中小企業金融公庫法及び独立行政法人中小企業基盤整備機構法の一部を改正する法律の施行に伴う関係政令の整備等及び経過措置に関する政令,ちゅうしょうきぎょうそうごうじぎょうだんほうおよびきかいるいしんようほけんほうのはいしとうにかんするほうりつおよびちゅうしょうきぎょうきんゆうこうこほうおよびどくりつぎょうせいほうじんちゅうしょうきぎょうきばんせいびきこうほうのいちぶをかいせいするほうりつのしこうにともなうかんけいせいれいのせいびとうおよびけいかそちにかんするせいれい,平成十六年七月一日
416CO0000000182,政令,独立行政法人中小企業基盤整備機構法施行令,どくりつぎょうせいほうじんちゅうしょうきぎょうきばんせいびきこうほうせこうれい,令和八年一月一日
416CO0000000192,政令,市町村の合併の特例等に関する法律の施行に伴う国民健康保険の保険料の賦課に関する経過措置に関する政令,しちょうそんのがっぺいのとくれいとうにかんするほうりつのせこうにともなうこくみんけんこうほけんのほけんりょうのふかにかんするけいかそちにかんするせいれい,平成十七年四月一日
416CO0000000211,政令,特許審査の迅速化等のための特許法等の一部を改正する法律の一部の施行に伴う関係政令の整備及び経過措置に関する政令,とっきょしんさのじんそくかとうのためのとっきょほうとうのいちぶをかいせいするほうりつのいちぶのしこうにともなうかんけいせいれいのせいびおよびけいかそちにかんするせいれい,平成十六年十月一日
416CO0000000240,政令,金融機能の強化のための特別措置に関する法律施行令,きんゆうきのうのきょうかのためのとくべつそちにかんするほうりつしこうれい,令和五年六月一日
416CO0000000241,政令,金融機能強化審査会令,きんゆうきのうきょうかしんさかいれい,令和三年七月二十一日
416CO0000000254,政令,国際人道法の重大な違反行為の処罰に関する法律第三条の重要な文化財を定める政令,こくさいじんどうほうのじゅうだいないはんこういのしょばつにかんするほうりつだいさんじょうのじゅうようなぶんかざいをさだめるせいれい,平成十九年十二月十日
416CO0000000264,政令,平成十六年七月八日から同月二十一日までの間の豪雨による災害についての激甚災害及びこれに対し適用すべき措置の指定に関する政令,へいせいじゅうろくねんしちがつようかからどうげつにじゅういちにちまでのごううによるさいがいについてのげきじんさいがいおよびこれにたいしてきようすべきそちのしていにかんするせいれい,平成十六年九月三日
416CO0000000275,政令,武力攻撃事態等における国民の保護のための措置に関する法律施行令,ぶりょくこうげきじたいとうにおけるこくみんのほごのためのそちにかんするほうりつしこうれい,令和八年五月一日
416CO0000000278,政令,武力攻撃事態等及び存立危機事態におけるアメリカ合衆国等の軍隊の行動に伴い我が国が実施する措置に関する法律施行令,ぶりょくこうげきじたいとうおよびそんりつききじたいにおけるあめりかがっしゅうこくとうのぐんたいのこうどうにともないわがくにがじっしするそちにかんするほうりつしこうれい,平成二十八年三月二十九日
416CO0000000280,政令,武力攻撃事態等における特定公共施設等の利用に関する法律施行令,ぶりょくこうげきじたいとうにおけるとくていこうきょうしせつとうのりようにかんするほうりつしこうれい,平成二十年六月十八日
416CO0000000294,政令,独立行政法人奄美群島振興開発基金の設立に伴う関係政令の整備及び経過措置に関する政令,どくりつぎょうせいほうじんあまみぐんとうしんこうかいはつききんのせつりつにともなうかんけいせいれいのせいびおよびけいかそちにかんするせいれい,平成十六年十月一日
416CO0000000298,政令,平成十六年度、平成十七年度、平成十九年度及び平成二十年度の国民年金制度及び厚生年金保険制度並びに国家公務員共済組合制度の改正に伴う厚生労働省関係法令に関する経過措置に関する政令,へいせいじゅうろくねんどへいせいじゅうななねんどへいせいじゅうきゅうねんどおよびへいせいにじゅうねんどのこくみんねんきんせいどおよびこうせいねんきんほけんせいどならびにこっかこうむいんきょうさいくみあいせいどのかいせいにともなうこうせいろうどうしょうかんけいほうれいにかんするけいかそちにかんするせいれい,令和六年一月一日
416CO0000000300,政令,国民年金法等の一部を改正する法律の施行に伴う厚生年金保険制度及び農林漁業団体職員共済組合制度の統合を図るための農林漁業団体職員共済組合法等を廃止する等の法律による特例障害農林年金及び特例遺族農林年金に関する経過措置に関する政令,こくみんねんきんほうとうのいちぶをかいせいするほうりつのしこうにともなうこうせいねんきんほけんせいどおよびのうりんぎょぎょうだんたいしょくいんきょうさいくみあいせいどのとうごうをはかるためののうりんぎょぎょうだんたいしょくいんきょうさいくみあいほうとうをはいしするとうのほうりつによるとくれいしょうがいのうりんねんきんおよびとくれいいぞくのうりんねんきんにかんするけいかそちにかんするせいれい,平成二十六年四月一日
416CO0000000310,政令,心神喪失等の状態で重大な他害行為を行った者の医療及び観察等に関する法律施行令,しんしんそうしつとうのじょうたいでじゅうだいなたがいこういをおこなったもののいりょうおよびかんさつとうにかんするほうりつしこうれい,平成二十七年四月一日
416CO0000000321,政令,特定外来生物による生態系等に係る被害の防止に関する法律の施行に伴う経過措置に関する政令,とくていがいらいせいぶつによるせいたいけいとうにかかるひがいのぼうしにかんするほうりつのしこうにともなうけいかそちにかんするせいれい,平成十六年十月二十日
416CO0000000330,政令,鉱山保安協議会令,こうざんほあんきょうぎかいれい,令和六年七月一日
416CO0000000348,政令,平成十六年八月二十七日から同月三十一日までの間の豪雨及び暴風雨による災害についての激甚災害並びにこれに対し適用すべき措置の指定に関する政令,へいせいじゅうろくねんはちがつにじゅうなのかからどうげつさんじゅうついたちまでのまのごううおよびぼうふううによるさいがいについてのげきじんさいがいならびにこれにたいしてきようすべきそちのしていにかんするせいれい,平成十六年十一月十日
416CO0000000350,政令,平成十六年八月十七日から九月八日までの間の天災についての天災による被害農林漁業者等に対する資金の融通に関する暫定措置法の適用に関する政令,へいせいじゅうろくねんはちがつじゅうしちにちからくがつようかまでのあいだのてんさいについてのてんさいによるひがいのうりんぎょぎょうしゃとうにたいするしきんのゆうづうにかんするざんていそちほうのてきようにかんするせいれい,平成十六年十一月十日
416CO0000000351,政令,平成十六年八月十七日から九月八日までの間の天災による災害についての激甚災害及びこれに対し適用すべき措置の指定に関する政令,へいせいじゅうろくねんはちがつじゅうしちにちからくがつようかまでのあいだのてんさいによるさいがいについてのげきじんさいがいおよびこれにたいしてきようすべきそちのしていにかんするせいれい,平成十六年十一月十日
416CO0000000353,政令,国際捜査共助等に関する法律施行令,こくさいそうさきょうじょとうにかんするほうりつせこうれい,平成十六年十二月九日
416CO0000000356,政令,国立研究開発法人医薬基盤・健康・栄養研究所法施行令,こくりつけんきゅうかいはつほうじんいやくきばんけんこうえいようけんきゅうしょほうしこうれい,令和七年十一月二十日
416CO0000000366,政令,年金積立金管理運用独立行政法人法施行令,ねんきんつみたてきんかんりうんようどくりつぎょうせいほうじんほうしこうれい,令和七年九月五日
416CO0000000369,政令,船員職業安定法施行令,せんいんしょくぎょうあんていほうしこうれい,令和九年四月一日
416CO0000000374,政令,個別労働関係紛争の解決の促進に関する法律第七条第一項の人数を定める政令,こべつろうどうかんけいふんそうのかいけつのそくしんにかんするほうりつだいななじょうだいいっこうのにんずうをさだめるせいれい,平成二十二年四月一日
416CO0000000376,政令,平成十六年十月十八日から同月二十一日までの間の豪雨及び暴風雨による災害についての激甚災害並びにこれに対し適用すべき措置の指定に関する政令,へいせいじゅうろくねんじゅうがつじゅうはちにちからどうげつにじゅういちにちまでのあいだのごううおよびぼうふううによるさいがいについてのげきじんさいがいならびにこれにたいしてきようすべきそちのしていにかんするせいれい,平成十六年十二月一日
416CO0000000377,政令,平成十六年新潟県中越地震による災害についての激甚災害及びこれに対し適用すべき措置の指定に関する政令,へいせいじゅうろくねんにいがたけんちゅうえつじしんによるさいがいについてのげきじんさいがいおよびこれにたいしてきようすべきそちのしていにかんするせいれい,平成十七年十二月二十六日
416CO0000000379,政令,不動産登記令,ふどうさんとうきれい,令和八年五月二十一日
416CO0000000392,政令,武力攻撃事態及び存立危機事態における外国軍用品等の海上輸送の規制に関する法律施行令,ぶりょくこうげきじたいおよびそんりつききじたいにおけるがいこくぐんようひんとうのかいじょうゆそうのきせいにかんするほうりつしこうれい,令和三年九月一日
416CO0000000393,政令,武力攻撃事態及び存立危機事態における捕虜等の取扱いに関する法律施行令,ぶりょくこうげきじたいおよびそんりつききじたいにおけるほりょとうのとりあつかいにかんするほうりつしこうれい,平成二十八年三月二十九日
416CO0000000398,政令,景観法施行令,けいかんほうしこうれい,令和六年十一月八日
416CO0000000427,政令,信託業法施行令,しんたくぎょうほうしこうれい,令和八年五月二十五日
416M60000002008,府省令,公認会計士・監査審査会の職員が検査の際に携帯すべき証票の様式を定める内閣府令,こうにんかいけいしかんさしんさかいのしょくいんがけんさのさいにけいたいすべきしょうひょうのようしきをさだめるないかくふれい,令和三年六月三十日
416M60000002011,府省令,公認会計士・監査審査会事務局組織規則,こうにんかいけいしかんさしんさかいじむきょくそしききそく,令和六年四月一日
416M60000002015,府省令,日本公認会計士協会に関する内閣府令,にほんこうにんかいけいしきょうかいにかんするないかくふれい,令和二年十二月二十三日
416M60000002017,府省令,公認会計士法第二十八条に規定する研修に関する内閣府令,こうにんかいけいしほうだいにじゅうはちじょうにきていするけんしゅうにかんするないかくふれい,令和七年四月一日
416M60000002018,府省令,公認会計士試験規則,こうにんかいけいししけんきそく,令和二年十二月一日
416M60000002019,府省令,内閣府の所管する内閣府本府関係法令に係る情報通信技術を活用した行政の推進等に関する法律施行規則,ないかくふのしょかんするないかくふほんぷかんけいほうれいにかかるじょうほうつうしんぎじゅつをかつようしたぎょうせいのすいしんとうにかんするほうりつしこうきそく,令和五年十二月十九日
416M60000002067,府省令,金融機能の強化のための特別措置に関する内閣府令,きんゆうきのうのきょうかのためのとくべつそちにかんするないかくふれい,令和六年三月三十一日
416M60000002075,府省令,武力攻撃事態等及び存立危機事態におけるアメリカ合衆国等の軍隊の行動に伴い我が国が実施する措置に関する法律施行規則,ぶりょくこうげきじたいとうおよびそんりつききじたいにおけるあめりかがっしゅうこくとうのぐんたいのこうどうにともないわがくにがじっしするそちにかんするほうりつせこうきそく,令和三年一月二十九日
416M60000002098,府省令,外国軍用品審判規則,がいこくぐんようひんしんぱんきそく,平成二十八年三月二十九日
416M60000002107,府省令,信託業法施行規則,しんたくぎょうほうしこうきそく,令和八年四月一日
416M60000008015,府省令,端末機器の技術基準適合認定等に関する規則,たんまつききのぎじゅつきじゅんてきごうにんていとうにかんするきそく,令和七年一月一日
416M60000008047,府省令,緊急消防援助隊として活動する人員の属する都道府県又は市町村に無償使用させる消防用の国有財産及び国有物品の取扱いに関する省令,きんきゅうしょうぼうえんじょたいとしてかつどうするじんいんのぞくするとどうふけんまたはしちょうそんにむしょうしようさせるしょうぼうようのこくゆうざいさんおよびこくゆうぶっぴんのとりあつかいにかんするしょうれい,平成十八年六月十四日
416M60000008051,府省令,地方独立行政法人法施行規則,ちほうどくりつぎょうせいほうじんほうせこうきそく,令和二年四月一日
416M60000008068,府省令,国立研究開発法人情報通信研究機構の業務（特定業務を除く。）の運営及び人事管理に関する省令,こくりつけんきゅうかいはつほうじんじょうほうつうしんけんきゅうきこうのぎょうむとくていぎょうむをのぞくのうんえいおよびじんじかんりにかんするしょうれい,令和七年七月一日
416M60000008069,府省令,国立研究開発法人情報通信研究機構の業務（出資継続業務を除く。）に係る財務及び会計に関する省令,こくりつけんきゅうかいはつほうじんじょうほうつうしんけんきゅうきこうのぎょうむしゅっしけいぞくぎょうむをのぞくにかかるざいむおよびかいけいにかんするしょうれい,令和六年九月二十日
416M60000008076,府省令,平成十六年度における地方財政法第三十三条の五の四の額の算定に関する省令,へいせいじゅうろくねんどにおけるちほうざいせいほうだいさんじゅうさんじょうのごのよんのがくのさんていにかんするしょうれい,平成十六年四月一日
416M60000008092,府省令,必要とされる防火安全性能を有する消防の用に供する設備等に関する省令,ひつようとされるぼうかあんぜんせいのうをゆうするしょうぼうのようにきょうするせつびとうにかんするしょうれい,平成十六年六月一日
416M60000008102,府省令,危険物の規制に関する政令等の一部を改正する政令及び危険物の規制に関する政令の一部を改正する政令の一部を改正する政令附則第二項及び第三項の規定による届出に関する省令,きけんぶつのきせいにかんするせいれいとうのいちぶをかいせいするせいれいおよびきけんぶつのきせいにかんするせいれいのいちぶをかいせいするせいれいのいちぶをかいせいするせいれいふそくだいにこうおよびだいさんこうのきていによるとどけでにかんするしょうれい,平成十六年十月一日
416M60000008113,府省令,特定事業所の所在地を管轄する管区海上保安本部の事務所を定める省令,とくていじぎょうしょのしょざいちをかんかつするかんくかいじょうほあんほんぶのじむしょをさだめるしょうれい,平成二十五年五月二十日
416M60000008138,府省令,住宅用防災機器の設置及び維持に関する条例の制定に関する基準を定める省令,じゅうたくようぼうさいききのせっちおよびいじにかんするじょうれいのせいていにかんするきじゅんをさだめるしょうれい,平成三十一年二月二十八日
416M60000010013,府省令,弁護士となる資格に係る認定の手続等に関する規則,べんごしとなるしかくにかかるにんていのてつづきとうにかんするきそく,令和三年三月三十一日
416M60000010067,府省令,検事の弁護士職務経験に関する省令,けんじのべんごししょくむけいけんにかんするしょうれい,令和四年十一月一日
416M60000012002,府省令,信託会社等営業保証金規則,しんたくかいしゃとうえいぎょうほしょうきんきそく,令和三年六月三十日
416M60000012004,府省令,信託兼営金融機関営業保証金規則,しんたくけんえいきんゆうきかんえいぎょうほしょうきんきそく,令和三年六月三十日
416M60000012005,府省令,保険会社等営業保証金規則,ほけんがいしゃとうえいぎょうほしょうきんきそく,令和三年六月三十日
416M60000040005,府省令,平成十五年度の水田農業経営確立助成補助金等についての所得税及び法人税の臨時特例に関する法律施行規則,へいせいじゅうごねんどのすいでんのうぎょうけいえいかくりつじょせいほじょきんとうについてのしょとくぜいおよびほうじんぜいのりんじとくれいにかんするほうりつせこうきそく,平成十六年二月十六日
416M60000040007,府省令,物価連動国債の取扱いに関する省令,ぶっかれんどうこくさいのとりあつかいにかんするしょうれい,令和七年四月一日
416M60000040025,府省令,租税条約等の実施に伴う所得税法、法人税法及び地方税法の特例等に関する法律に基づく租税条約に基づく認定に関する省令,そぜいじょうやくのじっしにともなうしょとくぜいほうほうじんぜいほうおよびちほうぜいほうのとくれいとうにかんするほうりつにもとづくそぜいじょうやくにもとづくにんていにかんするしょうれい,令和七年四月一日
416M60000042003,府省令,預金保険機構の金融機能強化業務の実施に関し必要な事項を定める命令,よきんほけんきこうのきんゆうきのうきょうかぎょうむのじっしにかんしひつようなじこうをさだめるめいれい,令和三年七月二十一日
416M60000080007,府省令,学校教育法第百十条第二項に規定する基準を適用するに際して必要な細目を定める省令,がっこうきょういくほうだいひゃくじゅうじょうだいにこうにきていするきじゅんをてきようするにさいしてひつようなさいもくをさだめるしょうれい,令和七年四月一日
416M60000080009,府省令,国立研究開発法人海洋研究開発機構に関する省令,こくりつけんきゅうかいはつほうじんかいようけんきゅうかいはつきこうにかんするしょうれい,令和四年三月三十一日
416M60000080016,府省令,国立大学等の授業料その他の費用に関する省令,こくりつだいがくとうのじゅぎょうりょうそのたのひようにかんするしょうれい,令和六年四月一日
416M60000080017,府省令,国立高等専門学校の授業料その他の費用に関する省令,こくりつこうとうせんもんがっこうのじゅぎょうりょうそのたのひようにかんするしょうれい,平成十七年三月三十一日
416M60000080020,府省令,高等学校設置基準,こうとうがっこうせっちきじゅん,令和八年四月一日
416M60000080023,府省令,独立行政法人日本学生支援機構に関する省令,どくりつぎょうせいほうじんにほんがくせいしえんきこうにかんするしょうれい,令和八年四月一日
416M60000080028,府省令,義務教育費国庫負担法第二条ただし書及び第三条ただし書の規定に基づき教職員の給与及び報酬等に要する経費の国庫負担額の最高限度を定める政令施行規則,ぎむきょういくひこっこふたんほうだいにじょうただしがきおよびだいさんじょうただしがきのきていにもとづききょうしょくいんのきゅうよおよびほうしゅうとうにようするけいひのこっこふたんがくのさいこうげんどをさだめるせいれいしこうきそく,令和八年三月二十六日
416M60000080030,府省令,文部科学省所管補助金等の申請書等に係る電磁的記録及び電磁的方法を定める省令,もんぶかがくしょうしょかんほじょきんとうのしんせいしょとうにかかるでんじてききろくおよびでんじてきほうほうをさだめるしょうれい,令和二年九月九日
416M60000100032,府省令,建築物における衛生的環境の確保に関する法律第八条第三項に規定する指定試験機関等を指定する省令,けんちくぶつにおけるえいせいてきかんきょうのかくほにかんするほうりつだいはちじょうだいさんこうにきていするしていしけんきかんとうをしていするしょうれい,平成二十六年九月十九日
416M60000100051,府省令,独立行政法人医薬品医療機器総合機構法施行規則,どくりつぎょうせいほうじんいやくひんいりょうききそうごうきこうほうしこうきそく,令和八年五月一日
416M60000100055,府省令,独立行政法人医薬品医療機器総合機構の業務運営、財務及び会計並びに人事管理に関する省令,どくりつぎょうせいほうじんいやくひんいりょうききそうごうきこうのぎょうむうんえいざいむおよびかいけいならびにじんじかんりにかんするしょうれい,令和四年一月三十一日
416M60000100056,府省令,独立行政法人労働者健康安全機構の業務運営、財務及び会計並びに人事管理に関する省令,どくりつぎょうせいほうじんろうどうしゃけんこうあんぜんきこうのぎょうむうんえいざいむおよびかいけいならびにじんじかんりにかんするしょうれい,令和四年一月三十一日
416M60000100061,府省令,医薬品、医療機器等の品質、有効性及び安全性の確保等に関する法律施行規則第十二条第一項に規定する試験検査機関の登録に関する省令,いやくひんいりょうききとうのひんしつゆうこうせいおよびあんぜんせいのかくほとうにかんするほうりつしこうきそくだいじゅうにじょうだいいっこうにきていするしけんけんさきかんのとうろくにかんするしょうれい,平成二十六年十一月二十五日
416M60000100062,府省令,医薬品、医療機器等の品質、有効性及び安全性の確保等に関する法律施行規則第百十四条の四十九第一項第三号に規定する講習等を行う者の登録等に関する省令,いりょうひんいりょうききとうのひんしつゆうこうせいおよびあんぜんせいのかくほとうにかんするほうりつしこうきそくだいひゃくじゅうよんじょうのよんじゅうきゅうだいいっこうだいさんごうにきていするこうしゅうとうをおこなうもののとうろくとうにかんするしょうれい,令和二年九月一日
416M60000100077,府省令,独立行政法人国立病院機構の業務運営、財務及び会計並びに人事管理に関する省令,どくりつぎょうせいほうじんこくりつびょういんきこうのぎょうむうんえいざいむおよびかいけいならびにじんじかんりにかんするしょうれい,令和八年三月二十七日
416M60000100086,府省令,薄層クロマトグラフ用標準品を製造する者の登録に関する省令,はくそうくろまとぐらふようひょうじゅんひんをせいぞうするもののとうろくにかんするしょうれい,平成二十六年十一月二十五日
416M60000100087,府省令,遺伝子組換え生物等の使用等の規制による生物の多様性の確保に関する法律第三十二条の規定による立入検査等に関する省令,いでんしくみかえせいぶつとうのしようとうのきせいによるせいぶつのたようせいのかくほにかんするほうりつだいさんじゅうにじょうのきていによるたちいりけんさとうにかんするしょうれい,平成三十一年四月一日
416M60000100099,府省令,性同一性障害者の性別の取扱いの特例に関する法律第三条第二項に規定する医師の診断書の記載事項を定める省令,せいどういつせいしょうがいしゃのせいべつのとりあつかいのとくれいにかんするほうりつだいさんじょうだいにこうにきていするいしのしんだんしょのきさいじこうをさだめるしょうれい,令和二年十二月二十五日
416M60000100130,府省令,武力攻撃事態等における国民の保護のための措置に関する法律第九十一条第一項の規定による許可を受けようとする外国医療関係者が厚生労働大臣に提出しなければならない書面等を定める省令,ぶりょくこうげきじたいとうにおけるこくみんのほごのためのそちにかんするほうりつだいきゅうじゅういちじょうだいいっこうのきていによるきょかをうけようとするがいこくいりょうかんけいしゃがこうせいろうどうだいじんにていしゅつしなければならないしょめんとうをさだめるしょうれい,平成十六年九月十七日
416M60000100135,府省令,医薬品、医薬部外品、化粧品、医療機器及び再生医療等製品の製造販売後安全管理の基準に関する省令,いやくひんいやくぶがいひんけしょうひんいりょうききおよびさいせいいりょうとうせいひんのせいぞうはんばいごあんぜんかんりのきじゅんにかんするしょうれい,令和八年五月一日
416M60000100136,府省令,医薬品、医薬部外品、化粧品及び再生医療等製品の品質管理の基準に関する省令,いやくひんいやくぶがいひんけしょうひんおよびさいせいいりょうとうせいひんのひんしつかんりのきじゅんにかんするしょうれい,令和三年八月一日
416M60000100145,府省令,構造改革特別区域法第十八条第一項に規定する高度医療の提供を行う病院又は診療所の構造設備、その有する人員等に関する基準,こうぞうかいかくとくべつくいきほうだいじゅうはちじょうだいいっこうにきていするこうどいりょうのていきょうをおこなうびょういんまたはしんりょうじょのこうぞうせつびそのゆうするじんいんとうにかんするきじゅん,平成十六年十月一日
416M60000100150,府省令,心神喪失等の状態で重大な他害行為を行った者の医療及び観察等に関する法律第六条第二項の名簿及び同法第十五条第二項の名簿に関する省令,しんしんそうしつとうのじょうたいでじゅうだいなたがいこういをおこなったもののいりょうおよびかんさつとうにかんするほうりつだいろくじょうだいにこうのめいぼおよびどうほうだいじゅうごじょうだいにこうのめいぼにかんするしょうれい,平成十七年七月十五日
416M60000100169,府省令,医療機器及び体外診断用医薬品の製造管理及び品質管理の基準に関する省令,いりょうききおよびたいがいしんだんよういやくひんのせいぞうかんりおよびひんしつかんりのきじゅんにかんするしょうれい,令和八年五月一日
416M60000100171,府省令,医薬品の製造販売後の調査及び試験の実施の基準に関する省令,いやくひんのせいぞうはんばいごのちょうさおよびしけんのじっしのきじゅんにかんするしょうれい,令和八年五月一日
416M60000100173,府省令,薬剤師法の一部を改正する法律附則第三条の規定に基づく厚生労働大臣の認定に関する省令,やくざいしほうのいちぶをかいせいするほうりつふそくだいさんじょうのきていにもとづくこうせいろうどうだいじんのにんていにかんするしょうれい,平成十九年十二月二十六日
416M60000100179,府省令,医薬品及び医薬部外品の製造管理及び品質管理の基準に関する省令,いやくひんおよびいやくぶがいひんのせいぞうかんりおよびひんしつかんりのきじゅんにかんするしょうれい,令和八年五月一日
416M60000102007,府省令,労働金庫及び労働金庫連合会の金融機能の強化のための特別措置に関する命令,ろうどうきんこおよびろうどうきんこれんごうかいのきんゆうきのうのきょうかのためのとくべつそちにかんするめいれい,令和四年八月九日
416M60000200010,府省令,遺伝子組換え生物等の使用等の規制による生物の多様性の確保に関する法律第三十二条の規定による立入検査等及び報告に関する省令,いでんしくみかえせいぶつとうのしようとうのきせいによるせいぶつのたようせいのかくほにかんするほうりつだいさんじゅうにじょうのきていによるたちいりけんさとうおよびほうこくにかんするしょうれい,令和三年四月十二日
416M60000200097,府省令,景観農業振興地域整備計画に関する省令,けいかんのうぎょうしんこうちいきせいびけいかくにかんするしょうれい,令和元年十二月十六日
416M60000200107,府省令,動物用医薬品等取締規則,どうぶつよういやくひんとうとりしまりきそく,令和八年五月一日
416M60000202007,府省令,農水産業協同組合の金融機能の強化のための特別措置に関する命令,のうすいさんぎょうきょうどうくみあいのきんゆうきのうのきょうかのためのとくべつそちにかんするめいれい,令和五年三月三十一日
416M60000400009,府省令,独立行政法人エネルギー・金属鉱物資源機構の業務運営、財務及び会計並びに人事管理に関する省令,どくりつぎょうせいほうじんえねるぎーきんぞくこうぶつしげんきこうのぎょうむうんえいざいむおよびかいけいならびにじんじかんりにかんするしょうれい,令和六年十一月十八日
416M60000400012,府省令,小規模企業共済法の一部を改正する法律の施行に伴う経過措置に関する省令,しょうきぼきぎょうきょうさいほうのいちぶをかいせいするほうりつのしこうにともなうけいかそちにかんするしょうれい,平成十六年四月一日
416M60000400014,府省令,遺伝子組換え生物等の使用等の規制による生物の多様性の確保に関する法律第三十二条の規定による立入検査等に関する省令,いでんしくみかえせいぶつとうのしようとうのきせいによるせいぶつのたようせいのかくほにかんするほうりつだいさんじゅうにじょうのきていによるたちいりけんさとうにかんするしょうれい,令和四年八月十八日
416M60000400072,府省令,独立行政法人中小企業基盤整備機構が行う宅地の造成の事業に係る環境影響評価の項目並びに当該項目に係る調査、予測及び評価を合理的に行うための手法を選定するための指針、環境の保全のための措置に関する指針等を定める省令,どくりつぎょうせいほうじんちゅうしょうきぎょうきばんせいびきこうがおこなうたくちのぞうせいのじぎょうにかかるかんきょうえいきょうひょうかのこうもくならびにとうがいこうもくにかかるちょうさよそくおよびひょうかをごうりてきにおこなうためのしゅほうをせんていするためのししんかんきょうのほぜんのためのそちにかんするししんとうをさだめるしょうれい,平成二十七年六月一日
416M60000400074,府省令,独立行政法人中小企業基盤整備機構の産業基盤整備業務を除く業務に係る業務運営、財務及び会計並びに人事管理に関する省令,どくりつぎょうせいほうじんちゅうしょうきぎょうきばんせいびきこうのさんぎょうきばんせいびぎょうむをのぞくぎょうむにかかるぎょうむうんえいざいむおよびかいけいならびにじんじかんりにかんするしょうれい,令和八年一月一日
416M60000400095,府省令,鉱山保安法及び経済産業省設置法の一部を改正する法律附則第四条の規定による保安規程の経過措置に関する省令,こうざんほあんほうおよびけいざいさんぎょうしょうせっちほうのいちぶをかいせいするほうりつふそくだいよんじょうのきていによるほあんきていのけいかそちにかんするしょうれい,平成十六年十月一日
416M60000400096,府省令,鉱山保安法施行規則,こうざんほあんほうせこうきそく,令和七年七月七日
416M60000400097,府省令,鉱業上使用する工作物等の技術基準を定める省令,こうぎょうじょうしようするこうさくぶつとうのぎじゅつきじゅんをさだめるしょうれい,令和六年六月二十八日
416M60000400099,府省令,特許審査の迅速化等のための特許法等の一部を改正する法律の一部の施行に伴う関係省令の整備及び経過措置に関する省令,とっきょしんさのじんそくかとうのためのとっきょほうとうのいちぶをかいせいするほうりつのいちぶのしこうにともなうかんけいしょうれいのせいびおよびけいかそちにかんするしょうれい,平成十六年十月一日
416M60000400118,府省令,一般送配電事業者間における振替供給に係る費用の算定に関する省令,いっぱんそうはいでんじぎょうしゃかんにおけるふりかえきょうきゅうにかかるひようのさんていにかんするしょうれい,令和五年十一月十三日
416M60000400119,府省令,電源線に係る費用に関する省令,でんげんせんにかかるひようにかんするしょうれい,令和七年三月三十一日
416M60000440002,府省令,独立行政法人中小企業基盤整備機構の産業基盤整備業務に係る業務運営、財務及び会計に関する省令,どくりつぎょうせいほうじんちゅうしょうきぎょうきばんせいびきこうのさんぎょうきばんせいびぎょうむにかかるぎょうむうんえいざいむおよびかいけいにかんするしょうれい,令和六年九月二日
416M60000800008,府省令,船舶安全法及び船舶職員法の一部を改正する法律附則第三条に規定する経過措置に関する省令,せんぱくあんぜんほうおよびせんぱくしょくいんほうのいちぶをかいせいするほうりつふそくだいさんじょうにきていするけいかそちにかんするしょうれい,令和六年四月一日
416M60000800013,府省令,下水道法施行令の一部を改正する政令附則第二条第二項及び第五条の面積を定める省令,げすいどうほうしこうれいのいちぶをかいせいするせいれいふそくだいにじょうだいにこうおよびだいごじょうのめんせきをさだめるしょうれい,平成十六年四月一日
416M60000800019,府省令,成田国際空港株式会社法施行規則,なりたこくさいくうこうかぶしきがいしゃほうしこうきそく,令和六年四月一日
416M60000800020,府省令,独立行政法人環境再生保全機構法附則第七条第七項の軽微な変更を定める省令,どくりつぎょうせいほうじんかんきょうさいせいほぜんきこうほうふそくだいななじょうだいななこうのけいびなへんこうをさだめるしょうれい,平成十六年四月一日
416M60000800021,府省令,東京地下鉄株式会社法施行規則,とうきょうちかてつかぶしきがいしゃほうしこうきそく,令和六年四月一日
416M60000800059,府省令,国際航海船舶及び国際港湾施設の保安の確保等に関する法律施行規則,こくさいこうかいせんぱくおよびこくさいこうわんしせつのほあんのかくほとうにかんするほうりつしこうきそく,令和七年四月一日
416M60000800064,府省令,特定都市河川浸水被害対策法施行規則,とくていとしかせんしんすいひがいたいさくほうしこうきそく,令和三年十一月一日
416M60000800070,府省令,独立行政法人都市再生機構に関する省令,どくりつぎょうせいほうじんとしさいせいきこうにかんするしょうれい,令和八年四月一日
416M60000800086,府省令,武力攻撃事態等における国民の保護のための措置に関する法律施行令第七条の国土交通省令で定める管区海上保安本部の事務所を定める省令,ぶりょくこうげきじたいとうにおけるこくみんのほごのためのそちにかんするほうりつしこうれいだいななじょうのこくどこうつうしょうれいでさだめるかんくかいじょうほあんほんぶのじむしょをさだめるしょうれい,平成二十五年五月十六日
416M60000800100,府省令,景観法施行規則,けいかんほうしこうきそく,令和三年一月一日
416M60000800102,府省令,屋外広告物法施行規則,おくがいこうこくぶつほうしこうきそく,令和六年四月一日
416M60000840003,府省令,独立行政法人奄美群島振興開発基金に関する省令,どくりつぎょうせいほうじんあまみぐんとうしんこうかいはつききんにかんするしょうれい,令和六年四月一日
416M60000A00001,府省令,海岸保全施設の技術上の基準を定める省令,かいがんほぜんしせつのぎじゅつじょうのきじゅんをさだめるしょうれい,令和三年七月三十日
416M60000A00004,府省令,都市計画区域外の景観重要樹木及び景観協定に関する省令,としけいかくくいきがいのけいかんじゅうようじゅもくおよびけいかんきょうていにかんするしょうれい,令和三年一月一日
416M60000A8A002,府省令,国立研究開発法人情報通信研究機構が行う国立研究開発法人情報通信研究機構法第十四条第二項第一号に規定する業務に係る業務運営に関する命令,こくりつけんきゅうかいはつほうじんじょうほうつうしんけんきゅうきこうがおこなうこくりつけんきゅうかいはつほうじんじょうほうつうしんけんきゅうきこうほうだいじゅうよんじょうだいにこうだいいちごうにきていするぎょうむにかかるぎょうむうんえいにかんするめいれい,令和六年四月一日
416M60001000011,府省令,独立行政法人環境再生保全機構に関する省令,どくりつぎょうせいほうじんかんきょうさいせいほぜんきこうにかんするしょうれい,令和七年四月一日
416M60001000012,府省令,中間貯蔵・環境安全事業株式会社法施行規則,ちゅうかんちょぞうかんきょうあんぜんじぎょうかぶしきがいしゃほうしこうきそく,令和六年四月一日
416M60001080001,府省令,研究開発等に係る遺伝子組換え生物等の第二種使用等に当たって執るべき拡散防止措置等を定める省令,けんきゅうかいはつとうにかかるいでんしくみかえせいぶつとうのだいにしゅしようとうにあたってとるべきかくさんぼうしそちとうをさだめるしょうれい,令和七年三月二十一日
416M60001400003,府省令,平成十六年度に実施する特定工場における公害防止組織の整備に関する法律施行令第十一条第二号及び別表第三に規定する主務大臣が指定する講習を指定する省令,へいせいじゅうろくねんどにじっしするとくていこうじょうにおけるこうがいぼうしそしきのせいびにかんするほうりつせこうれいだいじゅういちじょうだいにごうおよびべっぴょうだいさんにきていするしゅむだいじんがしていするこうしゅうをしていするしょうれい,平成十六年六月二十八日
416M60001500002,府省令,有害性情報の報告に関する省令,ゆうがいせいじょうほうのほうこくにかんするしょうれい,令和二年十二月二十八日
416M60001500003,府省令,新規の化学物質による環境の汚染を防止するために必要な措置が講じられている地域を定める省令,しんきのかがくぶっしつによるかんきょうのおせんをぼうしするためにひつようなそちがこうじられているちいきをさだめるしょうれい,平成二十三年四月一日
416M60001500004,府省令,化学物質の審査及び製造等の規制に関する法律第四条第五項に規定する新規化学物質の名称の公示に関する省令,かがくぶっしつのしんさおよびせいぞうとうのきせいにかんするほうりつだいよんじょうだいごこうにきていするしんきかがくぶっしつのめいしょうのこうじにかんするしょうれい,平成三十年四月一日
416M60001740001,府省令,遺伝子組換え生物等の第二種使用等のうち産業上の使用等に当たって執るべき拡散防止措置等を定める省令,いでんしくみかえせいぶつとうのだいにしゅしようとうのうちさんぎょうじょうのしようとうにあたってとるべきかくさんぼうしそちとうをさだめるしょうれい,令和四年六月二十四日
416M60001A00001,府省令,景観行政団体及び景観計画に関する省令,けいかんぎょうせいだんたいおよびけいかんけいかくにかんするしょうれい,令和二年九月七日
416M60001C00001,府省令,第二種特定製品が搭載されている自動車の整備の際のフロン類の回収及び運搬に関する基準を定める省令,だいにしゅとくていせいひんがとうさいされているじどうしゃのせいびのさいのふろんるいのかいしゅうおよびうんぱんにかんするきじゅんをさだめるしょうれい,平成二十七年四月一日
416M60001FCA002,府省令,外国為替法令に係る情報通信技術を活用した行政の推進等に関する法律施行規則,がいこくかわせほうれいにかかるじょうほうつうしんぎじゅつをかつようしたぎょうせいのすいしんとうにかんするほうりつしこうきそく,令和四年五月十日
416M60001FFA001,府省令,関係行政機関が所管する法令に係る情報通信技術を活用した行政の推進等に関する法律施行規則,かんけいぎょうせいきかんがしょかんするほうれいにかかるじょうほうつうしんぎじゅつをかつようしたぎょうせいのすいしんとうにかんするほうりつしこうきそく,令和五年十二月二十八日
416M60400000002,規則,風俗営業等の規制及び業務の適正化等に関する法律第二十条第五項に規定する指定試験機関を指定する規則,ふうぞくえいぎょうとうのきせいおよびぎょうむのてきせいかとうにかんするほうりつだいにじゅうじょうだいごこうにきていするしていしけんきかんをしていするきそく,平成三十年八月六日
416M60400000009,規則,会計の監査に関する規則,かいけいのかんさにかんするきそく,平成十六年四月一日
416M60400000018,規則,配偶者からの暴力等による被害を自ら防止するための警察本部長等による援助に関する規則,はいぐうしゃからのぼうりょくとうによるひがいをみずからぼうしするためのけいさつほんぶちょうとうによるえんじょにかんするきそく,令和二年十二月二十八日
416M60400000023,規則,確認事務の委託の手続等に関する規則,かくにんじむのいたくのてつづきとうにかんするきそく,令和七年十月一日
416RJNJ02003025,規則,人事院規則二―三（人事院事務総局等の組織）,じんじいんきそくにのさんじんじいんじむそうきょくとうのそしき,令和七年四月一日
417AC0000000009,法律,児童扶養手当法による児童扶養手当の額等の改定の特例に関する法律,じどうふようてあてほうによるじどうふようてあてのがくとうのかいていのとくれいにかんするほうりつ,平成二十五年十月一日
417AC0000000019,法律,平成十七年度における財政運営のための公債の発行の特例等に関する法律,へいせいじゅうななねんどにおけるざいせいうんえいのためのこうさいのはっこうのとくれいとうにかんするほうりつ,平成十七年四月一日
417AC0000000024,法律,地域再生法,ちいきさいせいほう,令和十年六月十日
417AC0000000032,法律,日本アルコール産業株式会社法,にほんあるこーるさんぎょうかぶしきがいしゃほう,令和七年六月一日
417AC0000000040,法律,有限責任事業組合契約に関する法律,ゆうげんせきにんじぎょうくみあいけいやくにかんするほうりつ,令和五年四月一日
417AC0000000041,法律,都市鉄道等利便増進法,としてつどうとうりべんぞうしんほう,平成二十三年十一月三十日
417AC0000000048,法律,原子力発電における使用済燃料の再処理等の実施及び廃炉の推進に関する法律,げんしりょくはつでんにおけるしようずみねんりょうのさいしょりとうのじっしおよびはいろのすいしんにかんするほうりつ,令和七年六月一日
417AC0000000050,法律,刑事収容施設及び被収容者等の処遇に関する法律,けいじしゅうようしせつおよびひしゅうようしゃとうのしょぐうにかんするほうりつ,令和八年五月二十一日
417AC0000000051,法律,特定特殊自動車排出ガスの規制等に関する法律,とくていとくしゅじどうしゃはいしゅつがすのきせいとうにかんするほうりつ,令和七年六月一日
417AC0000000071,法律,独立行政法人地域医療機能推進機構法,どくりつぎょうせいほうじんちいきいりょうきのうすいしんきこうほう,令和七年六月一日
417AC0000000079,法律,地域における多様な需要に応じた公的賃貸住宅等の整備等に関する特別措置法,ちいきにおけるたようなじゅようにおうじたこうてきちんたいじゅうたくとうのせいびとうにかんするとくべつそちほう,令和七年十月一日
417AC0000000082,法律,独立行政法人住宅金融支援機構法,どくりつぎょうせいほうじんじゅうたくきんゆうしえんきこうほう,令和八年四月一日
417AC0000000085,法律,物資の流通の効率化に関する法律,ぶっしのりゅうつうのこうりつかにかんするほうりつ,令和八年四月一日
417AC0000000086,法律,会社法,かいしゃほう,令和十年六月十三日
417AC0000000087,法律,会社法の施行に伴う関係法律の整備等に関する法律,かいしゃほうのしこうにともなうかんけいほうりつのせいびとうにかんするほうりつ,令和四年九月一日
417AC0000000097,法律,郵政民営化法,ゆうせいみんえいかほう,令和七年六月一日
417AC0000000098,法律,日本郵政株式会社法,にほんゆうせいかぶしきがいしゃほう,令和七年六月一日
417AC0000000100,法律,日本郵便株式会社法,にほんゆうびんかぶしきがいしゃほう,令和七年六月一日
417AC0000000101,法律,独立行政法人郵便貯金簡易生命保険管理・郵便局ネットワーク支援機構法,どくりつぎょうせいほうじんゆうびんちょきんかんいせいめいほけんかんりゆうびんきょくねっとわーくしえんきこうほう,令和七年六月一日
417AC0000000123,法律,障害者の日常生活及び社会生活を総合的に支援するための法律,しょうがいしゃのにちじょうせいかつおよびしゃかいせいかつをそうごうてきにしえんするためのほうりつ,令和十年十二月十一日
417AC1000000002,法律,平成十六年度の水田農業構造改革交付金等についての所得税及び法人税の臨時特例に関する法律,へいせいじゅうろくねんどのすいでんのうぎょうこうぞうかいかくこうふきんとうについてのしょとくぜいおよびほうじんぜいのりんじとくれいにかんするほうりつ,平成十七年二月十六日
417AC1000000018,法律,公共工事の品質確保の促進に関する法律,こうきょうこうじのひんしつかくほのそくしんにかんするほうりつ,令和六年六月十九日
417AC1000000031,法律,携帯音声通信事業者による契約者等の本人確認等及び携帯音声通信役務の不正な利用の防止に関する法律,けいたいおんせいつうしんじぎょうしゃによるけいやくしゃとうのほんにんかくにんとうおよびけいたいおんせいつうしんえきむのふせいなりようのぼうしにかんするほうりつ,令和七年六月一日
417AC1000000063,法律,食育基本法,しょくいくきほんほう,平成二十八年四月一日
417AC1000000091,法律,文字・活字文化振興法,もじかつじぶんかしんこうほう,平成十七年七月二十九日
417AC1000000094,法律,偽造カード等及び盗難カード等を用いて行われる不正な機械式預貯金払戻し等からの預貯金者の保護等に関する法律,ぎぞうかーどとうおよびとうなんかーどとうをもちいておこなわれるふせいなきかいしきよちょきんはらいもどしとうからのよちょきんしゃのほごとうにかんするほうりつ,平成二十年十月一日
417AC1000000096,法律,出入国管理及び難民認定法第二条第五号ロの旅券を所持する外国人の上陸申請の特例に関する法律,しゅつにゅうこくかんりおよびなんみんにんていほうだいにじょうだいごごうろのりょけんをしょじするがいこくじんのじょうりくしんせいのとくれいにかんするほうりつ,令和五年十二月一日
417AC1000000124,法律,高齢者虐待の防止、高齢者の養護者に対する支援等に関する法律,こうれいしゃぎゃくたいのぼうしこうれいしゃのようごしゃにたいするしえんとうにかんするほうりつ,令和七年六月一日
417CO0000000008,政令,民間事業者等が行う書面の保存等における情報通信の技術の利用に関する法律施行令,みんかんじぎょうしゃとうがおこなうしょめんのほぞんとうにおけるじょうほうつうしんのぎじゅつのりようにかんするほうりつしこうれい,平成十九年九月三十日
417CO0000000011,政令,船舶登記令,せんぱくとうきれい,令和七年十月一日
417CO0000000018,政令,経済連携協定に基づく特定原産地証明書の発給等に関する法律施行令,けいざいれんけいきょうていにもとづくとくていげんさんちしょうめいしょのはっきゅうとうにかんするほうりつせこうれい,令和四年一月一日
417CO0000000020,政令,金融商品取引法の審判手続等における参考人及び鑑定人の旅費及び手当に関する政令,きんゆうしょうひんとりひきほうのしんぱんてつづきとうにおけるさんこうにんおよびかんていにんのりょひおよびてあてにかんするせいれい,令和七年七月一日
417CO0000000021,政令,平成十六年度の水田農業構造改革交付金等についての所得税及び法人税の臨時特例に関する法律施行令,へいせいじゅうろくねんどのすいでんのうぎょうこうぞうかいかくこうふきんとうについてのしょとくぜいおよびほうじんぜいのりんじとくれいにかんするほうりつしこうれい,平成十七年二月十六日
417CO0000000025,政令,農業用動産抵当登記令,のうぎょうようどうさんていとうとうきれい,令和七年十月一日
417CO0000000035,政令,経済連携協定に基づく関税割当制度に関する政令,けいざいれんけいきょうていにもとづくかんぜいわりあてせいどにかんするせいれい,令和四年四月一日
417CO0000000042,政令,環境情報の提供の促進等による特定事業者等の環境に配慮した事業活動の促進に関する法律第二条第四項の法人を定める政令,かんきょうじょうほうのていきょうのそくしんとうによるとくていじぎょうしゃとうのかんきょうにはいりょしたじぎょうかつどうのそくしんにかんするほうりつだいにじょうだいよんこうのほうじんをさだめるせいれい,令和七年四月一日
417CO0000000046,政令,独立行政法人産業技術総合研究所法の一部を改正する法律の施行に伴う関係政令の整理及び経過措置に関する政令,どくりつぎょうせいほうじんさんぎょうぎじゅつそうごうけんきゅうしょほうのいちぶをかいせいするほうりつのしこうにともなうかんけいせいれいのせいりおよびけいかそちにかんするせいれい,平成二十七年四月一日
417CO0000000055,政令,市町村の合併の特例に関する法律施行令,しちょうそんのがっぺいのとくれいにかんするほうりつしこうれい,令和八年五月二十一日
417CO0000000056,政令,特定障害者に対する特別障害給付金の支給に関する法律施行令,とくていしょうがいしゃにたいするとくべつしょうがいきゅうふきんのしきゅうにかんするほうりつしこうれい,令和八年四月一日
417CO0000000068,政令,犯罪被害者等施策推進会議令,はんざいひがいしゃとうしさくすいしんかいぎれい,令和五年十月一日
417CO0000000069,政令,平成十六年における特定地域に係る激甚災害及びこれに対し適用すべき措置の指定に関する政令,へいせいじゅうろくねんにおけるとくていちいきにかかるげきじんさいがいおよびこれにたいしてきようすべきそちのしていにかんするせいれい,平成十七年三月二十四日
417CO0000000072,政令,石油公団法及び金属鉱業事業団法の廃止等に関する法律の施行に伴う関係政令の整備及び経過措置に関する政令,せきゆこうだんほうおよびきんぞくこうぎょうじぎょうだんほうのはいしとうにかんするほうりつのしこうにともなうかんけいせいれいのせいびおよびけいかそちにかんするせいれい,平成十七年四月一日
417CO0000000091,政令,医薬品、医療機器等の品質、有効性及び安全性の確保等に関する法律関係手数料令,いやくひんいりょうききとうのひんしつゆうこうせいおよびあんぜんせいのかくほとうにかんするほうりつかんけいてすうりょうれい,令和八年五月一日
417CO0000000092,政令,国民年金法による改定率の改定等に関する政令,こくみんねんきんほうによるかいていりつのかいていとうにかんするせいれい,令和八年四月一日
417CO0000000146,政令,公益通報者保護法別表第八号の法律を定める政令,こうえきつうほうしゃほごほうべっぴょうだいはちごうのほうりつをさだめるせいれい,令和八年四月一日
417CO0000000147,政令,平成十七年度における財政運営のための公債の発行の特例等に関する法律の規定による国家公務員共済組合の事務に要する費用の負担の特例に関する政令,へいせいじゅうななねんどにおけるざいせいうんえいのためのこうさいのはっこうのとくれいとうにかんするほうりつのきていによるこっかこうむいんきょうさいくみあいのじむにようするひようのふたんのとくれいにかんするせいれい,平成十七年四月一日
417CO0000000149,政令,特定障害者に対する特別障害給付金の支給に関する法律に基づき市町村に交付する事務費に関する政令,とくていしょうがいしゃにたいするとくべつしょうがいきゅうふきんのしきゅうにかんするほうりつにもとづきしちょうそんにこうふするじむひにかんするせいれい,令和八年三月六日
417CO0000000150,政令,発達障害者支援法施行令,はったつしょうがいしゃしえんほうしこうれい,令和五年四月一日
417CO0000000151,政令,地域再生法施行令,ちいきさいせいほうしこうれい,令和六年十月一日
417CO0000000157,政令,障害者政策委員会令,しょうがいしゃせいさくいいんかいれい,平成二十四年五月二十一日
417CO0000000169,政令,特定外来生物による生態系等に係る被害の防止に関する法律施行令,とくていがいらいせいぶつによるせいたいけいとうにかかるひがいのぼうしにかんするほうりつしこうれい,令和六年七月一日
417CO0000000171,政令,携帯音声通信事業者による契約者等の本人確認等及び携帯音声通信役務の不正な利用の防止に関する法律第八条第一項第二号の罪を定める政令,けいたいおんせいつうしんじぎょうしゃによるけいやくしゃとうのほんにんかくにんとうおよびけいたいおんせいつうしんえきむのふせいなりようのぼうしにかんするほうりつだいはちじょうだいいっこうだいにごうのつみをさだめるせいれい,令和六年十二月十二日
417CO0000000193,政令,官公庁施設の建設等に関する法律第十二条第一項の規定によりその敷地及び構造に係る劣化の状況の点検を要する建築物を定める政令,かんこうちょうしせつのけんせつとうにかんするほうりつだいじゅうにじょうだいいっこうのきていによりそのしきちおよびこうぞうにかかるれっかのじょうきょうのてんけんをようするけんちくぶつをさだめるせいれい,令和元年六月二十五日
417CO0000000201,政令,高速道路株式会社法施行令,こうそくどうろかぶしきがいしゃほうしこうれい,平成十八年五月一日
417CO0000000202,政令,独立行政法人日本高速道路保有・債務返済機構法施行令,どくりつぎょうせいほうじんにほんこうそくどうろほゆうさいむへんさいきこうほうしこうれい,令和五年九月六日
417CO0000000203,政令,日本道路公団等の民営化に伴う経過措置及び関係政令の整備等に関する政令,にほんどうろこうだんとうのみんえいかにともなうけいかそちおよびかんけいせいれいのせいびとうにかんするせいれい,令和八年四月一日
417CO0000000211,政令,原子力発電における使用済燃料の再処理等の実施及び廃炉の推進に関する法律施行令,げんしりょくはつでんにおけるしようずみねんりょうのさいしょりとうのじっしおよびはいろのすいしんにかんするほうりつしこうれい,令和六年四月一日
417CO0000000218,政令,海洋汚染及び海上災害の防止に関する法律の一部を改正する法律附則第二条等の期間を定める政令,かいようおせんおよびかいじょうさいがいのぼうしにかんするほうりつのいちぶをかいせいするほうりつふそくだいにじょうとうのきかんをさだめるせいれい,平成十七年八月一日
417CO0000000221,政令,都市鉄道等利便増進法施行令,としてつどうとうりべんぞうしんほうせこうれい,令和四年四月一日
417CO0000000224,政令,国立研究開発法人日本原子力研究開発機構法施行令,こくりつけんきゅうかいはつほうじんにほんげんしりょくけんきゅうかいはつきこうほうせこうれい,令和三年一月一日
417CO0000000236,政令,食育推進会議令,しょくいくすいしんかいぎれい,平成二十八年四月一日
417CO0000000239,政令,商標法の一部を改正する法律の施行に伴う商標法施行令の規定の整理及び経過措置に関する政令,しょうひょうほうのいちぶをかいせいするほうりつのしこうにともなうしょうひょうほうしこうれいのきていのせいりおよびけいかそちにかんするせいれい,平成十八年四月一日
417CO0000000257,政令,地域における多様な需要に応じた公的賃貸住宅等の整備等に関する特別措置法施行令,ちいきにおけるたようなじゅようにおうじたこうてきちんたいじゅうたくとうのせいびとうにかんするとくべつそちほうしこうれい,令和八年四月一日
417CO0000000269,政令,有限責任事業組合契約に関する法律施行令,ゆうげんせきにんじぎょうくみあいけいやくにかんするほうりつしこうれい,令和八年一月一日
417CO0000000279,政令,独立行政法人地域医療機能推進機構法施行令,どくりつぎょうせいほうじんちいきいりょうきのうすいしんきこうほうせこうれい,令和八年四月一日
417CO0000000282,政令,日本海溝・千島海溝周辺海溝型地震に係る地震防災対策の推進に関する特別措置法施行令,にほんかいこうちしまかいこうしゅうへんかいこうがたじしんにかかるじしんぼうさいたいさくのすいしんにかんするとくべつそちほうしこうれい,令和八年四月一日
417CO0000000289,政令,玉軸受等に対して課する報復関税に関する政令,たまじくうけとうにたいしてかするほうふくかんぜいにかんするせいれい,平成二十五年九月一日
417CO0000000291,政令,国立大学法人法の一部を改正する法律の施行に伴う関係政令の整備及び経過措置に関する政令,こくりつだいがくほうじんほうのいちぶをかいせいするほうりつのしこうにともなうかんけいせいれいのせいびおよびけいかそちにかんするせいれい,平成十七年九月九日
417CO0000000296,政令,平成十七年六月二十七日から七月十五日までの間における梅雨前線による豪雨により発生した災害についての激甚災害及びこれに対し適用すべき措置の指定に関する政令,へいせいじゅうななねんろくがつにじゅうしちにちからしちがつじゅうごにちまでのあいだにおけるばいうぜんせんによるごううによりはっせいしたさいがいについてのげきじんさいがいおよびこれにたいしてきようすべきそちのしていにかんするせいれい,平成十七年九月九日
417CO0000000298,政令,物資の流通の効率化に関する法律施行令,ぶっしのりゅうつうのこうりつかにかんするほうりつしこうれい,令和八年四月一日
417CO0000000299,政令,日本学術会議法施行令,にほんがくじゅつかいぎほうしこうれい,平成十七年十月一日
417CO0000000302,政令,出入国管理及び難民認定法第二条第五号ロの旅券を所持する外国人の上陸申請の特例に関する法律施行令,しゅつにゅうこくかんりおよびなんみんにんていほうだいにじょうだいごごうろのりょけんをしょじするがいこくじんのじょうりくしんせいのとくれいにかんするほうりつしこうれい,平成十七年九月二十六日
417CO0000000314,政令,建設労働者の雇用の改善等に関する法律施行令,けんせつろうどうしゃのこようのかいぜんとうにかんするほうりつせこうれい,平成三十年一月一日
417CO0000000325,政令,司法試験受験手数料令,しほうしけんじゅけんてすうりょうれい,令和八年一月三十一日
417CO0000000329,政令,平成十七年九月一日から同月八日までの間の豪雨及び暴風雨による災害についての激甚災害並びにこれに対し適用すべき措置の指定に関する政令,へいせいじゅうななねんくがつついたちからどうげつようかまでのあいだのごううおよびぼうふううによるさいがいについてのげきじんさいがいならびにこれにたいしてきようすべきそちのしていにかんするせいれい,平成十七年十月二十八日
417CO0000000331,政令,農山漁村滞在型余暇活動のための基盤整備の促進に関する法律第二十一条第一項の期間を定める政令,のうさんぎょそんたいざいがたよかかつどうのためのきばんせいびのそくしんにかんするほうりつだいにじゅういちじょうだいいっこうのきかんをさだめるせいれい,平成十七年十二月一日
417CO0000000342,政令,郵政民営化法施行令,ゆうせいみんえいかほうしこうれい,令和七年十月一日
417CO0000000364,政令,会社法施行令,かいしゃほうせこうれい,令和三年三月一日
417CO0000000367,政令,会社法の施行に伴う関係法律の整備等に関する法律の施行に伴う経過措置を定める政令,かいしゃほうのしこうにともなうかんけいほうりつのせいびとうにかんするほうりつのしこうにともなうけいかそちをさだめるせいれい,平成十八年五月一日
417M60000002009,府省令,武力攻撃事態及び存立危機事態における捕虜等の取扱いに関する法律施行規則,ぶりょくこうげきじたいおよびそんりつききじたいにおけるほりょとうのとりあつかいにかんするほうりつせこうきそく,令和七年三月二十四日
417M60000002010,府省令,捕虜収容所処遇規則,ほりょしゅうようじょしょぐうきそく,平成二十八年三月二十九日
417M60000002011,府省令,捕虜資格認定審査規則,ほりょしかくにんていしんさきそく,平成二十八年三月二十九日
417M60000002012,府省令,捕虜等懲戒規則,ほりょとうちょうかいきそく,平成二十八年三月二十九日
417M60000002017,府省令,金融商品取引法第六章の二の規定による課徴金に関する内閣府令,きんゆうしょうひんとりひきほうだいろくしょうのにのきていによるかちょうきんにかんするないかくふれい,令和七年四月一日
417M60000002021,府省令,内閣府の所管する金融関連法令に係る民間事業者等が行う書面の保存等における情報通信の技術の利用に関する法律施行規則,ないかくふのしょかんするきんゆうかんれんほうれいにかかるみんかんじぎょうしゃとうがおこなうしょめんのほぞんとうにおけるじょうほうつうしんのぎじゅつのりようにかんするほうりつしこうきそく,令和八年五月二十五日
417M60000002027,府省令,情報公開・個人情報保護審査会事務局組織規則,じょうほうこうかいこじんじょうほうほごしんさかいじむきょくそしききそく,平成二十八年四月一日
417M60000002051,府省令,地震防災対策特別措置法施行令第二条第二項の額の算定に関する内閣府令,じしんぼうさいたいさくとくべつそちほうしこうれいだいにじょうだいにこうのがくのさんていにかんするないかくふれい,平成十七年四月一日
417M60000002052,府省令,交付金の額の特例に係る算定方法に関する内閣府令,こうふきんのがくのとくれいにかかるさんていほうほうにかんするないかくふれい,平成二十四年四月一日
417M60000002053,府省令,地域再生法施行規則,ちいきさいせいほうせこうきそく,令和七年四月一日
417M60000002092,府省令,日本海溝・千島海溝周辺海溝型地震に係る地震防災対策の推進に関する特別措置法施行規則,にほんかいこうちしまかいこうしゅうへんかいこうがたじしんにかかるじしんぼうさいたいさくのすいしんにかんするとくべつそちほうしこうきそく,令和七年四月一日
417M60000002093,府省令,日本学術会議会員候補者の内閣総理大臣への推薦手続を定める内閣府令,にほんがくじゅつかいぎかいいんこうほしゃのないかくそうりだいじんへのすいせんてつづきをさだめるないかくふれい,平成十七年十月一日
417M60000002106,府省令,実務補習規則,じつむほしゅうきそく,令和二年十二月二十三日
417M60000008011,府省令,住宅用防災警報器及び住宅用防災報知設備に係る技術上の規格を定める省令,じゅうたくようぼうさいけいほうきおよびじゅうたくようぼうさいほうちせつびにかかるぎじゅつじょうのきかくをさだめるしょうれい,令和元年九月一日
417M60000008025,府省令,総務省の所管に属する不動産に関する権利の登記嘱託職員を指定する省令,そうむしょうのしょかんにぞくするふどうさんにかんするけんりのとうきしょくたくしょくいんをしていするしょうれい,令和七年三月三十一日
417M60000008038,府省令,消防法及び石油コンビナート等災害防止法の規定に基づく民間事業者等が行う書面の保存等における情報通信の技術の利用に関する規則,しょうぼうほうおよびせきゆこんびなーととうさいがいぼうしほうのきていにもとづくみんかんじぎょうしゃとうがおこなうしょめんのほぞんとうにおけるじょうほうつうしんのぎじゅつのりようにかんするきそく,令和六年七月三十一日
417M60000008040,府省令,特定共同住宅等における必要とされる防火安全性能を有する消防の用に供する設備等に関する省令,とくていきょうどうじゅうたくとうにおけるひつようとされるぼうかあんぜんせいのうをゆうするしょうぼうのようにきょうするせつびとうにかんするしょうれい,令和七年十月一日
417M60000008043,府省令,市町村の合併の特例に関する法律施行規則,しちょうそんのがっぺいのとくれいにかんするほうりつしこうきそく,令和八年九月二十四日
417M60000008044,府省令,武力攻撃事態等における安否情報の収集及び報告の方法並びに安否情報の照会及び回答の手続その他の必要な事項を定める省令,ぶりょくこうげきじたいとうにおけるあんぴじょうほうのしゅうしゅうおよびほうこくのほうほうならびにあんぴじょうほうのしょうかいおよびかいとうのてつづきそのたのひつようなじこうをさだめるしょうれい,令和六年十二月二日
417M60000008049,府省令,平成十七年度における地方財政法第三十三条の五の四の額の算定に関する省令,へいせいじゅうななねんどにおけるちほうざいせいほうだいさんじゅうさんじょうのごのよんのがくのさんていにかんするしょうれい,平成十七年四月一日
417M60000008053,府省令,特別職の職員の給与に関する法律施行令第一条の所得の額の算定に関する内閣官房令,とくべつしょくのしょくいんのきゅうよにかんするほうりつしこうれいだいいちじょうのしょとくのがくのさんていにかんするないかくかんぼうれい,平成二十六年五月三十日
417M60000008061,府省令,行政書士法に係る民間事業者等が行う書面の保存等における情報通信の技術の利用に関する法律施行規則,ぎょうせいしょしほうにかかるみんかんじぎょうしゃとうがおこなうしょめんのほぞんとうにおけるじょうほうつうしんのぎじゅつのりようにかんするほうりつしこうきそく,令和五年十二月十五日
417M60000008167,府省令,携帯音声通信事業者による契約者等の本人確認等及び携帯音声通信役務の不正な利用の防止に関する法律施行規則,けいたいおんせいつうしんじぎょうしゃによるけいやくしゃとうのほんにんかくにんとうおよびけいたいおんせいつうしんえきむのふせいなりようのぼうしにかんするほうりつせこうきそく,令和八年四月一日
417M60000010018,府省令,不動産登記規則,ふどうさんとうききそく,令和八年四月一日
417M60000010020,府省令,土地改良登記規則,とちかいりょうとうききそく,平成二十三年十一月三十日
417M60000010021,府省令,土地区画整理登記規則,とちくかくせいりとうききそく,平成十七年三月七日
417M60000010022,府省令,不動産登記令第四条の特例等を定める省令,ふどうさんとうきれいだいよんじょうのとくれいとうをさだめるしょうれい,令和八年四月一日
417M60000010023,府省令,工場抵当登記規則,こうじょうていとうとうききそく,令和六年四月一日
417M60000010024,府省令,鉱業抵当登記規則,こうぎょうていとうとうききそく,平成十七年三月七日
417M60000010025,府省令,漁業財団抵当登記規則,ぎょぎょうざいだんていとうとうききそく,平成十七年三月七日
417M60000010026,府省令,立木登記規則,りゅうぼくとうききそく,令和六年四月一日
417M60000010027,府省令,船舶登記規則,せんぱくとうききそく,令和八年二月二日
417M60000010028,府省令,船籍港の所在地を管轄する登記所が二以上ある船舶の管轄登記所を指定する省令,せんせきこうのしょざいちをかんかつするとうきしょがにいじょうあるせんぱくのかんかつとうきしょをしていするしょうれい,平成二十二年一月十二日
417M60000010029,府省令,農業用動産抵当登記規則,のうぎょうようどうさんていとうとうききそく,令和八年二月二日
417M60000010030,府省令,建設機械登記規則,けんせつきかいとうききそく,令和八年二月二日
417M60000010035,府省令,夫婦財産契約登記規則,ふうふざいさんけいやくとうききそく,令和二年三月三十日
417M60000010044,府省令,法務省の所管する法令の規定に基づく民間事業者等が行う書面の保存等における情報通信の技術の利用に関する規則,ほうむしょうのしょかんするほうれいのきていにもとづくみんかんじぎょうしゃとうがおこなうしょめんのほぞんとうにおけるじょうほうつうしんのぎじゅつのりようにかんするきそく,令和八年四月一日
417M60000010084,府省令,司法試験法施行規則,しほうしけんほうせこうきそく,令和四年十月一日
417M60000010105,府省令,筆界特定申請手数料規則,ひつかいとくていしんせいてすうりょうきそく,令和八年四月一日
417M60000012004,府省令,内閣府及び法務省の所管する金融関連法令に係る民間事業者等が行う書面の保存等における情報通信の技術の利用に関する命令,ないかくふおよびほうむしょうのしょかんするきんゆうかんれんほうれいにかかるみんかんじぎょうしゃとうがおこなうしょめんのほぞんとうにおけるじょうほうつうしんのぎじゅつのりようにかんするめいれい,令和五年十二月二十七日
417M60000020003,府省令,外務省の所管する法令に係る民間事業者等が行う書面の保存等における情報通信の技術の利用に関する省令,がいむしょうのしょかんするほうれいにかかるみんかんじぎょうしゃとうがおこなうしょめんのほぞんとうにおけるじょうほうつうしんのぎじゅつのりようにかんするしょうれい,令和六年四月十二日
417M60000040004,府省令,平成十六年度の水田農業構造改革交付金等についての所得税及び法人税の臨時特例に関する法律施行規則,へいせいじゅうろくねんどのすいでんのうぎょうこうぞうかいかくこうふきんとうについてのしょとくぜいおよびほうじんぜいのりんじとくれいにかんするほうりつしこうきそく,平成十七年二月十六日
417M60000040005,府省令,電子情報処理組織を使用して処理する場合における保管金取扱規程等の特例に関する省令,でんしじょうほうしょりそしきをしようしてしょりするばあいにおけるほかんきんとりあつかいきていとうのとくれいにかんするしょうれい,令和七年四月一日
417M60000040011,府省令,財務省の所管に属する不動産及び船舶に関する権利の登記嘱託職員を指定する省令,ざいむしょうのしょかんにぞくするふどうさんおよびせんぱくにかんするけんりのとうきしょくたくしょくいんをしていするしょうれい,平成十七年三月七日
417M60000040016,府省令,財務省の所管する法令の規定に基づく民間事業者等が行う書面の保存等における情報通信の技術の利用に関する規則,ざいむしょうのしょかんするほうれいのきていにもとづくみんかんじぎょうしゃとうがおこなうしょめんのほぞんとうにおけるじょうほうつうしんのぎじゅつのりようにかんするきそく,令和八年四月一日
417M60000040063,府省令,玉軸受等に対して課する報復関税に関する政令に規定する原産地の意義に関する省令,たまじくうけとうにたいしてかするほうふくかんぜいにかんするせいれいにきていするげんさんちのいぎにかんするしょうれい,平成二十五年九月一日
417M60000040072,府省令,国債の金利スワップ取引に関する省令,こくさいのきんりすわっぷとりひきにかんするしょうれい,令和七年五月一日
417M60000040077,府省令,特定のせり売りに係る近代金貨の買受代金の納付手続の特例に関する省令,とくていのせりうりにかかるきんだいきんかのかいうけだいきんののうふてつづきのとくれいにかんするしょうれい,平成十七年九月三十日
417M60000042002,府省令,内閣府及び財務省の所管する金融関連法令に係る民間事業者等が行う書面の保存等における情報通信の技術の利用に関する命令,ないかくふおよびざいむしょうのしょかんするきんゆうかんれんほうれいにかかるみんかんじぎょうしゃとうがおこなうしょめんのほぞんとうにおけるじょうほうつうしんのぎじゅつのりようにかんするめいれい,令和六年三月二十九日
417M60000052002,府省令,内閣府、法務省及び財務省の所管する金融関連法令に係る民間事業者等が行う書面の保存等における情報通信の技術の利用に関する命令,ないかくふほうむしょうおよびざいむしょうのしょかんするきんゆうかんれんほうれいにかかるみんかんじぎょうしゃとうがおこなうしょめんのほぞんとうにおけるじょうほうつうしんのぎじゅつのりようにかんするめいれい,令和五年十二月二十七日
417M60000080001,府省令,高等学校卒業程度認定試験規則,こうとうがっこうそつぎょうていどにんていしけんきそく,令和八年四月一日
417M60000080008,府省令,登録有形民俗文化財に係る登録手続及び届出書等に関する規則,とうろくゆうけいみんぞくぶんかざいにかかるとうろくてづづきおよびとどけでしょとうにかんするきそく,令和元年七月一日
417M60000080009,府省令,登録記念物に係る文化財登録原簿、標識等の設置の基準及び届出書等に関する規則,とうろくきねんぶつにかかるぶんかざいとうろくげんぼひょうしきとうのせっちのきじゅんおよびとどけでしょとうにかんするきそく,平成三十一年四月一日
417M60000080010,府省令,重要文化的景観に係る選定及び届出等に関する規則,じゅうようぶんかてきけいかんにかかるせんていおよびとどけでとうにかんするきそく,令和五年四月一日
417M60000080024,府省令,義務教育費国庫負担法附則第二項に規定する平成十七年度における国庫負担額等の算定に関する省令,ぎむきょういくひこっこふたんほうふそくだいにこうにきていするへいせいじゅうななねんどにおけるこっこふたんがくとうのさんていにかんするしょうれい,平成十七年四月一日
417M60000080031,府省令,文部科学省の所管する法令の規定により民間事業者等が行う書面の保存等における情報通信の技術の利用に関する省令,もんぶかがくしょうのしょかんするほうれいのきていによりみんかんじぎょうしゃとうがおこなうしょめんのほぞんとうにおけるじょうほうつうしんのぎじゅつのりようにかんするしょうれい,令和七年四月一日
417M60000080037,府省令,登録認証機関等に関する規則,とうろくにんしょうきかんとうにかんするきそく,令和三年一月一日
417M60000080044,府省令,国立研究開発法人日本原子力研究開発機構の監査報告の作成、監事の調査の対象となる書類、会計の原則、短期借入金の認可の申請手続、埋設処分業務に係る財務及び会計、内部組織並びに管理又は監督の地位等に関する省令,こくりつけんきゅうかいはつほうじんにほんげんしりょくけんきゅうかいはつきこうのかんさほうこくのさくせいかんじのちょうさのたいしょうとなるしょるいかいけいのげんそくたんきかりいれきんのにんかのしんせいてつづきまいせつしょぶんぎょうむにかかるざいむおよびかいけいないぶそしきならびにかんりまたはかんとくのちいとうにかんするしょうれい,令和八年四月一日
417M60000088001,府省令,国立研究開発法人宇宙航空研究開発機構の財務及び会計に関する省令,こくりつけんきゅうかいはつほうじんうちゅうこうくうけんきゅうかいはつきこうのざいむおよびかいけいにかんするしょうれい,令和六年二月二十六日
417M60000100019,府省令,船員職業安定法第九十二条第四項の規定等による未払賃金の立替払事業に係る船員の立替払賃金の請求の手続等に関する省令等の規定の適用に関する省令,せんいんしょくぎょうあんていほうだいきゅうじゅうにじょうだいよんこうのきていとうによるみばらいちんぎんのたてかえばらいじぎょうにかかるせんいんのたてかえばらいちんぎんのせいきゅうのてつづきとうにかんするしょうれいとうのきていのてきようにかんするしょうれい,平成二十二年一月一日
417M60000100021,府省令,石綿障害予防規則,いしわたしょうがいよぼうきそく,令和八年四月一日
417M60000100036,府省令,医療機器の臨床試験の実施の基準に関する省令,いりょうききのりんしょうしけんのじっしのきじゅんにかんするしょうれい,令和八年五月一日
417M60000100037,府省令,医療機器の安全性に関する非臨床試験の実施の基準に関する省令,いりょうききのあんぜんせいにかんするひりんしょうしけんのじっしのきじゅんにかんするしょうれい,令和八年五月一日
417M60000100038,府省令,医療機器の製造販売後の調査及び試験の実施の基準に関する省令,いりょうききのせいぞうはんばいごのちょうさおよびしけんのじっしのきじゅんにかんするしょうれい,令和八年五月一日
417M60000100044,府省令,厚生労働省の所管する法令の規定に基づく民間事業者等が行う書面の保存等における情報通信の技術の利用に関する省令,こうせいろうどうしょうのしょかんするほうれいのきていにもとづくみんかんじぎょうしゃとうがおこなうしょめんのほぞんとうにおけるじょうほうつうしんのぎじゅつのりようにかんするしょうれい,令和八年十月一日
417M60000100049,府省令,特定障害者に対する特別障害給付金の支給に関する法律施行規則,とくていしょうがいしゃにたいするとくべつしょうがいきゅうふきんのしきゅうにかんするほうりつせこうきそく,令和八年四月一日
417M60000100079,府省令,次世代育成支援対策推進法第十一条第一項に規定する交付金に関する内閣府令,じせだいいくせいしえんたいさくすいしんほうだいじゅういちじょうだいいっこうにきていするこうふきんにかんするないかくふれい,令和五年四月一日
417M60000100081,府省令,発達障害者支援法施行規則,はったつしょうがいしゃしえんほうしこうきそく,令和五年四月一日
417M60000100103,府省令,歯科医師法第十六条の二第一項に規定する臨床研修に関する省令,しかいしほうだいじゅうろくじょうのにだいいっこうにきていするりんしょうけんしゅうにかんするしょうれい,令和三年四月一日
417M60000100117,府省令,心神喪失等の状態で重大な他害行為を行った者の医療及び観察等に関する法律に基づく指定医療機関等に関する省令,しんしんそうしつとうのじょうたいでじゅうだいなたがいこういをおこなったもののいりょうおよびかんさつとうにかんするほうりつにもとづくしていいりょうきかんとうにかんするしょうれい,令和五年四月一日
417M60000100118,府省令,心神喪失等の状態で重大な他害行為を行った者の医療及び観察等に関する法律第百三条第一項及び心神喪失等の状態で重大な他害行為を行った者の医療及び観察等に関する法律施行令第十五条の規定により地方厚生局長に委任する権限を定める省令,しんしんそうしつとうのじょうたいでじゅうだいなたがいこういをおこなったもののいりょうおよびかんさつとうにかんするほうりつだいひゃくさんじょうだいいっこうおよびしんしんそうしつとうのじょうたいでじゅうだいなたがいこういをおこなったもののいりょうおよびかんさつとうにかんするほうりつしこうれいだいじゅうごじょうのきていによりちほうこうせいきょくちょうにいにんするけんげんをさだめるしょうれい,平成十七年七月十五日
417M60000100145,府省令,独立行政法人地域医療機能推進機構の業務運営、財務及び会計並びに人事管理に関する省令,どくりつぎょうせいほうじんちいきいりょうきのうすいしんきこうのぎょうむうんえいざいむおよびかいけいならびにじんじかんりにかんするしょうれい,令和八年三月二十七日
417M60000102003,府省令,労働金庫法に係る民間事業者等が行う書面の保存等における情報通信の技術の利用に関する命令,ろうどうきんこほうにかかるみんかんじぎょうしゃとうがおこなうしょめんのほぞんとうにおけるじょうほうつうしんのぎじゅつのりようにかんするめいれい,令和六年三月二十九日
417M60000110002,府省令,心神喪失等の状態で重大な他害行為を行った者の医療及び観察等に関する法律施行規則,しんしんそうしつとうのじょうたいでじゅうだいなたがいこういをおこなったもののいりょうおよびかんさつとうにかんするほうりつしこうきそく,平成二十六年四月一日
417M60000200004,府省令,農業改良助長法施行規則,のうぎょうかいりょうじょちょうほうしこうきそく,令和五年四月三日
417M60000200010,府省令,農林水産省所管の不動産登記の嘱託職員を指定する省令,のうりんすいさんしょうしょかんのふどうさんとうきのしょくたくしょくいんをしていするしょうれい,令和三年七月一日
417M60000200012,府省令,経済連携協定に基づく農林水産省の所掌事務に係る物資の関税割当制度に関する省令,けいざいれんけいきょうていにもとづくのうりんすいさんしょうのしょしょうじむにかかるぶっしのかんぜいわりあてせいどにかんするしょうれい,令和八年四月一日
417M60000200019,府省令,動物用医薬品、動物用医薬部外品及び動物用再生医療等製品の品質管理の基準に関する省令,どうぶつよういやくひんどうぶつよういやくぶがいひんおよびどうぶつようさいせいいりょうとうせいひんのひんしつかんりのきじゅんにかんするしょうれい,令和五年九月二十九日
417M60000200020,府省令,動物用医薬品、動物用医薬部外品、動物用医療機器及び動物用再生医療等製品の製造販売後安全管理の基準に関する省令,どうぶつよういやくひんどうぶつよういやくぶがいひんどうぶつよういりょうききおよびどうぶつようさいせいいりょうとうせいひんのせいぞうはんばいごあんぜんかんりのきじゅんにかんするしょうれい,令和五年一月一日
417M60000200027,府省令,農業協同組合法施行規則,のうぎょうきょうどうくみあいほうしこうきそく,令和八年一月一日
417M60000200031,府省令,動物用医療機器の安全性に関する非臨床試験の実施の基準に関する省令,どうぶつよういりょうききのあんぜんせいにかんするひりんしょうしけんのじっしのきじゅんにかんするしょうれい,令和八年五月一日
417M60000200032,府省令,動物用医療機器の臨床試験の実施の基準に関する省令,どうぶつよういりょうききのりんしょうしけんのじっしのきじゅんにかんするしょうれい,令和八年五月一日
417M60000200033,府省令,動物用医薬品の製造販売後の調査及び試験の実施の基準に関する省令,どうぶつよういやくひんのせいぞうはんばいごのちょうさおよびしけんのじっしのきじゅんにかんするしょうれい,令和八年五月一日
417M60000200034,府省令,動物用医療機器の製造販売後の調査及び試験の実施の基準に関する省令,どうぶつよういりょうききのせいぞうはんばいごのちょうさおよびしけんのじっしのきじゅんにかんするしょうれい,令和八年五月一日
417M60000200035,府省令,動物用医薬品製造所等構造設備規則,どうぶつよういやくひんせいぞうしょとうこうぞうせつびきそく,令和三年八月一日
417M60000200040,府省令,動物用医薬品等手数料規則,どうぶつよういやくひんとうてすうりょうきそく,令和七年四月一日
417M60000200056,府省令,農林水産省の所管する法令に係る民間事業者等が行う書面の保存等における情報通信の技術の利用に関する法律施行規則,のうりんすいさんしょうのしょかんするほうれいにかかるみんかんじぎょうしゃとうがおこなうしょめんのほぞんとうにおけるじょうほうつうしんのぎじゅつのりようにかんするほうりつしこうきそく,令和八年四月一日
417M60000200107,府省令,物資の流通の効率化に関する法律第四条第十八号ロの法人を定める省令,ぶっしのりゅうつうのこうりつかにかんするほうりつだいよんじょうだいじゅうはちごうろのほうじんをさだめるしょうれい,令和七年四月一日
417M60000200124,府省令,木材統計調査規則,もくざいとうけいちょうさきそく,令和五年十二月二十八日
417M60000202003,府省令,内閣府及び農林水産省の所管する法令に係る民間事業者等が行う書面の保存等における情報通信の技術の利用に関する法律施行規則,ないかくふおよびのうりんすいさんしょうのしょかんするほうれいにかかるみんかんじぎょうしゃとうがおこなうしょめんのほぞんとうにおけるじょうほうつうしんのぎじゅつのりようにかんするほうりつしこうきそく,令和六年四月一日
417M60000202006,府省令,農業信用基金協会の事業報告書、貸借対照表及び損益計算書並びに計算に関する命令,のうぎょうしんようききんきょうかいのじぎょうほうこくしょたいしゃくたいしょうひょうおよびそんえきけいさんしょならびにけいさんにかんするめいれい,令和元年五月七日
417M60000302001,府省令,協同組織金融機関の優先出資に関する法律に係る民間事業者等が行う書面の保存等における情報通信の技術の利用に関する命令,きょうどうそしききんゆうきかんのゆうせんしゅっしにかんするほうりつにかかるみんかんじぎょうしゃとうがおこなうしょめんのほぞんとうにおけるじょうほうつうしんのぎじゅつのりようにかんするめいれい,令和五年十二月二十七日
417M60000400007,府省令,経済連携協定に基づく特定原産地証明書の発給等に関する法律に基づく指定発給機関に関する省令,けいざいれんけいきょうていにもとづくとくていげんさんちしょうめいしょのはっきゅうとうにかんするほうりつにもとづくしていはっきゅうきかんにかんするしょうれい,平成二十一年九月一日
417M60000400008,府省令,経済連携協定に基づく経済産業省の所掌事務に係る物資の関税割当制度に関する省令,けいざいれんけいきょうていにもとづくけいざさんぎょうしょうのしょしょうじむにかかるぶっしのかんぜいわりあてせいどにかんするしょうれい,令和四年五月二十三日
417M60000400009,府省令,経済連携協定に基づく特定原産地証明書の発給等に関する法律施行規則,けいざいれんけいきょうていにもとづくとくていげんさんちしょうめいしょのはっきゅうとうにかんするほうりつしこうきそく,令和七年六月二日
417M60000400022,府省令,深海底鉱山保安規則,しんかいていこうざんほあんきそく,平成十七年四月一日
417M60000400032,府省令,経済産業省の所管する法令に係る民間事業者等が行う書面の保存等における情報通信の技術の利用に関する法律施行規則,けいざいさんぎょうしょうのしょかんするほうれいにかかるみんかんじぎょうしゃとうがおこなうしょめんのほぞんとうにおけるじょうほうつうしんのぎじゅつのりようにかんするほうりつしこうきそく,令和八年四月一日
417M60000400074,府省令,有限責任事業組合契約に関する法律施行規則,ゆうげんせきにんじぎょうくみあいけいやくにかんするほうりつしこうきそく,令和五年十二月二十八日
417M60000400082,府省令,原子力発電における使用済燃料の再処理等の実施及び廃炉の推進に関する法律施行規則,げんしりょくはつでんにおけるしようずみねんりょうのさいしょりとうのじっしおよびはいろのすいしんにかんするほうりつしこうきそく,令和六年四月一日
417M60000400113,府省令,核原料物質、核燃料物質及び原子炉の規制に関する法律の一部を改正する法律の施行に伴う経過措置を定める省令,かくげんりょうぶっしつかくねんりょうぶっしつおよびげんしろのきせいにかんするほうりつのいちぶをかいせいするほうりつのしこうにともなうけいかそちをさだめるしょうれい,平成十七年十二月一日
417M60000402004,府省令,信用保証協会法に係る民間事業者等が行う書面の保存等における情報通信の技術の利用に関する法律施行規則,しんようほしょうきょうかいほうにかかるみんかんじぎょうしゃとうがおこなうしょめんのほぞんとうにおけるじょうほうつうしんのぎじゅつのりようにかんするほうりつしこうきそく,令和五年十二月二十七日
417M60000480002,府省令,国立研究開発法人日本原子力研究開発機構の財務及び会計等に関する省令,こくりつけんきゅうかいはつほうじんにほんげんしりょくけんきゅうかいはつきこうのざいむおよびかいけいとうにかんするしょうれい,令和四年六月九日
417M60000600003,府省令,商品先物取引法施行規則,しょうひんさきものとりひきほうしこうきそく,令和七年六月十六日
417M60000600007,府省令,商品先物取引法に係る民間事業者等が行う書面の保存等における情報通信の技術の利用に関する法律施行規則,しょうひんさきものとりひきほうにかかるみんかんじぎょうしゃとうがおこなうしょめんのほぞんとうにおけるじょうほうつうしんのぎじゅつのりようにかんするほうりつしこうきそく,令和五年十二月二十八日
417M60000800002,府省令,内航海運業報告規則,ないこうかいうんぎょうほうこくきそく,令和四年四月一日
417M60000800026,府省令,国土交通省の所管する法令に係る民間事業者等が行う書面の保存等における情報通信の技術の利用に関する法律施行規則,こくどこうつうしょうのしょかんするほうれいにかかるみんかんじぎょうしゃとうがおこなうしょめんのほぞんとうにおけるじょうほうつうしんのぎじゅつのりようにかんするほうりつせこうきそく,令和八年四月一日
417M60000800047,府省令,北方領土問題等の解決の促進のための特別措置に関する法律施行規則,ほっぽうりょうどもんだいとうのかいけつのそくしんのためのとくべつそちにかんするほうりつしこうきそく,平成二十四年四月一日
417M60000800060,府省令,放射性同位元素等に係る登録運搬方法確認機関に関する省令,ほうしゃせいどういげんそとうにかかるとうろくうんぱんほうほうかくにんきかんにかんするしょうれい,令和六年四月一日
417M60000800063,府省令,高速道路株式会社法施行規則,こうそくどうろかぶしきがいしゃほうしこうきそく,令和六年四月一日
417M60000800064,府省令,独立行政法人日本高速道路保有・債務返済機構に関する省令,どくりつぎょうせいほうじんにほんこうそくどうろほゆうさいむへんさいきこうにかんするしょうれい,令和五年九月六日
417M60000800065,府省令,高速道路事業等会計規則,こうそくどうろじぎょうとうかいけいきそく,令和元年五月二十二日
417M60000800066,府省令,日本道路公団等の民営化に伴う経過措置及び国土交通省関係省令の整備等に関する省令,にほんどうろこうだんとうのみんえいかにともなうけいかそちおよびこくどこうつうしょうかんけいしょうれいのせいびとうにかんするしょうれい,平成十七年十月一日
417M60000800080,府省令,地域における多様な需要に応じた公的賃貸住宅等の整備等に関する特別措置法施行規則,ちいきにおけるたようなじゅようにおうじたこうてきちんたいじゅうたくとうのせいびとうにかんするとくべつそちほうせこうきそく,令和八年四月一日
417M60000800082,府省令,都市鉄道等利便増進法施行規則,としてつどうとうりべんぞうしんほうしこうきそく,令和六年四月一日
417M60000800100,府省令,国土交通省関係物資の流通の効率化に関する法律施行規則,こくどこうつうしょうかんけいぶっしのりゅうつうのこうりつかにかんするほうりつしこうきそく,令和八年四月一日
417M60000800105,府省令,使用済自動車の再資源化等に関する法律第七十四条第二項の照会の方法を定める省令,しようずみじどうしゃのさいしげんかとうにかんするほうりつだいななじゅうよんじょうだいにこうのしょうかいのほうほうをさだめるしょうれい,平成十七年十二月二十六日
417M60000800109,府省令,核原料物質、核燃料物質及び原子炉の規制に関する法律第六十二条の三に規定する国土交通大臣への報告に関する規則,かくげんりょうぶっしつかくねんりょうぶっしつおよびげんしろのきせいにかんするほうりつだいろくじゅうにじょうのさんにきていするこくどこうつうだいじんへのほうこくにかんするきそく,平成三十年十月一日
417M60000800114,府省令,国土形成計画法施行規則,こくどけいせいけいかくほうしこうきそく,平成二十年七月四日
417M60000802008,府省令,内閣府・国土交通省関係構造改革特別区域法第三十五条に規定する政令等規制事業に係る主務省令の特例に関する措置を定める命令,ないかくふこくどこうつうしょうかんけいこうぞうかいかくとくべつくいきほうだいさんじゅうごじょうにきていするせいれいとうきせいじぎょうにかかるしゅむしょうれいのとくれいにかんするそちをさだめるめいれい,令和四年八月三十一日
417M60000900001,府省令,船員職業安定法第九十二条第四項の規定による船員に係る未払賃金の額の確認等に関する省令の規定の適用についての技術的読替えに関する省令,せんいんしょくぎょうあんていほうだいきゅうじゅうにじょうだいよんこうのきていによるせんいんにかかるみばらいちんぎんのがくのかくにんとうにかんするしょうれいのきていのてきようについてのぎじゅつてきよみかえにかんするしょうれい,平成十七年四月一日
417M60000900003,府省令,船員災害防止活動の促進に関する法律に係る民間事業者等が行う書面の保存等における情報通信の技術の利用に関する法律施行規則,せんいんさいがいぼうしかつどうのそくしんにかんするほうりつにかかるみんかんじぎょうしゃとうがおこなうしょめんのほぞんとうにおけるじょうほうつうしんのぎじゅつのりようにかんするほうりつしこうきそく,令和五年十二月二十八日
417M60000A00003,府省令,農住組合法に係る民間事業者等が行う書面の保存等における情報通信の技術の利用に関する法律施行規則,のうじゅうくみあいほうにかかるみんかんじぎょうしゃとうがおこなうしょめんのほぞんとうにおけるじょうほうつうしんのぎじゅつのりようにかんするほうりつしこうきそく,令和五年十二月二十八日
417M60000A08003,府省令,離島振興法施行令第二条第二項の額の算定に関する省令,りとうしんこうほうしこうれいだいにじょうだいにこうのがくのさんていにかんするしょうれい,平成十七年四月一日
417M60000A08004,府省令,奄美群島振興開発特別措置法施行令第一条第五項の額の算定に関する省令,あまみぐんとうしんこうかいはつとくべつそちほうしこうれいだいいちじょうだいごこうのがくのさんていにかんするしょうれい,平成十七年四月一日
417M60000E00001,府省令,物資の流通の効率化に関する法律施行規則,ぶっしのりゅうつうのこうりつかにかんするほうりつしこうきそく,令和八年四月一日
417M60000F00006,府省令,鉱工業品及びその加工技術に係る日本産業規格への適合性の認証に関する省令,こうこうぎょうひんおよびそのかこうぎじゅつにかかるにほんさんぎょうきかくへのてきごうせいのにんしょうにかんするしょうれい,令和六年六月二十八日
417M60000F00007,府省令,産業標準化法に係る民間事業者等が行う書面の保存等における情報通信の技術の利用に関する法律施行規則,さんぎょうひょうじゅんかほうにかかるみんかんじぎょうしゃとうがおこなうしょめんのほぞんとうにおけるじょうほうつうしんのぎじゅつのりようにかんするほうりつしこうきそく,令和五年十二月二十六日
417M60000F40002,府省令,企業合理化促進法施行規則に係る民間事業者等が行う書面の保存等における情報通信の技術の利用に関する法律施行規則,きぎょうごうりかそくしんほうしこうきそくにかかるみんかんじぎょうしゃとうがおこなうしょめんのほぞんとうにおけるじょうほうつうしんのぎじゅつのりようにかんするほうりつしこうきそく,令和五年十二月二十八日
417M60000F40003,府省令,中小企業団体の組織に関する法律に係る民間事業者等が行う書面の保存等における情報通信の技術の利用に関する法律施行規則,ちゅうしょうきぎょうだんたいのそしきにかんするほうりつにかかるみんかんじぎょうしゃとうがおこなうしょめんのほぞんとうにおけるじょうほうつうしんのぎじゅつのりようにかんするほうりつしこうきそく,令和五年十二月二十八日
417M60000F42004,府省令,中小企業等協同組合法に係る民間事業者等が行う書面の保存等における情報通信の技術の利用に関する法律施行規則,ちゅうしょうきぎょうとうきょうどうくみあいほうにかかるみんかんじぎょうしゃとうがおこなうしょめんのほぞんとうにおけるじょうほうつうしんのぎじゅつのりようにかんするほうりつしこうきそく,令和五年十二月二十八日
417M60001000005,府省令,絶滅のおそれのある野生動植物の種の保存に関する法律第二十三条第一項に規定する個体等登録機関に係る民間事業者等が行う書面の保存等における情報通信の技術の利用に関する省令,ぜつめつのおそれのあるやせいどうしょくぶつのたねのほぞんにかんするほうりつだいにじゅうさんじょうだいいっこうにきていするこたいとうとうろくきかんにかかるみんかんじぎょうしゃとうがおこなうしょめんのほぞんとうにおけるじょうほうつうしんのぎじゅつのりようにかんするしょうれい,令和六年二月二十日
417M60001000009,府省令,環境省の所管する法令に係る民間事業者等が行う書面の保存等における情報通信の技術の利用に関する法律施行規則,かんきょうしょうのしょかんするほうれいにかかるみんかんじぎょうしゃとうがおこなうしょめんのほぞんとうにおけるじょうほうつうしんのぎじゅつのりようにかんするほうりつしこうきそく,令和七年十一月二十一日
417M60001000019,府省令,地方環境事務所組織規則,ちほうかんきょうじむしょそしききそく,令和八年四月一日
417M60001000022,府省令,下水道法第四十条第二項の規定により地方環境事務所長に委任する権限を定める省令,げすいどうほうだいよんじゅうじょうだいにこうのきていによりちほうかんきょうじむしょちょうにいにんするけんげんをさだめるしょうれい,令和三年十一月一日
417M60001000024,府省令,化学物質の審査及び製造等の規制に関する法律第五十四条の規定により地方環境事務所長に委任する権限を定める省令,かがくぶっしつのしんさおよびせいぞうとうのきせいにかんするほうりつだいごじゅうよんじょうのきていによりちほうかんきょうじむしょちょうにいにんするけんげんをさだめるしょうれい,平成二十三年四月一日
417M60001000025,府省令,農用地の土壌の汚染防止等に関する法律第十六条の二第二項の規定により地方環境事務所長に委任する権限を定める省令,のうようちのどじょうのおせんぼうしとうにかんするほうりつだいじゅうろくじょうのにだいにこうのきていによりちほうかんきょうじむしょちょうにいにんするけんげんをさだめるしょうれい,平成十七年十月一日
417M60001000026,府省令,農薬取締法第四十四条第二項の規定により地方環境事務所長に委任する権限を定める省令,のうやくとりしまりほうだいよんじゅうよんじょうだいにこうのきていによりちほうかんきょうじむしょちょうにいにんするけんげんをさだめるしょうれい,平成三十年十二月一日
417M60001000028,府省令,廃棄物海洋投入処分の許可等に関する省令,はいきぶつかいようとうにゅうしょぶんのきょかとうにかんするしょうれい,令和六年四月一日
417M60001080001,府省令,独立行政法人日本原子力研究開発機構法施行令附則第三十五条の規定により独立行政法人日本原子力研究開発機構及び独立行政法人理化学研究所が行うものとされる環境情報の提供の促進等による特定事業者等の環境に配慮した事業活動の促進に関する法律第九条第一項の規定による環境報告書の作成及び公表の方法を定める省令,どくりつぎょうせいほうじんにほんげんしりょくけんきゅうかいはつきこうほうしこうれいふそくだいさんじゅうごじょうのきていによりどくりつぎょうせいほうじんにほんげんしりょくけんきゅうかいはつきこうおよびどくりつぎょうせいほうじんりかがくけんきゅうしょがおこなうものとされるかんきょうじょうほうのていきょうのそくしんとうによるとくていじぎょうしゃとうのかんきょうにはいりょしたじぎょうかつどうのそくしんにかんするほうりつだいきゅうじょうだいいっこうのきていによるかんきょうほうこくしょのさくせいおよびこうひょうのほうほうをさだめるしょうれい,平成十七年十月一日
417M60001080002,府省令,国立大学法人法の一部を改正する法律の施行に伴う関係政令の整備及び経過措置に関する政令附則第二項の規定により新富山大学法人が行うものとされる環境情報の提供の促進等による特定事業者等の環境に配慮した事業活動の促進に関する法律第九条第一項の規定による環境報告書の作成及び公表の方法を定める省令,こくりつだいがくほうじんほうのいちぶをかいせいするほうりつのしこうにともなうかんけいせいれいのせいびおよびけいかそちにかんするせいれいふそくだいにこうのきていによりしんとやまだいがくほうじんがおこなうものとされるかんきょうじょうほうのていきょうのそくしんとうによるとくていじぎょうしゃとうのかんきょうにはいりょしたじぎょうかつどうのそくしんにかんするほうりつだいきゅうじょうだいいっこうのきていによるかんきょうほうこくしょのさくせいおよびこうひょうのほうほうをさだめるしょうれい,平成十七年十月一日
417M60001200002,府省令,特定外来生物による生態系等に係る被害の防止に関する法律施行規則,とくていがいらいせいぶつによるせいたいけいとうにかかるひがいのぼうしにかんするほうりつしこうきそく,令和七年九月一日
417M60001200003,府省令,農用地の土壌の汚染防止等に関する法律第十三条第一項の規定による立入調査をする職員の携帯する身分を示す証明書の様式を定める省令,のうようちのどじょうのおせんぼうしとうにかんするほうりつだいじゅうさんじょうだいいっこうのきていによるたちいりちょうさをするしょくいんのけいたいするみぶんをしめすしょうめいしょのようしきをさだめるしょうれい,令和六年四月一日
417M60001400003,府省令,絶滅のおそれのある野生動植物の種の保存に関する法律第三十三条の十五第一項に規定する事業登録機関及び第三十三条の二十六第一項に規定する認定機関に係る民間事業者等が行う書面の保存等における情報通信の技術の利用に関する省令,ぜつめつのおそれのあるやせいどうしょくぶつのたねのほぞんにかんするほうりつだいさんじゅうさんじょうのじゅうごだいいっこうにきていするじぎょうとうろくきかんおよびだいさんじゅうさんじょうのにじゅうろくだいいっこうにきていするにんていきかんにかかるみんかんじぎょうしゃとうがおこなうしょめんのほぞんとうにおけるじょうほうつうしんのぎじゅつのりようにかんするしょうれい,令和六年三月二十二日
417M60001400004,府省令,使用済自動車の再資源化等に関する法律に係る民間事業者等が行う書面の保存等における情報通信の技術の利用に関する法律施行規則,しようずみじどうしゃのさいしげんかとうにかんするほうりつにかかるみんかんじぎょうしゃとうがおこなうしょめんのほぞんとうにおけるじょうほうつうしんのぎじゅつのりようにかんするほうりつせこうきそく,令和六年六月二十八日
417M60001740003,府省令,遺伝子組換え生物等の使用等の規制による生物の多様性の確保に関する法律に係る民間事業者等が行う書面の保存等における情報通信の技術の利用に関する法律施行規則,いでんしくみかえせいぶつとうのしようとうのきせいによるせいぶつのたようせいのかくほにかんするほうりつにかかるみんかんじぎょうしゃとうがおこなうしょめんのほぞんとうにおけるじょうほうつうしんのぎじゅつのりようにかんするほうりつしこうきそく,令和六年三月十八日
417M60001740004,府省令,容器包装に係る分別収集及び再商品化の促進等に関する法律に係る民間事業者等が行う書面の保存等における情報通信の技術の利用に関する法律施行規則,ようきほうそうにかかるふんべつしゅうしゅうおよびさいしょうひんかのそくしんとうにかんするほうりつにかかるみんかんじぎょうしゃとうがおこなうしょめんのほぞんとうにおけるじょうほうつうしんのぎじゅつのりようにかんするほうりつしこうきそく,令和六年三月二十九日
417M60001F00001,府省令,環境影響評価法に係る民間事業者等が行う書面の保存等における情報通信の技術の利用に関する法律施行規則,かんきょうえいきょうひょうかほうにかかるみんかんじぎょうしゃとうがおこなうしょめんのほぞんとうにおけるじょうほうつうしんのぎじゅつのりようにかんするほうりつしこうきそく,平成十七年四月一日
417M60001FCA001,府省令,環境情報の提供の促進等による特定事業者等の環境に配慮した事業活動の促進に関する法律第九条第一項の規定による環境報告書の作成及び公表の方法を定める命令,かんきょうじょうほうのていきょうのそくしんとうによるとくていじぎょうしゃとうのかんきょうにはいりょしたじぎょうかつどうのそくしんにかんするほうりつだいきゅうじょうだいいっこうのきていによるかんきょうほうこくしょのさくせいおよびこうひょうのほうほうをさだめるめいれい,令和二年九月三十日
417M60200000005,規則,公正取引委員会の審査に関する規則,こうせいとりひきいいんかいのしんさにかんするきそく,令和七年六月一日
417M60200000006,規則,公正取引委員会の犯則事件の調査に関する規則,こうせいとりひきいいんかいのはんそくじけんのちょうさにかんするきそく,令和二年一月一日
417M60400000005,規則,国家公安委員会個人情報管理規則,こっかこうあんいいんかいこじんじょうほうかんりきそく,令和四年四月一日
417M60400000007,規則,国家公安委員会の所管する法令の規定に基づく民間事業者等が行う書面の保存等における情報通信の技術の利用に関する規則,こっかこうあんいいんかいのしょかんするほうれいのきていにもとづくみんかんじぎょうしゃとうがおこなうしょめんのほぞんとうにおけるじょうほうつうしんのぎじゅつのりようにかんするきそく,令和五年十二月二十五日
417M60400000011,規則,携帯音声通信役務提供契約に係る契約者確認に関する規則,けいたいおんせいつうしんえきむていきょうけいやくにかかるけいやくしゃかくにんにかんするきそく,令和元年七月一日
417M60400000015,規則,ＤＮＡ型記録取扱規則,でぃーえぬえーがたきろくとりあつかいきそく,令和七年四月一日
417M60400000020,規則,警備員等の検定等に関する規則,けいびいんとうのけんていとうにかんするきそく,令和六年六月二十七日
417R00000001005,規則,会計検査院の保有する個人情報の保護に関する権限又は事務の委任に関する規則,かいけいけんさいんのほゆうするこじんじょうほうのほごにかんするけんげんまたはじむのいにんにかんするきそく,令和五年四月一日
417R00000003001,規則,日本学術会議事務局組織規則,にほんがくじゅつかいぎじむきょくそしききそく,平成二十六年八月一日
417R00000003003,規則,日本学術会議会則,にほんがくじゅつかいぎかいそく,令和五年五月一日
418AC0000000004,法律,石綿による健康被害の救済に関する法律,いしわたによるけんこうひがいのきゅうさいにかんするほうりつ,令和八年十月一日
418AC0000000011,法律,平成十八年度における財政運営のための公債の発行の特例等に関する法律,へいせいじゅうはちねんどにおけるざいせいうんえいのためのこうさいのはっこうのとくれいとうにかんするほうりつ,平成十九年四月一日
418AC0000000022,法律,独立行政法人消防研究所の解散に関する法律,どくりつぎょうせいほうじんしょうぼうけんきゅうじょのかいさんにかんするほうりつ,平成十八年四月一日
418AC0000000047,法律,簡素で効率的な政府を実現するための行政改革の推進に関する法律,かんそでこうりつてきなせいふをじつげんするためのぎょうせいかいかくのすいしんにかんするほうりつ,令和四年四月一日
418AC0000000048,法律,一般社団法人及び一般財団法人に関する法律,いっぱんしゃだんほうじんおよびいっぱんざいだんほうじんにかんするほうりつ,令和十年六月十三日
418AC0000000049,法律,公益社団法人及び公益財団法人の認定等に関する法律,こうえきしゃだんほうじんおよびこうえきざいだんほうじんのにんていとうにかんするほうりつ,令和八年四月一日
418AC0000000050,法律,一般社団法人及び一般財団法人に関する法律及び公益社団法人及び公益財団法人の認定等に関する法律の施行に伴う関係法律の整備等に関する法律,いっぱんしゃだんほうじんおよびいっぱんざいだんほうじんにかんするほうりつおよびこうえきしゃだんほうじんおよびこうえきざいだんほうじんのにんていとうにかんするほうりつのしこうにともなうかんけいほうりつのせいびとうにかんするほうりつ,令和八年四月一日
418AC0000000051,法律,競争の導入による公共サービスの改革に関する法律,きょうそうのどうにゅうによるこうきょうさーびすのかいかくにかんするほうりつ,令和七年六月一日
418AC0000000061,法律,住生活基本法,じゅうせいかつきほんほう,平成二十三年八月三十日
418AC0000000070,法律,国家公務員の留学費用の償還に関する法律,こっかこうむいんのりゅうがくひようのしょうかんにかんするほうりつ,令和五年四月一日
418AC0000000073,法律,遺失物法,いしつぶつほう,令和七年六月一日
418AC0000000077,法律,就学前の子どもに関する教育、保育等の総合的な提供の推進に関する法律,しゅうがくまえのこどもにかんするきょういくほいくとうのそうごうてきなていきょうのすいしんにかんするほうりつ,令和八年四月一日
418AC0000000078,法律,法の適用に関する通則法,ほうのてきようにかんするつうそくほう,平成十九年一月一日
418AC0000000087,法律,犯罪被害財産等による被害回復給付金の支給に関する法律,はんざいひがいざいさんとうによるひがいかいふくきゅうふきんのしきゅうにかんするほうりつ,令和八年五月二十二日
418AC0000000088,法律,農業の担い手に対する経営安定のための交付金の交付に関する法律,のうぎょうのにないてにたいするけいえいあんていのためのこうふきんのこうふにかんするほうりつ,令和七年六月一日
418AC0000000091,法律,高齢者、障害者等の移動等の円滑化の促進に関する法律,こうれいしゃしょうがいしゃとうのいどうとうのえんかつかのそくしんにかんするほうりつ,令和七年四月一日
418AC0000000108,法律,信託法,しんたくほう,令和十年六月十三日
418AC0000000116,法律,道州制特別区域における広域行政の推進に関する法律,どうしゅうせいとくべつくいきにおけるこういきぎょうせいのすいしんにかんするほうりつ,令和七年九月一日
418AC0000000120,法律,教育基本法,きょういくきほんほう,平成十八年十二月二十二日
418AC0100000085,法律,自殺対策基本法,じさつたいさくきほんほう,令和八年四月一日
418AC0100000103,法律,ドミニカ移住者に対する特別一時金の支給等に関する法律,どみにかいじゅうしゃにたいするとくべついちじきんのしきゅうとうにかんするほうりつ,平成十九年二月十六日
418AC0100000112,法律,有機農業の推進に関する法律,ゆうきのうぎょうのすいしんにかんするほうりつ,平成二十三年八月三十日
418AC1000000006,法律,平成十七年度の水田農業構造改革交付金等についての所得税及び法人税の臨時特例に関する法律,へいせいじゅうななねんどのすいでんのうぎょうこうぞうかいかくこうふきんとうについてのしょとくぜいおよびほうじんぜいのりんじとくれいにかんするほうりつ,平成十八年二月十六日
418AC1000000060,法律,探偵業の業務の適正化に関する法律,たんていぎょうのぎょうむのてきせいかにかんするほうりつ,令和七年六月一日
418AC1000000096,法律,拉致問題その他北朝鮮当局による人権侵害問題への対処に関する法律,らちもんだいそのほかきたちょうせんとうきょくによるじんけんしんがいもんだいへのたいしょにかんするほうりつ,平成十九年七月六日
418AC1000000097,法律,海外の文化遺産の保護に係る国際的な協力の推進に関する法律,かいがいのぶんかいさんのほごにかかるこくさいてきなきょうりょくのすいしんにかんするほうりつ,平成二十九年六月二十三日
418AC1000000098,法律,がん対策基本法,がんたいさくきほんほう,平成二十八年十二月十六日
418AC1000000117,法律,観光立国推進基本法,かんこうりっこくすいしんきほんほう,平成十九年一月一日
418CO0000000002,政令,労働安全衛生法等の一部を改正する法律の施行に伴う関係政令の整備及び経過措置に関する政令,ろうどうあんぜんえいせいほうとうのいちぶをかいせいするほうりつのしこうにともなうかんけいせいれいのせいびおよびけいかそちにかんするせいれい,平成十八年四月一日
418CO0000000010,政令,障害者の日常生活及び社会生活を総合的に支援するための法律施行令,しょうがいしゃのにちじょうせいかつおよびしゃかいせいかつをそうごうてきにしえんするためのほうりつしこうれい,令和八年四月一日
418CO0000000022,政令,平成十七年度の水田農業構造改革交付金等についての所得税及び法人税の臨時特例に関する法律施行令,へいせいじゅうななねんどのすいでんのうぎょうこうぞうかいかくこうふきんとうについてのしょとくぜいおよびほうじんぜいのりんじとくれいにかんするほうりつせこうれい,平成十八年二月十六日
418CO0000000024,政令,総合法律支援法施行令,そうごうほうりつしえんほうせこうれい,令和八年一月十三日
418CO0000000030,政令,国家公務員退職手当法の一部を改正する法律の施行に伴う経過措置に関する政令,こっかこうむいんたいしょくてあてほうのいちぶをかいせいするほうりつのせこうにともなうけいかそちにかんするせいれい,令和八年四月一日
418CO0000000035,政令,平成十七年における特定地域に係る激甚災害及びこれに対し適用すべき措置の指定に関する政令,へいせいじゅうななねんにおけるとくていちいきにかかるげきじんさいがいおよびこれにたいしてきようすべきそちのしていにかんするせいれい,平成十八年三月十日
418CO0000000037,政令,石綿による健康被害の救済に関する法律施行令,いしわたによるけんこうひがいのきゅうさいにかんするほうりつしこうれい,令和八年四月一日
418CO0000000062,政令,特定特殊自動車排出ガスの規制等に関する法律施行令,とくていとくしゅじどうしゃはいしゅつがすのきせいとうにかんするほうりつせこうれい,令和七年四月一日
418CO0000000111,政令,児童扶養手当法による児童扶養手当の額等の改定の特例に関する法律第二項の規定に基づき児童扶養手当等の改定額を定める政令,じどうふようてあてほうによるじどうふようてあてのがくとうのかいていのとくれいにかんするほうりつだいにこうのきていにもとづきじどうふようてあてとうのかいていがくをさだめるせいれい,平成二十六年四月一日
418CO0000000143,政令,郵政民営化委員会令,ゆうせいみんえいかいいんかいれい,令和四年四月一日
418CO0000000145,政令,平成十八年度における財政運営のための公債の発行の特例等に関する法律の規定による国家公務員共済組合の事務に要する費用の負担の特例に関する政令,へいせいじゅうはちねんどにおけるざいせいうんえいのためのこうさいのはっこうのとくれいとうにかんするほうりつのきていによるこっかこうむいんきょうさいくみあいのじむにようするひようのふたんのとくれいにかんするせいれい,平成十八年四月一日
418CO0000000159,政令,独立行政法人消防研究所の解散に関する法律の施行に伴う関係政令の整備及び経過措置に関する政令,どくりつぎょうせいほうじんしょうぼうけんきゅうじょのかいさんにかんするほうりつのしこうにともなうかんけいせいれいのせいびおよびけいかそちにかんするせいれい,平成十八年四月一日
418CO0000000161,政令,独立行政法人に係る改革を推進するための文部科学省関係法律の整備に関する法律の施行に伴う関係政令の整備及び経過措置に関する政令,どくりつぎょうせいほうじんにかかるかいかくをすいしんするためのもんぶかがくしょうかんけいほうりつのせいびにかんするほうりつのしこうにともなうかんけいせいれいのせいびおよびけいかそちにかんするせいれい,平成十九年四月一日
418CO0000000162,政令,独立行政法人国立美術館法施行令,どくりつぎょうせいほうじんこくりつびじゅつかんほうせこうれい,令和八年四月一日
418CO0000000163,政令,独立行政法人国立文化財機構法施行令,どくりつぎょうせいほうじんこくりつぶんかざいきこうほうせこうれい,令和八年四月一日
418CO0000000164,政令,独立行政法人に係る改革を推進するための厚生労働省関係法律の整備に関する法律の施行に伴う関係政令の整備及び経過措置に関する政令,どくりつぎょうせいほうじんにかかるかいかくをすいしんするためのこうせいろうどうしょうかんけいほうりつのせいびにかんするほうりつのしこうにともなうかんけいせいれいのせいびおよびけいかそちにかんするせいれい,平成十八年四月一日
418CO0000000165,政令,独立行政法人に係る改革を推進するための農林水産省関係法律の整備に関する法律の施行に伴う関係政令の整備及び経過措置に関する政令,どくりつぎょうせいほうじんにかかるかいかくをすいしんするためののうりんすいさんしょうかんけいほうりつのせいびにかんするほうりつのしこうにともなうかんけいせいれいのせいびおよびけいかそちにかんするせいれい,平成二十七年四月一日
418CO0000000167,政令,独立行政法人に係る改革を推進するための国土交通省関係法律の整備に関する法律の施行に伴う関係政令の整備及び経過措置に関する政令,どくりつぎょうせいほうじんにかかるかいかくをすいしんするためのこくどこうつうしょうかんけいほうりつのせいびにかんするほうりつのしこうにともなうかんけいせいれいのせいびおよびけいかそちにかんするせいれい,平成十八年四月一日
418CO0000000175,政令,会社法の施行に伴う関係法律の整備等に関する法律第二百三十条第一項に規定する特例旧特定目的会社に関する政令,かいしゃほうのしこうにともなうかんけいほうりつのせいびとうにかんするほうりつだいにひゃくさんじゅうじょうだいいっこうにきていするとくれいきゅうとくていもくてきかいしゃにかんするせいれい,平成二十三年十一月二十四日
418CO0000000186,政令,裁判外紛争解決手続の利用の促進に関する法律施行令,さいばんがいふんそうかいけつてつづきのりようのそくしんにかんするほうりつしこうれい,平成二十四年一月七日
418CO0000000192,政令,刑事収容施設及び被収容者等の処遇に関する法律施行令,けいじしゅうようしせつおよびひしゅうようしゃのしょぐうとうにかんするほうりつせこうれい,令和七年六月一日
418CO0000000207,政令,簡素で効率的な政府を実現するための行政改革の推進に関する法律第五十三条第一項の法人並びに同法第五十四条第一項の特殊法人及び認可法人を定める政令,かんそでこうりつてきなせいふをじつげんするためのぎょうせいかいかくのすいしんにかんするほうりつだいごじゅうさんじょうだいいっこうのほうじんならびにどうほうだいごじゅうよんじょうだいいっこうのとくしゅほうじんおよびにんかほうじんをさだめるせいれい,平成二十年十月一日
418CO0000000213,政令,住生活基本法施行令,じゅうせいかつきほんほうしこうれい,平成十八年六月八日
418CO0000000219,政令,行政改革推進本部令,ぎょうせいかいかくすいしんほんぶれい,平成十九年四月一日
418CO0000000221,政令,農業の担い手に対する経営安定のための交付金の交付に関する法律施行令,のうぎょうのにないてにたいするけいえいあんていのためのこうふきんのこうふにかんするほうりつしこうれい,平成二十七年四月一日
418CO0000000228,政令,競争の導入による公共サービスの改革に関する法律施行令,きょうそうのどうにゅうによるこうきょうさーびすのかいかくにかんするほうりつせこうれい,令和二年四月一日
418CO0000000229,政令,官民競争入札等監理委員会令,かんみんきょうそうにゅうさつとうかんりいいんかいれい,平成二十八年四月一日
418CO0000000230,政令,国土形成計画法施行令,こくどけいせいけいかくほうせこうれい,平成二十四年四月一日
418CO0000000237,政令,コンゴ民主共和国国際平和協力隊の設置等に関する政令,こんごみんしゅきょうわこくこくさいへいわきょうりょくたいのせっちとうにかんするせいれい,平成十八年七月十四日
418CO0000000278,政令,特定外貿埠頭の管理運営に関する法律施行令,とくていそとぼうふとうのかんりうんえいにかんするほうりつしこうれい,令和七年十月一日
418CO0000000287,政令,刑事訴訟法第三十六条の二の資産及び同法第三十六条の三第一項の基準額を定める政令,けいじそしょうほうだいさんじゅうろくじょうのにのしさんおよびどうほうだいさんじゅうろくじょうのさんだいいっこうのきじゅんがくをさだめるせいれい,平成十九年十月一日
418CO0000000290,政令,平成十八年五月二十三日から七月二十九日までの間の豪雨及び暴風雨による災害についての激甚災害並びにこれに対し適用すべき措置の指定に関する政令,へいせいじゅうはちねんごがつにじゅうさんにちからしちがつにじゅうくにちまでのかんのごううおよびぼうふううによるさいがいについてのげきじんさいがいならびにこれにたいしてきようすべきそちのしていにかんするせいれい,平成十八年九月十三日
418CO0000000303,政令,公益社団法人及び公益財団法人の認定等に関する法律第五十条第一項に規定する合議制の機関の組織及び運営の基準を定める政令,こうえきしゃだんほうじんおよびこうえきざいだんほうじんのにんていとうにかんするほうりつだいごじゅうじょうだいいっこうにきていするごうぎせいのきかんのそしきおよびうんえいのきじゅんをさだめるせいれい,令和八年四月一日
418CO0000000330,政令,独立行政法人工業所有権総合情報館法の一部改正に伴う経過措置に関する政令,どくりつぎょうせいほうじんこうぎょうしょゆうけんそうごうじょうほうかんほうのいちぶかいせいにともなうけいかそちにかんするせいれい,平成十八年十月十八日
418CO0000000341,政令,意匠法等の一部を改正する法律の施行に伴う経過措置を定める政令,いしょうほうとうのいちぶをかいせいするほうりつのしこうにともなうけいかそちをさだめるせいれい,平成十九年四月一日
418CO0000000344,政令,自殺総合対策会議令,じさつそうごうたいさくかいぎれい,平成二十九年四月一日
418CO0000000359,政令,平成十八年九月十五日から同月二十日までの間の暴風雨及び豪雨による災害についての激甚災害並びにこれに対し適用すべき措置の指定に関する政令,へいせいじゅうはちねんくがつじゅうごにちからどうげつはつかまでのあいだのぼうふううおよびごううによるさいがいについてのげきじんさいがいならびにこれにたいしてきようすべきそちのしていにかんするせいれい,平成十八年十一月十五日
418CO0000000367,政令,探偵業の業務の適正化に関する法律に規定する道公安委員会の権限の方面公安委員会への委任に関する政令,たんていぎょうのぎょうむのてきせいかにかんするほうりつにきていするどうこうあんいいんかいのけんげんのほうめんこうあんいいんかいへのいにんにかんするせいれい,平成十九年六月一日
418CO0000000373,政令,社会保険医療協議会令,しゃかいほけんいりょうきょうぎかいれい,平成二十年十月一日
418CO0000000379,政令,高齢者、障害者等の移動等の円滑化の促進に関する法律施行令,こうれいしゃしょうがいしゃとうのいどうなどのえんかつかのそくしんにかんするほうりつせこうれい,令和七年六月一日
418M60000002044,府省令,特定目的会社の計算に関する規則,とくていもくてきかいしゃのけいさんにかんするきそく,令和七年六月二十五日
418M60000002045,府省令,特定目的会社の監査に関する規則,とくていもくてきかいしゃのかんさにかんするきそく,令和四年三月二十四日
418M60000002046,府省令,会社法の施行に伴う関係法律の整備等に関する法律の特例旧特定目的会社に関する内閣府令,かいしゃほうのしこうにともなうかんけいほうりつのせいびとうにかんするほうりつのとくれいきゅうとくていもくてきかいしゃにかんするないかくふれい,平成二十八年三月一日
418M60000002047,府省令,投資法人の計算に関する規則,とうしほうじんのけいさんにかんするきそく,令和七年六月二十五日
418M60000002048,府省令,投資法人の会計監査に関する規則,とうしほうじんのかいけいかんさにかんするきそく,令和四年三月二十四日
418M60000002053,府省令,特定目的会社の社員総会に関する規則,とくていもくてきかいしゃのしゃいんそうかいにかんするきそく,令和四年九月一日
418M60000002054,府省令,特定目的信託の権利者集会等に関する規則,とくていもくてきしんたくのけんりしゃしゅうかいとうにかんするきそく,令和三年三月一日
418M60000002067,府省令,防衛省職員の留学費用の償還に関する省令,ぼうえいしょうしょくいんのりゅうがくひようのしょうかんにかんするしょうれい,令和五年四月一日
418M60000002071,府省令,官民競争入札等監理委員会事務局組織規則,かんみんきょうそうにゅうさつとうかんりいいんかいじむきょくそしききそく,平成十八年七月七日
418M60000002077,府省令,中心市街地の活性化に関する法律施行規則,ちゅうしんしがいちのかっせいかにかんするほうりつしこうきそく,平成十八年八月二十二日
418M60000008003,府省令,日本郵政株式会社法施行規則,にほんゆうせいかぶしきがいしゃほうせこうきそく,令和六年四月一日
418M60000008027,府省令,行政機関の保有する情報の公開に関する法律施行令第十三条第四項の送付に要する費用の納付方法を定める省令,ぎょうせいきかんのほゆうするじょうほうのこうかいにかんするほうりつせこうれいだいじゅうさんじょうだいよんこうのそうふにようするひようののうふほうほうをさだめるしょうれい,令和元年十二月十六日
418M60000008054,府省令,地方債に関する省令,ちほうさいにかんするしょうれい,令和七年四月一日
418M60000008099,府省令,納税証明書、住民票等の写し等又は印鑑登録証明書の交付の請求の受付及び引渡しの業務の公共サービス実施民間事業者における実施に関する省令,のうぜいしょうめいしょじゅうみんひょうとうのうつしとうまたはいんかんとうろくしょうめいしょのこうふのせいきゅうのうけつけおよびひきわたしのぎょうむのこうきょうさーびすじっしみんかんじぎょうしゃにおけるじっしにかんするしょうれい,令和六年四月一日
418M60000008110,府省令,非常勤消防団員等に係る損害補償の支給等に関する省令,ひじょうきんしょうぼうだんいんとうにかかるそんがいほしょうのしきゅうとうにかんするしょうれい,令和七年六月十八日
418M60000008142,府省令,高齢者、障害者等の移動等の円滑化の促進に関する法律第三十条に規定する公共交通特定事業を定める省令,こうれいしゃしょうがいしゃとうのいどうとうのえんかつかのそくしんにかんするほうりつだいさんじゅうじょうにきていするこうきょうこうつうとくていじぎょうをさだめるしょうれい,平成十八年十二月二十日
418M6000000A001,府省令,日本郵政公社の業務等の承継に係る実施計画に関する命令,にほんゆうせいこうしゃのぎょうむとうのしょうけいにかかるじっしけいかくにかんするめいれい,平成十八年四月一日
418M6000000A003,府省令,郵便貯金銀行及び郵便保険会社に係る移行期間中の業務の制限等に関する命令,ゆうびんちょきんぎんこうおよびゆうびんほけんがいしゃにかかるいこうきかんちゅうのぎょうむのせいげんとうにかんするめいれい,令和八年三月三十一日
418M60000010012,府省令,会社法施行規則,かいしゃほうしこうきそく,令和六年四月一日
418M60000010013,府省令,会社計算規則,かいしゃけいさんきそく,令和七年三月三十一日
418M60000010014,府省令,電子公告規則,でんしこうこくきそく,令和五年十二月二十七日
418M60000010018,府省令,土地家屋調査士法第三条第二項第一号の法人を定める省令,とちかおくちょうさしほうだいさんじょうだいにこうだいいちごうのほうじんをさだめるしょうれい,平成十八年三月二日
418M60000010048,府省令,更生保護施設整備費補助金及び更生保護事業費補助金交付規則,こうせいほごしせつせいびひほじょきんおよびこうせいほごじぎょうひほじょきんこうふきそく,令和六年四月一日
418M60000010050,府省令,電子公告に関する登記事項を定める省令,でんしこうこくにかんするとうきじこうをさだめるしょうれい,平成二十八年三月一日
418M60000010052,府省令,裁判外紛争解決手続の利用の促進に関する法律施行規則,さいばんがいふんそうかいけつてつづきのりようのそくしんにかんするほうりつしこうきそく,令和六年四月一日
418M60000010057,府省令,刑事施設及び被収容者の処遇に関する規則,けいじしせつおよびひしゅうようしゃのしょぐうにかんするきそく,令和八年五月二十一日
418M60000010065,府省令,戸籍等の謄本等の交付の請求の受付及び引渡しの業務の公共サービス実施民間事業者における実施に関する省令,こせきとうのとうほんとうのこうふのせいきゅうのうけつけおよびひきわたしのぎょうむのこうきょうさーびすじっしみんかんじぎょうしゃにおけるじっしにかんするしょうれい,令和六年四月一日
418M60000010077,府省令,犯罪被害財産等による被害回復給付金の支給に関する法律施行規則,はんざいひがいざいさんとうによるひがいかいふくきゅうふきんのしきゅうにかんするほうりつしこうきそく,令和四年十一月一日
418M60000012001,府省令,少額短期保険業者供託金規則,しょうがくたんきほけんぎょうしゃきょうたくきんきそく,令和三年六月三十日
418M60000012004,府省令,担保付社債に関する信託契約等に関する規則,たんぽつきしゃさいにかんするしんたくけいやくとうにかんするきそく,令和五年十二月二十七日
418M60000018001,府省令,競争の導入による公共サービスの改革に関する法律第三十四条第二項に規定する公共サービス実施民間事業者の要件を定める省令,きょうそうのどうにゅうによるこうきょうさーびすのかいかくにかんするほうりつだいさんじゅうよんじょうだいにこうにきていするこうきょうさーびすじっしみんかんじぎょうしゃのようけんをさだめるしょうれい,令和元年六月二十日
418M60000018002,府省令,戸籍の附票等の写しの交付の請求の受付及び引渡しの業務の公共サービス実施民間事業者における実施に関する省令,こせきのふひょうとうのうつしのこうふのせいきゅうのうけつけおよびひきわたしのぎょうむのこうきょうさーびすじっしみんかんじぎょうしゃにおけるじっしにかんするしょうれい,令和六年四月一日
418M60000020004,府省令,国外における旅券手数料の額を定める省令,こくがいにおけるりょけんてすうりょうのがくをさだめるしょうれい,令和八年四月一日
418M60000020010,府省令,外務職員の留学費用の償還に関する省令,がいむしょくいんのりゅうがくひようのしょうかんにかんするしょうれい,令和八年四月一日
418M60000020017,府省令,ドミニカ移住者に対する特別一時金の支給等に関する法律施行規則,どみにかいじゅうしゃにたいするとくべついちじきんのしきゅうとうにかんするほうりつせこうきそく,令和二年十二月二十八日
418M60000040004,府省令,平成十七年度の水田農業構造改革交付金等についての所得税及び法人税の臨時特例に関する法律施行規則,へいせいじゅうななねんどのすいでんのうぎょうこうぞうかいかくこうふきんとうについてのしょとくぜいおよびほうじんぜいのりんじとくれいにかんするほうりつせこうきそく,平成十八年二月十六日
418M60000042001,府省令,保険業法第二百七十二条の二十五第二項に規定する区分等を定める命令,ほけんぎょうほうだいにひゃくななじゅうにじょうのにじゅうごだいにこうにきていするくぶんとうをさだめるめいれい,平成十八年五月一日
418M60000048001,府省令,地方財政法施行令第二条第四項、第十七条第四項、第二十一条第四項及び第二十八条第三項並びに地方公共団体の財政の健全化に関する法律施行令第十四条第二項に規定する総務省令・財務省令で定める要件を定める省令,ちほうざいせいほうしこうれいだいにじょうだいよんこうだいななじょうだいよんこうおよびだいにじゅういちじょうだいさんこうならびにちほうこうきょうだんたいのざいせいのけんぜんかにかんするほうりつしこうれいだいじゅうよんじょうだいにこうにきていするそうむしょうれいざいむしょうれいでさだめるようけんをさだめるしょうれい,平成二十八年四月一日
418M60000080012,府省令,大学の設置等の認可の申請及び届出に係る手続等に関する規則,だいがくのせっちとうのにんかのしんせいおよびとどけでにかかるてつづきとうにかんするきそく,令和八年三月十三日
418M60000080024,府省令,独立行政法人に係る改革を推進するための文部科学省関係法律の整備に関する法律の施行に伴う文部科学省関係省令の整備及び経過措置等に関する省令,どくりつぎょうせいほうじんにかかるかいかくをすいしんするためのもんぶかがくしょうかんけいほうりつのせいびにかんするほうりつのせこうにともなうもんぶかがくしょうかんけいしょうれいのせいびおよびけいかそちとうにかんするしょうれい,平成十八年四月一日
418M60000080028,府省令,特定先端大型研究施設の共用の促進に関する法律施行規則,とくていせんたんおおがたけんきゅうしせつのきょうようのそくしんにかんするほうりつしこうきそく,令和六年四月一日
418M60000082001,府省令,原子力発電施設等立地地域の振興に関する特別措置法施行令第八条第二項の額の算定に関する命令,げんしりょくはつでんしせつとうりっちちいきのしんこうにかんするとくべつそちほうしこうれいだいはちじょうだいにこうのがくのさんていにかんするめいれい,平成十八年四月二十六日
418M60000100019,府省令,障害者の日常生活及び社会生活を総合的に支援するための法律施行規則,しょうがいしゃのにちじょうせいかつおよびしゃかいせいかつをそうごうてきにしえんするためのほうりつしこうきそく,令和八年四月一日
418M60000100034,府省令,指定地域密着型サービスの事業の人員、設備及び運営に関する基準,していちいきみっちゃくがたさーびすのじぎょうのじんいんせつびおよびうんえいにかんするきじゅん,令和七年四月一日
418M60000100035,府省令,指定介護予防サービス等の事業の人員、設備及び運営並びに指定介護予防サービス等に係る介護予防のための効果的な支援の方法に関する基準,していかいごよぼうさーびすとうのじぎょうのじんいんせつびおよびうんえいならびにしていかいごよぼうさーびすとうにかかるかいごよぼうのためのこうかてきなしえんのほうほうにかんするきじゅん,令和七年四月一日
418M60000100036,府省令,指定地域密着型介護予防サービスの事業の人員、設備及び運営並びに指定地域密着型介護予防サービスに係る介護予防のための効果的な支援の方法に関する基準,していちいきみっちゃくがたかいごよぼうさーびすのじぎょうのじんいんせつびおよびうんえいならびにしていちいきみっちゃくがたかいごよぼうさーびすにかかるかいごよぼうのためのこうかてきなしえんのほうほうにかんするきじゅん,令和六年四月一日
418M60000100037,府省令,指定介護予防支援等の事業の人員及び運営並びに指定介護予防支援等に係る介護予防のための効果的な支援の方法に関する基準,していかいごよぼうしえんとうのじぎょうのじんいんおよびうんえいならびにしていかいごよぼうしえんとうにかかるかいごよぼうのためのこうかてきなしえんのほうほうにかんするきじゅん,令和六年四月一日
418M60000100039,府省令,厚生労働省関係石綿による健康被害の救済に関する法律施行規則,こうせいろうどうしょうかんけいいしわたによるけんこうひがいのきゅうさいにかんするほうりつせこうきそく,令和七年四月一日
418M60000100060,府省令,年金積立金管理運用独立行政法人の業務運営、財務及び会計並びに人事管理に関する省令,ねんきんつみたてきんかんりうんようどくりつぎょうせいほうじんのぎょうむうんえいざいむおよびかいけいならびにじんじかんりにかんするしょうれい,令和四年一月三十一日
418M60000100070,府省令,労働者派遣事業の適正な運営の確保及び派遣労働者の保護等に関する法律施行令第二条第二項の市町村を定める省令,ろうどうしゃはけんじぎょうのてきせいなうんえいのかくほおよびはけんろうどうしゃのほごとうにかんするほうりつしこうれいだいにじょうだいにこうのしちょうそんをさだめるしょうれい,令和七年九月一日
418M60000100094,府省令,高齢者虐待の防止、高齢者の養護者に対する支援等に関する法律施行規則,こうれいしゃぎゃくたいのぼうしこうれいしゃのようごしゃにたいするしえんとうにかんするほうりつしこうきそく,平成十八年五月九日
418M60000100140,府省令,厚生労働省関係競争の導入による公共サービスの改革に関する法律施行規則,こうせいろうどうしょうかんけいきょうそうのどうにゅうによるこうきょうさーびすのかいかくにかんするほうりつしこうきそく,平成二十八年七月一日
418M60000100170,府省令,介護給付費等の請求に関する命令,かいごきゅうふひとうのせいきゅうにかんするめいれい,令和七年十月一日
418M60000100171,府省令,障害者の日常生活及び社会生活を総合的に支援するための法律に基づく指定障害福祉サービスの事業等の人員、設備及び運営に関する基準,しょうがいしゃのにちじょうせいかつおよびしゃかいせいかつをそうごうてきにしえんするためのほうりつにもとづくしていしょうがいふくしさーびすのじぎょうとうのじんいんせつびおよびうんえいにかんするきじゅん,令和七年十月一日
418M60000100172,府省令,障害者の日常生活及び社会生活を総合的に支援するための法律に基づく指定障害者支援施設等の人員、設備及び運営に関する基準,しょうがいしゃのにちじょうせいかつおよびしゃかいせいかつをそうごうてきにしえんするためのほうりつにもとづくしていしょうがいしゃしえんしせつとうのじんいんせつびおよびうんえいにかんするきじゅん,令和七年四月一日
418M60000100174,府省令,障害者の日常生活及び社会生活を総合的に支援するための法律に基づく障害福祉サービス事業の設備及び運営に関する基準,しょうがいしゃのにちじょうせいかつおよびしゃかいせいかつをそうごうてきにしえんするためのほうりつにもとづくしょうがいふくしさーびすじぎょうのせつびおよびうんえいにかんするきじゅん,令和七年十月一日
418M60000100175,府省令,障害者の日常生活及び社会生活を総合的に支援するための法律に基づく地域活動支援センターの設備及び運営に関する基準,しょうがいしゃのにちじょうせいかつおよびしゃかいせいかつをそうごうてきにしえんするためのほうりつにもとづくちいきかつどうしえんせんたーのせつびおよびうんえいにかんするきじゅん,令和五年四月一日
418M60000100176,府省令,障害者の日常生活及び社会生活を総合的に支援するための法律に基づく福祉ホームの設備及び運営に関する基準,しょうがいしゃのにちじょうせいかつおよびしゃかいせいかつをそうごうてきにしえんするためのほうりつにもとづくふくしほーむのせつびおよびうんえいにかんするきじゅん,令和五年四月一日
418M60000100177,府省令,障害者の日常生活及び社会生活を総合的に支援するための法律に基づく障害者支援施設の設備及び運営に関する基準,しょうがいしゃのにちじょうせいかつおよびしゃかいせいかつをそうごうてきにしえんするためのほうりつにもとづくしょうがいしゃしえんしせつのせつびおよびうんえいにかんするきじゅん,令和七年四月一日
418M60000100179,府省令,障害児通所給付費等の請求に関する内閣府令,しょうがいじつうしょきゅうふひとうのせいきゅうにかんするないかくふれい,令和七年四月一日
418M60000200004,府省令,育成者権を侵害する物品に該当するか否かの認定手続に係る農林水産大臣の意見聴取に関する省令,いくせいしゃけんをしんがいするぶっぴんにがいとうするかいなかのにんていてつづきにかかるのうりんすいさんだいじんのいけんちょうしゅにかんするしょうれい,平成二十八年四月一日
418M60000200046,府省令,森林組合法施行規則,しんりんくみあいほうしこうきそく,令和八年四月一日
418M60000200059,府省令,農業の担い手に対する経営安定のための交付金の交付に関する法律施行規則,のうぎょうのにないてにたいするけいえいあんていのためのこうふきんのこうふにかんするほうりつしこうきそく,令和四年四月一日
418M60000200072,府省令,農業の担い手に対する経営安定のための交付金の交付に関する法律第三条第四項に規定する調整額及び同法第四条第二項の規定に基づく交付金の金額の算定に関する省令,のうぎょうのにないてにたいするけいえいあんていのためのこうふきんのこうふにかんするほうりつだいさんじょうだいよんこうにきていするちょうせいがくおよびどうほうだいよんじょうだいにこうのきていにもとづくこうふきんのきんがくのさんていにかんするしょうれい,令和二年四月一日
418M60000200080,府省令,特定特殊自動車排出ガスの規制等に関する法律第三十六条の規定により地方農政局長に委任する権限を定める省令,とくていとくしゅじどうしゃはいしゅつがすのきせいとうにかんするほうりつだいさんじゅうろくじょうのきていによりちほうのうせいきょくちょうにいにんするけんげんをさだめるしょうれい,平成二十九年四月一日
418M60000240001,府省令,農業信用保証保険法第五十九条第三項の要件を定める省令,のうぎょうしんようほしょうほけんほうだいごじゅうきゅうじょうだいさんこうのようけんをさだめるしょうれい,平成十八年四月一日
418M60000400002,府省令,電気事業託送供給等収支計算規則,でんきじぎょうたくそうきょうきゅうとうしゅうしけいさんきそく,令和六年四月一日
418M60000400006,府省令,関税法第六十九条の四第一項の規定による経済産業大臣に対する意見の求めに係る申請手続等に関する規則,かんぜいほうだいろくじゅうきゅうじょうのよんだいいっこうのきていによるけいざいさんぎょうだいじんにたいするいけんのもとめにかかるしんせいてつづきとうにかんするきそく,令和二年十二月二十八日
418M60000400012,府省令,日本アルコール産業株式会社法施行規則,にっぽんあるこーるさんぎょうかぶしきがいしゃほうせこうきそく,令和三年三月一日
418M60000400030,府省令,高圧ガス保安法の規定に基づく意見の聴取の手続に関する規則,こうあつがすほあんほうのきていにもとづくいけんのちょうしゅのてつづきにかんするきそく,平成二十八年四月一日
418M60000400031,府省令,液化石油ガスの保安の確保及び取引の適正化に関する法律の規定に基づく意見の聴取の手続に関する規則,えきかせきゆがすのほあんのかくほおよびとりひきのてきせいかにかんするほうりつのきていにもとづくいけんのちょうしゅのてつづきにかんするきそく,平成二十八年四月一日
418M60000400045,府省令,原子力発電施設等立地地域の振興に関する特別措置法施行令第六条第三項の人口一人当たりの工業付加価値額等の算定に関する省令,げんしりょくはつでんしせつとうりっちちいきのしんこうにかんするとくべつそちほうしこうれいだいろくじょうだいさんこうのじんこうひとりあたりたりのこうぎょうふかかちがくとうのさんていにかんするしょうれい,平成二十一年四月一日
418M60000400046,府省令,発電用施設周辺地域整備法施行令第五条第三項の人口一人当たりの工業付加価値額等の算定に関する省令,はつでんようしせつしゅうへんちいきせいびほうしこうれいだいごじょうだいさんこうのじんこうひとりあたりたりのこうぎょうふかかちがくとうのさんていにかんするしょうれい,平成二十一年四月一日
418M60000400083,府省令,経済産業省関係中心市街地の活性化に関する法律施行規則,けいざいさんぎょうしょうかんけいちゅうしんしがいちのかっせいかにかんするほうりつせこうきそく,令和二年十二月二十八日
418M60000400096,府省令,独立行政法人工業所有権総合情報館法の一部改正に伴う経過措置に関する政令第二条に規定する経済産業省令で定める課又はこれに準ずる室を定める省令,どくりつぎょうせいほうじんこうぎょうしょゆうけんそうごうじょうほうかんほうのいちぶかいせいにともなうけいかそちにかんするせいれいだいにじょうにきていするけいざいさんぎょうしょうれいでさだめるかまたはこれにじゅんずるしつをさだめるしょうれい,平成十八年十一月八日
418M60000400101,府省令,外国相互間の貨物の移動を伴う貨物の売買、貸借又は贈与に関する取引に係る貨物が核兵器等の開発等のために用いられるおそれがある場合を定める省令,がいこくそうごかんのかもつのいどうをともなうかもつのばいばいたいしゃくまたはぞうよにかんするとりひきにかかるかもつがかくへいきとうのかいはつとうのためにもちいられるおそれがあるばあいをさだめるしょうれい,令和七年十月九日
418M60000400102,府省令,仮に陸揚げした貨物が核兵器等の開発等のために用いられるおそれがある場合を定める省令,かりにりくあげしたかもつがかくへいきとうのかいはつとうのためにもちいられるおそれがあるばあいをさだめるしょうれい,平成二十一年十一月一日
418M60000740001,府省令,小売業に属する事業を行う者の容器包装の使用の合理化による容器包装廃棄物の排出の抑制の促進に関する判断の基準となるべき事項を定める省令,こうりぎょうにぞくするじぎょうをおこなうもののようきほうそうのしようのごうりかによるようきほうそうはいきぶつのはいしゅつのよくせいのそくしんにかんするはんだんのきじゅんとなるべきじこうをさだめるしょうれい,令和二年七月一日
418M60000740002,府省令,小売業に属する事業を行う容器包装多量利用事業者の定期の報告に関する事項を定める省令,こうりぎょうにぞくするじぎょうをおこなうようきほうそうたりょうりようじぎょうしゃのていきのほうこくにかんするじこうをさだめるしょうれい,令和二年十二月二十八日
418M60000800004,府省令,国土交通省所管に属する物品の無償貸付及び譲与に関する省令,こくどこうつうしょうしょかんにぞくするぶっぴんのむしょうかしつけおよびじょうよにかんするしょうれい,平成十八年一月三十一日
418M60000800011,府省令,エネルギーの使用の合理化及び非化石エネルギーへの転換等に関する法律の規定に基づく輸送事業者に係る届出等に関する省令,えねるぎーのしようのごうりかおよびひかせきえねるぎーへのてんかんとうにかんするほうりつのきていにもとづくゆそうじぎょうしゃにかかるとどけでとうにかんするしょうれい,令和七年四月一日
418M60000800070,府省令,住生活基本法施行規則,じゅうせいかつきほんほうしこうきそく,平成十八年六月八日
418M60000800079,府省令,鉄道事業動力車操縦者資質管理報告規則,てつどうじぎょうどうりょくしゃそうじゅうしゃししつかんりほうこくきそく,平成十八年十月一日
418M60000800081,府省令,海上保安官に協力援助した者等の災害給付に関する法律施行規則,かいじょうほあんかんにきょうりょくえんじょしたものとうのさいがいきゅうふにかんするほうりつしこうきそく,平成二十三年七月十五日
418M60000800082,府省令,国土交通省関係中心市街地の活性化に関する法律施行規則,こくどこうつうしょうかんけいちゅうしんしがいちのかっせいかにかんするほうりつしこうきそく,令和六年三月三十一日
418M60000800088,府省令,特定外貿埠頭の管理運営に関する法律施行規則,とくていそとぼうふとうのかんりうんえいにかんするほうりつしこうきそく,令和七年一月一日
418M60000800092,府省令,登録水先人養成施設及び登録水先免許更新講習に関する省令,とうろくみずさきにんようせいしせつおよびとうろくみずさきめんきょこうしんこうしゅうにかんするしょうれい,令和六年四月一日
418M60000800110,府省令,高齢者、障害者等の移動等の円滑化の促進に関する法律施行規則,こうれいしゃしょうがいしゃとうのいどうとうのえんかつかのそくしんにかんするほうりつしこうきそく,令和七年六月一日
418M60000800111,府省令,移動等円滑化のために必要な旅客施設又は車両等の構造及び設備並びに旅客施設及び車両等を使用した役務の提供の方法に関する基準を定める省令,いどうとうえんかつかのためにひつようなりょきゃくしせつまたはしゃりょうとうのこうぞうおよびせつびならびにりょきゃくしせつおよびしゃりょうとうをしようしたやくむのていきょうのほうほうにかんするきじゅんをさだめるしょうれい,令和七年四月一日
418M60000800112,府省令,移動等円滑化のために必要な特定路外駐車場の構造及び設備に関する基準を定める省令,いどうとうえんかつかのためにひつようなとくていろがいちゅうしゃじょうのこうぞうおよびせつびにかんするきじゅんをさだめるしょうれい,令和七年六月一日
418M60000800113,府省令,高齢者、障害者等の移動等の円滑化の促進に関する法律施行令第二十条に規定する標識に関する省令,こうれいしゃしょうがいしゃとうのいどうとうのえんかつかのそくしんにかんするほうりつしこうれいだいにじゅうじょうにきていするひょうしきにかんするしょうれい,令和七年六月一日
418M60000800114,府省令,高齢者、障害者等が円滑に利用できるようにするために誘導すべき建築物特定施設の構造及び配置に関する基準を定める省令,こうれいしゃしょうがいしゃとうがえんかつにりようできるようにするためにゆうどうすべきけんちくぶつとくていしせつのこうぞうおよびはいちにかんするきじゅんをさだめるしょうれい,令和七年六月一日
418M60000800115,府省令,移動等円滑化のために必要な特定公園施設の設置に関する基準を定める省令,いどうとうえんかつかのためにひつようなとくていこうえんしせつのせっちにかんするきじゅんをさだめるしょうれい,令和七年六月一日
418M60000800116,府省令,移動等円滑化のために必要な道路の構造及び旅客特定車両停留施設を使用した役務の提供の方法に関する基準を定める省令,いどうとうえんかつかのためにひつようなどうろのこうぞうおよびりょきゃくとくていしゃりょうていりゅうしせつをしようしたえきむのていきょうのほうほうにかんするきじゅんをさだめるしょうれい,令和三年四月一日
418M60000800117,府省令,移動等円滑化のために必要な道路の占用に関する基準を定める省令,いどうとうえんかつかのためにひつようなどうろのせんようにかんするきじゅんをさだめるしょうれい,令和三年四月一日
418M6000080A001,府省令,高齢者、障害者等の移動等の円滑化の促進に関する法律施行令第一条第二号に規定する旅客施設を利用する高齢者及び障害者の人数の算定に関する命令,こうれいしゃしょうがいしゃとうのいどうとうのえんかつかのそくしんにかんするほうりつしこうれいだいいちじょうだいにごうにきていするりょきゃくしせつをりようするこうれいしゃおよびしょうがいしゃのにんずうのさんていにかんするめいれい,平成三十一年四月一日
418M60000A00003,府省令,国立研究開発法人土木研究所の業務運営に関する省令,こくりつけんきゅうかいはつほうじんどぼくけんきゅうじょのぎょうむうんえいにかんするしょうれい,令和元年六月二十七日
418M60000A08001,府省令,豪雪地帯対策特別措置法施行令第二条第二項の額の算定に関する省令,ごうせつちたいたいさくとくべつそちほうしこうれいだいにじょうだいにこうのがくのさんていにかんするしょうれい,平成十八年四月一日
418M60000C00002,府省令,火薬類取締法の規定に基づく意見の聴取の手続に関する規則,かやくるいとりしまりほうのきていにもとづくいけんのちょうしゅのてつづきにかんするきそく,平成二十八年四月一日
418M60000C02002,府省令,中心市街地の活性化に関する法律第十五条第三項の中心市街地活性化協議会の組織の公表に関する命令,ちゅうしんしがいちのかっせいかにかんするほうりつだいじゅうごじょうだいさんこうのちゅうしんしがいちかっせいかきょうぎかいのそしきのこうひょうにかんするめいれい,平成十八年八月二十二日
418M60001000001,府省令,動物の愛護及び管理に関する法律施行規則,どうぶつのあいごおよびかんりにかんするほうりつしこうきそく,令和七年九月一日
418M60001000003,府省令,環境省関係石綿による健康被害の救済に関する法律施行規則,かんきょうしょうかんけいいしわたによるけんこうひがいのきゅうさいにかんするほうりつせこうきそく,令和六年十二月二日
418M60001000024,府省令,廃棄物の処理及び清掃に関する法律施行令及び海洋汚染等及び海上災害の防止に関する法律施行令の一部を改正する政令附則第二条第二項の規定による届出に関する省令,はいきぶつのしょりおよびせいそうにかんするほうりつせこうれいおよびかいようおせんとうおよびかいじょうさいがいのぼうしにかんするほうりつしこうれいのいちぶをかいせいするせいれいふそくだいにじょうだいにこうのきていによるとどけでにかんするしょうれい,令和二年三月三十日
418M60001400003,府省令,特定排出者の事業活動に伴う温室効果ガスの排出量の算定に関する省令,とくていはいしゅつしゃのじぎょうかつどうにともなうおんしつこうかがすのはいしゅつりょうのさんていにかんするしょうれい,令和八年四月一日
418M60001400004,府省令,温室効果ガス算定排出量等の集計の方法等を定める省令,おんしつこうかがすさんていはいしゅつりょうとうのしゅうけいのほうほうとうをさだめるしょうれい,令和四年四月一日
418M60001C00001,府省令,特定特殊自動車排出ガスの規制等に関する法律施行規則,とくていとくしゅじどうしゃはいしゅつがすのきせいとうにかんするほうりつしこうきそく,令和七年四月一日
418M60001C00002,府省令,特定特殊自動車排出ガスの規制等に関する法律に係る民間事業者等が行う書面の保存等における情報通信の技術の利用に関する法律施行規則,とくていとくしゅじどうしゃはいしゅつがすのきせいとうにかんするほうりつにかかるみんかんじぎょうしゃとうがおこなうしょめんのほぞんとうにおけるじょうほうつうしんのぎじゅつのりようにかんするほうりつしこうきそく,令和六年一月二十四日
418M60001C00003,府省令,特定解体工事元請業者が特定解体工事発注者に交付する書面の記載事項等に関する省令,とくていかいたいこうじもとうけぎょうしゃがとくていかいたいこうじはっちゅうしゃにこうふするしょめんのきさいじこうとうにかんするしょうれい,令和二年四月一日
418M60001FFA002,府省令,温室効果ガス算定排出量等の報告等に関する命令,おんしつこうかがすさんていはいしゅつりょうとうのほうこくとうにかんするめいれい,令和八年四月一日
418M60200000001,規則,私的独占の禁止及び公正取引の確保に関する法律第十条第三項に規定する保険業を営む会社から除くものとして公正取引委員会規則で定める会社を定める規則,してきどくせんのきんしおよびこうせいとりひきのかくほにかんするほうりつだいじゅうじょうだいさんこうにきていするほけんぎょうをいとなむかいしゃからのぞくものとしてこうせいとりひきいいんかいきそくでさだめるかいしゃをさだめるきそく,平成二十二年一月一日
418M60400000007,規則,指定自動車教習所の指定に係る別段の申出に関する規則,していじどうしゃきょうしゅうじょのしていにかかるべつだんのもうしでにかんするきそく,平成十八年四月一日
418M60400000023,規則,警察官の職務に協力援助した者の災害給付に関する法律施行規則,けいさつかんのしょくむにきょうりょくえんじょしたもののさいがいきゅうふにかんするほうりつせこうきそく,平成二十三年七月十五日
418M60400000028,規則,高齢者、障害者等の移動等の円滑化の促進に係る信号機等に関する基準を定める規則,こうれいしゃしょうがいしゃとうのいどうとうのえんかつかのそくしんにかかるしんごうきとうにかんするきじゅんをさだめるきそく,令和五年七月一日
418R00000001004,規則,会計検査院懲戒処分要求及び検定規則,かいけいけんさいんちょうかいしょぶんようきゅうおよびけんていきそく,令和二年十二月二十五日
418R00000001006,規則,会計検査院審査規則,かいけいけんさいんしんさきそく,令和四年四月一日
418RJNJ01045000,規則,人事院規則一―四五（人事・給与関係業務情報システムを使用する場合の人事関係手続の特例）,じんじいんきそくいちのよんじゅうごじんじきゅうよかんけいぎょうむじょうほうしすてむをしようするばあいのじんじかんけいてつづきのとくれい,令和五年四月一日
418RJNJ02014000,規則,人事院規則二―一四（人事院の職員の定員）,じんじいんきそくにのじゅうよんじんじいんのしょくいんのていいん,令和七年四月一日
418RJNJ09049032,規則,人事院規則九―四九（地域手当）,じんじいんきそくきゅうのよんじゅうきゅうちいきてあて,令和八年四月一日
418RJNJ09121000,規則,人事院規則九―一二一（広域異動手当）,じんじいんきそくきゅうのひゃくにじゅういちこういきいどうてあて,令和五年四月一日
418RJNJ10012000,規則,人事院規則一〇―一二（職員の留学費用の償還）,じんじいんきそくじゅうのじゅうにしょくいんのりゅうがくひようのしょうかん,令和五年四月一日
419AC0000000022,法律,犯罪による収益の移転防止に関する法律,はんざいによるしゅうえきのいてんぼうしにかんするほうりつ,令和八年一月一日
419AC0000000023,法律,特別会計に関する法律,とくべつかいけいにかんするほうりつ,令和八年四月一日
419AC0000000025,法律,平成十九年度における財政運営のための公債の発行の特例等に関する法律,へいせいじゅうきゅうねんどにおけるざいせいうんえいのためのこうさいのはっこうのとくれいとうにかんするほうりつ,平成十九年四月一日
419AC0000000032,法律,武力紛争の際の文化財の保護に関する法律,ぶりょくふんそうのさいのぶんかざいのほごにかんするほうりつ,令和七年六月一日
419AC0000000037,法律,国際刑事裁判所に対する協力等に関する法律,こくさいけいじさいばんしょにたいするきょうりょくとうにかんするほうりつ,令和八年五月二十二日
419AC0000000038,法律,放射線を発散させて人の生命等に危険を生じさせる行為等の処罰に関する法律,ほうしゃせんをはっさんさせてひとのせいめいとうにきけんをしょうじさせるこういとうのしょばつにかんするほうりつ,令和七年六月一日
419AC0000000040,法律,地域経済牽引事業の促進による地域の成長発展の基盤強化に関する法律,ちいきけいざいけんいんじぎょうのそくしんによるちいきのせいちょうはってんのきばんきょうかにかんするほうりつ,令和七年十月一日
419AC0000000045,法律,国家公務員の自己啓発等休業に関する法律,こっかこうむいんのじこけいはつとうきゅうぎょうにかんするほうりつ,平成三十一年四月一日
419AC0000000048,法律,農山漁村の活性化のための定住等及び地域間交流の促進に関する法律,のうさんぎょそんのかっせいかのためのていじゅうとうおよびちいきかんこうりゅうのそくしんにかんするほうりつ,令和四年十月一日
419AC0000000052,法律,広域的地域活性化のための基盤整備に関する法律,こういきてきちいきかっせいかのためのきばんせいびにかんするほうりつ,令和六年十一月一日
419AC0000000053,法律,統計法,とうけいほう,令和七年六月一日
419AC0000000057,法律,株式会社日本政策金融公庫法,かぶしきがいしゃにっぽんせいさくきんゆうこうこほう,令和七年六月一日
419AC0000000059,法律,地域公共交通の活性化及び再生に関する法律,ちいきこうきょうこうつうのかっせいかおよびさいせいにかんするほうりつ,令和七年六月一日
419AC0000000064,法律,地方公共団体金融機構法,ちほうこうきょうだんたいきんゆうきこうほう,令和八年四月一日
419AC0000000066,法律,特定住宅瑕疵担保責任の履行の確保等に関する法律,とくていじゅうたくかしたんぽせきにんのりこうのかくほとうにかんするほうりつ,令和十年六月十三日
419AC0000000067,法律,駐留軍等の再編の円滑な実施に関する特別措置法,ちゅうりゅうぐんとうのさいへんのえんかつなじっしにかんするとくべつそちほう,令和六年四月一日
419AC0000000074,法律,株式会社商工組合中央金庫法,かぶしきがいしゃしょうこうくみあいちゅうおうきんこほう,令和八年一月一日
419AC0000000085,法律,株式会社日本政策投資銀行法,かぶしきがいしゃにっぽんせいさくとうしぎんこうほう,令和七年六月一日
419AC0000000088,法律,更生保護法,こうせいほごほう,令和八年十二月九日
419AC0000000094,法律,地方公共団体の財政の健全化に関する法律,ちほうこうきょうだんたいのざいせいのけんぜんかにかんするほうりつ,令和八年四月一日
419AC0000000102,法律,電子記録債権法,でんしきろくさいけんほう,令和十年六月十三日
419AC0000000104,法律,社会保障協定の実施に伴う厚生年金保険法等の特例等に関する法律,しゃかいほしょうきょうていのじっしにともなうこうせいねんきんほけんほうとうのとくれいとうにかんするほうりつ,令和十年四月一日
419AC0000000109,法律,日本年金機構法,にっぽんねんきんきこうほう,令和七年六月一日
419AC0000000128,法律,労働契約法,ろうどうけいやくほう,令和二年四月一日
419AC0100000056,法律,国等における温室効果ガス等の排出の削減に配慮した契約の推進に関する法律,くにとうにおけるおんしつこうかがすとうのはいしゅつのさくげんにはいりょしたけいやくのすいしんにかんするほうりつ,令和三年九月一日
419AC0100000103,法律,救急医療用ヘリコプターを用いた救急医療の確保に関する特別措置法,きゅうきゅういりょうようへりこぷたーをもちいたきゅうきゅういりょうのかくほにかんするとくべつそちほう,平成二十三年八月三十日
419AC1000000002,法律,平成十八年度の水田農業構造改革交付金等についての所得税及び法人税の臨時特例に関する法律,へいせいじゅうはちねんどのすいでんのうぎょうこうぞうかいかくこうふきんとうについてのしょとくぜいおよびほうじんぜいのりんじとくれいにかんするほうりつ,平成十九年二月十六日
419AC1000000033,法律,海洋基本法,かいようきほんほう,令和三年九月一日
419AC1000000034,法律,海洋構築物等に係る安全水域の設定等に関する法律,かいようこうちくぶつとうにかかるあんぜんすいいきのせっていとうにかんするほうりつ,令和七年六月一日
419AC1000000051,法律,日本国憲法の改正手続に関する法律,にほんこくけんぽうのかいせいてつづきにかんするほうりつ,令和八年五月二十一日
419AC1000000063,法律,地理空間情報活用推進基本法,ちりくうかんじょうほうかつようすいしんきほんほう,平成十九年八月二十九日
419AC1000000065,法律,映画の盗撮の防止に関する法律,えいがのとうさつのぼうしにかんするほうりつ,令和二年十月一日
419AC1000000081,法律,カネミ油症事件関係仮払金返還債権の免除についての特例に関する法律,かねみゆしょうじけんかんけいかりばらいきんへんかんさいけんのめんじょについてのとくれいにかんするほうりつ,令和元年十二月十六日
419AC1000000105,法律,エコツーリズム推進法,えこつーりずむすいしんほう,平成二十三年八月三十日
419AC1000000111,法律,厚生年金保険の保険給付及び国民年金の給付に係る時効の特例等に関する法律,こうせいねんきんほけんのほけんきゅうふおよびこくみんねんきんのきゅうふにかかるじこうのとくれいとうにかんするほうりつ,平成二十四年四月一日
419AC1000000112,法律,住宅確保要配慮者に対する賃貸住宅の供給の促進に関する法律,じゅうたくかくほようはいりょしゃにたいするちんたいじゅうたくのきょうきゅうのそくしんにかんするほうりつ,令和七年十月一日
419AC1000000131,法律,厚生年金保険の保険給付及び保険料の納付の特例等に関する法律,こうせいねんきんほけんのほけんきゅうふおよびほけんりょうののうふのとくれいとうにかんするほうりつ,令和六年一月一日
419AC1000000133,法律,犯罪利用預金口座等に係る資金による被害回復分配金の支払等に関する法律,はんざいりようよきんこうざとうにかかるしきんによるひがいかいふくぶんぱいきんのしはらいとうにかんするほうりつ,令和七年六月一日
419AC1000000134,法律,鳥獣による農林水産業等に係る被害の防止のための特別措置に関する法律,ちょうじゅうによるのうりんすいさんぎょうとうにかかるひがいのぼうしのためのとくべつそちにかんするほうりつ,令和七年九月一日
419CO0000000011,政令,道州制特別区域における広域行政の推進に関する法律施行令,どうしゅうせいとくべつくいきにおけるこういきぎょうせいのすいしんにかんするほうりつしこうれい,令和六年四月一日
419CO0000000012,政令,道州制特別区域推進本部令,どうしゅうせいとくべつくいきすいしんほんぶれい,平成十九年一月二十六日
419CO0000000019,政令,入札談合等関与行為の排除及び防止並びに職員による入札等の公正を害すべき行為の処罰に関する法律施行令,にゅうさつだんごうとうかんよこういのはいじょおよびぼうしならびにしょくいんによるにゅうさつなどのこうせいをがいすべきこういのしょばつにかんするほうりつせこうれい,令和六年四月二十五日
419CO0000000021,政令,遺失物法施行令,いしつぶつほうしこうれい,令和七年六月一日
419CO0000000023,政令,平成十八年度の水田農業構造改革交付金等についての所得税及び法人税の臨時特例に関する法律施行令,へいせいじゅうはちねんどのすいでんのうぎょうこうぞうかいかくこうふきんとうについてのしょとくぜいおよびほうじんぜいのりんじとくれいにかんするほうりつしこうれい,平成十九年二月十六日
419CO0000000030,政令,独立行政法人住宅金融支援機構法施行令,どくりつぎょうせいほうじんじゅうたくきんゆうしえんきこうほうしこうれい,令和八年四月一日
419CO0000000038,政令,一般社団法人及び一般財団法人に関する法律施行令,いっぱんしゃだんほうじんおよびいっぱんざいだんほうじんにかんするほうりつしこうれい,平成二十年十二月一日
419CO0000000046,政令,平成十八年等における特定地域に係る激甚災害及びこれに対し適用すべき措置の指定に関する政令,へいせいじゅうはちねんとうにおけるとくていちいきにかかるげきじんさいがいおよびこれにたいしてきようすべきそちのしていにかんするせいれい,平成十九年三月十四日
419CO0000000053,政令,平成十八年十月六日から同月九日までの間の暴風雨及び豪雨による災害についての激甚災害並びにこれに対し適用すべき措置の指定に関する政令,へいせいじゅうはちねんじゅうがつむいかからどうげつここのかまでのかんのぼうふううおよびごううによるさいがいについてのげきじんさいがいならびにこれにたいしてきようすべきそちのしていにかんするせいれい,平成十九年三月二十二日
419CO0000000064,政令,公益認定等委員会令,こうえきにんていとういいんかいれい,平成二十年十二月三十一日
419CO0000000065,政令,独立行政法人農畜産業振興機構法施行令,どくりつぎょうせいほうじんのうちくさんぎょうしんこうきこうほうせこうれい,平成三十年四月一日
419CO0000000076,政令,がん対策推進協議会令,がんたいさくすいしんきょうぎかいれい,令和五年九月一日
419CO0000000105,政令,東ティモール選挙監視国際平和協力隊の設置等に関する政令,ひがしてぃもーるせんきょかんしこくさいへいわきょうりょくたいのせっちとうにかんするせいれい,平成十九年六月二十日
419CO0000000106,政令,ネパール国際平和協力隊の設置等に関する政令,ねぱーるこくさいへいわきょうりょくたいのせっちとうにかんするせいれい,平成二十二年十一月十九日
419CO0000000107,政令,消費者契約法施行令,しょうひしゃけいやくほうしこうれい,令和六年二月一日
419CO0000000110,政令,独立行政法人国立博物館法の一部を改正する法律の施行に伴う関係政令の整備及び経過措置に関する政令,どくりつぎょうせいほうじんこくりつはくぶつかんほうのいちぶをかいせいするほうりつのせこうにともなうかんけいせいれいのせいびおよびけいかそちにかんするせいれい,平成十九年四月一日
419CO0000000111,政令,独立行政法人に係る改革を推進するための独立行政法人農林水産消費技術センター法及び独立行政法人森林総合研究所法の一部を改正する法律の施行に伴う関係政令の整備及び経過措置に関する政令,どくりつぎょうせいほうじんにかかるかいかくをすいしんするためのどくりつぎょうせいほうじんのうりんすいさんしょうひぎじゅつせんたーほうおよびどくりつぎょうせいほうじんしんりんそうごうけんきゅうしょほうのいちぶをかいせいするほうりつのしこうにともなうかんけいせいれいのせいびおよびけいかそちにかんするせいれい,平成十九年四月一日
419CO0000000118,政令,モーターボート競走法の一部を改正する法律の施行に伴う関係政令の整備及び経過措置に関する政令,もーたーぼーときょうそうほうのいちぶをかいせいするほうりつのしこうにともなうかんけいせいれいのせいびおよびけいかそちにかんするせいれい,平成二十年四月一日
419CO0000000122,政令,国会議員の選挙等の執行経費の基準に関する法律施行令,こっかいぎいんのせんきょとうのしっこうけいひのきじゅんにかんするほうりつしこうれい,令和八年四月一日
419CO0000000124,政令,特別会計に関する法律施行令,とくべつかいけいにかんするほうりつせこうれい,令和八年四月一日
419CO0000000127,政令,平成十九年度における財政運営のための公債の発行の特例等に関する法律の規定による国家公務員共済組合の事務に要する費用の負担の特例に関する政令,へいせいじゅうきゅうねんどにおけるざいせいうんえいのためのこうさいのはっこうのとくれいとうにかんするほうりつのきていによるこっかこうむいんきょうさいくみあいのじむにようするひようのふたんのとくれいにかんするせいれい,平成十九年十月一日
419CO0000000176,政令,株式会社産業再生機構法第四十五条第一項の政令で定める割合を定める政令,かぶしきがいしゃさんぎょうさいせいきこうほうだいよんじゅうごじょうだいいっこうのせいれいでさだめるわりあいをさだめるせいれい,平成十九年六月一日
419CO0000000178,政令,地域経済牽引事業の促進による地域の成長発展の基盤強化に関する法律施行令,ちいきけいざいけんいんじぎょうのそくしんによるちいきのせいちょうはってんのきばんきょうかにかんするほうりつしこうれい,令和六年三月十五日
419CO0000000192,政令,救急医療用ヘリコプターを用いた救急医療の確保に関する特別措置法施行令,きゅうきゅういりょうようへりこぷたーをもちいたきゅうきゅういりょうのかくほにかんするとくべつそちほうしこうれい,平成十九年六月二十七日
419CO0000000199,政令,信託法施行令,しんたくほうせこうれい,令和八年五月二十五日
419CO0000000202,政令,総合海洋政策本部令,そうごうかいようせいさくほんぶれい,令和四年七月二十二日
419CO0000000206,政令,厚生年金保険の保険給付及び国民年金の給付に係る時効の特例等に関する法律施行令,こうせいねんきんほけんのほけんきゅうふおよびこくみんねんきんのきゅうふにかかるじこうのとくれいとうにかんするほうりつせこうれい,令和七年四月一日
419CO0000000211,政令,国際刑事裁判所に対する協力等に関する法律による没収保全と滞納処分との手続の調整に関する政令,こくさいけいじさいばんしょにたいするきょうりょくとうにかんするほうりつによるぼっしゅうほぜんとたいのうしょぶんとのてつづきのちょうせいにかんするせいれい,平成十九年十月一日
419CO0000000218,政令,防衛省の職員の自己啓発等休業に関する政令,ぼうえいしょうのしょくいんのじこけいはつとうきゅうぎょうにかんするせいれい,令和五年四月一日
419CO0000000234,政令,独立行政法人郵便貯金簡易生命保険管理・郵便局ネットワーク支援機構法施行令,どくりつぎょうせいほうじんゆうびんちょきんかんいせいめいほけんかんりゆうびんきょくねっとわーくしえんきこうほうしこうれい,令和七年五月一日
419CO0000000249,政令,広域的地域活性化のための基盤整備に関する法律施行令,こういきてきちいきかっせいかのためのきばんせいびにかんするほうりつしこうれい,平成二十三年十一月三十日
419CO0000000251,政令,総合研究開発機構法を廃止する法律施行令,そうごうけんきゅうかいはつきこうほうをはいしするほうりつしこうれい,平成十九年八月十日
419CO0000000260,政令,平成十九年六月十一日から七月十七日までの間の豪雨及び暴風雨による災害についての激甚災害並びにこれに対し適用すべき措置の指定に関する政令,へいせいじゅうきゅうねんろくがつじゅういちにちからしちがつじゅうしちにちまでのまのごううおよびぼうふううによるさいがいについてのげきじんさいがいならびにこれにたいしてきようすべきそちのしていにかんするせいれい,平成十九年八月十日
419CO0000000261,政令,平成十九年新潟県中越沖地震による災害についての激甚災害及びこれに対し適用すべき措置の指定に関する政令,へいせいじゅうきゅうねんにいがたけんちゅうえつおきじしんによるさいがいについてのげきじんさいがいおよびこれにたいしてきようすべきそちのしていにかんするせいれい,平成二十年二月六日
419CO0000000268,政令,駐留軍等の再編の円滑な実施に関する特別措置法施行令,ちゅうりゅうぐんとうのさいへんのえんかつなじっしにかんするとくべつそちほうせこうれい,令和三年七月一日
419CO0000000274,政令,商工組合中央金庫が株式会社商工組合中央金庫となるための手続等に関する政令,しょうこうくみあいちゅうおうきんこがかぶしきがいしゃしょうこうくみあいちゅうおうきんことなるためのてつづきとうにかんするせいれい,平成二十年十月一日
419CO0000000276,政令,公益社団法人及び公益財団法人の認定等に関する法律施行令,こうえきしゃだんほうじんおよびこうえきざいだんほうじんのにんていとうにかんするほうりつせこうれい,令和八年四月一日
419CO0000000277,政令,一般社団法人及び一般財団法人に関する法律及び公益社団法人及び公益財団法人の認定等に関する法律の施行に伴う関係法律の整備等に関する法律施行令,いっぱんしゃだんほうじんおよびいっぱんざいだんほうじんにかんするほうりつおよびこうえきしゃだんほうじんおよびこうえきざいだんほうじんのにんていとうにかんするほうりつのしこうにともなうかんけいほうりつのせいびとうにかんするほうりつしこうれい,平成二十年十二月一日
419CO0000000287,政令,自転車競技法及び小型自動車競走法の一部を改正する法律の一部の施行に伴う関係政令の整備及び経過措置に関する政令,じてんしゃきょうぎほうおよびこがたじどうしゃきょうそうほうのいちぶをかいせいするほうりつのいちぶのしこうにともなうかんけいせいれいのせいびおよびけいかそちにかんするせいれい,平成二十年四月一日
419CO0000000288,政令,自転車競技法第三十九条第一項の期間を定める政令,じてんしゃきょうぎほうだいさんじゅうきゅうじょうだいいっこうのきかんをさだめるせいれい,平成十九年十月一日
419CO0000000290,政令,国立大学法人法の一部を改正する法律の施行に伴う関係政令の整備及び経過措置に関する政令,こくりつだいがくほうじんほうのいちぶをかいせいするほうりつのしこうにともなうかんけいせいれいのせいびおよびけいかそちにかんするせいれい,平成十九年十月一日
419CO0000000295,政令,平成十九年八月二日から同月四日までの間の暴風雨による災害についての激甚災害及びこれに対し適用すべき措置の指定に関する政令,へいせいじゅうきゅうねんはちがつふつかからどうげつよっかまでのまのぼうふううによるさいがいについてのげきじんさいがいおよびこれにたいしてきようすべきそちのしていにかんするせいれい,平成十九年九月二十日
419CO0000000297,政令,地域公共交通の活性化及び再生に関する法律施行令,ちいきこうきょうこうつうのかっせいかおよびさいせいにかんするほうりつしこうれい,令和五年十月一日
419CO0000000300,政令,統計委員会令,とうけいいいんかいれい,平成三十年八月三十一日
419CO0000000302,政令,信託法の施行に伴う関係法律の整備等に関する法律の施行に伴う経過措置を定める政令,しんたくほうのしこうにともなうかんけいほうりつのせいびとうにかんするほうりつのしこうにともなうけいかそちをさだめるせいれい,平成十九年九月三十日
419CO0000000318,政令,高齢者の医療の確保に関する法律施行令,こうれいしゃのいりょうのかくほにかんするほうりつしこうれい,令和八年四月一日
419CO0000000325,政令,前期高齢者交付金及び後期高齢者医療の国庫負担金の算定等に関する政令,ぜんきこうれいしゃこうふきんおよびこうきこうれいしゃいりょうのこっこふたんきんのさんていとうにかんするせいれい,令和八年四月一日
419CO0000000330,政令,利息制限法施行令,りそくせいげんほうせこうれい,令和七年十月一日
419CO0000000331,政令,出資の受入れ、預り金及び金利等の取締りに関する法律施行令,しゅっしのうけいれあずかりきんおよびきんりとうのとりしまりにかんするほうりつしこうれい,令和七年十月一日
419CO0000000344,政令,国等における温室効果ガス等の排出の削減に配慮した契約の推進に関する法律第二条第三項の法人を定める政令,くにとうにおけるおんしつこうかがすとうのはいしゅつのさくげんにはいりょしたけいやくのすいしんにかんするほうりつだいにじょうだいさんこうのほうじんをさだめるせいれい,令和八年四月一日
419CO0000000347,政令,社会保障協定の実施に伴う厚生年金保険法等の特例等に関する政令,しゃかいほしょうきょうていのじっしにともなうこうせいねんきんほけんほうとうのとくれいとうにかんするせいれい,令和八年四月一日
419CO0000000358,政令,公認会計士法の審判手続における参考人及び鑑定人の旅費及び手当に関する政令,こうにんかいけいしほうのしんぱんてつづきにおけるさんこうにんおよびかんていにんのりょひおよびてあてにかんするせいれい,令和七年七月一日
419CO0000000367,政令,株式会社商工組合中央金庫法施行令,かぶしきがいしゃしょうこうくみあいちゅうおうきんこほうしこうれい,令和八年五月二十五日
419CO0000000373,政令,消費生活協同組合法施行令,しょうひせいかつきょうどうくみあいほうしこうれい,令和七年四月一日
419CO0000000374,政令,消費生活協同組合法の一部を改正する等の法律の施行に伴う経過措置に関する政令,しょうひせいかつきょうどうくみあいほうのいちぶをかいせいするとうのほうりつのしこうにともなうけいかそちにかんするせいれい,平成二十年四月一日
419CO0000000382,政令,厚生年金保険の保険給付及び保険料の納付の特例等に関する法律施行令,こうせいねんきんほけんのほけんきゅうふおよびほけんりょうののうふのとくれいとうにかんするほうりつせこうれい,平成二十七年十月一日
419CO0000000384,政令,地方公共団体金融機構法施行令,ちほうこうきょうだんたいきんゆうきこうほうしこうれい,平成二十五年一月一日
419CO0000000395,政令,特定住宅瑕疵担保責任の履行の確保等に関する法律施行令,とくていじゅうたくかしたんぽせきにんのりこうのかくほとうにかんするほうりつしこうれい,令和三年九月三十日
419CO0000000397,政令,地方公共団体の財政の健全化に関する法律施行令,ちほうこうきょうだんたいのざいせいのけんぜんかにかんするほうりつしこうれい,令和八年四月一日
419M60000002003,府省令,防衛省の所管に属する補助金等の事務委任の範囲及びその委任を受ける者を定める省令,ぼうえいしょうのしょかんにぞくするほじょきんとうのじむいにんのはんいおよびそのいにんをうけるものをさだめるしょうれい,平成十九年九月一日
419M60000002004,府省令,防衛省の主管に係る一般会計の歳入について証券をもって納付し得る種目を定める省令,ぼうえいしょうのしゅかんにかかるいっぱんかいけいのさいにゅうについてしょうけんをもってのうふしえるしゅもくをさだめるしょうれい,平成十九年一月九日
419M60000002005,府省令,防衛省の所管に属する不動産及び船舶に関する権利の登記嘱託職員を指定する省令,ぼうえいしょうのしょかんにぞくするふどうさんおよびせんぱくにかんするけんりのとうきしょくたくしょくいんをしていするしょうれい,平成二十七年十月一日
419M60000002009,府省令,防衛省聴聞手続規則,ぼうえいしょうちょうもんてつづききそく,平成十九年一月九日
419M60000002014,府省令,道州制特別区域における広域行政の推進に関する法律施行規則,どうしゅうせいとくべつくいきにおけるこういきぎょうせいのすいしんにかんするほうりつしこうきそく,平成十九年一月二十六日
419M60000002017,府省令,消費者契約法施行規則,しょうひしゃけいやくほうしこうきそく,令和七年四月一日
419M60000002019,府省令,探偵業の業務の適正化に関する法律施行規則,たんていぎょうのぎょうむのてきせいかにかんするほうりつしこうきそく,令和六年四月一日
419M60000002022,府省令,公益認定等委員会事務局組織規則,こうえきにんていとういいんかいじむきょくそしききそく,令和八年四月一日
419M60000002042,府省令,国家公安委員会関係刑事収容施設及び被収容者等の処遇に関する法律施行規則,こっかこうあんいいんかいかんけいけいじしゅうようしせつおよびひしゅうようしゃとうのしょぐうにかんするほうりつしこうきそく,平成二十五年四月一日
419M60000002047,府省令,貸付信託法施行規則,かしつけしんたくほうしこうきそく,令和五年十二月二十七日
419M60000002048,府省令,担保付社債信託法施行規則,たんぽつきしゃさいしんたくほうしこうきそく,令和八年五月二十五日
419M60000002052,府省令,金融商品取引業等に関する内閣府令,きんゆうしょうひんとりひきぎょうとうにかんするないかくふれい,令和八年五月一日
419M60000002053,府省令,金融商品取引業協会等に関する内閣府令,きんゆうしょうひんとりひきぎょうきょうかいとうにかんするないかくふれい,令和七年六月一日
419M60000002054,府省令,金融商品取引所等に関する内閣府令,きんゆうしょうひんとりひきじょとうにかんするないかくふれい,令和八年一月一日
419M60000002059,府省令,有価証券の取引等の規制に関する内閣府令,ゆうかしょうけんのとりひきとうのきせいにかんするないかくふれい,令和八年五月一日
419M60000002062,府省令,財務計算に関する書類その他の情報の適正性を確保するための体制に関する内閣府令,ざいむけいさんにかんするしょるいそのほかのじょうほうのてきせいせいをかくほするためのたいせいにかんするないかくふれい,令和七年五月一日
419M60000002068,府省令,公益社団法人及び公益財団法人の認定等に関する法律施行規則,こうえきしゃだんほうじんおよびこうえきざいだんほうじんのにんていとうにかんするほうりつしこうきそく,令和八年四月一日
419M60000002069,府省令,一般社団法人及び一般財団法人に関する法律及び公益社団法人及び公益財団法人の認定等に関する法律の施行に伴う関係法律の整備等に関する法律施行規則,いっぱんしゃだんほうじんおよびいっぱんざいだんほうじんにかんするほうりつおよびこうえきしゃだんほうじんおよびこうえきざいだんほうじんのにんていとうにかんするほうりつのせこうにともなうかんけいほうりつのせいびとうにかんするほうりつせこうきそく,令和八年四月一日
419M60000002071,府省令,日本郵政株式会社が銀行持株会社等である場合の届出に関する手続を定める内閣府令,にほんゆうせいかぶしきがいしゃがぎんこうもちかぶかいしゃとうであるばあいのとどけでにかんするてつづきをさだめるないかくふれい,令和三年三月一日
419M60000002081,府省令,公認会計士法施行規則,こうにんかいけいしほうしこうきそく,令和七年四月一日
419M60000002082,府省令,公認会計士法の規定による課徴金に関する内閣府令,こうにんかいけいしほうのきていによるかちょうきんにかんするないかくふれい,令和七年四月一日
419M60000002083,府省令,特定社員登録規則,とくていしゃいんとうろくきそく,令和五年四月一日
419M60000008037,府省令,日本郵便株式会社法施行規則,にほんゆうびんかぶしきがいしゃほうしこうきそく,令和六年四月一日
419M60000008051,府省令,恩給法第十八条の規定による充当を行うことができる場合を定める総務省令,おんきゅうほうだいじゅうはちじょうのきていによるじゅうとうをおこなうことができるばあいをさだめるそうむしょうれい,平成十九年三月三十一日
419M60000008094,府省令,地域経済牽引事業の促進による地域の成長発展の基盤強化に関する法律第二十六条の地方公共団体等を定める省令,ちいきけいざいけんいんじぎょうのそくしんによるちいきのせいちょうはってんのきばんきょうかにかんするほうりつだいにじゅうろくじょうのちほうこうきょうだんたいとうをさだめるしょうれい,令和七年四月一日
419M60000008095,府省令,行政機関が行う政策の評価に関する法律施行規則,ぎょうせいきかんがおこなうせいさくのひょうかにかんするほうりつしこうきそく,平成二十八年四月一日
419M60000008098,府省令,独立行政法人郵便貯金簡易生命保険管理・郵便局ネットワーク支援機構に関する省令,どくりつぎょうせいほうじんゆうびんちょきんかんいせいめいほけんかんりゆうびんきょくねっとわーくしえんきこうにかんするしょうれい,令和五年三月三十一日
419M60000008101,府省令,郵政民営化法及び郵政民営化法等の施行に伴う関係法律の整備等に関する法律の規定に基づく立入検査をする総務省の職員の携帯する身分を示す証明書の様式を定める省令,ゆうせいみんえいかほうおよびゆうせいみんえいかほうとうのしこうにともなうかんけいほうりつのせいびとうにかんするほうりつのきていにもとづくたちいりけんさをするそうむしょうのしょくいんのけいたいするみぶんをしめすしょうめいしょのようしきをさだめるしょうれい,平成二十四年十月一日
419M60000008116,府省令,地方公共団体の特定の事務の郵便局における取扱いに関する法律第三条第一項に規定する郵便局の基準を定める省令,ちほうこうきょうだんたいのとくていのじむのゆうびんきょくにおけるとりあつかいにかんするほうりつだいさんじょうだいいっこうにきていするゆうびんきょくのきじゅんをさだめるしょうれい,令和五年六月九日
419M60000008119,府省令,地域公共交通の活性化及び再生に関する法律第十二条及び第十七条に規定する軌道運送高度化事業及び道路運送高度化事業を定める省令,ちいきこうきょうこうつうのかっせいかおよびさいせいにかんするほうりつだいじゅうにじょうおよびだいじゅうななじょうにきていするきどううんそうこうどかじぎょうおよびどうろうんそうこうどかじぎょうをさだめるしょうれい,平成十九年十月一日
419M60000008152,府省令,総務省関係構造改革特別区域法第三十五条に規定する政令等規制事業に係る省令の特例に関する措置を定める省令,そうむしょうかんけいこうぞうかいかくとくべつくいきほうだいさんじゅうごじょうにきていするせいれいとうきせいじぎょうにかかるしょうれいのとくれいにかんするそちをさだめるしょうれい,令和四年八月三十一日
419M60000010022,府省令,保護観察所組織規則,ほごかんさつしょそしききそく,令和七年四月一日
419M60000010028,府省令,一般社団法人及び一般財団法人に関する法律施行規則,いっぱんしゃだんほうじんおよびいっぱんざいだんほうじんにかんするほうりつしこうきそく,令和五年十二月二十七日
419M60000010041,府省令,信託法施行規則,しんたくほうしこうきそく,令和五年十二月二十七日
419M60000010042,府省令,信託計算規則,しんたくけいさんきそく,平成十九年九月三十日
419M60000010046,府省令,限定責任信託登記規則,げんていせきにんしんたくとうききそく,令和八年二月二日
419M60000010051,府省令,登記事項証明書等の交付及び登記簿等の閲覧に係る業務の公共サービス実施民間事業者における実施等に関する省令,とうきじこうしょうめいしょとうのこうふおよびとうきぼとうのえつらんにかかるぎょうむのこうきょうさーびすじっしみんかんじぎょうしゃにおけるじっしとうにかんするしょうれい,令和五年四月一日
419M60000012003,府省令,金融商品取引業者営業保証金規則,きんゆうしょうひんとりひきぎょうしゃえいぎょうほしょうきんきそく,令和四年三月二十九日
419M60000012005,府省令,投資顧問業者営業保証金規則及び信託受益権販売業者営業保証金規則の廃止等に関する命令,とうしこもんぎょうしゃえいぎょうほしょうきんきそくおよびしんたくじゅえきけんはんばいぎょうしゃえいぎょうほしょうきんきそくのはいしとうにかんするめいれい,令和三年六月三十日
419M60000012008,府省令,有限責任監査法人供託金規則,ゆうげんせきにんかんさほうじんきょうたくきんきそく,令和三年六月三十日
419M60000040004,府省令,平成十八年度の水田農業構造改革交付金等についての所得税及び法人税の臨時特例に関する法律施行規則,へいせいじゅうはちねんどのすいでんのうぎょうこうぞうかいかくこうふきんとうについてのしょとくぜいおよびほうじんぜいのりんじとくれいにかんするほうりつせこうきそく,平成十九年二月十六日
419M60000040030,府省令,特別会計の情報開示に関する省令,とくべつかいけいのじょうほうかいじにかんするしょうれい,平成十九年四月一日
419M60000040032,府省令,日本銀行の本邦外における国庫金の特別取扱いに関する省令,にほんぎんこうのほんぽうがいにおけるこっこきんのとくべつとりあつかいにかんするしょうれい,平成十九年四月二日
419M60000040039,府省令,株式会社日本政策投資銀行法附則第四条第三項の規定に基づく長期借入金の借入れに係る届出に関する省令,かぶしきがいしゃにっぽんせいさくとうしぎんこうほうふそくだいよんじょうだいさんこうのきていにもとづくちょうきかりいれきんのかりいれにかかるとどけでにかんするしょうれい,平成十九年六月十三日
419M60000040051,府省令,輸入品に対する内国消費税の徴収等に関する法律施行規則,ゆにゅうひんにたいするないこくしょうひぜいのちょうしゅうとうにかんするほうりつしこうきそく,令和五年十月一日
419M60000040054,府省令,郵政民営化に関する法人税及び相続税に係る課税の特例に関する省令,ゆうせいみんえいかにかんするほうじんぜいおよびそうぞくぜいにかかるかぜいのとくれいにかんするしょうれい,平成二十四年十月一日
419M60000048002,府省令,地方財政法施行令附則第六条第一項に規定する総務省令・財務省令で定める数値及び事項を定める省令,ちほうざいせいほうしこうれいふそくだいろくじょうだいいっこうにきていするそうむしょうれいざいむしょうれいでさだめるすうちおよびじこうをさだめるしょうれい,平成二十四年二月一日
419M60000080028,府省令,文部科学大臣の所管に属する公益信託の引受けの許可及び監督に関する規則,もんぶかがくだいじんのしょかんにぞくするこうえきしんたくのひきうけのきょかおよびかんとくにかんするきそく,平成十九年九月三十日
419M60000080033,府省令,国立大学法人法の一部を改正する法律の施行に伴う経過措置に関する省令,こくりつだいがくほうじんほうのいちぶをかいせいするほうりつのしこうにともなうけいかそちにかんするしょうれい,平成十九年十月三日
419M60000080036,府省令,有価証券発行学校法人の財務諸表の用語、様式及び作成方法に関する規則,ゆうかしょうけんはっこうがっこうほうじんのざいむしょひょうのようごようしきおよびさくせいほうほうにかんするきそく,令和七年四月一日
419M60000080037,府省令,武力紛争の際の文化財の保護に関する法律施行規則,ぶりょくふんそうのさいのぶんかざいのほごにかんするほうりつせこうきそく,令和元年七月一日
419M60000100014,府省令,医薬品、医療機器等の品質、有効性及び安全性の確保等に関する法律第二条第十五項に規定する指定薬物及び同法第七十六条の四に規定する医療等の用途を定める省令,いやくひんいりょうききとうのひんしつゆうこうせいおよびあんぜんせいのかくほとうにかんするほうりつだいにじょうだいじゅうごこうにきていするしていやくぶつおよびどうほうだいななじゅうろくじょうのよんにきていするいりょうとうのようとをさだめるしょうれい,令和八年六月一日
419M60000100038,府省令,社会医療法人債を発行する社会医療法人の財務諸表の用語、様式及び作成方法に関する規則,しゃかいいりょうほうじんさいをはっこうするしゃかいいりょうほうじんのざいむしょひょうのようごようしきおよびさくせいほうほうにかんするきそく,令和元年五月七日
419M60000100057,府省令,あん摩マツサージ指圧師、はり師、きゆう師等に関する法律第十三条の二及びあん摩マツサージ指圧師、はり師、きゆう師等に関する法律施行令第十五条の規定により地方厚生局長及び地方厚生支局長に委任する権限を定める省令,あんままつさーじしあつしはりしきゆうしとうにかんするほうりつだいじゅうさんじょうのにおよびあんままつさーじしあつしはりしきゆうしとうにかんするほうりつしこうれいだいじゅうごじょうのきていによりちほうこうせいきょくちょうおよびちほうこうせいしきょくちょうにいにんするけんげんをさだめるしょうれい,平成十九年四月一日
419M60000100094,府省令,厚生年金保険の保険給付及び国民年金の給付に係る時効の特例等に関する法律施行規則,こうせいねんきんほけんのほけんきゅうふおよびこくみんねんきんのきゅうふにかかるじこうのとくれいとうにかんするほうりつせこうきそく,令和六年五月二十七日
419M60000100117,府省令,日本薬局方標準品を製造する者の登録に関する省令,にほんやっきょくほうひょうじゅんひんをせいぞうするもののとうろくにかんするしょうれい,平成二十六年十一月二十五日
419M60000100129,府省令,高齢者の医療の確保に関する法律施行規則,こうれいしゃのいりょうのかくほにかんするほうりつしこうきそく,令和八年三月一日
419M60000100140,府省令,高齢者の医療の確保に関する法律による保険者の前期高齢者交付金等の額の算定等に関する省令,こうれいしゃのいりょうのかくほにかんするほうりつによるほけんしゃのぜんきこうれいしゃこうふきんとうのがくのさんていとうにかんするしょうれい,令和八年四月一日
419M60000100141,府省令,後期高齢者医療の調整交付金の交付額の算定に関する省令,こうきこうれいしゃいりょうのちょうせいこうふきんのこうふがくのさんていにかんするしょうれい,令和八年四月一日
419M60000100151,府省令,厚生年金保険の保険給付及び保険料の納付の特例等に関する法律施行規則,こうせいねんきんほけんのほけんきゅうふおよびほけんりょうののうふのとくれいとうにかんするほうりつしこうきそく,令和八年四月一日
419M60000100157,府省令,特定健康診査及び特定保健指導の実施に関する基準,とくていけんこうしんさおよびとくていほけんしどうのじっしにかんするきじゅん,令和六年十二月二日
419M60000200001,府省令,道州制特別区域における広域行政の推進に関する法律第十九条第一項第二号の特定保安施設事業交付金の交付に関する省令,どうしゅうせいとくべつくいきにおけるこういきぎょうせいのすいしんにかんするほうりつだいじゅうきゅうじょうだいいっこうだいにごうのとくていほあんしせつじぎょうこうふきんのこうふにかんするしょうれい,平成十九年一月二十六日
419M60000200058,府省令,農林水産省所管に属する物品の無償貸付及び譲与等に関する省令,のうりんすいさんしょうしょかんにぞくするぶっぴんのむしょうかしつけおよびじょうよとうにかんするしょうれい,平成二十五年四月一日
419M60000200060,府省令,カネミ油症事件関係仮払金返還債権の免除についての特例に関する法律施行規則,かねみゆしょうじけんかんけいかりばらいきんへんかんさいけんのめんじょについてのとくれいにかんするほうりつしこうきそく,平成十九年六月八日
419M60000200065,府省令,農山漁村の活性化のための定住等及び地域間交流の促進に関する法律施行規則,のうさんぎょそんのかっせいかのためのていじゅうとうおよびちいきかんこうりゅうのそくしんにかんするほうりつしこうきそく,令和七年四月一日
419M60000400005,府省令,経済産業省関係道州制特別区域における広域行政の推進に関する法律施行規則,けいざいさんぎょうしょうかんけいどうしゅうせいとくべつくいきにおけるこういきぎょうせいのすいしんにかんするほうりつしこうきそく,平成二十七年四月一日
419M60000400012,府省令,商店街振興組合法施行規則,しょうてんがいしんこうくみあいほうしこうきそく,令和五年十二月二十八日
419M60000400014,府省令,意匠法等の一部を改正する法律の施行に伴う関係省令の整備及び経過措置等に関する省令,いしょうほうとうのいちぶをかいせいするほうりつのしこうにともなうかんけいしょうれいのせいびおよびけいかそちとうにかんするしょうれい,令和元年七月一日
419M60000400020,府省令,原子力発電工事償却準備引当金に関する省令,げんしりょくはつでんこうじしょうきゃくじゅんびひきあてきんにかんするしょうれい,令和元年八月二日
419M60000400027,府省令,輸出入取引法施行規則,ゆしゅつにゅうとりひきほうしこうきそく,令和六年八月五日
419M60000400033,府省令,特別会計に関する法律施行令第五十一条第四項第十二号に規定する経済産業省令で定める要件を定める省令,とくべつかいけいにかんするほうりつしこうれいだいごじゅういちじょうだいよんこうだいじゅうにごうにきていするけいざいさんぎょうしょうれいでさだめるようけんをさだめるしょうれい,平成十九年四月一日
419M60000402001,府省令,商品投資契約に基づいて出資された財産の分別管理に関する命令,しょうひんとうしけいやくにもとづいてしゅっしされたざいさんのふんべつかんりにかんするめいれい,令和五年六月一日
419M60000440005,府省令,商工組合中央金庫が株式会社商工組合中央金庫となるための手続に関する省令,しょうこうくみあいちゅうおうきんこがかぶしきがいしゃしょうこうくみあいちゅうおうきんことなるためのてつづきにかんするしょうれい,平成二十年十月一日
419M60000480001,府省令,特別会計に関する法律施行令第五十二条第一項第六号に規定する事務の区分を定める省令,とくべつかいけいにかんするほうりつしこうれいだいごじゅうにじょうだいいっこうだいろくごうにきていするじむのくぶんをさだめるしょうれい,令和四年四月二十八日
419M60000602001,府省令,商品投資に係る事業の規制に関する法律第三十七条において準用する同法第三十条第一項の規定による立入検査をする職員の携帯する身分を示す証明書の様式を定める命令,しょうひんとうしにかかるじぎょうのきせいにかんするほうりつだいさんじゅうななじょうにおいてじゅんようするどうほうだいさんじゅうじょうだいいっこうのきていによるたちいりけんさをするしょくいんのけいたいするみぶんをしめすしょうめいしょのようしきをさだめるめいれい,令和元年七月一日
419M60000800007,府省令,海上物流の基盤強化のための港湾法等の一部を改正する法律の一部の施行に伴う関係政令の整備等に関する政令の施行に伴う経過措置に関する省令,かいじょうぶつりゅうのきばんきょうかのためのこうわんほうとうのいちぶをかいせいするほうりつのいちぶのしこうにともなうかんけいせいれいのせいびとうにかんするせいれいのしこうにともなうけいかそちにかんするしょうれい,平成十九年四月一日
419M60000800015,府省令,港湾の施設の技術上の基準を定める省令,こうわんのしせつのぎじゅつじょうのきじゅんをさだめるしょうれい,平成三十年四月一日
419M60000800061,府省令,海上保安留置施設及び海上保安被留置者の処遇に関する規則,かいじょうほあんりゅうちしせつおよびかいじょうほあんひりゅうちしゃのしょぐうにかんするきそく,平成二十五年四月一日
419M60000800072,府省令,海洋構築物等に係る安全水域の設定等に関する法律施行規則,かいようこうちくぶつとうにかかるあんぜんすいいきのせっていとうにかんするほうりつせこうきそく,令和三年九月一日
419M60000800074,府省令,広域的地域活性化のための基盤整備に関する法律施行規則,こういきてきちいきかっせいかのためのきばんせいびにかんするほうりつしこうきそく,令和六年十一月一日
419M60000800078,府省令,地理空間情報活用推進基本法第二条第三項の基盤地図情報に係る項目及び基盤地図情報が満たすべき基準に関する省令,ちりくうかんじょうほうかつようすいしんきほんほうだいにじょうだいさんこうのきばんちずじょうほうにかかるこうもくおよびきばんちずじょうほうがみたすべききじゅんにかんするしょうれい,平成二十年四月一日
419M60000800080,府省令,地域公共交通の活性化及び再生に関する法律施行規則,ちいきこうきょうこうつうのかっせいかおよびさいせいにかんするほうりつしこうきそく,令和七年四月一日
419M60000802002,府省令,地域公共交通の活性化及び再生に関する法律に基づく道路運送高度化実施計画、地域旅客運送サービス継続実施計画、貨客運送効率化実施計画、地域公共交通利便増進実施計画及び新地域旅客運送事業計画の認定に係る都道府県公安委員会の意見の聴取に関する命令,ちいきこうきょうこうつうのかっせいかおよびさいせいにかんするほうりつにもとづくどうろうんそうこうどかじっしけいかくちいきりょきゃくうんそうさーびすけいぞくじっしけいかくかきゃくうんそうこうりつかじっしけいかくちいきこうきょうこうつうりべんぞうしんじっしけいかくおよびしんちいきりょきゃくうんそうじぎょうけいかくのにんていにかかるとどうふけんこうあんいいんかいのいけんのちょうしゅにかんするめいれい,令和五年十月一日
419M60000840001,府省令,独立行政法人住宅金融支援機構に関する省令,どくりつぎょうせいほうじんじゅうたくきんゆうしえんきこうにかんするしょうれい,令和八年四月一日
419M60000900001,府省令,勤労者財産形成促進法施行令第三十六条第二項及び第三項の基準を定める省令,きんろうしゃざいさんけいせいそくしんほうしこうれいだいさんじゅうろくじょうだいにこうおよびだいさんこうのきじゅんをさだめるしょうれい,令和六年四月一日
419M60000A00001,府省令,農山漁村の活性化のための定住等及び地域間交流の促進に関する法律第十四条の規定に基づく市民農園整備促進法の特例に関する省令,のうさんぎょそんのかっせいかのためのていじゅうとうおよびちいきかんこうりゅうのそくしんにかんするほうりつだいじゅうよんじょうのきていにもとづくしみんのうえんせいびそくしんほうのとくれいにかんするしょうれい,令和四年十月一日
419M60000F40001,府省令,中小企業団体の組織に関する法律施行規則,ちゅうしょうきぎょうだんたいのそしきにかんするほうりつしこうきそく,令和六年六月七日
419M60000F48001,府省令,地域経済牽引事業の促進による地域の成長発展の基盤強化に関する法律第四条第一項に規定する基本計画等に関する省令,ちいきけいざいけんいんじぎょうのそくしんによるちいきのせいちょうはってんのきばんきょうかにかんするほうりつだいよんじょうだいいっこうにきていするきほんけいかくとうにかんするしょうれい,令和七年四月一日
419M60001000002,府省令,環境省関係道州制特別区域における広域行政の推進に関する法律施行規則,かんきょうしょうかんけいどうしゅうせいとくべつくいきにおけるこういきぎょうせいのすいしんにかんするほうりつしこうきそく,平成二十七年五月二十九日
419M60001000022,府省令,特定二酸化炭素ガスに含まれる二酸化炭素の濃度の測定の方法を定める省令,とくていにさんかたんそがすにふくまれるにさんかたんそののうどのそくていのほうほうをさだめるしょうれい,令和二年三月三十日
419M60001000023,府省令,特定二酸化炭素ガスの海底下廃棄の許可等に関する省令,とくていにさんかたんそがすのかいていかはいきのきょかとうにかんするしょうれい,令和六年四月一日
419M60001200005,府省令,食品循環資源の再生利用等の促進に関する法律第二条第六項の基準を定める省令,しょくひんじゅんかんしげんのさいせいりようとうのそくしんにかんするほうりつだいにじょうだいろっこうのきじゅんをさだめるしょうれい,平成十九年十二月一日
419M60001400004,府省令,特別会計に関する法律施行令第五十二条第一項第二号に規定する事務の区分を定める省令,とくべつかいけいにかんするほうりつしこうれいだいごじゅうにじょうだいいっこうだいにごうにきていするじむのくぶんをさだめるしょうれい,平成二十八年三月三十一日
419M60001400005,府省令,特別会計に関する法律施行令第五十条第五項第九号並びに第九項第七号及び第八号に規定する経済産業省令・環境省令で定める要件を定める省令,とくべつかいけいにかんするほうりつしこうれいだいごじゅうじょうだいごこうだいきゅうごうならびにだいきゅうこうだいななごうおよびだいはちごうにきていするけいざいさんぎょうしょうれいかんきょうしょうれいでさだめるようけんをさだめるしょうれい,令和七年八月四日
419M600014C0001,府省令,エネルギー対策特別会計事務取扱規則,えねるぎーたいさくとくべつかいけいじむとりあつかいきそく,令和八年一月二十一日
419M60001F40003,府省令,食品廃棄物等多量発生事業者の定期の報告に関する省令,しょくひんはいきぶつとうたりょうはっせいじぎょうしゃのていきのほうこくにかんするしょうれい,令和七年三月二十四日
419M60001FFA003,府省令,周辺地域内自動車の指定地区内における運行回数の算定方法等を定める命令,しゅうへんちいきないじどうしゃのしていちくないにおけるうんこうかいすうのさんていほうほうとうをさだめるめいれい,平成二十年一月一日
419M60002000010,府省令,地方防衛局組織規則,ちほうぼうえいきょくそしききそく,令和七年七月二十二日
419M60002000011,府省令,駐留軍等の再編の円滑な実施に関する特別措置法施行規則,ちゅうりゅうぐんとうのさいへんのえんかつなじっしにかんするとくべつそちほうしこうきそく,令和五年四月一日
419M60002080001,府省令,駐留軍等の再編の円滑な実施に関する特別措置法施行令第七条第三項の額の算定に関する命令,ちゅうりゅうぐんとうのさいへんのえんかつなじっしにかんするとくべつそちほうしこうれいだいななじょうだいさんこうのがくのさんていにかんするめいれい,平成十九年八月二十九日
419M60400000005,規則,届出対象病原体等の運搬の届出等に関する規則,とどけでたいしょうびょうげんたいとうのうんぱんのとどけでとうにかんするきそく,令和二年十二月二十八日
419M60400000006,規則,遺失物法施行規則,いしつぶつほうしこうきそく,令和六年十二月二日
419M60400000009,規則,犯罪による収益の移転防止に関する法律の規定に基づく事務の実施に関する規則,はんざいによるしゅうえきのいてんぼうしにかんするほうりつのきていにもとづくじむのじっしにかんするきそく,令和六年四月一日
419M60400000011,規則,被留置者の留置に関する規則,ひりゅうちしゃのりゅうちにかんするきそく,平成十九年六月一日
419M60400000014,規則,国際刑事裁判所の引渡しの請求に係る護送中の着陸があった場合における警察官による引渡対象者の拘束に関する手続を定める規則,こくさいけいじさいばんしょのひきわたしのせいきゅうにかかるごそうちゅうのちゃくりくがあったばあいにおけるけいさつかんによるひきわたしたいしょうしゃのこうそくにかんするてつづきをさだめるきそく,平成十九年十月一日
419M60400000023,規則,少年法第六条の二第三項の規定に基づく警察職員の職務等に関する規則,しょうねんほうだいろくじょうのにだいさんこうのきていにもとづくけいさつしょくいんのしょくむとうにかんするきそく,令和四年四月一日
419M60400000027,規則,警察法第五十六条の二第一項の特定地方警務官で国家公安委員会規則で定める者を定める規則,けいさつほうだいごじゅうろくじょうのにだいいっこうのとくていちほうけいむかんでこっかこうあんいいんかいきそくでさだめるものをさだめるきそく,平成二十五年四月一日
419RJNJ25000000,規則,人事院規則二五―〇（職員の自己啓発等休業）,じんじいんきそくにじゅうごのぜろしょくいんのじこけいはつとうきゅうぎょう,令和五年四月一日
420AC0000000024,法律,平成二十年度における公債の発行の特例に関する法律,へいせいにじゅうねんどにおけるこうさいのはっこうのとくれいにかんするほうりつ,平成二十年四月一日
420AC0000000032,法律,森林の間伐等の実施の促進に関する特別措置法,しんりんのかんばつとうのじっしのそくしんにかんするとくべつそちほう,令和三年四月一日
420AC0000000033,法律,中小企業における経営の承継の円滑化に関する法律,ちゅうしょうきぎょうにおけるけいえいのしょうけいのえんかつかにかんするほうりつ,令和六年三月十五日
420AC0000000038,法律,中小企業者と農林漁業者との連携による事業活動の促進に関する法律,ちゅうしょうきぎょうしゃとのうりんぎょぎょうしゃとのれんけいによるじぎょうかつどうのそくしんにかんするほうりつ,令和七年十月一日
420AC0000000039,法律,観光圏の整備による観光旅客の来訪及び滞在の促進に関する法律,かんこうけんのせいびによるかんこうりょきゃくのらいほうおよびたいざいのそくしんにかんするほうりつ,令和七年四月一日
420AC0000000040,法律,地域における歴史的風致の維持及び向上に関する法律,ちいきにおけるれきしてきふうちのいじおよびこうじょうにかんするほうりつ,令和六年十一月八日
420AC0000000045,法律,農林漁業有機物資源のバイオ燃料の原材料としての利用の促進に関する法律,のうりんぎょぎょうゆうきぶつしげんのばいおねんりょうのげんざいりょうとしてのりようのそくしんにかんするほうりつ,令和四年四月一日
420AC0000000056,法律,保険法,ほけんほう,令和二年四月一日
420AC0000000064,法律,領海等における外国船舶の航行に関する法律,りょうかいとうにおけるがいこくせんぱくのこうこうにかんするほうりつ,令和七年六月一日
420AC0000000068,法律,国家公務員制度改革基本法,こっかこうむいんせいどかいかくきほんほう,平成二十年七月十一日
420AC0000000083,法律,愛がん動物用飼料の安全性の確保に関する法律,あいがんどうぶつようしりょうのあんぜんせいのかくほにかんするほうりつ,令和七年六月一日
420AC0000000084,法律,地方税等減収補てん臨時交付金に関する法律,ちほうぜいとうげんしゅうほてんりんじこうふきんにかんするほうりつ,平成二十年十月二十二日
420AC0000000087,法律,長期優良住宅の普及の促進に関する法律,ちょうきゆうりょうじゅうたくのふきゅうのそくしんにかんするほうりつ,令和七年十一月二十八日
420AC0000000093,法律,高度専門医療に関する研究等を行う国立研究開発法人に関する法律,こうどせんもんいりょうにかんするけんきゅうとうをおこなうこくりつけんきゅうほうじんにかんするほうりつ,令和七年六月一日
420AC0100000063,法律,科学技術・イノベーション創出の活性化に関する法律,かがくぎじゅついのべーしょんそうしゅつのかっせいかにかんするほうりつ,令和七年四月一日
420AC0100000081,法律,障害のある児童及び生徒のための教科用特定図書等の普及の促進等に関する法律,しょうがいのあるじどうおよびせいとのためのきょうかようとくていとしょとうのふきゅうのそくしんとうにかんするほうりつ,令和六年七月十九日
420AC1000000002,法律,特定フィブリノゲン製剤及び特定血液凝固第ＩＸ因子製剤によるＣ型肝炎感染被害者を救済するための給付金の支給に関する特別措置法,とくていふぃぶりのげんせいざいおよびとくていけつえきぎょうこだいきゅういんしせいざいによるしーがたかんえんかんせんひがいしゃをきゅうさいするためのきゅうふきんのしきゅうにかんするとくべつそちほう,令和四年十二月十六日
420AC1000000043,法律,宇宙基本法,うちゅうきほんほう,令和三年九月一日
420AC1000000058,法律,生物多様性基本法,せいぶつたようせいきほんほう,平成二十年六月六日
420AC1000000079,法律,青少年が安全に安心してインターネットを利用できる環境の整備等に関する法律,せいしょうねんがあんぜんにあんしんしていんたーねっとをりようできるかんきょうのせいびとうにかんするほうりつ,令和八年五月二十七日
420AC1000000080,法律,オウム真理教犯罪被害者等を救済するための給付金の支給に関する法律,おうむしんりきょうはんざいひがいしゃとうをきゅうさいするためのきゅうふきんのしきゅうにかんするほうりつ,令和九年三月三十一日
420AC1000000082,法律,ハンセン病問題の解決の促進に関する法律,はんせんびょうもんだいのかいけつのそくしんにかんするほうりつ,令和元年十一月二十二日
420CO0000000003,政令,裁判員の参加する刑事裁判に関する法律第十六条第八号に規定するやむを得ない事由を定める政令,さいばんいんのさんかするけいじさいばんにかんするほうりつだいじゅうろくじょうだいはちごうにきていするやむをえないじゆうをさだめるせいれい,平成二十一年五月二十一日
420CO0000000020,政令,犯罪による収益の移転防止に関する法律施行令,はんざいによるしゅうえきのいてんぼうしにかんするほうりつしこうれい,令和八年五月二十五日
420CO0000000037,政令,社会保障協定の実施に伴う国家公務員共済組合法等の特例に関する政令,しゃかいほしょうきょうていのじっしにともなうこっかこうむいんきょうさいくみあいほうとうのとくれいにかんするせいれい,平成二十九年八月一日
420CO0000000038,政令,社会保障協定の実施に伴う地方公務員等共済組合法等の特例に関する政令,しゃかいほしょうきょうていのじっしにともなうちほうこうむいんとうきょうさいくみあいほうとうのとくれいにかんするせいれい,平成二十九年八月一日
420CO0000000039,政令,社会保障協定の実施に伴う私立学校教職員共済法の特例に関する政令,しゃかいほしょうきょうていのじっしにともなうしりつがっこうきょうしょくいんきょうさいほうのとくれいにかんするせいれい,平成二十九年八月一日
420CO0000000040,政令,特別会計に関する法律の一部の施行に伴う関係政令の整備及び経過措置に関する政令,とくべつかいけいにかんするほうりつのいちぶのしこうにともなうかんけいせいれいのせいびおよびけいかそちにかんするせいれい,平成二十年四月一日
420CO0000000045,政令,平成十九年等における特定地域に係る激甚災害及びこれに対し適用すべき措置の指定に関する政令,へいせいじゅうきゅうねんとうにおけるとくていちいきにかかるげきじんさいがいおよびこれにたいしてきようすべきそちのしていにかんするせいれい,平成二十年三月十四日
420CO0000000064,政令,ネパール選挙監視国際平和協力隊の設置等に関する政令,ねぱーるせんきょかんしこくさいへいわきょうりょくたいのせっちとうにかんするせいれい,平成二十年三月二十四日
420CO0000000120,政令,恩給法による恩給改定率の改定等に関する政令,おんきゅうほうによるおんきゅうかいていりつのかいていとうにかんするせいれい,令和八年四月一日
420CO0000000122,政令,戦傷病者戦没者遺族等援護法第八条の三第一項の改定率の改定等に関する政令,せんしょうびょうしゃせんぼつしゃいぞくとうえんごほうだいはちじょうのさんだいいっこうのかいていりつのかいていとうにかんするせいれい,令和八年四月一日
420CO0000000127,政令,独立行政法人緑資源機構法の廃止に伴う関係政令の整備及び経過措置に関する政令,どくりつぎょうせいほうじんみどりしげんきこうほうのはいしにともなうかんけいせいれいのせいびおよびけいかそちにかんするせいれい,平成二十九年四月一日
420CO0000000128,政令,国立研究開発法人森林研究・整備機構が行う特例業務に関する政令,こくりつけんきゅうかいはつほうじんしんりんけんきゅうせいびきこうがおこなうとくれいぎょうむにかんするせいれい,令和三年十一月一日
420CO0000000143,政令,株式会社日本政策金融公庫法施行令,かぶしきがいしゃにっぽんせいさくきんゆうこうこほうしこうれい,令和五年八月七日
420CO0000000145,政令,更生保護法施行令,こうせいほごほうしこうれい,令和七年七月一日
420CO0000000164,政令,所得税法等の一部を改正する法律附則第百十九条の二の規定による経過措置を定める政令,しょとくぜいほうとうのいちぶをかいせいするほうりつふそくだいひゃくじゅうきゅうじょうのにのきていによるけいかそちをさだめるせいれい,平成二十一年四月一日
420CO0000000187,政令,再就職等監視委員会令,さいしゅうしょくとうかんしいいんかいれい,令和三年四月一日
420CO0000000192,政令,犯罪利用預金口座等に係る資金による被害回復分配金の支払等に関する法律施行令,はんざいりようよきんこうざとうにかかるしきんによるひがいかいふくぶんぱいきんのしはらいとうにかんするほうりつせこうれい,令和三年九月一日
420CO0000000196,政令,電解二酸化マンガンに対して課する不当廉売関税に関する政令,でんかいにさんかまんがんにたいしてかするふとうれんばいかんぜいにかんするせいれい,令和六年三月一日
420CO0000000200,政令,株式会社日本政策投資銀行法施行令,かぶしきがいしゃにっぽんせいさくとうしぎんこうほうしこうれい,令和二年十二月一日
420CO0000000210,政令,電子情報処理組織による税関手続の特例等に関する法律の一部を改正する法律の施行に伴う関係政令の整備及び経過措置に関する政令,でんしじょうほうしょりそしきによるぜいかんてつづきのとくれいとうにかんするほうりつのいちぶをかいせいするほうりつのしこうにともなうかんけいせいれいのせいびおよびけいかそちにかんするせいれい,平成二十年十月一日
420CO0000000221,政令,国家公務員制度改革推進本部令,こっかこうむいんせいどかいかくすいしんほんぶれい,平成二十年七月十一日
420CO0000000226,政令,公営企業金融公庫法の廃止に伴う関係政令の整備及び経過措置に関する政令,こうえいきぎょうきんゆうこうこほうのはいしにともなうかんけいせいれいのせいびおよびけいかそちにかんするせいれい,平成二十一年六月一日
420CO0000000234,政令,中小企業者と農林漁業者との連携による事業活動の促進に関する法律施行令,ちゅうしょうきぎょうしゃとのうりんぎょぎょうしゃとのれんけいによるじぎょうかつどうのそくしんにかんするほうりつしこうれい,令和六年三月十五日
420CO0000000245,政令,中小企業における経営の承継の円滑化に関する法律施行令,ちゅうしょうきぎょうにおけるけいえいのしょうけいのえんかつかにかんするほうりつせこうれい,令和三年八月二日
420CO0000000251,政令,宇宙開発戦略本部令,うちゅうかいはつせんりゃくほんぶれい,平成二十四年七月十二日
420CO0000000258,政令,独立行政法人国際協力機構法施行令,どくりつぎょうせいほうじんこくさいきょうりょくきこうほうしこうれい,平成二十七年四月一日
420CO0000000259,政令,独立行政法人国際協力機構法の一部を改正する法律の施行に伴う関係政令の整理及び経過措置に関する政令,どくりつぎょうせいほうじんこくさいきょうりょくきこうほうのいちぶをかいせいするほうりつのしこうにともなうかんけいせいれいのせいりおよびけいかそちにかんするせいれい,平成二十年八月二十七日
420CO0000000274,政令,金融商品取引法等の一部を改正する法律附則第三条第五項の規定による権限の委任に関する政令,きんゆうしょうひんとりひきほうとうのいちぶをかいせいするほうりつふそくだいさんじょうだいごこうのきていによるけんげんのいにんにかんするせいれい,平成二十年九月三日
420CO0000000278,政令,犯罪被害者等の権利利益の保護を図るための刑事手続に付随する措置に関する法律施行令,はんざいひがいしゃとうのけんりりえきのほごをはかるためのけいじてつづきにふずいするそちにかんするほうりつせこうれい,令和七年四月一日
420CO0000000281,政令,障害のある児童及び生徒のための教科用特定図書等の普及の促進等に関する法律施行令,しょうがいのあるじどうおよびせいとのためのきょうかようとくていとしょとうのふきゅうのそくしんとうにかんするほうりつせこうれい,令和二年四月一日
420CO0000000283,政令,全国健康保険協会の設立に伴う関係政令の整備等及び経過措置に関する政令,ぜんこくけんこうほけんきょうかいのせつりつにともなうかんけいせいれいのせいびとうおよびけいかそちにかんするせいれい,平成二十年十月一日
420CO0000000296,政令,農林漁業有機物資源のバイオ燃料の原材料としての利用の促進に関する法律施行令,のうりんぎょぎょうゆうきぶつしげんのばいおねんりょうのげんざいりょうとしてのりようのそくしんにかんするほうりつせこうれい,令和四年四月一日
420CO0000000310,政令,スーダン国際平和協力隊の設置等に関する政令,すーだんこくさいへいわきょうりょくたいのせっちとうにかんするせいれい,平成二十三年六月二十九日
420CO0000000314,政令,科学技術・イノベーション創出の活性化に関する法律施行令,かがくぎじゅついのべーしょんそうしゅつのかっせいかにかんするほうりつしこうれい,令和七年四月一日
420CO0000000325,政令,電子記録債権法施行令,でんしきろくさいけんほうせこうれい,平成二十九年四月一日
420CO0000000334,政令,統計法施行令,とうけいほうしこうれい,令和九年四月一日
420CO0000000337,政令,地域における歴史的風致の維持及び向上に関する法律施行令,ちいきにおけるれきしてきふうちのいじおよびこうじょうにかんするほうりつせこうれい,令和二年九月七日
420CO0000000346,政令,インターネット異性紹介事業を利用して児童を誘引する行為の規制等に関する法律施行令,いんたーねっといせいしょうかいじぎょうをりようしてじどうをゆういんするこういのきせいとうにかんするほうりつしこうれい,令和七年六月二十八日
420CO0000000366,政令,愛がん動物用飼料の安全性の確保に関する法律施行令,あいがんどうぶつようしりょうのあんぜんせいのかくほにかんするほうりつしこうれい,平成二十一年六月一日
420CO0000000378,政令,青少年が安全に安心してインターネットを利用できる環境の整備等に関する法律施行令,せいしょうねんがあんぜんにあんしんしていんたーねっとをりようできるかんきょうのせいびとうにかんするほうりつせこうれい,平成三十年二月一日
420CO0000000389,政令,職員の退職管理に関する政令,しょくいんのたいしょくかんりにかんするせいれい,令和八年四月一日
420CO0000000390,政令,行政執行法人の役員の退職管理に関する政令,ぎょうせいしっこうほうじんのやくいんのたいしょくかんりにかんするせいれい,令和九年四月一日
420CO0000000391,政令,官民人材交流センター令,かんみんじんざいこうりゅうせんたーれい,平成二十年十二月三十一日
420CO0000000392,政令,官民の人材交流の範囲を定める政令,かんみんのじんざいこうりゅうのはんいをさだめるせいれい,平成三十一年一月十七日
420M60000002009,府省令,外国監査法人等に関する内閣府令,がいこくかんさほうじんとうにかんするないかくふれい,令和五年四月一日
420M60000002049,府省令,独立行政法人国民生活センター法施行規則,どくりつぎょうせいほうじんこくみんせいかつせんたーほうしこうきそく,令和五年十月一日
420M60000002066,府省令,内閣総理大臣の所掌に係る科学技術・イノベーション創出の活性化に関する内閣府令,ないかくそうりだいじんのしょしょうにかかるかがくぎじゅついのべーしょんそうしゅつのかっせいかにかんするないかくふれい,令和元年七月一日
420M60000002078,府省令,証券情報等の提供又は公表に関する内閣府令,しょうけんじょうほうとうのていきょうまたはこうひょうにかんするないかくふれい,令和七年五月一日
420M60000002083,府省令,職員の退職管理に関する内閣官房令,しょくいんのたいしょくかんりにかんするないかくかんぼうれい,令和七年十二月一日
420M60000002084,府省令,行政執行法人の役員の退職管理に関する内閣官房令,ぎょうせいしっこうほうじんのやくいんのたいしょくかんりにかんするないかくかんぼうれい,令和七年十二月一日
420M60000002085,府省令,再就職等監視委員会事務局組織規則,さいしゅうしょくとうかんしいいんかいじむきょくそしききそく,平成二十年十二月三十一日
420M60000002086,府省令,官民人材交流センター組織規則,かんみんじんざいこうりゅうせんたーそしききそく,平成二十七年十月一日
420M60000008008,府省令,地方公共団体の財政の健全化に関する法律施行規則,ちほうこうきょうだんたいのざいせいのけんぜんかにかんするほうりつせこうきそく,令和六年四月一日
420M60000008020,府省令,社会保障協定の実施に伴う地方公務員等共済組合法等の特例に関する省令,しゃかいほしょうきょうていのじっしにともなうちほうこうむいんとうきょうさいくみあいほうとうのとくれいにかんするしょうれい,令和六年四月一日
420M60000008040,府省令,地方公共団体金融機構の業務運営に関する省令,ちほうこうきょうだんたいきんゆうきこうのぎょうむうんえいにかんするしょうれい,平成二十一年六月一日
420M60000008081,府省令,森林の間伐等の実施の促進に関する特別措置法第七条に規定する特定間伐等の実施又は助成に要する経費等を定める省令,しんりんのかんばつとうのじっしのそくしんにかんするとくべつそちほうだいななじょうにきていするとくていかんばつざいとうのじっしまたはじょせいにようするけいひとうをさだめるしょうれい,平成二十九年四月一日
420M60000008087,府省令,地方公共団体金融機構の財務及び会計に関する省令,ちほうこうきょうだんたいきんゆうきこうのざいむおよびかいけいにかんするしょうれい,令和六年三月二十九日
420M60000008115,府省令,総務省関係科学技術・イノベーション創出の活性化に関する法律施行規則,そうむしょうかんけいかがくぎじゅついのべーしょんそうしゅつのかっせいかにかんするほうりつしこうきそく,令和二年十二月二十五日
420M60000008116,府省令,地方税等減収補てん臨時交付金に関する省令,ちほうぜいとうげんしゅうほてんりんじこうふきんにかんするしょうれい,平成二十年十月二十二日
420M60000008132,府省令,総務大臣の所管に属する特例民法法人の監督に関する省令,そうむだいじんのしょかんにぞくするとくれいみんぽうほうじんのかんとくにかんするしょうれい,令和元年七月一日
420M60000008145,府省令,統計法施行規則,とうけいほうしこうきそく,令和八年四月一日
420M60000008156,府省令,特定小規模施設における必要とされる防火安全性能を有する消防の用に供する設備等に関する省令,とくていしょうきぼしせつにおけるひつようとされるぼうかあんぜんせいのうをゆうするしょうぼうのようにきょうするせつびとうにかんするしょうれい,令和六年七月二十三日
420M60000010028,府省令,犯罪をした者及び非行のある少年に対する社会内における処遇に関する規則,はんざいをしたものおよびひこうのあるしょうねんにたいするしゃかいないにおけるしょぐうにかんするきそく,令和七年六月一日
420M60000010036,府省令,地方更生保護委員会事務局組織規則,ちほうこうせいほごいいんかいじむきょくそしききそく,令和六年四月一日
420M60000010041,府省令,更生保護委託費支弁基準,こうせいほごいたくひしべんきじゅん,令和八年三月十二日
420M60000010048,府省令,一般社団法人等登記規則,いっぱんしゃだんほうじんとうとうききそく,令和六年十月一日
420M60000010049,府省令,一般社団法人及び一般財団法人に関する法律及び公益社団法人及び公益財団法人の認定等に関する法律の施行に伴う関係法律の整備等に関する法律の施行に伴う関係省令の整備及び経過措置に関する省令,いっぱんしゃだんほうじんおよびいっぱんざいだんほうじんにかんするほうりつおよびこうえきしゃだんほうじんおよびこうえきざいだんほうじんのにんていとうにかんするほうりつのしこうにともなうかんけいほうりつのせいびとうにかんするほうりつのしこうにともなうかんけいしょうれいのせいびおよびけいかそちにかんするしょうれい,平成二十年十二月一日
420M60000012004,府省令,電子記録債権法施行規則,でんしきろくさいけんほうしこうきそく,令和七年六月一日
420M60000040008,府省令,社会保障協定の実施に伴う国家公務員共済組合法施行規則の特例等に関する省令,しゃかいほしょうきょうていのじっしにともなうこっかこうむいんきょうさいくみあいほうしこうきそくのとくれいとうにかんするしょうれい,令和七年三月一日
420M60000040036,府省令,財務省関係構造改革特別区域法施行規則,ざいむしょうかんけいこうぞうかいかくとくべつくいきほうしこうきそく,令和八年十一月一日
420M60000040041,府省令,電解二酸化マンガンに対して課する不当廉売関税に関する政令第一条第一項第一号に規定する電気分解の工程を経て製造した二酸化マンガンでない旨の証明書の提出に関する省令,でんかいにさんかまんがんにたいしてかするふとうれんばいかんぜいにかんするせいれいだいいちじょうだいいっこうだいいちごうにきていするでんきぶんかいのこうていをへてせいぞうしたにさんかまんがんでないむねのしょうめいしょのていしゅつにかんするしょうれい,平成二十六年三月六日
420M60000040049,府省令,振替株式等により物納の許可をされた場合の収納手続書類の記載事項に関する省令,ふりかえかぶしきとうによりぶつのうのきょかをされたばあいのしゅうのうてつづきしょるいのきさいじこうにかんするしょうれい,平成二十年七月四日
420M60000040050,府省令,株式会社日本政策投資銀行法施行規則,かぶしきがいしゃにっぽんんせいさくとうしぎんこうほうしこうきそく,平成二十七年六月二十六日
420M60000040051,府省令,地方法人特別税等に関する暫定措置法に基づく地方法人特別税の納付手続の特例に関する省令,ちほうほうじんとくべつぜいとうにかんするざんていそちほうにもとづくちほうほうじんとくべつぜいののうふてつづきのとくれいにかんするしょうれい,令和三年一月一日
420M60000040053,府省令,株式会社商工組合中央金庫が受ける設立登記の登録免許税の免税を受けるための手続に関する省令,かぶしきがいしゃしょうこうくみあいちゅうおうきんこがうけるせつりつとうきのとうろくめんきょぜいのめんぜいをうけるためのてつづきにかんするしょうれい,平成二十年十月一日
420M60000040058,府省令,株式会社日本政策金融公庫の決算報告書等の閲覧期間に関する省令,かぶしきがいしゃにっぽんせいさくきんゆうこうこのけっさんほうこくしょとうのえつらんきかんにかんするしょうれい,平成二十年十月一日
420M60000040060,府省令,株式会社日本政策投資銀行の会計に関する省令,かぶしきがいしゃにっぽんせいさくとうしぎんこうのかいけいにかんするしょうれい,令和七年四月一日
420M60000040062,府省令,独立行政法人国際協力機構の財務諸表等の閲覧期間並びに附属明細書及び業務報告書の記載事項に関する省令,どくりつぎょうせいほうじんこくさいきょうりょくきこうのざいむしょひょうとうのえつらんきかんならびにふぞくめいさいしょおよびぎょうむほうこくしょのきさいじこうにかんするしょうれい,平成二十年十月一日
420M60000040091,府省令,特別調達資金の報告書及び帳簿の様式及び記入の方法に関する省令,とくべつちょうたつしきんのほうこくしょおよびちょうぼのようしきおよびきにゅうのほうほうにかんするしょうれい,令和三年一月一日
420M60000042001,府省令,犯罪利用預金口座等に係る資金による被害回復分配金の支払等に関する法律第五章に規定する預金保険機構の業務の特例等に関する命令,はんざいりようよきんこうざとうにかかるしきんによるひがいかいふくぶんぱいきんのしはらいとうにかんするほうりつだいごしょうにきていするよきんほけんきこうのぎょうむのとくれいとうにかんするめいれい,平成二十年六月二十一日
420M60000042004,府省令,犯罪利用預金口座等に係る資金による被害回復分配金の支払等に関する法律第二十条第一項に規定する割合及び支出について定める命令,はんざいりようよきんこうざとうにかかるしきんによるひがいかいふくぶんぱいきんのしはらいとうにかんするほうりつだいにじゅうじょうだいいっこうにきていするわりあいおよびししゅつについてさだめるめいれい,平成二十九年四月一日
420M60000048002,府省令,地方公共団体金融機構の公庫債権管理業務に関する省令,ちほうこうきょうだんたいきんゆうきこうのこうこさいけんかんりぎょうむにかんするしょうれい,平成二十九年四月一日
420M60000050001,府省令,電子情報処理組織による輸出入等関連業務の処理等に関する法律施行令第一条第二項第三号の申請等を定める省令,でんしじょうほうしょりそしきによるゆしゅつにゅうとうかんれんぎょうむのしょりとうにかんするほうりつしこうれいだいいちじょうだいにこうだいさんごうのしんせいとうをさだめるしょうれい,平成二十年十月一日
420M60000080001,府省令,社会保障協定の実施に伴う私立学校教職員共済法施行規則の特例等に関する省令,しゃかいほしょうきょうていのじっしにともなうしりつがっこうきょうしょくいんきょうさいほうしこうきそくのとくれいとうにかんするしょうれい,令和七年十二月二十六日
420M60000080027,府省令,文部科学省関係道州制特別区域における広域行政の推進に関する法律第二条第三項に規定する省令の特例に関する措置及びその適用を受ける特定事務等を定める省令,もんぶかがくしょうかんけいどうしゅうせいとくべつくいきにおけるこういきぎょうせいのすいしんにかんするほうりつだいにじょうだいさんこうにきていするしょうれいのとくれいにかんするそちおよびそのてきようをうけるとくていじむとうをさだめるしょうれい,平成二十年八月二十一日
420M60000080029,府省令,障害のある児童及び生徒のための教科用特定図書等の普及の促進等に関する法律施行規則,しょうがいのあるじどうおよびせいとのためのきょうかようとくていとしょとうのふきゅうのそくしんとうにかんするほうりつせこうきそく,平成三十一年四月三日
420M60000080032,府省令,文部科学省関係科学技術・イノベーション創出の活性化に関する法律施行規則,もんぶかがくしょうかんけいかがくぎじゅついのべーしょんそうしゅつのかっせいかにかんするほうりつしこうきそく,令和三年四月一日
420M60000080033,府省令,文部科学省関係地域における歴史的風致の維持及び向上に関する法律施行規則,もんぶかがくしょうかんけいちいきにおけるれきしてきふうちのいじおよびこうじょうにかんするほうりつせこうきそく,平成三十一年四月一日
420M60000100002,府省令,社会保障協定の実施に伴う国民年金法施行規則及び厚生年金保険法施行規則の特例等に関する省令,しゃかいほしょうきょうていのじっしにともなうこくみんねんきんほうしこうきそくおよびこうせいねんきんほけんほうしこうきそくのとくれいとうにかんするしょうれい,令和八年四月一日
420M60000100003,府省令,特定フィブリノゲン製剤及び特定血液凝固第ＩＸ因子製剤によるＣ型肝炎感染被害者を救済するための給付金の支給に関する特別措置法施行規則,とくていふぃぶりのげんせいざいおよびとくていけつえきぎょうこだいきゅういんしせいざいによるしーがたかんえんかんせんひがいしゃをきゅうさいするためのきゅうふきんのしきゅうにかんするとくべつそちほうしこうきそく,令和五年一月十七日
420M60000100015,府省令,社会保険診療報酬支払基金の高齢者医療制度関係業務に係る業務方法書に記載すべき事項を定める省令,しゃかいほけんしんりょうほうしゅうしはらいききんのこうれいしゃいりょうせいどかんけいぎょうむにかかるぎょうむほうほうしょにきさいすべきじこうをさだめるしょうれい,令和六年四月一日
420M60000100016,府省令,社会保険診療報酬支払基金の高齢者医療制度関係業務に係る財務及び会計に関する省令,しゃかいほけんしんりょうほうしゅうしはらいききんのこうれいしゃいりょうせいどかんけいぎょうむにかかるざいむおよびかいけいにかんするしょうれい,令和七年四月一日
420M60000100030,府省令,児童虐待の防止等に関する法律施行規則,じどうぎゃくたいのぼうしとうにかんするほうりつしこうきそく,令和七年十月二十日
420M60000100046,府省令,救急医療用ヘリコプターを用いた救急医療の確保に関する特別措置法に規定する助成金交付事業に係る登録に関する省令,きゅうきゅういりょうようへりこぷたーをもちいたきゅうきゅういりょうのかくほにかんするとくべつそちほうにきていするじょせいきんこうふじぎょうにかかるとうろくにかんするしょうれい,平成二十年四月一日
420M60000100107,府省令,軽費老人ホームの設備及び運営に関する基準,けいひろうじんほーむのせつびおよびうんえいにかんするきじゅん,令和七年四月一日
420M60000100136,府省令,平成二十年度における労働保険の概算保険料の延納に係る納期限の特例に関する省令,へいせいにじゅうねんどにおけるろうどうほけんのがいさんほけんりょうのえんのうにかかるのうきげんのとくれいにかんするしょうれい,平成二十年八月二十九日
420M60000100144,府省令,全国健康保険協会の財務及び会計に関する省令,ぜんこくけんこうほけんきょうかいのざいむおよびかいけいにかんするしょうれい,令和八年四月一日
420M60000100153,府省令,厚生労働省関係科学技術・イノベーション創出の活性化に関する法律施行規則,こうせいろうどうしょうかんけいかがくぎじゅついのべーしょんそうしゅつのかっせいかにかんするほうりつしこうきそく,令和七年四月一日
420M60000100164,府省令,日本年金機構法附則第五条第三項に規定する厚生労働省令で定める規則等を定める省令,にほんねんきんきこうほうふそくだいごじょうだいさんこうにきていするこうせいろうどうしょうれいでさだめるきそくとうをさだめるしょうれい,平成二十年十一月二十八日
420M60000100177,府省令,雇用保険法等の一部を改正する法律附則第二十六条第四項に規定する厚生労働省令で定める事項を定める省令,こようほけんほうとうのいちぶをかいせいするほうりつふそくだいにじゅうろくじょうだいよんこうにきていするこうせいろうどうしょうれいでさだめるじこうをさだめるしょうれい,平成二十年十二月二十四日
420M60000180002,府省令,社会福祉士介護福祉士学校指定規則,しゃかいふくししかいごふくししがっこうしていきそく,令和四年四月一日
420M60000180003,府省令,社会福祉に関する科目を定める省令,しゃかいふくしにかんするかもくをさだめるしょうれい,令和三年四月一日
420M60000200007,府省令,鳥獣による農林水産業等に係る被害の防止のための特別措置に関する法律施行規則,ちょうじゅうによるのうりんすいさんぎょうとうにかかるひがいのぼうしのためのとくべつそちにかんするほうりつしこうきそく,平成二十八年十二月二日
420M60000200010,府省令,水産業協同組合法施行規則,すいさんぎょうきょうどうくみあいほうしこうきそく,令和七年六月一日
420M60000200022,府省令,国立研究開発法人森林研究・整備機構が行う特例業務に関する省令,こくりつけんきゅうかいはつほうじんしんりんけんきゅうせいびきこうがおこなうとくれいぎょうむにかんするしょうれい,平成二十九年七月二十四日
420M60000200024,府省令,森林法施行令別表第三林道の開設に要する費用の項第六号等に規定する林道網の枢要部分となるべき林道の開設又は拡張の事業に係る環境影響評価の項目並びに当該項目に係る調査、予測及び評価を合理的に行うための手法を選定するための指針、環境の保全のための措置に関する指針等を定める省令,しんりんほうしこうれいべっぴょうだいさんりんどうのかいせつにようするひようのこうだいろくごうとうにきていするりんどうもうのすうようぶぶんとなるべきりんどうのかいせつまたはかくちょうのじぎょうにかかるかんきょうえいきょうひょうかのこうもくならびにとうがいこうもくにかかるちょうさよそくおよびひょうかをごうりてきにおこなうためのしゅほうをせんていするためのししんかんきょうのほぜんのためのそちにかんするししんとうをさだめるしょうれい,令和八年四月一日
420M60000200037,府省令,森林の間伐等の実施の促進に関する特別措置法施行規則,しんりんのかんばつとうのじっしのそくしんにかんするとくべつそちほうせこうきそく,令和四年四月一日
420M60000200048,府省令,中小企業者と農林漁業者との連携による事業活動の促進に関する法律第四条第二項第二号イの農業者等が実施する農業改良措置を支援するための措置等を定める省令,ちゅうしょうきぎょうしゃとのうりんぎょぎょうしゃとのれんけいによるじぎょうかつどうのそくしんにかんするほうりつだいよんじょうだいにこうだいにごういののうぎょうしゃとうがじっしするのうぎょうかいりょうそちをしえんするためのそちとうをさだめるしょうれい,令和四年四月一日
420M60000200068,府省令,農林水産省関係科学技術・イノベーション創出の活性化に関する法律施行規則,のうりんすいさんしょうかんけいかがくぎじゅついのべーしょんそうしゅつのかっせいかにかんするほうりつしこうきそく,令和二年十二月二十一日
420M60000200070,府省令,地域における歴史的風致の維持及び向上に関する法律第二十二条第二項において読み替えて準用する土地改良法第九十四条の六第二項に規定する土地改良施設を定める省令,ちいきにおけるれきしてきふうちのいじおよびこうじょうにかんするほうりつだいにじゅうにじょうだいにこうにおいてよみかえてじゅんようするとちかいりょうほうだいきゅうじゅうよんじょうのろくだいにこうにきていするとちかいりょうしせつをさだめるしょうれい,平成二十年十一月四日
420M60000202002,府省令,漁業信用基金協会の事業報告書、貸借対照表及び損益計算書並びに計算に関する命令,ぎょぎょうしんようききんきょうかいのじぎょうほうこくしょたいしゃくたいしょうひょうおよびそんえきけいさんしょならびにけいさんにかんするめいれい,令和四年四月一日
420M60000240001,府省令,中小漁業融資保証法第六十九条第三項の要件を定める省令,ちゅうしょうぎょぎょうゆうしほしょうほうだいろくじゅうきゅうじょうだいさんこうのようけんをさだめるしょうれい,平成二十年四月一日
420M60000240003,府省令,電子情報処理組織による輸出入等関連業務の処理等に関する法律施行令第一条第四項第十号及び第十一号の申請等又は処分通知等を定める省令,でんしじょうほうしょりそしきによるゆしゅつにゅうとうかんれんぎょうむのしょりとうにかんするほうりつしこうれいだいいちじょうだいよんこうだいじゅうごうおよびだいじゅういちごうのしんせいとうまたはしょぶんつうちとうをさだめるしょうれい,平成二十年十月一日
420M60000400007,府省令,石油製品需給動態統計調査規則,せきゆせいひんじゅきゅうどうたいとうけいちょうさきそく,令和四年四月一日
420M60000400023,府省令,核燃料物質又は核燃料物質によって汚染された物の第一種廃棄物埋設の事業に関する規則,かくねんりょうぶっしつまたはかくねんりょうぶっしつによっておせんされたもののだいいっしゅはいきぶつまいせつのじぎょうにかんするきそく,令和六年五月三十日
420M60000400026,府省令,経済産業省関係特定保守製品に関する省令,けいざいさんぎょうしょうかんけいとくていほしゅせいひんにかんするしょうれい,令和七年十二月二十五日
420M60000400028,府省令,エチルアルコール（エタノール）のうちバイオマスから製造したもの及びエチル―ターシャリ―ブチルエーテルのうちバイオマスから製造したエチルアルコール（エタノール）を原料として製造したものの証明書の発給に関する省令,えちるあるこーるえたのーるのうちばいおますからせいぞうしたものおよびえちるーたーしゃりーぶちるえーてるのうちばいおますからせいぞうしたえちるあるこーるえたのーるをげんりょうとしてせいぞうしたもののしょうめいしょのはっきゅうにかんするしょうれい,令和二年十二月二十八日
420M60000400040,府省令,電解二酸化マンガンに対して課する不当廉売関税に関する政令第一条第一項第一号に規定する電気分解の工程を経て製造した二酸化マンガンでない旨の証明書の発給に関する省令,でんかいにさんかまんがんにたいしてかするふとうれんばいかんぜいにかんするせいれいだいいちじょうだいいっこうだいいちごうにきていするでんきぶんかいのこうていをへてせいぞうしたにさんかまんがんでないむねのしょうめいしょのはっきゅうにかんするしょうれい,令和六年三月一日
420M60000400057,府省令,輸出貨物が輸出貿易管理令別表第一の一の項の中欄に掲げる貨物（核兵器等に該当するものを除く。）の開発、製造又は使用のために用いられるおそれがある場合を定める省令,ゆしゅつかもつがゆしゅつぼうえきかんりれいべっぴょうだいいちのいちのこうのちゅうらんにかかげるかもつかくへいきとうにがいとうするものをのぞくのかいはつせいぞうまたはしようのためにもちいられるおそれがあるばあいをさだめるしょうれい,令和七年十月九日
420M60000400076,府省令,経済産業省関係科学技術・イノベーション創出の活性化に関する法律施行規則,けいざいさんぎょうしょうかんけいかがくぎじゅついのべーしょんそうしゅつのかっせいかにかんするほうりつしこうきそく,令和四年十月十八日
420M60000440001,府省令,経済産業省・財務省関係株式会社商工組合中央金庫法施行規則,けいざいさんぎょうしょうざいむしょうかんけいかぶしきがいしゃしょうこうくみあいちゅうおうきんこほうしこうきそく,令和七年六月十三日
420M60000440003,府省令,電子情報処理組織による輸出入等関連業務の処理等に関する法律施行令第一条第五項第一号の申請等又は処分通知等を定める省令,でんしじょうほうしょりそしきによるゆしゅつにゅうとうかんれんぎょうむのしょりとうにかんするほうりつしこうれいだいいちじょうだいごこうだいいちごうのしんせいとうまたはしょぶんつうちとうをさだめるしょうれい,平成二十年十月一日
420M60000442001,府省令,経済産業省・財務省・内閣府関係株式会社商工組合中央金庫法施行規則,けいざいさんぎょうしょうざいむしょうないかくふかんけいかぶしきかいしゃしょうこうくみあいちゅうおうきんこほうしこうきそく,令和八年三月三十一日
420M60000600001,府省令,資源の有効な利用の促進に関する法律施行令別表第五の四の項の上欄に規定する調味料に関する省令,しげんのゆうこうなりようのそくしんにかんするほうりつせこうれいべっぴょうだいごのよんのこうのじょうらんにきていするちょうみりょうにかんするしょうれい,平成二十九年四月一日
420M60000600004,府省令,中小企業者と農林漁業者との連携による事業活動の促進に関する法律施行規則,ちゅうしょうきぎょうしゃとのうぎょうぎょぎょうしゃとのれんけいによるじぎょうかつどうのそくしんにかんするほうりつしこうきそく,令和二年十二月二十八日
420M60000640002,府省令,株式会社日本政策金融公庫の危機対応円滑化業務の実施に関し必要な事項を定める省令,かぶしきがいしゃにっぽんせいさくきんゆうこうこのききたいおうえんかつかぎょうむのじっしにかんしひつようなじこうをさだめるしょうれい,令和元年十二月十四日
420M60000740003,府省令,株式会社日本政策金融公庫の会計に関する省令,かぶしきがいしゃにっぽんせいさくきんゆうこうこのかいけいにかんするしょうれい,令和四年三月三十一日
420M60000740004,府省令,株式会社日本政策金融公庫法施行規則,かぶしきがいしゃにっぽんせいさくきんゆうこうこほうしこうきそく,令和七年十月一日
420M60000742001,府省令,犯罪利用預金口座等に係る資金による被害回復分配金の支払等に関する法律施行規則,はんざいりようよきんこうざとうにかかるしきんによるひがいかいふくぶんぱいきんのしはらいとうにかんするほうりつしこうきそく,令和五年十二月二十七日
420M60000742002,府省令,犯罪利用預金口座等に係る資金による被害回復分配金の支払等に関する法律第三十六条第一項の規定による立入検査をする職員の携帯する身分を示す証明書の様式を定める命令,はんざいりようよきんこうざとうにかかるしきんによるひがいかいふくぶんぱいきんのしはらいとうにかんするほうりつだいさんじゅうろくじょうだいいっこうのきていによるたちいりけんさをするしょくいんのけいたいするみぶんをしめすしょうめいしょのようしきをさだめるめいれい,令和三年十一月十七日
420M60000800010,府省令,特定住宅瑕疵担保責任の履行の確保等に関する法律施行規則,とくていじゅうたくかしたんぽせきにんのりこうのかくほとうにかんするほうりつしこうきそく,令和七年十月一日
420M60000800037,府省令,建築士法に基づく中央指定登録機関等に関する省令,けんちくしほうにもとづくちゅうおうしていとうろくきかんとうにかんするしょうれい,令和六年一月二十九日
420M60000800040,府省令,領海等における外国船舶の航行に関する法律施行規則,りょうかいとうにおけるがいこくせんぱくのこうこうにかんするほうりつしこうきそく,平成二十八年四月一日
420M60000800065,府省令,観光圏の整備による観光旅客の来訪及び滞在の促進に関する法律施行規則,かんこうけんのせいびによるかんこうりょきゃくのらいほうおよびたいざいのそくしんにかんするほうりつせこうきそく,令和七年四月一日
420M60000800067,府省令,海上運送法第三十五条の規定に基づく日本船舶・船員確保計画の認定等に関する省令,かいじょううんそうほうだいさんじゅうごじょうのきていにもとづくにほんせんぱくせんいんかくほけいかくのにんていとうにかんするしょうれい,令和六年四月一日
420M60000800069,府省令,平成二十年度に海上運送法第三十五条第一項又は第四項の規定による日本船舶・船員確保計画の認定の申請をする場合における同条第三項第五号の日本船舶の隻数の増加の割合を定める省令,へいせいにじゅうねんどにかいじょううんそうほうだいさんじゅうごじょうだいいっこうまたはだいよんこうのきていによるにほんせんぱくせんいんかくほけいかくのにんていのしんせいをするばあいにおけるどうじょうだいさんこうだいごごうのにほんせんぱくのせきすうのぞうかのわりあいをさだめるしょうれい,平成二十年七月三十一日
420M60000800071,府省令,観光庁組織規則,かんこうちょうそしききそく,令和七年七月一日
420M60000800072,府省令,運輸安全委員会事務局組織規則,うんゆあんぜんいいんかいじむきょくそしききそく,令和六年四月一日
420M60000800086,府省令,国土交通省関係科学技術・イノベーション創出の活性化に関する法律施行規則,こくどこうつうしょうかんけいかがくぎじゅついのべーしょんそうしゅつのかっせいかにかんするほうりつしこうきそく,平成三十一年一月十七日
420M60000800091,府省令,国土交通省関係地域における歴史的風致の維持及び向上に関する法律施行規則,こくどこうつうしょうかんけいちいきにおけるれきしてきふうちのいじおよびこうじょうにかんするほうりつしこうきそく,令和四年十一月十四日
420M60000800105,府省令,株式等の取引に係る決済の合理化を図るための社債等の振替に関する法律等の一部を改正する法律の施行に伴う関係政令の整備に関する政令附則第四条の株主名簿に記載し、又は記録する方法を定める省令,かぶしきとうのとりひきにかかるけっさいのごうりかをはかるためのしゃさいとうのふりかえにかんするほうりつとうのいちぶをかいせいするほうりつのしこうにともなうかんけいせいれいのせいびにかんするせいれいふそくだいよんじょうのかぶぬしめいぼにきさいしまたはきろくするほうほうをさだめるしょうれい,平成二十一年一月五日
420M60000880001,府省令,地域における歴史的風致の維持及び向上に関する法律施行規則,ちいきにおけるれきしてきふうちのいじおよびこうじょうにかんするほうりつしこうきそく,平成二十年十一月四日
420M60000A00003,府省令,観光圏の整備による観光旅客の来訪及び滞在の促進に関する法律第五条第二項第二号の観光圏整備事業の推進を図るのにふさわしい者を定める省令,かんこうけんのせいびによるかんこうりょきゃくのらいほうおよびたいざいのそくしんにかんするほうりつだいごじょうだいにこうだいにごうのかんこうけんせいびじぎょうのすいしんをはかるのにふさわしいものをさだめるしょうれい,平成二十年七月二十三日
420M60000A80001,府省令,文部科学省・農林水産省・国土交通省関係地域における歴史的風致の維持及び向上に関する法律施行規則,もんぶかがくしょうのうりんすいさんしょうこくどこうつうしょうかんけいちいきにおけるれきしてきふうちのいじおよびこうじょうにかんするほうりつしこうきそく,平成二十年十一月四日
420M60000F4A001,府省令,農商工等連携事業計画の認定等に関する命令,のうしょうこうとうれんけいじぎょうけいかくのにんていとうにかんするめいれい,令和四年四月一日
420M60000F5A001,府省令,犯罪による収益の移転防止に関する法律施行規則,はんざいによるしゅうえきのいてんぼうしにかんするほうりつせこうきそく,令和九年四月一日
420M60000F5A002,府省令,疑わしい取引の届出における情報通信技術の活用に関する規則,うたがわしいとりひきのとどけでにおけるじょうほうつうしんぎじゅつのかつようにかんするきそく,令和六年四月一日
420M60001000001,府省令,環境省関係鳥獣による農林水産業等に係る被害の防止のための特別措置に関する法律施行規則,かんきょうしょうかんけいちょうじゅうによるのうりんすいさんぎょうとうにかかるひがいのぼうしのためのとくべつそちにかんするほうりつしこうきそく,平成二十八年十二月二日
420M60001000015,府省令,環境省関係科学技術・イノベーション創出の活性化に関する法律施行規則,かんきょうしょうかんけいかがくぎじゅついのべーしょんそうしゅつのかっせいかにかんするほうりつしこうきそく,令和二年十二月二十八日
420M60001600001,府省令,農林漁業有機物資源のバイオ燃料の原材料としての利用の促進に関する法律施行規則,のうりんぎょぎょうゆうきぶつしげんのばいおねんりょうのげんざいりょうとしてのりようのそくしんにかんするほうりつせこうきそく,令和二年十二月二十五日
420M60001A80001,府省令,エコツーリズム推進法施行規則,えこつーりずむすいしんほうせこうきそく,令和七年九月一日
420M60001F42001,府省令,中小企業等協同組合法施行規則,ちゅうしょうきぎょうとうきょうどうくみあいほうせこうきそく,令和七年六月一日
420M60002000008,府省令,防衛省関係科学技術・イノベーション創出の活性化に関する法律施行規則,ぼうえいしょうかんけいかがくぎじゅついのべーしょんそうしゅつのかっせいかにかんするほうりつしこうきそく,令和三年四月一日
420M60003FFA001,府省令,地球温暖化対策の推進に関する法律第二十二条第三項の規定に基づく主務大臣の権限の委任に関する命令,ちきゅうおんだんかたいさくのすいしんにかんするほうりつだいにじゅうにじょうだいさんこうのきていにもとづくしゅむだいじんのけんげんのいにんにかんするめいれい,令和四年四月一日
420M60040000001,規則,運輸安全委員会運営規則,うんゆあんぜんいいんかいうんえいきそく,令和三年三月三十一日
420M60400000004,規則,被疑者取調べ適正化のための監督に関する規則,ひぎしゃとりしらべてきせいかのためのかんとくにかんするきそく,令和七年四月一日
420M60400000020,規則,オウム真理教犯罪被害者等を救済するための給付金の支給に関する法律施行規則,おうむしんりきょうはんざいひがいしゃとうをきゅうさいするためのきゅうふきんのしきゅうにかんするほうりつしこうきそく,令和五年十月一日
420RJNJ09122000,規則,人事院規則九―一二二（専門スタッフ職調整手当）,じんじいんきそくきゅうのひゃくにじゅうにせんもんすたっふしょくちょうせいてあて,令和八年四月一日
420RPMD03310000,府省令,内閣情報調査室に内閣情報分析官等を置く規則,ないかくじょうほうちょうさしつにないかくじょうほうぶんせきかんとうをおくきそく,平成二十年四月一日
421AC0000000002,法律,平成二十年度における地方道路整備臨時交付金の総額の限度額の特例に関する法律,へいせいにじゅうねんどにおけるちほうどうろせいびりんじこうふきんのそうがくのげんどがくのとくれいにかんするほうりつ,平成二十一年二月二十日
421AC0000000004,法律,平成二十年度における財政運営のための財政投融資特別会計からの繰入れの特例に関する法律,へいせいにじゅうねんどにおけるざいせいうんえいのためのざいせいとうゆうしとくべつかいけいからのくりいれのとくれいにかんするほうりつ,平成二十一年三月四日
421AC0000000017,法律,財政運営に必要な財源の確保を図るための公債の発行及び財政投融資特別会計からの繰入れの特例に関する法律,ざいせいうんえいにひつようなざいげんのかくほをはかるためのこうさいのはっこうおよびざいせいとうゆうしとくべつかいけいからのくりいれのとくれいにかんするほうりつ,平成二十二年四月一日
421AC0000000024,法律,外国等に対する我が国の民事裁判権に関する法律,がいこくとうにたいするわがくにのみんじさいばんけんにかんするほうりつ,令和四年五月二十五日
421AC0000000025,法律,米穀の新用途への利用の促進に関する法律,べいこくのしんようとへのりようのそくしんにかんするほうりつ,令和七年十月一日
421AC0000000026,法律,米穀等の取引等に係る情報の記録及び産地情報の伝達に関する法律,べいこくとうのとりひきとうにかかるじょうほうのきろくおよびさんちじょうほうのでんたつにかんするほうりつ,平成三十年四月一日
421AC0000000048,法律,消費者庁及び消費者委員会設置法,しょうひしゃちょうおよびしょうひしゃいいんかいせっちほう,令和六年四月一日
421AC0000000050,法律,消費者安全法,しょうひしゃあんぜんほう,令和七年六月一日
421AC0000000055,法律,海賊行為の処罰及び海賊行為への対処に関する法律,かいぞくこういのしょばつおよびかいぞくこういへのたいしょにかんするほうりつ,令和七年六月一日
421AC0000000059,法律,資金決済に関する法律,しきんけっさいにかんするほうりつ,令和八年六月十二日
421AC0000000063,法律,株式会社地域経済活性化支援機構法,かぶしきがいしゃちいきけいざいかっせいかしえんきこうほう,令和七年九月十一日
421AC0000000064,法律,特定地域及び準特定地域における一般乗用旅客自動車運送事業の適正化及び活性化に関する特別措置法,とくていちいきおよびじゅんとくていちいきにおけるいっぱんじょうようりょきゃくじどうしゃうんそうじぎょうのてきせいかおよびかっせいかにかんするとくべつそちほう,令和七年六月一日
421AC0000000066,法律,公文書等の管理に関する法律,こうぶんしょとうのかんりにかんするほうりつ,令和八年十月一日
421AC0000000071,法律,子ども・若者育成支援推進法,こどもわかものいくせいしえんすいしんほう,令和七年六月一日
421AC0000000072,法律,エネルギー供給事業者によるエネルギー源の環境適合利用及び化石エネルギー原料の有効な利用の促進に関する法律,えねるぎーきょうきゅうじぎょうしゃによるえねるぎーげんのかんきょうてきごうりようおよびかせきえねるぎーげんりょうのゆうこうなりようのそくしんにかんするほうりつ,令和五年四月一日
421AC0000000076,法律,沖縄科学技術大学院大学学園法,おきなわかがくぎじゅつだいがくいんだいがくがくえんほう,令和七年四月一日
421AC0000000080,法律,商店街の活性化のための地域住民の需要に応じた事業活動の促進に関する法律,しょうてんがいのかっせいかのためのちいきじゅうみんのじゅようにおうじたじぎょうかつどうのそくしんにかんするほうりつ,平成二十七年十月一日
421AC0000000085,法律,クラスター弾等の製造の禁止及び所持の規制等に関する法律,くらすたーだんとうのせいぞうのきんしおよびしょじのきせいとうにかんするほうりつ,令和七年六月一日
421AC0000000098,法律,新型インフルエンザ予防接種による健康被害の救済に関する特別措置法,しんがたいんふるえんざよぼうせっしゅによるけんこうひがいのきゅうさいにかんするとくべつそちほう,令和四年十二月九日
421AC0100000099,法律,原爆症認定集団訴訟の原告に係る問題の解決のための基金に対する補助に関する法律,げんばくしょうにんていしゅうだんそしょうのげんこくにかかるもんだいのかいけつのためのききんにたいするほじょにかんするほうりつ,平成二十二年四月一日
421AC1000000037,法律,厚生年金保険の保険給付及び国民年金の給付の支払の遅延に係る加算金の支給に関する法律,こうせいねんきんほけんのほけんきゅうふおよびこくみんねんきんのきゅうふのしはらいのちえんにかかるかさんきんのしきゅうにかんするほうりつ,令和六年一月一日
421AC1000000040,法律,公共サービス基本法,こうきょうさーびすきほんほう,平成二十一年七月一日
421AC1000000052,法律,バイオマス活用推進基本法,ばいおますかつようすいしんきほんほう,平成二十一年九月十二日
421AC1000000081,法律,水俣病被害者の救済及び水俣病問題の解決に関する特別措置法,みなまたびょうひがいしゃのきゅうさいおよびみなまたびょうもんだいのかいけつにかんするとくべつそちほう,令和十年六月十三日
421AC1000000082,法律,美しく豊かな自然を保護するための海岸における良好な景観及び環境並びに海洋環境の保全に係る海岸漂着物等の処理等の推進に関する法律,うつくしくゆたかなしぜんをほごするためのかいがんにおけるりょうこうなけいかんおよびかんきょうならびにかいようかんきょうのほぜんにかかるかいがんひょうちゃくぶつとうのしょりとうのすいしんにかんするほうりつ,平成三十年六月二十二日
421AC1000000097,法律,肝炎対策基本法,かんえんたいさくきほんほう,平成二十六年十一月二十五日
421CO0000000002,政令,薬事法の一部を改正する法律の施行に伴う関係政令の整備等及び経過措置に関する政令,やくじほうのいちぶをかいせいするほうりつのしこうにともなうかんけいせいれいのせいびとうおよびけいかそちにかんするせいれい,平成二十一年六月一日
421CO0000000022,政令,ハンセン病問題の解決の促進に関する法律第十九条に規定する援護に関する政令,はんせんびょうもんだいのかいけつのそくしんにかんするほうりつだいじゅうきゅうじょうにきていするえんごにかんするせいれい,平成二十一年四月一日
421CO0000000024,政令,長期優良住宅の普及の促進に関する法律施行令,ちょうきゆうりょうじゅうたくのふきゅうのそくしんにかんするほうりつしこうれい,令和七年四月一日
421CO0000000030,政令,標準的な官職を定める政令,ひょうじゅんてきなかんしょくをさだめるせいれい,令和八年二月十四日
421CO0000000031,政令,人事評価の基準、方法等に関する政令,じんじひょうかのきじゅんほうほうとうにかんするせいれい,令和五年四月一日
421CO0000000040,政令,エネルギーの使用の合理化に関する法律の一部を改正する法律の施行に伴う関係政令の整備及び経過措置に関する政令,えねるぎーのしようのごうりかにかんするほうりつのいちぶをかいせいするほうりつのしこうにともなうかんけいせいれいのせいびおよびけいかそちにかんするせいれい,平成二十二年四月一日
421CO0000000041,政令,平成二十年における特定地域に係る激甚災害及びこれに対し適用すべき措置の指定に関する政令,へいせいにじゅうねんにおけるとくていちいきにかかるげきじんさいがいおよびこれにたいしてきようすべきそちのしていにかんするせいれい,平成二十一年三月十八日
421CO0000000057,政令,一般職の職員の給与に関する法律等の一部を改正する法律の施行に伴う関係政令の整備及び経過措置に関する政令,いっぱんしょくのしょくいんのきゅうよにかんするほうりつとうのいちぶをかいせいするほうりつのしこうにともなうかんけいせいれいのせいびおよびけいかそちにかんするせいれい,平成二十一年四月一日
421CO0000000097,政令,恩給審査会令,おんきゅうしんさかいれい,平成三十年七月二十日
421CO0000000111,政令,独立行政法人に係る改革を推進するための文部科学省関係法律の整備等に関する法律の施行に伴う関係政令の整備及び経過措置に関する政令,どくりつぎょうせいほうじんにかかるかいかくをすいしんするためのもんぶかがくしょうかんけいほうりつのせいびとうにかんするほうりつのしこうにともなうかんけいせいれいのせいびおよびけいかそちにかんするせいれい,平成二十一年四月一日
421CO0000000116,政令,国家公務員法等の一部を改正する法律附則第四条第一項の政令で定める日等を定める政令,こっかこうむいんほうとうのいちぶをかいせいするほうりつふそくだいよんじょうだいいっこうのせいれいでさだめるひとうをさだめるせいれい,平成二十一年四月三日
421CO0000000155,政令,我が国における産業活動の革新等を図るための産業活力再生特別措置法等の一部を改正する法律の施行に伴う関係政令の整備等及び経過措置に関する政令,わがくににおけるさんぎょうかつどうのかくしんとうをはかるためのさんぎょうかつりょくさいせいとくべつそちほうとうのいちぶをかいせいするほうりつのしこうにともなうかんけいせいれいのせいびとうおよびけいかそちにかんするせいれい,平成二十一年六月二十二日
421CO0000000158,政令,技術研究組合法施行令,ぎじゅつけんきゅうくみあいほうしこうれい,令和四年九月一日
421CO0000000173,政令,米穀の新用途への利用の促進に関する法律施行令,べいこくのしんようとへのりようのそくしんにかんするほうりつせこうれい,令和四年四月一日
421CO0000000183,政令,水俣病被害者の救済及び水俣病問題の解決に関する特別措置法施行令,みなまたびょうひがいしゃのきゅうさいおよびみなまたびょうもんだいのかいけつにかんするとくべつそちほうせこうれい,令和四年四月一日
421CO0000000196,政令,商店街の活性化のための地域住民の需要に応じた事業活動の促進に関する法律施行令,しょうてんがいのかっせいかのためのちいきじゅうみんのじゅようにおうじたじぎょうかつどうのそくしんにかんするほうりつしこうれい,令和六年三月十五日
421CO0000000215,政令,消費者庁組織令,しょうひしゃちょうそしきれい,令和七年四月一日
421CO0000000216,政令,消費者委員会令,しょうひしゃいいんかいれい,平成二十一年九月一日
421CO0000000218,政令,不当景品類及び不当表示防止法施行令,ふとうけいひんるいおよびふとうひょうじぼうしほうせこうれい,令和六年十月一日
421CO0000000219,政令,特定電子メールの送信の適正化等に関する法律第三十一条第一項の規定により消費者庁長官に委任されない権限を定める政令,とくていでんしめーるのそうしんのてきせいかとうにかんするほうりつだいさんじゅういちじょうだいいっこうのきていによりしょうひしゃちょうちょうかんにいにんされないけんげんをさだめるせいれい,平成二十一年九月一日
421CO0000000220,政令,消費者安全法施行令,しょうひしゃあんぜんほうしこうれい,令和五年六月一日
421CO0000000222,政令,エネルギー供給事業者によるエネルギー源の環境適合利用及び化石エネルギー原料の有効な利用の促進に関する法律施行令,えねるぎーきょうきゅうじぎょうしゃによるえねるぎーげんのかんきょうてきごうりようおよびかせきえねるぎーげんりょうのゆうこうなりようのそくしんにかんするほうりつしこうれい,令和五年四月一日
421CO0000000232,政令,平成二十一年六月九日から八月二日までの間の豪雨による災害についての激甚災害及びこれに対し適用すべき措置の指定に関する政令,へいせいにじゅういちねんろくがつここのかからはちがつふつかまでのまのごううによるさいがいについてのげきじんさいがいおよびこれにたいしてきようすべきそちのしていにかんするせいれい,平成二十一年八月二十八日
421CO0000000234,政令,株式会社地域経済活性化支援機構法施行令,かぶしきがいしゃちいきけいざいかっせいかしえんきこうほうしこうれい,令和五年四月一日
421CO0000000240,政令,独立行政法人に係る改革を推進するための文部科学省関係法律の整備等に関する法律の一部の施行に伴う関係政令の整備及び経過措置に関する政令,どくりつぎょうせいほうじんにかかるかいかくをすいしんするためのもんぶかがくしょうかんけいほうりつのせいびとうにかんするほうりつのいちぶのしこうにともなうかんけいせいれいのせいびおよびけいかそちにかんするせいれい,平成二十一年十月一日
421CO0000000241,政令,平成二十一年八月八日から同月十一日までの間の豪雨及び暴風雨による災害についての激甚災害並びにこれに対し適用すべき措置の指定に関する政令,へいせいにじゅういちねんはちがつようかからどうげつじゅういちにちまでのまのごううおよびぼうふううによるさいがいについてのげきじんさいがいならびにこれにたいしてきようすべきそちのしていにかんするせいれい,平成二十二年三月十七日
421CO0000000261,政令,米穀等の取引等に係る情報の記録及び産地情報の伝達に関する法律施行令,べいこくとうのとりひきとうにかかるじょうほうのきろくおよびさんちじょうほうのでんたつにかんするほうりつしこうれい,平成二十三年七月一日
421CO0000000262,政令,医薬品、医療機器等の品質、有効性及び安全性の確保等に関する法律第十四条の三第一項の医薬品等を定める政令,いやくひんいりょうききとうのひんしつゆうこうせいおよびあんぜんせいのかくほとうにかんするほうりつだいじゅうよんじょうのさんだいいっこうのいやくひんとうをさだめるせいれい,平成二十六年十一月二十五日
421CO0000000277,政令,新型インフルエンザ予防接種による健康被害の救済に関する特別措置法施行令,しんがたいんふるえんざよぼうせっしゅによるけんこうひがいのきゅうさいにかんするとくべつそちほうしこうれい,令和八年四月一日
421CO0000000289,政令,日本年金機構法施行令,にっぽんねんきんきこうほうしこうれい,令和五年四月一日
421CO0000000296,政令,雇用保険法等の一部を改正する法律の一部の施行に伴う関係政令の整備等及び経過措置に関する政令,こようほけんほうとうのいちぶをかいせいするほうりつのいちぶのしこうにともなうかんけいせいれいのせいびとうおよびけいかそちにかんするせいれい,令和七年十二月一日
421CO0000000307,政令,無尽業法施行令,むじんぎょうほうしこうれい,令和八年五月二十五日
421CO0000000308,政令,金融庁設置法第四条第一項第三号エに規定する指定紛争解決機関を定める政令,きんゆうちょうせっちほうだいよんじょうだいいっこうだいさんごうえにきていするしていふんそうかいけつきかんをさだめるせいれい,令和八年五月二十五日
421CO0000000309,政令,肝炎対策推進協議会令,かんえんたいさくすいしんきょうぎかいれい,令和五年九月一日
421CO0000000310,政令,日本年金機構の設立に伴う関係政令の整備等及び経過措置に関する政令,にっぽんねんきんきこうのせつりつにともなうかんけいせいれいのせいびとうおよびけいかそちにかんするせいれい,平成二十二年一月一日
421M60000002002,府省令,標準的な官職を定める政令に規定する内閣官房令で定める標準的な官職等を定める内閣官房令,ひょうじゅんてきなかんしょくをさだめるせいれいにきていするないかくかんぼうれいでさだめるひょうじゅんてきなかんしょくとうをさだめるないかくかんぼうれい,令和八年四月一日
421M60000002003,府省令,人事評価の基準、方法等に関する内閣官房令,じんじひょうかのきじゅんほうほうとうにかんするないかくかんぼうれい,令和四年十月一日
421M60000002045,府省令,消費者委員会事務局組織規則,しょうひしゃいいんかいじむきょくそしききそく,平成二十二年四月一日
421M60000002047,府省令,消費生活用製品安全法の規定に基づく重大事故報告等に関する内閣府令,しょうひせいかつようせいひんあんぜんほうのきていにもとづくじゅうだいじこほうこくとうにかんするないかくふれい,令和七年十二月二十五日
421M60000002048,府省令,消費者安全法施行規則,しょうひしゃあんぜんほうしこうきそく,令和七年十月一日
421M60000002054,府省令,日本農林規格等に関する法律の規定に基づく公聴会等に関する内閣府令,にほんのうりんきかくとうにかんするほうりつのきていにもとづくこうちょうかいとうにかんするないかくふれい,令和四年十月一日
421M60000002056,府省令,消費者安全法の規定に基づく立入調査等をする職員の携帯する身分を示す証明書の様式を定める内閣府令,しょうひしゃあんぜんほうのきていにもとづくたちいりちょうさとうをするしょくいんのけいたいするみぶんをしめすしょうめいしょのようしきをさだめるないかくふれい,令和元年七月一日
421M60000002057,府省令,健康増進法に規定する特別用途表示の許可等に関する内閣府令,けんこうぞうしんほうにきていするとくべつようとひょうじのきょかとうにかんするないかくふれい,令和七年六月一日
421M60000002058,府省令,消費者庁組織規則,しょうひしゃちょうそしききそく,令和七年四月一日
421M60000002059,府省令,内閣府の所管する消費者庁関係法令に係る民間事業者等が行う書面の保存等における情報通信の技術の利用に関する法律施行規則,ないかくふのしょかんするしょうひしゃちょうかんけいほうれいにかかるみんかんじぎょうしゃとうがおこなうしょめんのほぞんとうにおけるじょうほうつうしんのぎじゅつのりようにかんするほうりつしこうきそく,令和五年十二月十三日
421M60000002060,府省令,内閣府の所管する消費者庁関係法令に係る情報通信技術を活用した行政の推進等に関する法律施行規則,ないかくふのしょかんするしょうひしゃちょうかんけいほうれいにかかるじょうほうつうしんぎじゅつをかつようしたぎょうせいのすいしんとうにかんするほうりつしこうきそく,令和五年十二月二十七日
421M60000002077,府省令,金融商品取引法第五章の五の規定による指定紛争解決機関に関する内閣府令,きんゆうしょうひんとりひきほうだいごしょうのごのきていによるしていふんそうかいけつきかんにかんするないかくふれい,令和七年六月一日
421M60000008014,府省令,自治紛争処理委員の調停、審査及び処理方策の提示の手続に関する省令,じちふんそうしょりいいんのちょうていしんさおよびしょりほうさくのていじのてつづきにかんするしょうれい,令和元年十二月十六日
421M60000008027,府省令,国家公務員退職手当法の規定による退職手当の支給制限等に係る書面の様式を定める内閣官房令,こっかこうむいんたいしょくてあてほうのきていによるたいしょくてあてのしきゅうせいげんとうにかかるしょめんのようしきをさだめるないかくかんぼうれい,令和七年十月一日
421M60000008029,府省令,国家公務員退職手当法の規定に基づく意見の聴取の手続に関する規則,こっかこうむいんたいしょくてあてほうのきていにもとづくいけんのちょうしゅのてつづきにかんするきそく,令和三年三月二十六日
421M60000008085,府省令,特定電子メールの送信の適正化等に関する法律第二条第一号の通信方式を定める省令,とくていでんしめーるのそうしんのてきせいかとうにかんするほうりつだいにじょうだいいちごうのつうしんほうしきをさだめるしょうれい,平成二十一年九月一日
421M60000008088,府省令,排煙設備に代えて用いることができる必要とされる防火安全性能を有する消防の用に供する設備等に関する省令,はいえんせつびにかえてもちいることができるひつようとされるぼうかあんぜんせいのうをゆうするしょうぼうのようにきょうするせつびとうにかんするしょうれい,令和六年四月一日
421M60000010028,府省令,刑事施設等の運営に係る特定業務の公共サービス実施民間事業者による実施に関する省令,けいじしせつとうのうんえいにかかるとくていぎょうむのこうきょうさーびすじっしみんかんじぎょうしゃによるじっしにかんするしょうれい,平成二十一年五月一日
421M60000010051,府省令,出入国管理及び難民認定法第二十条の二第二項の基準を定める省令,しゅつにゅうこくかんりおよびなんみんにんていほうだいにじゅうじょうのにだいにこうのきじゅんをさだめるしょうれい,平成二十九年十一月一日
421M60000020004,府省令,外務職員の標準的な官職を定める省令,がいむしょくいんのひょうじゅんてきなかんしょくをさだめるしょうれい,平成二十九年四月一日
421M60000020005,府省令,選考による外務職員の採用に関する省令,せんこうによるがいむしょくいんのさいようにかんするしょうれい,平成二十一年四月一日
421M60000020006,府省令,外務職員の人事評価の基準、方法等に関する省令,がいむしょくいんのじんじひょうかのきじゅんほうほうとうにかんするしょうれい,令和四年十月一日
421M60000040006,府省令,政府が承継した独立行政法人日本高速道路保有・債務返済機構債務に係る国債の取扱い等に関する省令,せいふがしょうけいしたどくりつぎょうせいほうじんにほんこうそくどうろほゆうさいむへんさいきこうさいむにかかるこくさいのとりあつかいとうにかんするしょうれい,平成二十一年四月三十日
421M60000040016,府省令,長期運用予定額に係る財政融資資金の運用実績報告書の様式を定める省令,ちょうきうんようよていがくにかかるざいせいゆうししきんのうんようじっせきほうこくしょのようしきをさだめるしょうれい,平成二十一年四月一日
421M60000040051,府省令,株式会社日本政策投資銀行が受ける資本金額の増加の登記の登録免許税の免税を受けるための手続に関する省令,かぶしきがいしゃにっぽんせいさくとうしぎんこうがうけるしほんきんがくのぞうかのとうきのとうろくめんきょぜいのめんぜいをうけるためのてつづきにかんするしょうれい,平成二十一年七月三日
421M60000040052,府省令,株式会社日本政策投資銀行に交付される国債の発行等に関する省令,かぶしきがいしゃにっぽんせいさくとうしぎんこうにこうふされるこくさいのはっこうとうにかんするしょうれい,平成二十一年七月三日
421M60000040060,府省令,株式会社地域経済活性化支援機構が取得した不動産権利等の移転登記等の登録免許税の免税を受けるための手続に関する省令,かぶしきがいしゃちいきけいざいかっせいかしえんきこうがしゅとくしたふどうさんけんりとうのいてんとうきとうのとうろくめんきょぜいのめんぜいをうけるためのてつづきにかんするしょうれい,平成二十六年十月十四日
421M60000042005,府省令,株式会社地域経済活性化支援機構法第八章に規定する預金保険機構の業務の特例等に関する命令,かぶしきがいしゃちいきけいざいかっせいかしえんきこうほうだいはっしょうにきていするよきんほけんきこうのぎょうむのとくれいとうにかんするめいれい,平成二十五年三月十八日
421M60000080012,府省令,放射線業務従事者に係る放射線管理記録の引渡し機関に関する省令,ほうしゃせんぎょうむじゅうじしゃにかかるほうしゃせんかんりきろくのひきわたしきかんにかんするしょうれい,平成三十年六月八日
421M60000080014,府省令,放射性同位元素等の規制に関する法律施行規則の規定に基づく記録の引渡し機関に関する規則,ほうしゃせいどういげんそとうのきせいにかんするほうりつしこうきそくのきていにもとづくきろくのひきわたしきかんにかんするきそく,令和元年九月一日
421M60000080037,府省令,原子力損害賠償補償契約に関する法律施行規則,げんしりょくそんがいばいしょうほしょうけいやくにかんするほうりつしこうきそく,平成二十七年四月十五日
421M60000100075,府省令,ハンセン病問題の解決の促進に関する法律施行規則,はんせんびょうもんだいのかいけつのそくしんにかんするほうりつしこうきそく,令和八年四月一日
421M60000100085,府省令,厚生労働省設置法第十六条第八項の規定による国立ハンセン病療養所の利用に関する省令,こうせいろうどうしょうせっちほうだいじゅうろくじょうだいはっこうのきていによるこくりつはんせんびょうりょうようじょのりようにかんするしょうれい,平成二十三年五月二日
421M60000100096,府省令,手話通訳を行う者の知識及び技能の審査・証明事業の認定に関する省令,しゅわつうやくをおこなうもののちしきおよびぎのうのしんさしょうめいじぎょうのにんていにかんするしょうれい,平成二十一年四月一日
421M60000100106,府省令,薬事法施行令の一部を改正する政令の施行に伴う関係省令の整備及び経過措置に関する省令,やくじほうしこうれいのいちぶをかいせいするせいれいのしこうにともなうかんけいしょうれいのせいびおよびけいかそちにかんするしょうれい,平成二十一年十一月四日
421M60000100153,府省令,新型インフルエンザ予防接種による健康被害の救済に関する特別措置法施行規則,しんがたいんふるえんざよぼうせっしゅによるけんこうひがいのきゅうさいにかんするとくべつそちほうしこうきそく,令和七年四月一日
421M60000100154,府省令,日本年金機構法第三十二条第二項の業務方法書に記載すべき事項を定める省令,にっぽんねんきんきこうほうだいさんじゅうにじょうだいにこうのぎょうむほうほうしょにきさいすべきじこうをさだめるしょうれい,平成二十二年一月一日
421M60000100165,府省令,日本年金機構の業務運営に関する省令,にっぽんねんきんきこうのぎょうむうんえいにかんするしょうれい,令和七年十二月一日
421M60000100166,府省令,日本年金機構の財務及び会計に関する省令,にっぽんねんきんきこうのざいむおよびかいけいにかんするしょうれい,令和八年四月一日
421M60000100167,府省令,日本年金機構の設立に伴う厚生労働省関係省令の整備及び経過措置に関する省令,にっぽんねんきんきこうのせつりつにともなうこうせいろうどうしょうかんけいしょうれいのせいびおよびけいかそちにかんするしょうれい,平成二十二年一月一日
421M60000102007,府省令,食品衛生法に基づく都道府県等食品衛生監視指導計画等に関する命令,しょくひんえいせいほうにもとづくとどうふけんとうしょくひんえいせいかんししどうけいかくとうにかんするめいれい,令和三年十月二十二日
421M60000200031,府省令,愛がん動物用飼料の安全性の確保に関する法律第十三条の規定による立入検査等及び報告に関する省令,あいがんどうぶつようしりょうのあんぜんせいのかくほにかんするほうりつだいじゅうさんじょうのきていによるたちいりけんさとうおよびほうこくにかんするしょうれい,令和二年十二月二十一日
421M60000200032,府省令,愛がん動物用飼料の安全性の確保に関する法律第十六条第一項の規定により地方農政局長に委任する権限を定める省令,あいがんどうぶつようしりょうのあんぜんせいのかくほにかんするほうりつだいじゅうろくじょうだいいっこうのきていによりちほうのうせいきょくちょうにいにんするけんげんをさだめるしょうれい,平成二十一年六月一日
421M60000200041,府省令,米穀の新用途への利用の促進に関する法律施行規則,べいこくのしんようとへのりようのそくしんにかんするほうりつせこうきそく,令和二年十二月二十一日
421M60000200061,府省令,米穀等の取引等に係る情報の記録及び産地情報の伝達に関する法律施行令第七条第四項の規定に基づく都道府県知事の報告に関する省令,べいこくとうのとりひきとうにかかるじょうほうのきろくおよびさんちじょうほうのでんたつにかんするほうりつしこうれいだいななじょうだいよんこうのきていにもとづくとどうふけんちじのほうこくにかんするしょうれい,平成二十二年十月一日
421M60000200063,府省令,米穀の出荷販売事業者が遵守すべき事項を定める省令,べいこくのしゅっかはんばいじぎょうしゃがじゅんしゅすべきじこうをさだめるしょうれい,令和五年一月一日
421M60000202008,府省令,日本農林規格等に関する法律の規定に基づく申出の手続等に関する命令,にほんのうりんきかくとうにかんするほうりつのきていにもとづくもうしでのてつづきとうにかんするめいれい,令和四年十月一日
421M60000202011,府省令,米穀等の取引等に係る情報の記録及び産地情報の伝達に関する法律施行令第七条第三項及び第四項の規定に基づく都道府県知事の報告に関する命令,べいこくとうのとりひきとうにかかるじょうほうのきろくおよびさんちじょうほうのでんたつにかんするほうりつしこうれいだいななじょうだいさんこうおよびだいよんこうのきていにもとづくとどうふけんちじのほうこくにかんするめいれい,平成二十三年七月一日
421M60000240001,府省令,米穀等の取引等に係る情報の記録に関する省令,べいこくとうのとりひきとうにかかるじょうほうのきろくにかんするしょうれい,令和二年十二月二十八日
421M60000242001,府省令,米穀等の産地情報の伝達に関する命令,べいこくとうのさんちじょうほうのでんたつにかんするめいれい,令和二年十二月二十八日
421M60000302001,府省令,中小企業者等に対する金融の円滑化を図るための臨時措置に関する法律に係る民間事業者等が行う書面の保存等における情報通信の技術の利用に関する命令,ちゅうしょうきぎょうしゃろうにたいするきんゆうのえんかつかをはかるためのりんじそちにかんするほうりつにかかるみんかんじぎょうしゃとうがおこなうしょめんのほぞんとうにおけるじょうほうつうしんのぎじゅつのりようにかんするめいれい,平成二十一年十二月四日
421M60000400022,府省令,中小企業における経営の承継の円滑化に関する法律施行規則,ちゅうしょうぎぎょうにおけるけいえいのしょうけいのえんかつかにかんするほうりつしこうきそく,令和八年四月一日
421M60000400043,府省令,商店街の活性化のための地域住民の需要に応じた事業活動の促進に関する法律施行規則,しょうてんがいのかっせいかのためのちいきじゅうみんのじゅようにおうじたじぎょうかつどうのそくしんにかんするほうりつせこうきそく,令和二年十二月二十八日
421M60000400047,府省令,家庭用品品質表示法の規定に基づく権限の委任に関する省令,かていようひんひんしつひょうじほうのきていにもとづくけんげんのいにんにかんするしょうれい,平成二十一年九月一日
421M60000400060,府省令,輸出者等遵守基準を定める省令,ゆしゅつしゃとうじゅんしゅきじゅんをさだめるしょうれい,令和七年十月九日
421M60000400061,府省令,特定重要貨物等を定める省令,とくていじゅうようかもつとうをさだめるしょうれい,平成二十二年四月一日
421M60000402003,府省令,家庭用品品質表示法に基づく申出の手続等を定める命令,かていようひんひんしつひょうじほうにもとづくもうしでのてつづきとうをさだめるめいれい,令和元年七月一日
421M60000402005,府省令,特定商取引に関する法律に係る民間事業者等が行う書面の保存等における情報通信の技術の利用に関する法律施行規則,とくていしょうとりひきにかんするほうりつにかかるみんかんじぎょうしゃとうがおこなうしょめんのほぞんとうにおけるじょうほうつうしんのぎじゅつのりようにかんするほうりつしこうきそく,令和五年十一月二十七日
421M60000408001,府省令,青少年が安全に安心してインターネットを利用できる環境の整備等に関する法律に基づくフィルタリング推進業務を行う者の登録等に関する省令,せいしょうねんがあんぜんにあんしんしていんたーねっとをりようできるかんきょうのせいびとうにかんするほうりつにもとづくふぃるたりんぐすいしんぎょうむをおこなうもののとうろくとうにかんするしょうれい,平成二十四年七月九日
421M6000044A001,府省令,株式会社地域経済活性化支援機構法施行規則,かぶしきがいしゃちいきけいざいかっせいかしえんきこうほうしこうきそく,令和七年六月十三日
421M60000800003,府省令,長期優良住宅の普及の促進に関する法律施行規則,ちょうきゆうりょうじゅうたくのふきゅうのそくしんにかんするほうりつしこうきそく,令和七年十一月二十八日
421M60000800033,府省令,道路の修繕に関する法律施行規則,どうろのしゅうぜんにかんするほうりつしこうきそく,令和二年四月一日
421M60000800058,府省令,特定地域及び準特定地域における一般乗用旅客自動車運送事業の適正化及び活性化に関する特別措置法施行規則,とくていちいきおよびじゅんとくていちいきにおけるいっぱんじょうようりょきゃくじどうしゃうんそうじぎょうのてきせいかおよびかっせいかにかんするとくべつそちほうしこうきそく,令和六年四月一日
421M60000802001,府省令,旅行業者等が旅行者と締結する契約等に関する規則,りょこうぎょうしゃとうがりょこうしゃとていけつするけいやくとうにかんするきそく,令和五年十二月二十八日
421M60000802002,府省令,旅行業法に規定する旅行業約款に係る民間事業者等が行う書面の保存等における情報通信の技術の利用に関する法律施行規則,りょこうぎょうほうにきていするりょこうぎょうやっかんにかかるみんかんじぎょうしゃとうがおこなうしょめんのほぞんとうにおけるじょうほうつうしんのぎじゅつのりようにかんするほうりつしこうきそく,令和五年十二月二十八日
421M60000810001,府省令,住宅建設瑕疵担保保証金及び住宅販売瑕疵担保保証金に関する規則,じゅうたくけんせつかしたんぽほしょうきんおよびじゅうたくはんばいかしたんぽほしょうきんにかんするきそく,令和七年十月一日
421M60001000005,府省令,愛がん動物用飼料の安全性の確保に関する法律第十六条第二項の規定により地方環境事務所長に委任する権限を定める省令,あいがんどうぶつようしりょうのあんぜんせいのかくほにかんするほうりつだいじゅうろくじょうだいにこうのきていによりちほうかんきょうじむしょちょうにいにんするけんげんをさだめるしょうれい,平成二十一年六月一日
421M60001000010,府省令,汚染土壌処理業に関する省令,おせんどじょうしょりぎょうにかんするしょうれい,令和四年七月一日
421M60001040001,府省令,認可事業再編計画に基づく事業会社の設立の登記等に係る登録免許税の課税の特例を受けるための手続に関する省令,にんかじぎょうさいへんけいかくにもとづくじぎょうかいしゃのせつりつのとうきとうにかかるとうろくめんきょぜいのかぜいのとくれいをうけるためのてつづきにかんするしょうれい,平成二十一年七月十五日
421M60001200001,府省令,愛玩動物用飼料の成分規格等に関する省令,あいがんどうぶつようしりょうのせいぶんきかくとうにかんするしょうれい,令和三年十月一日
421M60001200002,府省令,愛がん動物用飼料の安全性の確保に関する法律施行規則,あいがんどうぶつようしりょうのあんぜんせいのかくほにかんするほうりつせこうきそく,令和三年四月三十日
421M60001200003,府省令,愛がん動物用飼料の安全性の確保に関する法律に係る民間事業者等が行う書面の保存等における情報通信の技術の利用に関する法律施行規則,あいがんどうぶつようしりょうのあんぜんせいのかくほにかんするほうりつにかかるみんかんじぎょうしゃとうがおこなうしょめんのほぞんとうにおけるじょうほうつうしんのぎじゅつのりようにかんするほうりつしこうきそく,令和五年十二月二十八日
421M60001FC8001,府省令,技術研究組合法に係る民間事業者等が行う書面の保存等における情報通信の技術の利用に関する法律施行規則,ぎじゅつけんきゅうくみあいほうにかかるみんかんじぎょうしゃとうがおこなうしょめんのほぞんとうにおけるじょうほうつうしんのぎじゅつのりようにかんするほうりつしこうきそく,令和五年十二月二十八日
421M60001FC8002,府省令,技術研究組合法施行規則,ぎじゅつけんきゅうくみあいほうしこうきそく,令和五年十二月二十八日
421M60002000005,府省令,若年定年退職者給付金に関する省令,じゃくねんていねんたいしょくしゃきゅうふきんにかんするしょうれい,令和八年四月一日
421M60002000011,府省令,防衛会議の組織及び運営に関する省令,ぼうえいかいぎのそしきおよびうんえいにかんするしょうれい,平成二十七年十月一日
421M60400000009,規則,警察通信指令に関する規則,けいさつつうしんしれいにかんするきそく,平成二十一年十月一日
421M60400000011,規則,猟銃及び空気銃の取扱いに関する講習会等の開催に関する事務の一部を行わせることができる者の指定に関する規則,りょうじゅうおよびくうきじゅうのとりあつかいにかんするこうしゅうかいとうのかいさいにかんするじむのいちぶをおこなわせることができるもののしていにかんするきそく,令和六年七月十四日
421M60400000012,規則,猟銃安全指導委員規則,りょうじゅうあんぜんしどういいんきそく,令和七年九月一日
421M60400000013,規則,行方不明者発見活動に関する規則,ゆくえふめいしゃはっけんかつどうにかんするきそく,令和四年四月一日
421R00000001003,規則,会計検査院退職手当審査会規則,かいけいけんさいんたいしょくてあてしんさかいきそく,平成二十六年五月三十日
421RJNJ08012007,規則,人事院規則八―一二（職員の任免）,じんじいんきそくはちのじゅうにしょくいんのにんめん,令和八年四月一日
421RJNJ09123000,規則,人事院規則九―一二三（本府省業務調整手当）,じんじいんきそくきゅうのひゃくにじゅうさんほんふしょうぎょうむちょうせいてあて,令和八年四月一日
421RJNJ11010000,規則,人事院規則一一―一〇（職員の降給）,じんじいんきそくじゅういちのじゅうしょくいんのこうきゅう,令和五年四月一日
422AC0000000007,法律,平成二十二年度における財政運営のための公債の発行の特例等に関する法律,へいせいにじゅうにねんどにおけるざいせいうんえいのためのこうさいのはっこうのとくれいとうにかんするほうりつ,平成二十二年四月一日
422AC0000000008,法律,租税特別措置の適用状況の透明化等に関する法律,そぜいとくべつそちのてきようじょうきょうのとうめいかとうにかんするほうりつ,令和八年四月一日
422AC0000000018,法律,高等学校等就学支援金の支給に関する法律,こうとうがっこうとうしゅうがくしえんきんのしきゅうにかんするほうりつ,令和八年四月一日
422AC0000000019,法律,平成二十二年度等における子ども手当の支給に関する法律,へいせいにじゅうにねんどとうにおけるこどもてあてのしきゅうにかんするほうりつ,令和七年六月一日
422AC0000000036,法律,脱炭素社会の実現に資する等のための建築物等における木材の利用の促進に関する法律,だつたんそしゃかいのじつげんにしするとうのためのけんちくぶつとうにおけるもくざいのりようのそくしんにかんするほうりつ,令和三年十月一日
422AC0000000038,法律,エネルギー環境適合製品の開発及び製造を行う事業の促進に関する法律,えねるぎーかんきょうてきごうせいひんのかいはつおよびせいぞうをおこなうじぎょうのそくしんにかんするほうりつ,令和七年六月一日
422AC0000000041,法律,排他的経済水域及び大陸棚の保全及び利用の促進のための低潮線の保全及び拠点施設の整備等に関する法律,はいたてきけいざいすいいきおよびたいりくだなのほぜんおよびりようのそくしんのためのていちょうせんのほぜんおよびきょてんしせつのせいびとうにかんするほうりつ,令和七年六月一日
422AC0000000043,法律,国際連合安全保障理事会決議第千八百七十四号等を踏まえ我が国が実施する貨物検査等に関する特別措置法,こくさいれんごうあんぜんほしょうりじかいけつぎだいせんはっぴゃくななじゅうよんごうとうをふまえわがくにがじっしするかもつけんさとうにかんするとくべつそちほう,令和七年六月一日
422AC0000000067,法律,地域資源を活用した農林漁業者等による新事業の創出等及び地域の農林水産物の利用促進に関する法律,ちいきしげんをかつようしたのうりんぎょぎょうぶつとうによるしんじぎょうのそうしゅつとうおよびちいきののうりんすいさんぶつのりようそくしんにかんするほうりつ,令和七年十月一日
422AC0100000045,法律,戦後強制抑留者に係る問題に関する特別措置法,せんごきょうせいよくりゅうしゃにかかるもんだいにかんするとくべつそちほう,令和七年六月一日
422AC1000000042,法律,ＰＴＡ・青少年教育団体共済法,ぴーてぃーえーせいしょうねんきょういくだんたいきょうさいほう,令和二年四月一日
422AC1000000049,法律,平成二十二年四月以降において発生が確認された口蹄疫に起因して生じた事態に対処するための手当金等についての個人の道府県民税及び市町村民税の臨時特例に関する法律,へいせいにじゅうにねんしがついこうにおいてはっせいがかくにんされたこうていえきにきいんしてしょうじたじたいにたいしょするためのてあてきんとうについてのこじんのどうふけんたみぜいおよびしちょうそんたみぜいのりんじとくれいにかんするほうりつ,平成二十二年十月二十九日
422AC1000000050,法律,平成二十二年四月以降において発生が確認された口蹄疫に起因して生じた事態に対処するための手当金等についての所得税及び法人税の臨時特例に関する法律,へいせいにじゅうにねんしがついこうにおいてはっせいがかくにんされたこうていえきにきいんしてしょうじたじたいにたいしょするためのてあてきんとうについてのしょとくぜいおよびほうじんぜいのりんじとくれいにかんするほうりつ,平成二十三年七月一日
422CO0000000010,政令,ハイチ国際平和協力隊の設置等に関する政令,はいちこくさいへいわきょうりょくたいのせっちとうにかんするせいれい,平成二十四年十二月二十一日
422CO0000000019,政令,資金決済に関する法律施行令,しきんけっさいにかんするほうりつしこうれい,令和八年五月二十五日
422CO0000000028,政令,平成二十一年等における特定地域に係る激甚災害及びこれに対し適用すべき措置の指定に関する政令,へいせいにじゅういちねんとうにおけるとくていちいきにかかるげきじんさいがいおよびこれにたいしてきようすべきそちのしていにかんするせいれい,平成二十二年三月十七日
422CO0000000041,政令,高度専門医療に関する研究等を行う国立研究開発法人に関する法律施行令,こうどせんもんいりょうにかんするけんきゅうとうをおこなうこくりつけんきゅうかいはつほうじんにかんするほうりつしこうれい,令和八年四月一日
422CO0000000060,政令,たばこ税法の一部改正に伴う関係政令の整備に関する政令,たばこぜいほうのいちぶかいせいにともなうかんけいせいれいのせいびにかんするせいれい,平成二十二年十月一日
422CO0000000067,政令,租税特別措置の適用状況の透明化等に関する法律施行令,そぜいとくべつそちのてきようじょうきょうのとうめいかとうにかんするほうりつしこうれい,令和十二年一月一日
422CO0000000075,政令,平成二十二年度等における子ども手当の支給に関する法律施行令,へいせいにじゅうにねんどとうにおけるこどもてあてのしきゅうにかんするほうりつせこうれい,平成二十四年四月一日
422CO0000000077,政令,平成二十二年度等における子ども手当の支給に関する法律に基づき市町村に交付する事務費に関する政令,へいせいにじゅうにねんどとうにおけるこどもてあてのしきゅうにかんするほうりつにもとづきしちょうそんにこうふするじむひにかんするせいれい,平成二十三年四月一日
422CO0000000112,政令,高等学校等就学支援金の支給に関する法律施行令,こうとうがっこうとうしゅうがくしえんきんのしきゅうにかんするほうりつしこうれい,令和八年四月一日
422CO0000000124,政令,平成二十二年二月二十八日の津波による災害についての激甚災害及びこれに対し適用すべき措置の指定に関する政令,へいせいにじゅうにねんにがつにじゅうようかのつなみによるさいがいについてのげきじんさいがいおよびこれにたいしてきようすべきそちのしていにかんするせいれい,平成二十二年四月二十三日
422CO0000000127,政令,農業経営に関する金融上の措置の改善のための農業改良資金助成法等の一部を改正する法律の施行に伴う関係政令の整備及び経過措置に関する政令,のうぎょうけいえいにかんするきんゆううえのそちのかいぜんのためののうぎょうかいりょうしきんじょせいほうとうのいちぶをかいせいするほうりつのしこうにともなうかんけいせいれいのせいびおよびけいかそちにかんするせいれい,平成二十二年十月一日
422CO0000000133,政令,厚生年金保険の保険給付及び国民年金の給付の支払の遅延に係る加算金の支給に関する法律施行令,こうせいねんきんほけんのほけんきゅうふおよびこくみんねんきんのきゅうふのしはらいのちえんにかかるかさんきんのしきゅうにかんするほうりつしこうれい,令和八年四月一日
422CO0000000135,政令,日本国憲法の改正手続に関する法律施行令,にほんこくけんぽうのかいせいてつづきにかんするほうりつしこうれい,令和七年十月一日
422CO0000000157,政令,排他的経済水域及び大陸棚の保全及び利用の促進のための低潮線の保全及び拠点施設の整備等に関する法律施行令,はいたてきけいざいすいいきおよびたいりくだなのほぜんおよびりようのそくしんのためのていちょうせんのほぜんおよびきょてんしせつのせいびとうにかんするほうりつしこうれい,令和六年四月一日
422CO0000000158,政令,国際連合安全保障理事会決議第千八百七十四号等を踏まえ我が国が実施する貨物検査等に関する特別措置法施行令,こくさいれんごうあんぜんほしょうりじかいけつぎだいせんはっぴゃくななじゅうよんごうとうをふまえわがくにがじっしするかもつけんさとうにかんするとくべつそちほうせこうれい,平成三十年三月十日
422CO0000000163,政令,医療保険制度の安定的運営を図るための国民健康保険法等の一部を改正する法律の一部の施行に伴う国民健康保険の国庫負担金等の算定に関する政令の規定の整備及び経過措置に関する政令,いりょうほけんせいどのあんていてきうんえいをはかるためのこくみんけんこうほけんほうとうのいちぶをかいせいするほうりつのいちぶのしこうにともなうこくみんけんこうほけんのこっこふたんきんとうのさんていにかんするせいれいのきていのせいびおよびけいかそちにかんするせいれい,平成二十二年七月一日
422CO0000000166,政令,公文書管理委員会令,こうぶんしょかんりいいんかいれい,平成二十八年四月一日
422CO0000000183,政令,エネルギー環境適合製品の開発及び製造を行う事業の促進に関する法律施行令,えねるぎーかんきょうてきごうせいひんのかいはつおよびせいぞうをおこなうじぎょうのそくしんにかんするほうりつしこうれい,平成二十二年八月十六日
422CO0000000190,政令,平成二十二年六月十一日から七月十九日までの間の豪雨による災害についての激甚災害及びこれに対し適用すべき措置の指定に関する政令,へいせいにじゅうにねんろくがつじゅういちにちからしちがつじゅうきゅうにちまでのあいだのごううによるさいがいについてのげきじんさいがいおよびこれにたいしてきようすべきそちのしていにかんするせいれい,平成二十二年八月二十五日
422CO0000000194,政令,国民年金法等の一部を改正する法律の施行に伴う関係政令の整備及び経過措置に関する政令,こくみんねんきんほうとうのいちぶをかいせいするほうりつのしこうにともなうかんけいせいれいのせいびおよびけいかそちにかんするせいれい,平成二十七年十月一日
422CO0000000196,政令,商品取引所法及び商品投資に係る事業の規制に関する法律の一部を改正する法律の施行に伴う関係政令の整備等及び経過措置に関する政令,しょうひんとりひきじょほうおよびしょうひんとうしにかかるじぎょうのきせいにかんするほうりつのいちぶをかいせいするほうりつのしこうにともなうかんけいせいれいのせいびとうおよびけいかそちにかんするせいれい,平成二十三年一月一日
422CO0000000201,政令,東ティモール国際平和協力隊の設置等に関する政令,ひがしてぃもーるこくさいへいわきょうりょくたいのせっちとうにかんするせいれい,平成二十四年四月二十日
422CO0000000203,政令,脱炭素社会の実現に資する等のための建築物等における木材の利用の促進に関する法律施行令,だつたんそしゃかいのじつげんにしするとうのためのけんちくぶつとうにおけるもくざいのりようのそくしんにかんするほうりつしこうれい,令和三年十月一日
422CO0000000221,政令,平成二十二年四月以降において発生が確認された口蹄疫に起因して生じた事態に対処するための手当金等についての個人の道府県民税及び市町村民税の臨時特例に関する法律施行令,へいせいにじゅうにねんしがついこうにおいてはっせいがかくにんされたこうていえきにきいんしてしょうじたじたいにたいしょするためのてあてきんとうについてのこじんのどうふけんたみぜいおよびしちょうそんたみぜいのりんじとくれいにかんするほうりつしこうれい,平成二十二年十月二十九日
422CO0000000222,政令,平成二十二年四月以降において発生が確認された口蹄疫に起因して生じた事態に対処するための手当金等についての所得税及び法人税の臨時特例に関する法律施行令,へいせいにじゅうにねんしがついこうにおいてはっせいがかくにんされたこうていえきにきいんしてしょうじたじたいにたいしょするためのてあてきんとうについてのしょとくぜいおよびほうじんぜいのりんじとくれいにかんするほうりつしこうれい,令和四年四月一日
422CO0000000243,政令,スーダン住民投票監視国際平和協力隊の設置等に関する政令,すーだんじゅうみんとうひょうかんしこくさいへいわきょうりょくたいのせっちとうにかんするせいれい,平成二十二年十二月十五日
422CO0000000250,政令,公文書等の管理に関する法律施行令,こうぶんしょとうのかんりにかんするほうりつせこうれい,令和六年十二月二日
422CO0000000257,政令,ＰＴＡ・青少年教育団体共済法施行令,ぴーてぃーえーせいしょうねんきょういくだんたいきょうさいほうしこうれい,平成二十三年一月一日
422M60000002003,府省令,前払式支払手段に関する内閣府令,まえばらいしきしはらいしゅだんにかんするないかくふれい,令和八年四月一日
422M60000002004,府省令,資金移動業者に関する内閣府令,しきんいどうぎょうしゃにかんするないかくふれい,令和八年三月三十一日
422M60000002005,府省令,資金清算機関に関する内閣府令,しきんせいさんきかんにかんするないかくふれい,令和五年六月一日
422M60000002006,府省令,認定資金決済事業者協会に関する内閣府令,にんていしきんけっさいじぎょうしゃきょうかいにかんするないかくふれい,令和五年六月一日
422M60000002008,府省令,資金移動業等の指定紛争解決機関に関する内閣府令,しきんいどうぎょうとうのしていふんそうかいけつきかんにかんするないかくふれい,令和七年六月一日
422M60000002009,府省令,子ども・若者育成支援推進法施行規則,こどもわかものいくせいしえんすいしんほうしこうきそく,平成二十二年四月一日
422M60000008007,府省令,複合型居住施設における必要とされる防火安全性能を有する消防の用に供する設備等に関する省令,ふくごうがたきょじゅうしせつにおけるひつようとされるぼうかあんぜんせいのうをゆうするしょうぼうのようにきょうするせつびとうにかんするしょうれい,令和七年十月一日
422M60000008061,府省令,日本国憲法の改正手続に関する法律施行規則,にほんこくけんぽうのかいせいてつづきにかんするほうりつしこうきそく,令和七年十二月二十二日
422M60000008088,府省令,化学物質の審査及び製造等の規制に関する法律の規定に基づく立入検査をする総務省の職員の携帯する身分を示す証明書の様式を定める省令,かがくぶっしつのしんさおよびせいぞうとうのきせいにかんするほうりつのきていにもとづくたちいりけんさをするそうむしょうのしょくいんのけいたいするみぶんをしめすしょうめいしょのようしきをさだめるしょうれい,平成二十三年四月一日
422M60000008097,府省令,平成二十二年四月以降において発生が確認された口蹄疫に起因して生じた事態に対処するための手当金等についての個人の道府県民税及び市町村民税の臨時特例に関する法律施行規則,へいせいにじゅうにねんしがついこうにおいてはっせいがかくにんされたこうていえきにきいんしてしょうじたじたいにたいしょするためのてあてきんとうについてのこじんのどうふけんみんぜいおよびしちょうそんみんぜいのりんじとくれいにかんするほうりつせこうきそく,平成二十二年十月二十九日
422M60000008112,府省令,消火器の技術上の規格を定める省令の一部を改正する省令（平成二十二年総務省令第百十一号）の施行に伴う消防法施行令第三十条第二項及び危険物の規制に関する政令第二十二条第二項の技術上の基準に関する特例を定める省令,しょうかきのぎじゅつじょうのきかくをさだめるしょうれいのいちぶをかいせいするしょうれいへいせいにじゅうにねんそうむしょうれいだいひゃくじゅういちごうのしこうにともなうしょうぼうほうしこうれいだいさんじゅうじょうだいにこうおよびきけんぶつのきせいにかんするせいれいだいにじゅうにじょうだいにこうのぎじゅつじょうのきじゅんにかんするとくれいをさだめるしょうれい,平成二十三年一月一日
422M60000012004,府省令,前払式支払手段発行保証金規則,まえばらいしきしはらいしゅだんはっこうほしょうきんきそく,令和四年九月一日
422M60000012005,府省令,資金移動業履行保証金規則,しきんいどうぎょうりこうほしょうきんきそく,令和四年九月一日
422M60000040003,府省令,国有財産の貸付料を口座振替により納付する場合における手続等に関する省令,こくゆうざいさんのかしつけりょうをこうざふりかえによりのうふするばあいにおけるてつづきとうにかんするしょうれい,平成二十二年二月一日
422M60000040004,府省令,口座振替による国有財産の貸付料の納付手続の特例に関する省令,こうざふりかえによるこくゆうざいさんのかしつけりょうののうふてつづきのとくれいにかんするしょうれい,平成二十二年二月一日
422M60000040022,府省令,租税特別措置の適用状況の透明化等に関する法律施行規則,そぜいとくべつそちのてきようじょうきょうのとうめいかとうにかんするほうりつしこうきそく,令和八年四月一日
422M60000040052,府省令,平成二十二年四月以降において発生が確認された口蹄疫に起因して生じた事態に対処するための手当金等についての所得税及び法人税の臨時特例に関する法律施行規則,へいせいにじゅうにねんしがついこうにおいてはっせいがかくにんされたこうていえきにきいんしてしょうじたじたいにたいしょするためのてあてきんとうについてのしょとくぜいおよびほうじんぜいのりんじとくれいにかんするほうりつせこうきそく,平成二十二年十月二十九日
422M60000080013,府省令,高等学校等就学支援金の支給に関する法律施行規則,こうとうがっこうとうしゅうがくしえんきんのしきゅうにかんするほうりつしこうきそく,令和八年四月一日
422M60000080024,府省令,ＰＴＡ・青少年教育団体共済法施行規則,ぴーてぃーえーせいしょうねんきょういくだんたいきょうさいほうせこうきそく,令和三年一月一日
422M60000100038,府省令,高度専門医療に関する研究等を行う国立研究開発法人の業務運営、財務及び会計並びに人事管理に関する省令,こうどせんもんいりょうにかんするけんきゅうとうをおこなうこくりつけんきゅうかいはつほうじんのぎょうむうんえいざいむおよびかいけいならびにじんじかんりにかんするしょうれい,令和七年四月一日
422M60000100051,府省令,平成二十二年度等における子ども手当の支給に関する法律施行規則,へいせいにじゅうにねんどとうにおけるこどもてあてのしきゅうにかんするほうりつしこうきそく,令和五年四月一日
422M60000100067,府省令,厚生年金保険の保険給付及び国民年金の給付の支払の遅延に係る加算金の支給に関する法律施行規則,こうせいねんきんほけんのほけんきゅうふおよびこくみんねんきんのきゅうふのしはらいのちえんにかかるかさんきんのしきゅうにかんするほうりつせこうきそく,令和七年四月一日
422M60000200051,府省令,脱炭素社会の実現に資する等のための建築物等における木材の利用の促進に関する法律施行規則,だつたんそしゃかいのじつげんにしするとうのためのけんちくぶつとうにおけるもくざいのりようのそくしんにかんするほうりつしこうきそく,令和七年七月三十日
422M60000400038,府省令,クラスター弾等の製造の禁止及び所持の規制等に関する法律施行規則,くらすたーだんとうのせいぞうのきんしおよびしょじのきせいとうにかんするほうりつせこうきそく,令和二年十二月二十八日
422M60000400043,府省令,エネルギー供給事業者によるエネルギー源の環境適合利用及び化石エネルギー原料の有効な利用の促進に関する法律施行規則,えねるぎーきょうきゅうじぎょうしゃによるえねるぎーげんのかんきょうてきごうりようおよびひかせきえねるぎーげんりょうのゆうこうなりようのそくしんにかんするほうりつしこうきそく,令和七年七月十五日
422M60000400048,府省令,エネルギー環境適合製品の開発及び製造を行う事業の促進に関する法律に基づく需要開拓支援法人に関する省令,えねるぎーかんきょうてきごうせいひんのかいはつおよびせいぞうをおこなうじぎょうのそくしんにかんするほうりつにもとづくじゅようかいたくしえんほうじんにかんするしょうれい,令和元年七月一日
422M60000440001,府省令,エネルギー環境適合製品の開発及び製造を行う事業の促進に関する法律第六条に規定する業務を行う場合における株式会社日本政策金融公庫の会計に関する省令の特例を定める省令,えねるぎーかんきょうてきごうせいひんのかいはつおよびせいぞうをおこなうじぎょうのそくしんにかんするほうりつだいろくじょうにきていするぎょうむをおこなうばあいにおけるかぶしきがいしゃにっぽんせいさくきんゆうこうこのかいけいにかんするしょうれいのとくれいをさだめるしょうれい,平成二十四年四月一日
422M60000440002,府省令,株式会社日本政策金融公庫の特定事業促進円滑化業務の実施に関し必要な事項を定める省令,かぶしきがいしゃにっぽんせいさくきんゆうこうこのとくていじぎょうそくしんえんかつかぎょうむのじっしにかんしひつようなじこうをさだめるしょうれい,令和二年一月三十日
422M60000600005,府省令,商品取引所法及び商品投資に係る事業の規制に関する法律の一部を改正する法律の施行に伴う農林水産省・経済産業省関係省令の整備及び経過措置に関する省令,しょうひんとりひきじょほうおよびしょうひんとうしにかかるじぎょうのきせいにかんするほうりつのいちぶをかいせいするほうりつのしこうにともなうのうりんすいさんしょうけいざいさんぎょうしょうかんけいしょうれいのせいびおよびけいかそちにかんするしょうれい,平成二十三年一月一日
422M60000800016,府省令,道州制特別区域における広域行政の推進に関する法律第十九条第一項第一号の特定砂防工事交付金等の交付に関する省令,みちしゅうせいとくべつくいきにおけるこういきぎょうせいのすいしんにかんするほうりつだいじゅうきゅうじょうだいいっこうだいいちごうのとくていさぼうこうじこうふきんとうのこうふにかんするしょうれい,平成二十二年四月一日
422M60000800019,府省令,砂防法施行規程第十一条第二号に規定する砂防設備に堆積した土石その他これに類するものの排除を定める省令,さぼうほうしこうきていだいじゅういちじょうだいにごうにきていするさぼうせつびにたいせきしたどせきそのほかこれにるいするもののはいじょをさだめるしょうれい,平成二十二年四月一日
422M60000800031,府省令,海洋汚染等及び海上災害の防止に関する法律等の一部を改正する法律の一部の施行に伴う経過措置を定める省令,かいようおせんとうおよびかいじょうさいがいのぼうしにかんするほうりつとうのいちぶをかいせいするほうりつのいちぶのしこうにともなうけいかそちをさだめるしょうれいしんきほうれい,平成二十二年五月二十日
422M60000800035,府省令,排他的経済水域及び大陸棚の保全及び利用の促進のための低潮線の保全及び拠点施設の整備等に関する法律施行規則,はいたてきけいざいすいいきおよびたいりくだなのほぜんおよびりようのそくしんのためのていちょうせんのほぜんおよびきょてんしせつのせいびとうにかんするほうりつしこうきそく,令和六年四月一日
422M60000800036,府省令,国際連合安全保障理事会決議第千八百七十四号等を踏まえ我が国が実施する貨物検査等に関する特別措置法第十条の規定により管区海上保安本部長に委任する権限を定める省令,こくさいれんごうあんぜんほしょうりじかいけつぎだいせんはっぴゃくななじゅうよんごうとうをふまえわがくにがじっしするかもつけんさとうにかんするとくべつそちほうだいじゅうじょうのきていによりかんくかいじょうほあんほんぶちょうにいにんするけんげんをさだめるしょうれい,平成二十二年七月四日
422M60000800050,府省令,国土調査法施行規則,こくどちょうさほうしこうきそく,令和二年九月二十九日
422M60000840003,府省令,国際連合安全保障理事会決議第千八百七十四号等を踏まえ我が国が実施する貨物検査等に関する特別措置法施行規則,こくさいれんごうあんぜんほしょうりじかいけつぎだいせんはっぴゃくななじゅうよんごうとうをふまえわがくにがじっしするかもつけんさとうにかんするとくべつそちほうしこうきそく,平成二十二年七月四日
422M60000860001,府省令,国際連合安全保障理事会決議第千八百七十四号等を踏まえ我が国が実施する貨物検査等に関する特別措置法施行令別表の三の項の規定に基づき物資を定める省令,こくさいれんごうあんぜんほしょうりじかいけつぎだいせんはっぴゃくななじゅうよんごうとうをふまえわがくにがじっしするかもつけんさとうにかんするとくべつそちほうしこうれいべっぴょうのさんのこうのきていにもとづきぶっしをさだめるしょうれい,平成二十九年十月十六日
422M60000E00001,府省令,エネルギー環境適合製品の開発及び製造を行う事業の促進に関する法律に基づく特定事業計画の認定等に関する省令,えねるぎーかんきょうてきごうせいひんのかいはつおよびせいぞうをおこなうじぎょうのそくしんにかんするほうりつにもとづくとくていじぎょうけいかくのにんていとうにかんするしょうれい,令和元年七月一日
422M60001000009,府省令,水俣病被害者の救済及び水俣病問題の解決に関する特別措置法施行規則,みなまたびょうひがいしゃのきゅうさいおよびみなまたびょうもんだいのかいけつにかんするとくべつそちほうしこうきそく,令和六年四月一日
422M60001500003,府省令,新規化学物質に係る試験並びに優先評価化学物質及び監視化学物質に係る有害性の調査の項目等を定める省令,しんきかがくぶっしつにかかるしけんならびにゆうせんひょうかかがくぶっしつおよびかんしかがくぶっしつにかかるゆうがいせいのちょうさのこうもくとうをさだめるしょうれい,平成三十年四月一日
422M60002000008,府省令,防衛省の職員の育児休業等に関する省令,ぼうえいしょうのしょくいんのいくじきゅうぎょうとうにかんするしょうれい,令和四年十月一日
422M60003D08001,府省令,化学物質の審査及び製造等の規制に関する法律施行令附則第四項の表ＰＦＯＳ又はその塩の項、ＰＦＯＡ若しくはその異性体又はこれらの塩の項、ペルフルオロオクタン酸関連物質の項又はＰＦＨｘＳ若しくはその異性体又はこれらの塩の項に規定する消火器、消火器用消火薬剤及び泡消火薬剤に関する技術上の基準を定める省令,かがくぶっしつのしんさおよびせいぞうとうのきせいにかんするほうりつしこうれいふそくだいよんこうのひょうＰＦＯＳまたはそのしおのこう、ＰＦＯＡもしくはそのいせいたいまたはこれらのしおのこう、ぺるふるおろおくたんさんかんれんぶっしつのこうまたはＰＦＨｘＳもしくはそのいせいたいまたはこれらのしおのこうにきていするしょうかき、しょうかきようしょうかやくざいおよびあわしょうかやくざいにかんするぎじゅつじょうのきじゅんをさだめるしょうれい,令和七年一月十日
422RJNJ09097001,規則,人事院規則九―九七（超過勤務手当）,じんじいんきそくきゅうのきゅうじゅうななちょうかきんむてあて,平成二十三年四月一日
423AC0000000017,法律,展覧会における美術品損害の補償に関する法律,てんらんかいにおけるびじゅつひんそんがいのほしょうにかんするほうりつ,令和五年四月一日
423AC0000000029,法律,東日本大震災の被災者等に係る国税関係法律の臨時特例に関する法律,ひがしにほんだいしんさいのひさいしゃとうにかかるこくぜいかんけいほうりつのりんじとくれいにかんするほうりつ,令和八年四月一日
423AC0000000033,法律,東日本大震災による被害を受けた公共土木施設の災害復旧事業等に係る工事の国等による代行に関する法律,ひがしにほんだいしんさいによるひがいをうけたこうきょうどぼくしせつのさいがいふっきゅうじぎょうとうにかかるこうじのくにとうによるだいこうにかんするほうりつ,令和六年四月一日
423AC0000000034,法律,東日本大震災により甚大な被害を受けた市街地における建築制限の特例に関する法律,ひがしにほんだいしんさいによりじんだいなひがいをうけたしがいちにおけるけんちくせいげんのとくれいにかんするほうりつ,平成二十三年四月二十九日
423AC0000000038,法律,国と地方の協議の場に関する法律,くにとちほうのきょうぎのばにかんするほうりつ,平成二十八年四月一日
423AC0000000039,法律,株式会社国際協力銀行法,かぶしきがいしゃこくさいきょうりょくぎんこうほう,令和七年六月一日
423AC0000000040,法律,東日本大震災に対処するための特別の財政援助及び助成に関する法律,ひがしにほんだいしんさいにたいしょするためのとくべつのざいせいえんじょおよびじょせいにかんするほうりつ,令和十年十二月十一日
423AC0000000042,法律,東日本大震災に対処するために必要な財源の確保を図るための特別措置に関する法律,ひがしにほんだいしんさいにたいしょするためにひつようなざいげんのかくほをはかるためのとくべつそちにかんするほうりつ,平成二十三年五月二日
423AC0000000043,法律,東日本大震災に対処するための土地改良法の特例に関する法律,ひがしにほんだいしんさいにたいしょするためのとちかいりょうほうのとくれいにかんするほうりつ,平成二十九年九月二十五日
423AC0000000044,法律,東日本大震災に伴う海区漁業調整委員会及び農業委員会の委員の選挙の臨時特例に関する法律,ひがしにほんだいしんさいにともなうかいくぎょぎょうちょうせいいいんかいおよびのうぎょういいんかいのいいんのせんきょのりんじとくれいにかんするほうりつ,平成二十三年五月二日
423AC0000000047,法律,職業訓練の実施等による特定求職者の就職の支援に関する法律,しょくぎょうくんれんのじっしとうによるとくていきゅうしょくしゃのしゅうしょくのしえんにかんするほうりつ,令和十年十月一日
423AC0000000051,法律,非訟事件手続法,ひしょうじけんてつづきほう,令和十年六月十三日
423AC0000000052,法律,家事事件手続法,かじじけんてつづきほう,令和十年六月十三日
423AC0000000054,法律,関西国際空港及び大阪国際空港の一体的かつ効率的な設置及び管理に関する法律,かんさいこくさいくうこうおよびおおさかこくさいくうこうのいったいてきかつこうりつてきなせっちおよびかんりにかんするほうりつ,令和七年十二月一日
423AC0000000068,法律,東日本大震災に伴う地上デジタル放送に係る電波法の特例に関する法律,ひがしにほんだいしんさいにともなうちじょうでじたるほうそうにかかるでんぱほうのとくれいにかんするほうりつ,平成二十三年六月十五日
423AC0000000081,法律,総合特別区域法,そうごうとくべつくいきほう,令和八年四月一日
423AC0000000088,法律,平成二十二年度歳入歳出の決算上の剰余金の処理の特例に関する法律,へいせいにじゅうにねんどさいにゅうさいしゅつのけっさんじょうのじょうよきんのしょりのとくれいにかんするほうりつ,平成二十三年七月二十九日
423AC0000000094,法律,原子力損害賠償・廃炉等支援機構法,げんしりょくそんがいばいしょうはいろとうしえんきこうほう,令和七年六月一日
423AC0000000098,法律,東日本大震災における原子力発電所の事故による災害に対処するための避難住民に係る事務処理の特例及び住所移転者に係る措置に関する法律,ひがしにほんだいしんさいにおけるげんしりょくはつでんしょのじこによるさいがいにたいしょするためのひなんじゅうみんにかかるじむしょりのとくれいおよびじゅうしょいてんものにかかるそちにかんするほうりつ,平成二十四年九月十九日
423AC0000000106,法律,平成二十三年度における公債の発行の特例に関する法律,へいせいにじゅうさんねんどにおけるこうさいのはっこうのとくれいにかんするほうりつ,平成二十三年十二月二日
423AC0000000107,法律,平成二十三年度における子ども手当の支給等に関する特別措置法,へいせいにじゅうさんねんどにおけるこどもてあてのしきゅうとうにかんするとくべつそちほう,令和七年六月一日
423AC0000000108,法律,再生可能エネルギー電気の利用の促進に関する特別措置法,さいせいかのうえねるぎーでんきのりようのそくしんにかんするとくべつそちほう,令和八年五月二十一日
423AC0000000117,法律,東日本大震災からの復興のための施策を実施するために必要な財源の確保に関する特別措置法,ひがしにほんだいしんさいからのふっこうのためのしさくをじっしするためにひつようなざいげんのかくほにかんするとくべつそちほう,令和八年四月一日
423AC0000000118,法律,東日本大震災からの復興に関し地方公共団体が実施する防災のための施策に必要な財源の確保に係る地方税の臨時特例に関する法律,ひがしにほんだいしんさいからのふっこうにかんしちほうこうきょうだんたいがじっしするぼうさいのためのしさくにひつようなざいげんのかくほにかかるちほうぜいのりんじとくれいにかんするほうりつ,平成二十三年十二月二日
423AC0000000122,法律,東日本大震災復興特別区域法,ひがしにほんだいしんさいふっこうとくべつくいきほう,令和八年四月一日
423AC0000000123,法律,津波防災地域づくりに関する法律,つなみぼうさいちいきづくりにかんするほうりつ,令和七年六月一日
423AC0000000125,法律,復興庁設置法,ふっこうちょうせっちほう,令和七年四月一日
423AC0000000126,法律,特定Ｂ型肝炎ウイルス感染者給付金等の支給に関する特別措置法,とくていびーがたかんえんういるすかんせんしゃきゅうふきんとうのしきゅうにかんするとくべつそちほう,令和八年十月一日
423AC0100000091,法律,平成二十三年原子力事故による被害に係る緊急措置に関する法律,へいせいにじゅうさんねんげんしりょくじこによるひがいにかかるきんきゅうそちにかんするほうりつ,令和七年六月一日
423AC0100000095,法律,歯科口腔保健の推進に関する法律,しかこうくうほけんのすいしんにかんするほうりつ,平成二十三年八月十日
423AC0100000103,法律,東日本大震災関連義援金に係る差押禁止等に関する法律,ひがしにほんだいしんさいかんれんぎえんきんにかかるさしおさえきんしとうにかんするほうりつ,平成二十三年八月三十日
423AC0100000113,法律,株式会社東日本大震災事業者再生支援機構法,かぶしきがいしゃひがしにほんだいしんさいじぎょうしゃさいせいしえんきこうほう,令和七年六月一日
423AC1000000011,法律,平成二十三年東北地方太平洋沖地震等による災害からの復旧復興に資するための国会議員の歳費の月額の減額特例に関する法律,へいせいにじゅうさんねんとうほくちほうたいへいようおきじしんとうによるさいがいからのふっきゅうふっこうにしするためのこっかいぎいんのさいひのげつがくのげんがくとくれいにかんするほうりつ,平成二十三年四月一日
423AC1000000015,法律,海外の美術品等の我が国における公開の促進に関する法律,かいがいのびじゅつひんとうのわがくににおけるこうかいのそくしんにかんするほうりつ,平成二十三年九月十五日
423AC1000000021,法律,お茶の振興に関する法律,おちゃのしんこうにかんするほうりつ,平成二十三年四月二十二日
423AC1000000069,法律,東日本大震災に伴う相続の承認又は放棄をすべき期間に係る民法の特例に関する法律,ひがしにほんだいしんさいにともなうそうぞくのしょうにんまたはほうきをすべききかんにかかるみんぽうのとくれいにかんするほうりつ,令和三年五月二十日
423AC1000000076,法律,東日本大震災復興基本法,ひがしにほんだいしんさいふっこうきほんほう,平成二十四年二月十日
423AC1000000077,法律,津波対策の推進に関する法律,つなみたいさくのすいしんにかんするほうりつ,令和四年三月三十一日
423AC1000000078,法律,スポーツ基本法,すぽーつきほんほう,令和十三年一月一日
423AC1000000079,法律,障害者虐待の防止、障害者の養護者に対する支援等に関する法律,しょうがいしゃぎゃくたいのぼうししょうがいしゃのようごしゃにたいするしえんとうにかんするほうりつ,令和七年十月一日
423AC1000000099,法律,東日本大震災により生じた災害廃棄物の処理に関する特別措置法,ひがしにほんだいしんさいによりしょうじたさいがいはいきぶつのしょりにかんするとくべつそちほう,平成二十四年二月十日
423AC1000000101,法律,運輸事業の振興の助成に関する法律,うんゆじぎょうのしんこうのじょせいにかんするほうりつ,令和八年四月一日
423AC1000000102,法律,東日本大震災等に伴う合併市町村に係る地方債の特例に関する法律,ひがしにほんだいしんさいとうにともなうがっぺいしちょうそんにかかるちほうさいのとくれいにかんするほうりつ,平成三十年四月二十五日
423AC1000000110,法律,平成二十三年三月十一日に発生した東北地方太平洋沖地震に伴う原子力発電所の事故により放出された放射性物質による環境の汚染への対処に関する特別措置法,へいせいにじゅうさんねんさんがつじゅういちにちにはっせいしたとうほくちほうたいへいようおきじしんにともなうげんしりょくはつでんしょのじこによりほうしゅつされたほうしゃせいぶっしつによるかんきょうのおせんへのたいしょにかんするとくべつそちほう,令和七年六月一日
423CO0000000015,政令,地域資源を活用した農林漁業者等による新事業の創出等及び地域の農林水産物の利用促進に関する法律施行令,ちいきしげんをかつようしたのうりんぎょぎょうしゃとうによるしんじぎょうのそうしゅつとうおよびちいきののうりんすいさんぶつのりようそくしんにかんするほうりつせこうれい,令和四年四月一日
423CO0000000018,政令,東日本大震災についての激甚災害及びこれに対し適用すべき措置の指定に関する政令,ひがしにほんだいしんさいについてのげきじんさいがいおよびこれにたいしてきようすべきそちのしていにかんするせいれい,令和五年三月二十三日
423CO0000000019,政令,東日本大震災についての特定非常災害及びこれに対し適用すべき措置の指定に関する政令,ひがしにほんだいしんさいについてのとくていひじょうさいがいおよびこれにたいしてきようすべきそちのしていにかんするせいれい,令和四年五月三十一日
423CO0000000028,政令,平成二十二年等における特定地域に係る激甚災害及びこれに対し適用すべき措置の指定に関する政令,へいせいにじゅうにねんとうにおけるとくていちいきにかかるげきじんさいがいおよびこれにたいしてきようすべきそちのしていにかんするせいれい,平成二十三年三月二十四日
423CO0000000030,政令,放送法等の一部を改正する法律の一部の施行に伴う経過措置を定める政令,ほうそうほうとうのいちぶをかいせいするほうりつのいちぶのしこうにともなうけいかそちをさだめるせいれい,平成二十三年三月三十一日
423CO0000000099,政令,原子力損害賠償紛争審査会の設置に関する政令,げんしりょくそんがいばいしょうふんそうしんさかいのせっちにかんするせいれい,平成二十五年七月八日
423CO0000000101,政令,平成二十三年東北地方太平洋沖地震についての天災による被害農林漁業者等に対する資金の融通に関する暫定措置法の適用に関する政令,へいせいにじゅうさんねんとうほくちほうたいへいようおきじしんについてのてんさいによるひがいのうりんぎょぎょうしゃとうにたいするしきんのゆうづうにかんするざんていそちほうのてきようにかんするせいれい,平成二十三年五月二日
423CO0000000112,政令,東日本大震災の被災者等に係る国税関係法律の臨時特例に関する法律施行令,ひがしにほんだいしんさいのひさいしゃとうにかかるこくぜいかんけいほうりつのりんじとくれいにかんするほうりつしこうれい,令和八年四月一日
423CO0000000114,政令,東日本大震災による被害を受けた公共土木施設の災害復旧事業等に係る工事の国等による代行に関する法律施行令,ひがしにほんだいしんさいによるひがいをうけたこうきょうどぼくしせつのさいがいふっきゅうじぎょうとうにかかるこうじのくにとうによるだいこうにかんするほうりつしこうれい,令和六年四月一日
423CO0000000127,政令,東日本大震災に対処するための特別の財政援助及び助成に関する法律第二条第二項及び第三項の市町村を定める政令,ひがしにほんだいしんさいにたいしょするためのとくべつのざいせいえんじょおよびじょせいにかんするほうりつだいにじょうだいにこうおよびだいさんこうのしちょうそんをさだめるせいれい,平成二十四年二月二十二日
423CO0000000128,政令,東日本大震災に対処するための特別の財政援助及び助成に関する法律の総務省関係規定の施行に関する政令,ひがしにほんだいしんさいにたいしょするためのとくべつのざいせいえんじょおよびじょせいにかんするほうりつのそうむしょうかんけいきていのしこうにかんするせいれい,平成二十四年四月一日
423CO0000000129,政令,東日本大震災に対処するための特別の財政援助及び助成に関する法律第二十六条第一項第二号の給付を定める政令,ひがしにほんだいしんさいにたいしょするためのとくべつのざいせいえんじょおよびじょせいにかんするほうりつだいにじゅうろくじょうだいいっこうだいにごうのきゅうふをさだめるせいれい,平成二十三年五月二日
423CO0000000130,政令,東日本大震災に対処するための特別の財政援助及び助成に関する法律第三十九条において準用する同法第二十六条第一項第二号の給付を定める政令,ひがしにほんだいしんさいにたいしょするためのとくべつのざいせいえんじょおよびじょせいにかんするほうりつだいさんじゅうきゅうじょうにおいてじゅんようするどうほうだいにじゅうろくじょうだいいっこうだいにごうのきゅうふをさだめるせいれい,平成二十三年五月二日
423CO0000000131,政令,東日本大震災に対処するための特別の財政援助及び助成に関する法律の厚生労働省関係規定の施行等に関する政令,ひがしにほんだいしんさいにたいしょするためのとくべつのざいせいえんじょおよびじょせいにかんするほうりつのこうせいろうどうしょうかんけいきていのしこうとうにかんするせいれい,令和七年十月一日
423CO0000000132,政令,東日本大震災に対処するための特別の財政援助及び助成に関する法律の農林水産省関係規定の施行等に関する政令,ひがしにほんだいしんさいにたいしょするためのとくべつのざいせいえんじょおよびじょせいにかんするほうりつののうりんすいさんしょうかんけいきていのしこうとうにかんするせいれい,令和八年三月二十七日
423CO0000000133,政令,東日本大震災に対処するための特別の財政援助及び助成に関する法律の経済産業省関係規定の施行に関する政令,ひがしにほんだいしんさいにたいしょするためのとくべつのざいせいえんじょおよびじょせいにかんするほうりつのけいざいさんぎょうしょうかんけいきていのしこうにかんするせいれい,令和八年三月二十五日
423CO0000000134,政令,東日本大震災に対処するための特別の財政援助及び助成に関する法律の国土交通省関係規定の施行等に関する政令,ひがしにほんだいしんさいにたいしょするためのとくべつのざいせいえんじょおよびじょせいにかんするほうりつのこくどこうつうしょうかんけいきていのしこうとうにかんするせいれい,令和六年四月一日
423CO0000000135,政令,東日本大震災に対処するための特別の財政援助及び助成に関する法律第三条第一項第六号の一般廃棄物の処理施設を定める政令,ひがしにほんだいしんさいにたいしょするためのとくべつのざいせいえんじょおよびじょせいにかんするほうりつだいさんじょうだいいっこうだいろくごうのいっぱんはいきぶつのしょりしせつをさだめるせいれい,平成二十三年五月二日
423CO0000000136,政令,東日本大震災に対処するための農林水産省関係政令の特例に関する政令,ひがしにほんだいしんさいにたいしょするためののうりんすいさんしょうかんけいせいれいのとくれいにかんするせいれい,令和八年三月二十七日
423CO0000000140,政令,東日本大震災の被災者等に係る登記事項証明書等の交付についての手数料の特例に関する政令,ひがしにほんだいしんさいのひさいしゃとうにかかるとうきじこうしょうめいしょとうのこうふについてのてすうりょうのとくれいにかんするせいれい,令和八年三月二十七日
423CO0000000156,政令,展覧会における美術品損害の補償に関する法律施行令,てんらんかいにおけるびじゅつひんそんがいのほしょうにかんするほうりつしこうれい,平成二十三年六月一日
423CO0000000161,政令,平成二十二年四月以降において発生が確認された口蹄疫に起因して生じた事態に対処するための手当金等についての母子及び父子並びに寡婦福祉法施行令の臨時特例に関する政令,へいせいにじゅうにねんしがついこうにおいてはっせいがかくにんされたこうていえきにきいんしてしょうじたじたいにたいしょするためのてあてきんとうについてのぼしおよびふしならびにかふふくしほうしこうれいのりんじとくれいにかんするせいれい,平成二十六年十月一日
423CO0000000162,政令,東日本大震災に伴う中央建設工事紛争審査会による紛争処理に係る申請手数料の特例に関する政令,ひがしにほんだいしんさいにともなうちゅうおうけんせつこうじふんそうしんさかいによるふんそうしょりにかかるしんせいてすうりょうのとくれいにかんするせいれい,平成二十三年六月一日
423CO0000000166,政令,独立行政法人雇用・能力開発機構法の廃止に伴う関係政令の整備及び経過措置に関する政令,どくりつぎょうせいほうじんこようのうりょくかいはつきこうほうのはいしにともなうかんけいせいれいのせいびおよびけいかそちにかんするせいれい,平成二十三年十月一日
423CO0000000167,政令,独立行政法人高齢・障害・求職者雇用支援機構法施行令,どくりつぎょうせいほうじんこうれいしょうがいきゅうしょくしゃこようしえんきこうほうしこうれい,令和二年九月七日
423CO0000000174,政令,東日本大震災による有価証券報告書等の提出の義務の不履行についての免責に係る期限に関する政令,ひがしにほんだいしんさいによるゆうかしょうけんほうこくしょとうのていしゅつのぎむのふりこうについてのめんせきにかかるきげんにかんするせいれい,平成二十三年六月二十二日
423CO0000000177,政令,民間資金等活用事業推進会議令,みんかんしきんとうかつようじぎょうすいしんかいぎれい,平成二十三年六月三十日
423CO0000000183,政令,東日本大震災による私的独占の禁止及び公正取引の確保に関する法律第九条第四項の規定による報告書の提出等の義務の不履行についての免責に係る期限に関する政令,ひがしにほんだいしんさいによるしてきどくせんのきんしおよびこうせいとりひきのかくほにかんするほうりつだいきゅうじょうだいよんこうのきていによるほうこくしょのていしゅつとうのぎむのふりこうについてのめんせきにかかるきげんにかんするせいれい,平成二十三年六月二十四日
423CO0000000192,政令,東日本大震災による特定非営利活動促進法第二十八条第一項の規定による事業報告書等の作成等の義務の不履行についての免責に係る期限に関する政令,ひがしにほんだいしんさいによるとくていひえいりかつどうそくしんほうだいにじゅうはちじょうだいいっこうのきていによるじぎょうほうこくしょとうのさくせいとうのぎむのふりこうについてのめんせきにかかるきげんにかんするせいれい,平成二十三年六月二十九日
423CO0000000193,政令,東日本大震災による公益社団法人及び公益財団法人の認定等に関する法律第二十一条第一項の規定による書類の作成等の義務の不履行についての免責に係る期限に関する政令,ひがしにほんだいしんさいによるこうえきしゃだんほうじんおよびこうえきざいだんほうじんのにんていとうにかんするほうりつだいにじゅういちじょうだいいっこうのきていによるしょるいのさくせいとうのぎむのふりこうについてのめんせきにかかるきげんにかんするせいれい,平成二十三年六月二十九日
423CO0000000194,政令,東日本大震災による医療法第八条の規定等による届出の義務の不履行についての免責に係る期限に関する政令,ひがしにほんだいしんさいによるいりょうほうだいはちじょうのきていとうによるとどけでのぎむのふりこうについてのめんせきにかかるきげんにかんするせいれい,平成二十三年六月二十九日
423CO0000000209,政令,平成二十二年四月以降において発生が確認された口蹄疫に起因して生じた事態に対処するための手当金等についての児童福祉法施行令等の臨時特例に関する政令,へいせいにじゅうにねんしがついこうにおいてはっせいがかくにんされたこうていえきにきいんしてしょうじたじたいにたいしょするためのてあてきんとうについてのじどうふくしほうしこうれいとうのりんじとくれいにかんするせいれい,令和七年十二月一日
423CO0000000221,政令,株式会社国際協力銀行法施行令,かぶしきがいしゃこくさいきょうりょくぎんこうほうしこうれい,令和七年十月二日
423CO0000000232,政令,スポーツ基本法施行令,すぽーつきほんほうせこうれい,令和十三年一月一日
423CO0000000243,政令,総合特別区域法施行令,そうごうとくべつくいきほうせこうれい,令和二年一月二十七日
423CO0000000244,政令,平成二十二年四月以降において発生が確認された口蹄疫に起因して生じた事態に対処するための手当金等についての健康保険法施行令等の臨時特例に関する政令,へいせいにじゅうにねんしがついこうにおいてはっせいがかくにんされたこうていえきにきいんしてしょうじたじたいにたいしょするためのてあてきんとうについてのけんこうほけんほうせこうれいとうのりんじとくれいにかんするせいれい,平成二十五年四月一日
423CO0000000257,政令,原子力損害賠償・廃炉等支援機構法施行令,げんしりょくそんがいばいしょうはいろとうしえんきこうほうせこうれい,令和四年四月一日
423CO0000000263,政令,平成二十三年七月二十四日から八月一日までの間の豪雨による災害についての激甚災害及びこれに対し適用すべき措置の指定に関する政令,へいせいにじゅうさんねんしちがつにじゅうしにちからはちがつついたちまでのあいだのごううによるさいがいについてのげきじんさいがいおよびこれにたいしてきようすべきそちのしていにかんするせいれい,平成二十四年三月七日
423CO0000000265,政令,東日本大震災の被害者の特許法第十七条の三の規定による願書に添付した要約書の補正等についての権利利益に係る満了日の延長に関する政令,ひがしにほんだいしんさいのひがいしゃのとっきょほうだいじゅうななじょうのさんのきていによるがんしょにてんぷしたようやくかきのほせいとうについてのけんりりえきにかかるまんりょうびのえんちょうにかんするせいれい,平成二十三年八月二十六日
423CO0000000273,政令,東日本大震災の被害者の犯罪被害財産等による被害回復給付金の支給に関する法律第九条第一項の規定による被害回復給付金の支給の申請等についての権利利益に係る満了日の延長に関する政令,ひがしにほんだいしんさいのひがいしゃのはんざいひがいざいさんとうによるひがいかいふくきゅうふきんのしきゅうにかんするほうりつだいくじょうだいいっこうのきていによるひがいかいふくきゅうふきんのしきゅうのしんせいとうについてのけんりりえきにかかるまんりょうびのえんちょうにかんするせいれい,平成二十三年八月三十日
423CO0000000274,政令,東日本大震災の被害者の健康保険法等の一部を改正する法律附則第百三十条の二第一項の規定によりなおその効力を有するものとされた同法第二十六条の規定による改正前の介護保険法第四十八条第一項第三号の指定についての権利利益に係る満了日の延長に関する政令,ひがしにほんだいしんさいのひがいしゃのけんこうほけんほうとうのいちぶをかいせいするほうりつふそくだいひゃくさんじゅうじょうのにだいいっこうのきていによりなおそのこうりょくをゆうするものとされたどうほうだいにじゅうろくじょうのきていによるかいせいまえのかいごほけんほうだいよんじゅうはちじょうだいいっこうだいさんごうのしていについてのけんりりえきにかかるまんりょうびのえんちょうにかんするせいれい,平成二十七年二月二十日
423CO0000000275,政令,東日本大震災の被害者の薬事法第八十三条第一項の規定により読み替えて適用される同法第二十四条第一項の許可等についての権利利益に係る満了日の延長に関する政令,ひがしにほんだいしんさいのひがいしゃのやくじほうだいはちじゅうさんじょうだいいっこうのきていによりよみかえててきようされるどうほうだいにじゅうよんじょうだいいっこうのきょかとうについてのけんりりえきにかかるまんりょうびのえんちょうにかんするせいれい,平成二十三年八月三十日
423CO0000000276,政令,東日本大震災の被害者の建設業法第三条第一項の許可等についての権利利益に係る満了日の延長に関する政令,ひがしにほんだいしんさいのひがいしゃのけんせつぎょうほうだいさんじょうだいいっこうのきょかとうについてのけんりりえきにかかるまんりょうびのえんちょうにかんするせいれい,平成二十三年八月三十日
423CO0000000288,政令,海外の美術品等の我が国における公開の促進に関する法律施行令,かいがいのびじゅつひんとうのわがくににおけるこうかいのそくしんにかんするほうりつしこうれい,平成二十三年九月十五日
423CO0000000289,政令,地域の自主性及び自立性を高めるための改革の推進を図るための関係法律の整備に関する法律の一部の施行に伴う厚生労働省関係政令等の整備及び経過措置に関する政令,ちいきのじしゅせいおよびじりつせいをたかめるためのかいかくのすいしんをはかるためのかんけいほうりつのせいびにかんするほうりつのいちぶのしこうにともなうこうせいろうどうしょうかんけいせいれいとうのせいびおよびけいかそちにかんするせいれい,令和七年三月二十八日
423CO0000000294,政令,平成二十三年原子力事故による被害に係る緊急措置に関する法律施行令,へいせいにじゅうさんねんげんしりょくじこによるひがいにかかるきんきゅうそちにかんするほうりつせこうれい,平成二十六年八月十八日
423CO0000000299,政令,平成二十三年八月二十九日から九月七日までの間の暴風雨及び豪雨による災害についての激甚災害並びにこれに対し適用すべき措置の指定に関する政令,へいせいにじゅうさんねんはちがつにじゅうくにちからくがつなのかまでのあいだのぼうふううおよびごううによるさいがいについてのげきじんさいがいならびにこれにたいしてきようすべきそちのしていにかんするせいれい,平成二十四年三月七日
423CO0000000300,政令,運輸事業の振興の助成に関する法律第三条第一項の事業を定める政令,うんゆじぎょうのしんこうのじょせいにかんするほうりつだいさんじょうだいいっこうのじぎょうをさだめるせいれい,平成二十三年九月三十日
423CO0000000308,政令,平成二十三年度における子ども手当の支給等に関する特別措置法施行令,へいせいにじゅうさんねんどにおけるこどもてあてのしきゅうとうにかんするとくべつそちほうせこうれい,平成二十四年四月一日
423CO0000000310,政令,平成二十三年度における子ども手当の支給等に関する特別措置法に基づき市町村に交付する事務費に関する政令,へいせいにじゅうさんねんどにおけるこどもてあてのしきゅうとうにかんするとくべつそちほうにもとづきしちょうそんにこうふするじむひにかんするせいれい,平成二十三年十月一日
423CO0000000319,政令,特定非営利活動促進法施行令,とくていひえいりかつどうそくしんほうしこうれい,令和五年十二月三十一日
423CO0000000322,政令,平成二十三年九月十五日から同月二十三日までの間の暴風雨及び豪雨による災害についての激甚災害並びにこれに対し適用すべき措置の指定に関する政令,へいせいにじゅうさんねんくがつじゅうごにちからどうげつにじゅうさんにちまでのあいだのぼうふううおよびごううによるさいがいについてのげきじんさいがいならびにこれにたいしてきようすべきそちのしていにかんするせいれい,平成二十三年十月十九日
423CO0000000334,政令,沖縄科学技術大学院大学学園法の施行に伴う関係政令の整備等及び経過措置に関する政令,おきなわかがくぎじゅつだいがくいんだいがくがくえんほうのしこうにともなうかんけいせいれいのせいびとうおよびけいかそちにかんするせいれい,平成二十三年十一月一日
423CO0000000337,政令,調達価格等算定委員会令,ちょうたつかかくとうさんていいいんかいれい,平成二十九年七月五日
423CO0000000345,政令,南スーダン国際平和協力隊の設置等に関する政令,みなみすーだんこくさいへいわきょうりょくたいのせっちとうにかんするせいれい,令和七年六月十八日
423CO0000000356,政令,公共施設等運営権登録令,こうきょうしせつとううんえいけんとうろくれい,令和八年四月一日
423CO0000000362,政令,再生可能エネルギー電気の利用の促進に関する特別措置法施行令,さいせいかのうえねるぎーでんきのりようのそくしんにかんするとくべつそちほうしこうれい,令和四年四月一日
423CO0000000370,政令,特許法等の一部を改正する法律の施行に伴う関係政令の整備及び経過措置に関する政令,とっきょほうとうのいちぶをかいせいするほうりつのしこうにともなうかんけいせいれいのせいびおよびけいかそちにかんするせいれい,平成二十四年四月一日
423CO0000000376,政令,介護サービスの基盤強化のための介護保険法等の一部を改正する法律の施行に伴う関係政令の整備等及び経過措置に関する政令,かいごさーびすのきばんきょうかのためのかいごほけんほうとうのいちぶをかいせいするほうりつのしこうにともなうかんけいせいれいのせいびとうおよびけいかそちにかんするせいれい,平成三十年四月一日
423CO0000000394,政令,平成二十三年三月十一日に発生した東北地方太平洋沖地震に伴う原子力発電所の事故により放出された放射性物質による環境の汚染への対処に関する特別措置法施行令,へいせいにじゅうさんねんさんがつじゅういちにちにはっせいしたとうほくちほうたいへいようおきじしんにともなうげんしりょくはつでんしょのじこによりほうしゅつされたほうしゃせいぶっしつによるかんきょうのおせんへのたいしょにかんするとくべつそちほうしこうれい,平成二十四年一月一日
423CO0000000397,政令,株式会社東日本大震災事業者再生支援機構法第十九条第一項の地域を定める政令,かぶしきがいしゃひがしにほんだいしんさいじぎょうしゃさいせいしえんきこうほうだいじゅうきゅうじょうだいいっこうのちいきをさだめるせいれい,平成二十四年九月十九日
423CO0000000399,政令,特定Ｂ型肝炎ウイルス感染者給付金等の支給に関する特別措置法施行令,とくていびーがたかんえんういるすかんせんしゃきゅうふきんとうのしきゅうにかんするとくべつそちほうしこうれい,平成二十四年一月十三日
423CO0000000409,政令,東日本大震災復興特別区域法施行令,ひがしにほんだいしんさいふっこうとくべつくいきほうしこうれい,令和七年四月一日
423CO0000000413,政令,鉱業法第六条の二の鉱物及び同法第七十条の三の特定鉱物を定める政令,こうぎょうほうだいろくじょうのにのこうぶつおよびどうほうだいななじゅうじょうのさんのとくていこうぶつをさだめるせいれい,令和五年十二月一日
423CO0000000420,政令,日本国との平和条約に基づき日本の国籍を離脱した者等の出入国管理に関する特例法施行令,にほんこくとのへいわじょうやくにもとづきにほんのこくせきをりだつしたものとうのしゅつにゅうこくかんりにかんするとくれいほうせこうれい,平成三十一年四月一日
423CO0000000421,政令,出入国管理及び難民認定法及び日本国との平和条約に基づき日本の国籍を離脱した者等の出入国管理に関する特例法の一部を改正する等の法律の施行に伴う関係政令の整備及び経過措置に関する政令,しゅつにゅうこくかんりおよびなんみんにんていほうおよびにほんこくとのへいわじょうやくにもとづきにほんのこくせきをりだつしたものとうのほうりつのしこうにともなうかんけいせいれいのせいびおよびけいかそちにかんするせいれい,平成三十一年四月一日
423CO0000000426,政令,津波防災地域づくりに関する法律施行令,つなみぼうさいちいきづくりにかんするほうりつしこうれい,令和七年十月一日
423CO0000000428,政令,水防法施行令,すいぼうほうしこうれい,平成二十九年六月十九日
423M60000002039,府省令,総合特別区域法施行規則,そうごうとくべつくいきほうしこうきそく,令和八年四月一日
423M60000002055,府省令,特定非営利活動促進法施行規則,とくていひえいりかつどうそくしんほうしこうきそく,令和六年一月二十五日
423M60000002059,府省令,沖縄科学技術大学院大学学園法施行規則,おきなわかがくぎじゅつだいがくいんだいがくがくえんほうしこうきそく,令和七年四月一日
423M60000002065,府省令,民間資金等の活用による公共施設等の整備等の促進に関する法律施行規則,みんかんしきんとうのかつようによるこうきょうしせつとうのせいびとうのそくしんにかんするほうりつしこうきそく,令和五年六月十五日
423M60000002066,府省令,公共施設等運営権登録令施行規則,こうきょうしせつとううんえいけんとうろくれいしこうきそく,令和七年十月一日
423M60000002069,府省令,東日本大震災復興特別区域法施行規則,ひがしにほんだいしんさいふっこうとくべつくいきほうしこうきそく,令和六年四月一日
423M60000008024,府省令,第二種指定電気通信設備接続会計規則,だいにしゅしていでんきつうしんせつびせつぞくかいけいきそく,令和八年一月二十七日
423M60000008045,府省令,東日本大震災に対処するための特別の財政援助及び助成に関する法律第六条の応急の修繕を定める省令,ひがしにほんだいしんさいにたいしょするためのとくべつのざいせいえんじょおよびじょせいにかんするほうりつだいろくじょうのおうきゅうのしゅうぜんをさだめるしょうれい,平成二十三年五月二日
423M60000008054,府省令,東日本大震災に対処するための地方公務員等共済組合法の特例等に関する省令,ひがしにほんだいしんさいにたいしょするためのちほうこうむいんとうきょうさいくみあいほうのとくれいとうにかんするしょうれい,平成二十七年十月一日
423M60000008084,府省令,一般放送の設備及び業務に関する届出の特例を定める省令,いっぱんほうそうのせつびおよびぎょうむにかんするとどけでのとくれいをさだめるしょうれい,令和七年十月一日
423M60000008085,府省令,中波放送に関する送信の標準方式,ちゅうはほうそうにかんするそうしんのひょうじゅんほうしき,平成二十三年六月三十日
423M60000008086,府省令,超短波放送に関する送信の標準方式,ちょうたんぱほうそうにかんするそうしんのひょうじゅんほうしき,平成二十五年二月二十日
423M60000008087,府省令,標準テレビジョン放送等のうちデジタル放送に関する送信の標準方式,ひょうじゅんてれびじょんほうそうとうのうちでじたるほうそうにかんするそうしんのひょうじゅんほうしき,令和六年五月二十三日
423M60000008089,府省令,超短波音声多重放送及び超短波文字多重放送に関する送信の標準方式,ちょうたんぱおんせいたじゅうほうそうおよびちょうたんぱもじたじゅうほうそうにかんするそうしんのひょうじゅんほうしき,平成二十五年二月二十日
423M60000008090,府省令,超短波データ多重放送に関する送信の標準方式,ちょうたんぱでーたたじゅうほうそうにかんするそうしんのひょうじゅんほうしき,平成二十五年二月二十日
423M60000008094,府省令,衛星一般放送に関する送信の標準方式,えいせいいっぱんほうそうにかんするそうしんのひょうじゅんほうしき,平成二十六年七月三日
423M60000008095,府省令,有線一般放送の品質に関する技術基準を定める省令,ゆうせんいっぱんほうそうのひんしつにかんするぎじゅつきじゅんをさだめるしょうれい,令和元年五月二十二日
423M60000008112,府省令,平成二十二年四月以降において発生が確認された口蹄疫に起因して生じた事態に対処するための手当金等についての地方公務員等共済組合法施行規則の臨時特例に関する省令,へいせいにじゅうにねんしがついこうにおいてはっせいがかくにんされたこうていえきにきいんしてしょうじたじたいにたいしょするためのてあてきんとうについてのちほうこうむいんとうきょうさいくみあいほうせこうきそくのりんじとくれいにかんするしょうれい,平成二十三年八月一日
423M60000008119,府省令,東日本大震災における原子力発電所の事故による災害に対処するための避難住民に係る事務処理の特例及び住所移転者に係る措置に関する法律施行規則,ひがしにほんだいしんさいにおけるげんしりょくはつでんしょのじこによるさいがいにたいしょするためのひなんじゅうみんにかかるじむしょりのとくれいおよびじゅうしょいてんものにかかるそちにかんするほうりつしこうきそく,平成二十三年八月十九日
423M60000008168,府省令,東日本大震災復興特別区域法第四十三条の地方税の課税免除又は不均一課税に伴う措置が適用される場合等を定める省令,ひがしにほんだいしんさいふっこうとくべつくいきほうだいよんじゅうさんじょうのちほうぜいのかぜいめんじょまたはふきんいつかぜいにともなうそちがてきようされるばあいとうをさだめるしょうれい,令和六年四月一日
423M60000010016,府省令,東日本大震災の被災者等に係る登記事項証明書等の交付についての手数料の特例に関する省令,ひがしにほんだいしんさいのひさいしゃとうにかかるとうきじこうしょうめいしょとうのこうふについてのてすうりょうのとくれいにかんするしょうれい,平成二十三年五月十三日
423M60000010043,府省令,出入国管理及び難民認定法及び日本国との平和条約に基づき日本の国籍を離脱した者等の出入国管理に関する特例法の一部を改正する等の法律の施行に伴う法務省関係省令の整備及び経過措置に関する省令,しゅつにゅうこくかんりおよびなんみんにんていほうおよびにほんこくとのへいわじょうやくにもとづきにほんのこくせきをりだつしたものとうのしゅつにゅうこくかんりにかんするとくれいほうのいちぶをかいせいするとうのほうりつのしこうにともなうほうむしょうかんけいしょうれいのせいびおよびけいかそちにかんするしょうれい,令和二年十二月二十八日
423M60000010044,府省令,日本国との平和条約に基づき日本の国籍を離脱した者等の出入国管理に関する特例法施行規則,にほんこくとのへいわじょうやくにもとづきにほんのこくせきをりだつしたものとうのしゅつにゅうこくかんりにかんするとくれいほうせこうきそく,令和六年六月十日
423M60000040003,府省令,個人向け国債の発行等に関する省令第七条第三項の臨時特例に関する省令,こじんむけこくさいのはっこうとうにかんするしょうれいだいななじょうだいさんこうのりんじとくれいにかんするしょうれい,平成二十八年四月二十七日
423M60000040014,府省令,日本銀行政府担保振替国債取扱規則,にっぽんぎんこうせいふたんぽふりかえこくさいとりあつかいきそく,平成二十三年七月一日
423M60000040015,府省令,政府担保振替国債取扱規則,せいふたんぽふりかえこくさいとりあつかいきそく,令和三年一月一日
423M60000040016,府省令,東日本大震災に伴う救じゅつ又は学芸技術奨励の目的を有する寄附金等の保管出納に関する件に係る寄附金の保管金取扱規程等の臨時特例に関する省令,ひがしにほんだいしんさいにともなうきゅうじゅつまたはがくげいぎじゅつしょうれいのもくてきをゆうするきふきんとうのほかんすいとうにかんするけんにかかるきふきんのほかんきんとりあつかいきていとうのりんじとくれいにかんするしょうれい,令和三年一月一日
423M60000040020,府省令,東日本大震災の被災者等に係る国税関係法律の臨時特例に関する法律施行規則,ひがしにほんだいしんさいのひさいしゃとうにかかるこくぜいかんけいほうりつのりんじとくれいにかんするほうりつせこうきそく,令和八年四月一日
423M60000040027,府省令,東日本大震災に対処するための国家公務員共済組合法の特例等に関する省令,ひがしにほんだいしんさいにたいしょするためのこっかこうむいんきょうさいくみあいほうのとくれいとうにかんするしょうれい,平成二十七年十月一日
423M60000040046,府省令,法人企業統計調査規則第八条第一項に規定する調査票の提出期限及び同規則第十条に規定する公表の特例に関する省令,ほうじんきぎょうとうけいちょうさきそくだいはちじょうだいいっこうにきていするちょうさひょうのていしゅつきげんおよびどうきそくだいじゅうじょうにきていするこうひょうのとくれいにかんするしょうれい,平成二十三年六月三十日
423M60000040049,府省令,財政投融資特別会計における金利スワップ取引に関する省令,ざいせいとうゆうしとくべつかいけいにおけるきんりすわっぷとりひきにかんするしょうれい,平成二十三年八月一日
423M60000040053,府省令,平成二十二年四月以降において発生が確認された口蹄疫に起因して生じた事態に対処するための手当金等についての国家公務員共済組合法施行規則の臨時特例に関する省令,へいせいにじゅうにねんしがついこうにおいてはっせいがかくにんされたこうていえきにきいんしてしょうじたじたいにたいしょするためのてあてきんとうについてのこっかこうむいんきょうさいくみあいほうせこうきそくのりんじとくれいにかんするしょうれい,平成二十三年八月一日
423M60000040056,府省令,原子力損害賠償支援資金事務取扱規則,げんしりょくそんがいばいしょうしえんしきんじむとりあつかいきそく,平成二十三年八月十日
423M60000040058,府省令,原子力損害賠償・廃炉等支援機構に交付される国債の発行等に関する省令,げんしりょくそんがいばいしょうはいろとうしえんきこうにこうふされるこくさいのはっこうとうにかんするしょうれい,平成二十六年八月十八日
423M60000040059,府省令,原子力損害賠償・廃炉等支援機構が買取りをした不動産の所有権の移転登記の登録免許税の免税を受けるための手続に関する省令,げんしりょくそんがいばいしょうはいろとうしえんきこうがかいとりをしたふどうさんのしょゆうけんのいてんとうきのとうろくめんきょぜいのめんぜいをうけるためのてつづきにかんするしょうれい,平成二十六年八月十八日
423M60000040063,府省令,平成二十三年原子力事故による被害に係る緊急措置に関する法律施行令第七条第三項の規定による日本銀行国庫金取扱規程等の規定の適用についての技術的読替えに関する省令,へいせいにじゅうさんねんげんしりょくじこによるひがいにかかるきんきゅうそちにかんするほうりつせこうれいだいななじょうだいさんこうのきていによるにほんぎんこうこっこきんとりあつかいきていとうのきていのてきようについてのぎじゅつてきよみかえにかんするしょうれい,平成二十三年九月十八日
423M60000042004,府省令,株式会社東日本大震災事業者再生支援機構法第八章に規定する預金保険機構の業務の特例等に関する命令,かぶしきかいしゃひがしにほんだいしんさいじぎょうしゃさいせいしえんきこうほうだいはっしょうにきていするよきんほけんきこうのぎょうむのとくれいとうにかんするめいれい,平成二十三年十一月二十八日
423M60000080019,府省令,東日本大震災に対処するための私立学校教職員共済法の特例に関する省令,ひがしにほんだいしんさいにたいしょするためのしりつがっこうきょうしょくいんきょうさいほうのとくれいにかんするしょうれい,平成二十三年五月二日
423M60000080022,府省令,プログラムの著作物に係る登録の特例に関する法律施行規則,ぷろぐらむのちょさくぶつにかかるとうろくのとくれいにかんするほうりつしこうきそく,令和三年六月一日
423M60000080023,府省令,展覧会における美術品損害の補償に関する法律施行規則,てんらんかいにおけるびじゅつひんそんがいのほしょうにかんするほうりつしこうきそく,平成二十八年三月二十九日
423M60000080029,府省令,平成二十二年四月以降において発生が確認された口蹄疫に起因して生じた事態に対処するための手当金等についての私立学校教職員共済法施行規則の臨時特例に関する省令,へいせいにじゅうにねんしがついこうにおいてはっせいがかくにんされたこうていえきにきいんしてしょうじたじたいにたいしょするためのてあてきんとうについてのしりつがっこうきょうしょくいんきょうさいほうせこうきそくのりんじとくれいにかんするしょうれい,平成二十三年八月一日
423M60000080033,府省令,海外の美術品等の我が国における公開の促進に関する法律施行規則,かいがいのびじゅつひんとうのわがくににおけるこうかいのそくしんにかんするほうりつしこうきそく,平成二十五年五月一日
423M60000080042,府省令,社会教育委員及び公民館運営審議会の委員の委嘱の基準を条例で定めるに当たって参酌すべき基準を定める省令,しゃかいきょういくいいんおよびこうみんかんうんえいしんぎかいのいいんのいしょくのきじゅんをじょうれいでさだめるにあたってさんしゃくすべききじゅんをさだめるしょうれい,平成二十六年四月一日
423M60000082001,府省令,原子力損害賠償・廃炉等支援機構の組織及び人事に関する命令,げんしりょくそんがいばいしょうはいろとうしえんきこうのそしきおよびじんじにかんするめいれい,令和七年六月一日
423M60000100027,府省令,平成二十二年度等における子ども手当事務費交付金の額の算定に関する省令,へいせいにじゅうにねんどとうにおけるこどもてあてじむひこうふきんのがくのさんていにかんするしょうれい,平成二十四年二月二十日
423M60000100054,府省令,社会復帰促進等事業に要する費用に充てるべき額の特例に関する省令,しゃかいふっきそくしんとうじぎょうにようするひようにあてるべきがくのとくれいにかんするしょうれい,平成二十三年四月二十八日
423M60000100057,府省令,東日本大震災に対処するための特別の財政援助及び助成に関する法律の厚生労働省関係規定の施行等に関する省令,ひがしにほんだいしんさいにたいしょするためのとくべつのざいせいえんじょおよびじょせいにかんするほうりつのこうせいろうどうしょうかんけいきていのしこうとうにかんするしょうれい,令和七年十月一日
423M60000100066,府省令,東日本大震災に対処するための要介護認定有効期間及び要支援認定有効期間の特例に関する省令,ひがしにほんだいしんさいにたいしょするためのようかいごにんていゆうこうきかんおよびようしえんにんていゆうこうきかんのとくれいにかんするしょうれい,平成二十七年九月二十八日
423M60000100069,府省令,独立行政法人雇用・能力開発機構法の廃止に伴う厚生労働省関係省令の整備及び経過措置に関する省令,どくりつぎょうせいほうじんこようのうりょくかいはつきこうほうのはいしにともなうこうせいろうどうしょうかんけいしょうれいのせいびおよびけいかそちにかんするしょうれい,平成二十三年十月一日
423M60000100086,府省令,平成二十二年四月以降において発生が確認された口蹄疫に起因して生じた事態に対処するための手当金等についての介護保険法施行規則の臨時特例に関する省令,へいせいにじゅうにねんしがついこうにおいてはっせいがかくにんされたこうていえきにきいんしてしょうじたじたいにたいしょするためのてあてきんとうについてのかいごほけんほうしこうきそくのりんじとくれいにかんするしょうれい,平成二十三年七月一日
423M60000100093,府省令,職業訓練の実施等による特定求職者の就職の支援に関する法律施行規則,しょくぎょうくんれんのじっしとうによるとくていきゅうしょくしゃのしゅうしょくのしえんにかんするほうりつしこうきそく,令和八年二月二十日
423M60000100098,府省令,平成二十二年四月以降において発生が確認された口蹄疫に起因して生じた事態に対処するための手当金等についての健康保険法施行規則等の臨時特例に関する省令,へいせいにじゅうにねんしがついこうにおいてはっせいがかくにんされたこうていえきにきいんしてしょうじたじたいにたいしょするためのてあてきんとうについてのけんこうほけんほうしこうきそくとうのりんじとくれいにかんするしょうれい,平成二十三年八月一日
423M60000100112,府省令,地域の自主性及び自立性を高めるための改革の推進を図るための関係法律の整備に関する法律附則第四条の基準を定める内閣府令,ちいきのじしゅせいおよびじりつせいをたかめるためのかいかくのすいしんをはかるためのかんけいほうりつのせいびにかんするほうりつふそくだいよんじょうのきじゅんをさだめるないかくふれい,令和八年四月一日
423M60000100120,府省令,平成二十三年度における子ども手当の支給等に関する特別措置法施行規則,へいせいにじゅうさんねんどにおけるこどもてあてのしきゅうとうにかんするとくべつそちほうしこうきそく,令和五年四月一日
423M60000100144,府省令,特定Ｂ型肝炎ウイルス感染者給付金等の支給に関する特別措置法施行規則,とくていびーがたかんえんういるすかんせんしゃきゅうふきんとうのしきゅうにかんするとくべつそちほうしこうきそく,令和六年十二月二日
423M60000100145,府省令,社会保険診療報酬支払基金の特定Ｂ型肝炎ウイルス感染者給付金等支給関係業務に係る業務方法書に記載すべき事項を定める省令,しゃかいほけんしんりょうほうしゅうしはらいききんのとくていびーがたかんえんういるすかんせんしゃきゅうふきんとうしきゅうかんけいぎょうむにかかるぎょうむほうほうかきにきさいすべきじこうをさだめるしょうれい,平成二十三年十二月十六日
423M60000100146,府省令,社会保険診療報酬支払基金の特定Ｂ型肝炎ウイルス感染者給付金等支給関係業務に係る財務及び会計に関する省令,しゃかいほけんしんりょうほうしゅうしはらいききんのとくていびーがたかんえんういるすかんせんしゃきゅうふきんとうしきゅうかんけいぎょうむにかかるざいむおよびかいけいにかんするしょうれい,令和三年六月十八日
423M60000100152,府省令,東日本大震災により生じた放射性物質により汚染された土壌等を除染するための業務等に係る電離放射線障害防止規則,ひがしにほんだいしんさいによりしょうじたほうしゃせいぶっしつによりおせんされたどじょうとうをじょせんするためのぎょうむとうにかかるでんりほうしゃせんしょうがいぼうしきそく,令和八年四月一日
423M60000102009,府省令,厚生労働省関係東日本大震災復興特別区域法第二条第四項に規定する省令の特例に関する措置及びその適用を受ける復興推進事業を定める命令,こうせいろうどうしょうかんけいひがしにほんだいしんさいふっこうとくべつくいきほうだいにじょうだいよんこうにきていするしょうれいのとくれいにかんするそちおよびそのてきようをうけるふっこうすいしんじぎょうをさだめるめいれい,令和八年五月一日
423M60000180003,府省令,精神障害者の保健及び福祉に関する科目を定める省令,せいしんしょうがいしゃのほけんおよびふくしにかんするかもくをさだめるしょうれい,令和三年四月一日
423M60000200007,府省令,地域資源を活用した農林漁業者等による新事業の創出等及び地域の農林水産物の利用促進に関する法律施行規則,ちいきしげんをかつようしたのうりんぎょぎょうぶつとうによるしんじぎょうのそうしゅつとうおよびちいきののうりんすいさんぶつのりようそくしんにかんするほうりつしこうきそく,令和八年四月一日
423M60000200030,府省令,東日本大震災に対処するための土地改良法の特例に関する法律施行規則,ひがしにほんだいしんさいにたいしょするためのとちかいりょうほうのとくれいにかんするほうりつしこうきそく,令和七年四月一日
423M60000200034,府省令,東日本大震災に対処するための水産業協同組合の貸借対照表及び会計帳簿に計上する繰延資産の特例に関する省令,ひがしにほんだいしんさいにたいしょするためのすいさんぎょうきょうどうくみあいのちんしゃくたいしょうひょうおよびかいけいちょうぼにけいじょうするくりのべしさんのとくれいにかんするしょうれい,令和二年十二月一日
423M60000200066,府省令,農林水産省関係東日本大震災復興特別区域法施行規則,のうりんすいさんしょうかんけいひがしにほんだいしんさいふっこうとくべつくいきほうしこうきそく,令和六年四月一日
423M60000202009,府省令,東日本大震災復興特別区域法第四十九条第二項及び第五十五条第二項に規定する農林水産大臣に対する協議に関する命令,ひがしにほんだいしんさいふっこうとくべつくいきほうだいよんじゅうきゅうじょうだいにこうおよびだいごじゅうごじょうだいにこうにきていするのうりんすいさんだいじんにたいするきょうぎにかんするめいれい,令和六年四月一日
423M60000242001,府省令,農水産業協同組合貯金保険機構の震災特例業務の実施に関し必要な事項を定める命令,のうすいさんぎょうきょうどうくみあいちょきんほけんきこうのしんさいとくれいぎょうむのじっしにかんしひつようなじこうをさだめるめいれい,平成二十三年九月二十六日
423M60000242002,府省令,株式会社東日本大震災事業者再生支援機構法第八章に規定する農水産業協同組合貯金保険機構の業務の特例等に関する命令,かぶしきかいしゃひがしひほんだいしんさいじぎょうしゃさいせいしえんきこうほうだいはっしょうにきていするのうすいさんぎょうきょうどうくみあいちょきんほけんきこうのぎょうむのとくれいとうにかんするめいれい,平成二十三年十一月二十八日
423M60000400028,府省令,電気使用制限等規則,でんきしようせいげんとうきそく,令和二年十二月二十八日
423M60000400035,府省令,東日本大震災に対処するためのガス事業会計規則等の規定に基づく財務諸表の提出等の期限の特例に関する省令,ひがしにほんだいしんさいにたいしょするためのがすじぎょうかいけいきそくとうのきていにもとづくざいむしょひょうのていしゅつとうのきげんのとくれいにかんするしょうれい,平成二十三年六月三十日
423M60000400040,府省令,平成二十三年東北地方太平洋沖地震に起因して生じた事態に対応するための計量法施行規則の特例に関する省令,へいせいにじゅうさんねんとうほくちほうたいへいようおきじしんにきいんしてしょうじたじたいにたいおうするためのけいりょうほうしこうきそくのとくれいにかんするしょうれい,平成二十三年七月一日
423M60000400045,府省令,経済産業省関係総合特別区域法施行規則,けいざいさんぎょうしょうかんけいそうごうとくべつくいきほうせこうきそく,令和三年八月二日
423M60000400067,府省令,東日本大震災に対処するための中小企業における経営の承継の円滑化に関する法律施行規則の特例を定める省令,ひがしにほんだいしんさいにたいしょするためのちゅうしょうきぎょうにおけるけいえいのしょうけいのえんかつかにかんするほうりつせこうきそくのとくれいをさだめるしょうれい,令和三年八月二日
423M60000402001,府省令,原子力損害賠償・廃炉等支援機構の業務運営に関する命令,げんしりょくそんがいばいしょうはいろとうしえんきこうのぎょうむうんえいにかんするめいれい,平成二十六年八月十八日
423M60000408001,府省令,経済センサス活動調査規則,けいざいせんさすかつどうちょうさきそく,令和八年三月二十七日
423M60000482001,府省令,原子力損害賠償・廃炉等支援機構の業務方法書並びに財務及び会計に関する命令,げんしりょくそんがいばいしょうはいろとうしえんきこうのぎょうむほうほうしょならびにざいむおよびかいけいにかんするめいれい,平成二十九年十月一日
423M60000800013,府省令,土地利用履歴調査作業規程準則,とちりようりれきちょうささぎょうきていじゅんそく,平成二十三年三月十八日
423M60000800039,府省令,東日本大震災による被害を受けた公共土木施設の災害復旧事業等に係る工事の国等による代行に関する法律及び東日本大震災による被害を受けた公共土木施設の災害復旧事業等に係る工事の国等による代行に関する法律施行令の規定による権限の委任に関する省令,ひがしにほんだいしんさいによるひがいをうけたこうきょうどぼくしせつのさいがいふっきゅうじぎょうとうにかかるこうじのくにとうによるだいこうにかんするほうりつおよびひがしにほんだいしんさいによるひがいをうけたこうきょうどぼくしせつのさいがいふっきゅうじぎょうとうにかかるこうじのくにとうによるだいこうにかんするほうりつしこうれいのきていによるけんげんのいにんにかんするしょうれい,平成二十三年四月二十九日
423M60000800040,府省令,東日本大震災に対処するための特別の財政援助及び助成に関する法律の国土交通省関係規定の施行に関する省令,ひがしにほんだいしんさいにたいしょするためのとくべつのざいせいえんじょおよびじょせいにかんするほうりつのこくどこうつうしょうかんけいきていのしこうにかんするしょうれい,令和六年四月一日
423M60000800097,府省令,国土交通省関係東日本大震災復興特別区域法施行規則,こくどこうつうしょうかんけいひがしにほんだいしんさいふっこうとくべつくいきほうせこうきそく,令和三年七月十五日
423M60000800099,府省令,津波防災地域づくりに関する法律施行規則,つなみぼうさいちいきづくりにかんするほうりつしこうきそく,令和七年四月一日
423M60000802004,府省令,東日本大震災復興特別区域法第五十三条第五項、第五十四条第四項及び第九項並びに第五十六条第三項に規定する国土交通大臣等に対する協議に関する命令,ひがしにほんだいしんさいふっこうとくべつくいきほうだいごじゅうさんじょうだいごこうだいごじゅうよんじょうだいよんこうおよびだいきゅうこうならびにだいごじゅうろくじょうだいさんこうにきていするこくどこうつうだいじんとうにたいするきょうぎにかんするめいれい,平成二十三年十二月二十六日
423M60000802005,府省令,東日本大震災復興特別区域法第十八条第一項の認定の申請に係る都道府県公安委員会の意見の聴取に関する命令,ひがしにほんだいしんさいふっこうとくべつくいきほうだいじゅうはちじょうだいいっこうのにんていのしんせいにかかるとどうふけんこうあんいいんかいのいけんのちょうしゅにかんするめいれい,平成二十三年十二月二十六日
423M60000802008,府省令,指定避難施設の管理及び協定避難施設の管理協定に関する命令,していひなんしせつのかんりおよびきょうていひなんしせつのかんりきょうていにかんするめいれい,令和三年一月一日
423M60000808001,府省令,運輸事業の振興の助成に関する法律施行規則,うんゆじぎょうのしんこうのじょせいにかんするほうりつしこうきそく,平成二十三年九月三十日
423M60000900002,府省令,国土交通省・厚生労働省関係高齢者の居住の安定確保に関する法律施行規則,こくどこうつうしょうこうせいろうどうしょうかんけいこうれいしゃのきょじゅうのあんていかくほにかんするほうりつしこうきそく,令和七年十月一日
423M60000A00002,府省令,農林水産省・国土交通省関係東日本大震災復興特別区域法施行規則,のうりんすいさんしょうこくどこうつうしょうかんけいひがしにほんだいしんさいふっこうとくべつくいきほうしこうきそく,令和三年一月一日
423M60000A02001,府省令,東日本大震災復興特別区域法第四十八条第三項に規定する農林水産大臣、国土交通大臣等に対する協議に関する命令,ひがしにほんだいしんさいふっこうとくべつくいきほうだいよんじゅうはちじょうだいさんこうにきていするのうりんすいさんだいじんこくどこうつうだいじんとうにたいするきょうぎにかんするめいれい,平成二十九年四月二十六日
423M60000F80001,府省令,文部科学省・厚生労働省・農林水産省・経済産業省・国土交通省関係平成二十三年原子力事故による被害に係る緊急措置に関する法律施行規則,もんぶかがくしょうこうせいろうどうしょうのうりんすいさんしょうけいざいさんぎょうしょうこくどこうつうしょうかんけいへいせいにじゅうさんねんげんしりょくじこによるひがいにかかるきんきゅうそちにかんするほうりつしこうきそく,平成二十三年十月二十一日
423M60001000009,府省令,東日本大震災に対処するための窒素酸化物排出基準等を適用しない期間の特例に関する省令,ひがしにほんだいしんさいにたいしょするためのちっそさんかぶつはいしゅつきじゅんとうをてきようしないきかんのとくれいにかんするしょうれい,平成二十三年十月一日
423M60001000018,府省令,関係原子力事業者による協力措置に関する省令,かんけいげんしりょくじぎょうしゃによるきょうりょくそちにかんするしょうれい,平成二十三年八月三十日
423M60001000033,府省令,平成二十三年三月十一日に発生した東北地方太平洋沖地震に伴う原子力発電所の事故により放出された放射性物質による環境の汚染への対処に関する特別措置法施行規則,へいせいにじゅうさんねんさんがつじゅういちにちにはっせいしたとうほくちほうたいへいようおきじしんにともなうげんしりょくはつでんしょのじこによりほうしゅつされたほうしゃせいぶっしつによるかんきょうのおせんへのたいしょにかんするとくべつそちほうしこうきそく,令和八年四月一日
423M60001000034,府省令,汚染廃棄物対策地域の指定の要件等を定める省令,おせんはいきぶつたいさくちいきのしていのようけんとうをさだめるしょうれい,平成二十四年九月十九日
423M60001000035,府省令,環境省関係東日本大震災復興特別区域法施行規則,かんきょうしょうかんけいひがしにほんだいしんだいふっこうとくべつくいきほうしこうきそく,平成二十三年十二月二十六日
423M60001000037,府省令,除染実施区域に係る除染等の措置等を実施する者を定める省令,じょせんじっしくいきにかかるじょせんとうのそちとうをじっしするものをさだめるしょうれい,平成二十四年一月一日
423M60001800004,府省令,国土交通省・環境省関係東日本大震災復興特別区域法施行規則,こくどこうつうしょうかんきょうしょうかんけいひがしにほんだいしんさいふっこうとくべつくいきほうしこうきそく,平成二十七年六月一日
423M60001802001,府省令,東日本大震災復興特別区域法第四十九条第六項に規定する国土交通大臣、環境大臣等に対する協議に関する命令,ひがしにほんだいしんさいふっこうとくべつくいきほうだいよんじゅうきゅうじょうだいろっこうにきていするこくどこうつうだいじんかんきょうだいじんとうにたいするきょうぎにかんするめいれい,平成二十三年十二月二十六日
423M60001A00003,府省令,農林水産省・国土交通省・環境省関係東日本大震災復興特別区域法施行規則,のうりんすいさんしょうこくどこうつうしょうかんきょうかんけいひがしにほんだいしんさいふっこうとくべつくいきほうしこうきそく,平成二十三年十二月二十六日
423M60001F48001,府省令,地域資源を活用した農林漁業者等による新事業の創出等及び地域の農林水産物の利用促進に関する法律に基づく研究開発・成果利用事業計画の認定等に関する省令,ちいきしげんをかつようしたのうりんぎょぎょうぶつとうによるしんじぎょうのそうしゅつとうおよびちいきののうりんすいさんぶつのりようそくしんにかんするほうりつにもとづくけんきゅうかいはつせいかりようじぎょうけいかくのにんていとうにかんするしょうれい,令和二年十二月二十二日
423M60001F9A001,府省令,認可特定保険業者等に関する命令,にんかとくていほけんぎょうしゃとうにかんするめいれい,令和六年四月一日
423M60002000009,府省令,自衛官に対する入院時食事療養費等の額についての特例を定める省令,じえいかんにたいするにゅういんじしょくじりょうようひとうのがくについてのとくれいをさだめるしょうれい,平成二十三年五月二日
423M60400000005,規則,留置施設の巡察に関する規則,りゅうちしせつのじゅんさつにかんするきそく,平成二十三年四月一日
423M60400000008,規則,国家公安委員会行政文書管理規則,こっかこうあんいいんかいぎょうせいぶんしょかんりきそく,令和八年四月一日
423R00000001007,規則,平成二十三年原子力事故による被害に係る緊急措置に関する法律の施行に伴う会計検査の実施に関し必要な事項を定める規則,へいせいにじゅうさんねんげんしりょくじこによるひがいにかかるきんきゅうそちにかんするほうりつのせこうにともなうかいけいけんさのじっしにかんしひつようなじこうをさだめるきそく,令和二年十二月二十五日
423RJNJ08018023,規則,人事院規則八―一八（採用試験）,じんじいんきそくはちのじゅうはちさいようしけん,令和七年十二月一日
423RJNJ09129000,規則,人事院規則九―一二九（東日本大震災及び東日本大震災以外の特定大規模災害等並びに特定新型インフルエンザ等に対処するための人事院規則九―三〇（特殊勤務手当）の特例）,じんじいんきそくきゅうのひゃくにじゅうきゅうひがしにほんだいしんさいおよびひがしにほんだいしんさいいがいのとくていだいきぼさいがいとうならびにとくていしんがたいんふるえんざとうにたいしょするためのじんじいんきそくきゅうのさんじゅうとくしゅきんむてあてのとくれい,令和六年二月十五日
423RJNJ10013000,規則,人事院規則一〇―一三（東日本大震災により生じた放射性物質により汚染された土壌等の除染等のための業務等に係る職員の放射線障害の防止）,じんじいんきそくじゅうのじゅうさんひがしにほんだいしんさいによりしょうじたほうしゃせいぶっしつによりおせんされたどじょうとうのじょせんとうのためのぎょうむとうにかかるしょくいんのほうしゃせんしょうがいのぼうし,平成二十四年七月一日
423RPMD03310000,府省令,内閣官房に内閣官房副長官補の命を受け特定事項の企画及び立案に関する事務に従事する企画官を置く規則,ないかくかんぼうにないかくかんぼうふくちょうかんほのめいをうけとくていじこうのきかくおよびりつあんにかんするじむにじゅうじするきかくかんをおくきそく,平成二十七年四月十日
424AC0000000025,法律,福島復興再生特別措置法,ふくしまふっこうさいせいとくべつそちほう,令和八年四月一日
424AC0000000031,法律,新型インフルエンザ等対策特別措置法,しんがたいんふるえんざとうたいさくとくべつそちほう,令和八年六月一日
424AC0000000052,法律,特定タンカーに係る特定賠償義務履行担保契約等に関する特別措置法,とくていたんかーにかかるとくていばいしょうぎむりこうたんぽけいやくとうにかんするとくべつそちほう,令和二年十月一日
424AC0000000055,法律,特定多国籍企業による研究開発事業等の促進に関する特別措置法,とくていたこくせききぎょうによるけんきゅうかいはつじぎょうとうのそくしんにかんするとくべつそちほう,平成三十一年四月一日
424AC0000000057,法律,使用済小型電子機器等の再資源化の促進に関する法律,しようずみこがたでんしききとうのさいしげんかのそくしんにかんするほうりつ,平成二十五年四月一日
424AC0000000065,法律,子ども・子育て支援法,こどもこそだてしえんほう,令和八年四月一日
424AC0000000068,法律,社会保障の安定財源の確保等を図る税制の抜本的な改革を行うための消費税法の一部を改正する等の法律,しゃかいほしょうのあんていざいげんのかくほとうをはかるぜいせいのばっぽんてきなかいかくをおこなうためのしょうひぜいほうのいちぶをかいせいするとうのほうりつ,令和七年四月一日
424AC0000000083,法律,株式会社農林漁業成長産業化支援機構法,かぶしきがいしゃのうりんぎょぎょうせいちょうさんぎょうかしえんきこうほう,令和七年六月一日
424AC0000000084,法律,都市の低炭素化の促進に関する法律,としのていたんそかのそくしんにかんするほうりつ,令和十年六月十日
424AC0000000101,法律,財政運営に必要な財源の確保を図るための公債の発行の特例に関する法律,ざいせいうんえいにひつようなざいげんのかくほをはかるためのこうさいのはっこうのとくれいにかんするほうりつ,令和八年四月一日
424AC0000000102,法律,年金生活者支援給付金の支給に関する法律,ねんきんせいかつしゃしえんきゅうふきんのしきゅうにかんするほうりつ,令和七年六月一日
424AC0100000048,法律,東京電力原子力事故により被災した子どもをはじめとする住民等の生活を守り支えるための被災者の生活支援等に関する施策の推進に関する法律,とうきょうでんりょくげんしりょくじこによりひさいしたこどもをはじめとするじゅうみんとうのせいかつをまもりささえるためのひさいしゃのせいかつしえんとうにかんするしさくのすいしんにかんするほうりつ,平成二十四年六月二十七日
424AC0100000049,法律,劇場、音楽堂等の活性化に関する法律,げきじょうおんがくどうとうのかっせいかにかんするほうりつ,平成二十九年六月二十三日
424AC0100000061,法律,消費者教育の推進に関する法律,しょうひしゃきょういくのすいしんにかんするほうりつ,平成二十八年四月一日
424AC0100000090,法律,移植に用いる造血幹細胞の適切な提供の推進に関する法律,いしょくにもちいるぞうけつかんさいぼうのてきせつなていきょうのすいしんにかんするほうりつ,令和七年六月一日
424AC1000000002,法律,国家公務員の給与の改定及び臨時特例に関する法律,こっかこうむいんのきゅうよのかいていおよびりんじとくれいにかんするほうりつ,平成二十四年九月十九日
424AC1000000029,法律,国会議員の歳費及び期末手当の臨時特例に関する法律,こっかいぎいんのさいひおよびきまつてあてのりんじとくれいにかんするほうりつ,平成二十四年十二月一日
424AC1000000034,法律,警察等が取り扱う死体の死因又は身元の調査等に関する法律,けいさつとうがとりあつかうしたいのしいんまたはみもとのちょうさとうにかんするほうりつ,令和七年六月一日
424AC1000000047,法律,原子力規制委員会設置法,げんしりょくきせいいいんかいせっちほう,令和七年六月一日
424AC1000000050,法律,国等による障害者就労施設等からの物品等の調達の推進等に関する法律,くにとうによるしょうがいしゃしゅうろうしせつとうからのぶっぴんとうのちょうたつのすいしんとうにかんするほうりつ,令和七年十月一日
424AC1000000064,法律,社会保障制度改革推進法,しゃかいほしょうせいどかいかくすいしんほう,平成二十四年八月二十二日
424AC1000000080,法律,大都市地域における特別区の設置に関する法律,だいとしちいきにおけるとくべつくのせっちにかんするほうりつ,平成二十六年十一月一日
424AC1000000081,法律,古典の日に関する法律,こてんのひにかんするほうりつ,平成二十四年九月五日
424AC1000000082,法律,カネミ油症患者に関する施策の総合的な推進に関する法律,かねみあぶらしょうかんじゃにかんするせさくのそうごうてきなすいしんにかんするほうりつ,平成二十四年九月五日
424AC1000000092,法律,母子家庭の母及び父子家庭の父の就業の支援に関する特別措置法,ぼしかていのははおよびふしかていのちちのしゅうぎょうのしえんにかんするとくべつそちほう,令和五年四月一日
424CO0000000016,政令,復興特別所得税に関する政令,ふっこうとくべつしょとくぜいにかんするせいれい,令和八年四月一日
424CO0000000017,政令,復興特別法人税に関する政令,ふっこうとくべつほうじんぜいにかんするせいれい,令和六年四月一日
424CO0000000022,政令,復興庁組織令,ふっこうちょうそしきれい,令和八年四月一日
424CO0000000023,政令,復興推進会議令,ふっこうすいしんかいぎれい,平成二十四年二月十日
424CO0000000024,政令,復興推進委員会令,ふっこうすいしんいいんかいれい,平成二十四年二月十日
424CO0000000025,政令,復興庁設置法第四条第二項第三号イ及びロの事業を定める政令,ふっこうちょうせっちほうだいよんじょうだいにこうだいさんごういおよびろのじぎょうをさだめるせいれい,令和六年四月一日
424CO0000000026,政令,障がい者制度改革推進本部等における検討を踏まえて障害保健福祉施策を見直すまでの間において障害者等の地域生活を支援するための関係法律の整備に関する法律の施行に伴う関係政令の整備等及び経過措置に関する政令,しょうがいしゃせいどかいかくすいしんほんぶとうにおけるけんとうをふまえてしょうがいほけんふくしせさくをみなおすまでのあいだにおいてしょうがいしゃとうのちいきせいかつをしえんするためのかんけいほうりつのせいびにかんするほうりつのしこうにともなうかんけいせいれいのせいびとうおよびけいかそちにかんするせいれい,平成二十四年四月一日
424CO0000000037,政令,株式会社東日本大震災事業者再生支援機構法施行令,かぶしきがいしゃひがしにほんだいしんさいじぎょうしゃさいせいしえんきこうほうせこうれい,令和四年四月一日
424CO0000000040,政令,防衛省の職員に支給する特地勤務手当及び準特地勤務手当の月額の特例に関する政令,ぼうえいしょうのしょくいんにしきゅうするとくちきんむてあておよびじゅんとくちきんむてあてのげつがくのとくれいにかんするせいれい,平成二十四年三月一日
424CO0000000048,政令,平成二十三年等における特定地域に係る激甚災害及びこれに対し適用すべき措置の指定に関する政令,へいせいにじゅうさんねんとうにおけるとくていちいきにかかるげきじんさいがいおよびこれにたいしてきようすべきそちのしていにかんするせいれい,平成二十四年三月十四日
424CO0000000054,政令,関西国際空港及び大阪国際空港の一体的かつ効率的な設置及び管理に関する法律施行令,かんさいこくさいくうこうおよびおおさかこくさいくうこうのいったいてきかつこうりつてきなせっちおよびかんりにかんするほうりつしこうれい,令和四年四月一日
424CO0000000056,政令,犯罪による収益の移転防止に関する法律の一部を改正する法律の施行に伴う関係政令の整備等及び経過措置に関する政令,はんざいによるしゅうえきのいてんぼうしにかんするほうりつのいちぶをかいせいするほうりつのしこうにともなうかんけいせいれいのせいびとうおよびけいかそちにかんするせいれい,平成二十五年四月一日
424CO0000000115,政令,福島復興再生特別措置法施行令,ふくしまふっこうさいせいとくべつそちほうしこうれい,令和八年四月一日
424CO0000000132,政令,国民健康保険法の一部を改正する法律の施行に伴う国民健康保険の国庫負担金等の算定に関する政令の規定の整備及び経過措置に関する政令,こくみんけんこうほけんほうのいちぶをかいせいするほうりつのせこうにともなうこくみんけんこうほけんのこっこふたんきんとうのさんていにかんするせいれいのきていのせいびおよびけいかそちにかんするせいれい,平成二十四年四月六日
424CO0000000155,政令,刑事事件における第三者所有物の没収手続に関する応急措置法第二条第二項の規定による公告の方法を定める政令,けいじじけんにおけるだいさんしゃしょゆうぶつのぼっしゅうてつづきにかんするおうきゅうそちほうだいにじょうだいにこうのきていによるこうこくのほうほうをさだめるせいれい,平成二十四年六月二十二日
424CO0000000174,政令,特定タンカーに係る特定賠償義務履行担保契約等に関する特別措置法施行令,とくていたんかーにかかるとくていばいしょうぎむりこうたんぽけいやくとうにかんするとくべつそちほうしこうれい,令和八年四月一日
424CO0000000185,政令,内閣府設置法第四条第三項第七号の七の人工衛星等を定める政令,ないかくふせっちほうだいよんじょうだいさんこうだいななごうのななのじんこうえいせいとうをさだめるせいれい,平成三十年五月十一日
424CO0000000186,政令,宇宙政策委員会令,うちゅうせいさくいいんかいれい,平成二十八年七月二十九日
424CO0000000188,政令,国民年金及び企業年金等による高齢期における所得の確保を支援するための国民年金法等の一部を改正する法律の一部の施行に伴う経過措置に関する政令,こくみんねんきんおよびきぎょうねんきんとうによるこうれいきにおけるしょとくのかくほをしえんするためのこくみんねんきんほうとうのいちぶをかいせいするほうりつのいちぶのせこうにともなうけいかそちにかんするせいれい,平成二十七年四月一日
424CO0000000189,政令,東日本大震災に伴う国民年金法第三十条の四の規定による障害基礎年金の支給停止等に係る平成二十三年の所得の額の計算方法の特例に関する政令,ひがしにほんだいしんさいにともなうこくみんねんきんほうだいさんじゅうじょうのよんのきていによるしょうがいきそねんきんのしきゅうていしとうにかかるへいせいにじゅうさんねんのしょとくのがくのけいさんほうほうのとくれいにかんするせいれい,平成二十四年八月一日
424CO0000000203,政令,労働者派遣事業の適正な運営の確保及び派遣労働者の就業条件の整備等に関する法律等の一部を改正する法律の施行に伴う経過措置を定める政令,ろうどうしゃはけんじぎょうのてきせいなうんえいのかくほおよびはけんろうどうしゃのしゅうぎょうじょうけんのせいびとうにかんするほうりつとうのいちぶをかいせいするほうりつのしこうにともなうけいかそちをさだめるせいれい,平成二十四年七月二十五日
424CO0000000208,政令,平成二十四年六月八日から七月二十三日までの間の豪雨及び暴風雨による災害についての激甚災害並びにこれに対し適用すべき措置の指定に関する政令,へいせいにじゅうよんねんろくがつようかからしちがつにじゅうさんにちまでのあいだのごううおよびぼうふううによるさいがいについてのげきじんさいがいならびにこれにたいしてきようすべきそちのしていにかんするせいれい,平成二十四年八月十五日
424CO0000000224,政令,社会保障制度改革国民会議令,しゃかいほしょうせいどかいかくこくみんかいぎれい,平成二十四年九月十二日
424CO0000000227,政令,災害時における石油の供給不足への対処等のための石油の備蓄の確保等に関する法律等の一部を改正する法律の一部の施行に伴う関係政令の整備等に関する政令,さいがいじにおけるせきゆのきょうきゅうぶそくへのたいしょとうのためのせきゆのびちくのかくほとうにかんするほうりつとうのいちぶをかいせいするほうりつのいちぶのしこうにともなうかんけいせいれいのせいびとうにかんするせいれい,平成二十四年九月十五日
424CO0000000229,政令,原子力規制委員会設置法第二十二条第一項の員数を定める政令,げんしりょくきせいいいんかいせっちほうだいにじゅうにじょうだいいっこうのいんすうをさだめるせいれい,平成二十四年九月十九日
424CO0000000230,政令,原子力規制委員会組織令,げんしりょくきせいいいんかいそしきれい,令和七年七月一日
424CO0000000231,政令,原子炉安全専門審査会令,げんしろあんぜんせんもんしんさかいれい,平成二十四年九月十九日
424CO0000000232,政令,核燃料安全専門審査会令,かくねんりょうあんぜんせんもんしんさかいれい,平成二十四年九月十九日
424CO0000000234,政令,原子力防災会議令,げんしりょくぼうさいかいぎれい,平成二十四年九月十九日
424CO0000000244,政令,障害者虐待の防止、障害者の養護者に対する支援等に関する法律施行令,しょうがいしゃぎゃくたいのぼうししょうがいしゃのようごしゃにたいするしえんとうにかんするほうりつしこうれい,平成二十四年十月一日
424CO0000000249,政令,消費者安全調査委員会令,しょうひしゃあんぜんちょうさいいんかいれい,平成二十四年十月一日
424CO0000000272,政令,特定多国籍企業による研究開発事業等の促進に関する特別措置法第二条第五項第五号に規定する政令で定める業種等を定める政令,とくていたこくせききぎょうによるけんきゅうかいはつじぎょうとうのそくしんにかんするとくべつそちほうだいにじょうだいごこうだいごごうにきていするせいれいでさだめるぎょうしゅとうをさだめるせいれい,平成三十一年四月一日
424CO0000000281,政令,株式会社農林漁業成長産業化支援機構法施行令,かぶしきがいしゃのうりんぎょぎょうせいちょうさんぎょうかしえんきこうほうしこうれい,平成二十四年十二月三日
424CO0000000286,政令,都市の低炭素化の促進に関する法律施行令,としのていたんそかのそくしんにかんするほうりつしこうれい,令和七年四月一日
424CO0000000291,政令,消費者教育推進会議令,しょうひしゃきょういくすいしんかいぎれい,令和元年七月一日
424M60000002013,府省令,貸金業の規制等に関する法律施行令の一部を改正する政令附則第二十条第二項第一号ハに規定する会社に関する内閣府令,ちんきんぎょうのきせいとうにかんするほうりつしこうれいのいちぶをかいせいするせいれいふそくだいにじゅうじょうだいにこうだいいちごうはにきていするかいしゃにかんするないかくふれい,平成二十四年三月二十八日
424M60000002026,府省令,沖縄県における駐留軍用地跡地の有効かつ適切な利用の推進に関する特別措置法施行規則,おきなわけんにおけるちゅうりゅうぐんようちあとちのゆうこうかつてきせつなりようのすいしんにかんするとくべつそちほうしこうきそく,令和二年十二月二十五日
424M60000002048,府省令,店頭デリバティブ取引等の規制に関する内閣府令,てんとうでりばてぃぶとりひきとうのきせいにかんするないかくふれい,令和七年六月一日
424M60000002067,府省令,簡易郵便局法第四条第一項に規定する受託者の銀行法第五十二条の三十九第一項又は第二項の規定による届出に関する内閣府令,かんいゆうびんきょくほうだいよんじょうだいいっこうにきていするじゅたくしゃのぎんこうほうだいごじゅうにじょうのさんじゅうきゅうだいいっこうまたはだいにこうのきていによるとどけでにかんするないかくふれい,平成二十四年十月一日
424M60000004001,府省令,復興庁組織規則,ふっこうちょうそしききそく,令和八年四月一日
424M60000004002,府省令,復興庁所管に属する物品の無償貸付及び譲与に関する復興庁令,ふっこうちょうしょかんにぞくするぶっぴんのむしょうかしつけおよびじょうよにかんするふっこうちょうれい,平成二十四年二月十日
424M60000004003,府省令,福島復興再生特別措置法施行規則,ふくしまふっこうさいせいとくべつそちほうしこうきそく,令和五年六月九日
424M60000008079,府省令,郵政民営化法等の一部を改正する等の法律附則第十九条第一項第三号の総務省令で定める小包郵便物に相当するもの等を定める省令,ゆうせいみんえいかほうとうのいちぶをかいせいするとうのほうりつふそくだいじゅうきゅうじょうだいいっこうだいさんごうのそうむしょうれいでさだめるこづつみゆうびんぶつにそうとうするものとうをさだめるしょうれい,平成二十四年十月一日
424M60000008095,府省令,地域再生法第十七条に規定する事業を定める省令,ちいきさいせいほうだいじゅうななじょうにきていするじぎょうをさだめるしょうれい,平成二十八年四月二十日
424M60000010025,府省令,出入国管理及び難民認定法施行令第二条等に規定する伝達の方法等を定める省令,しゅつにゅうこくかんりおよびなんみんにんていほうしこうれいだいにじょうとうにきていするでんたつのほうほうとうをさだめるしょうれい,平成三十一年四月一日
424M60000018001,府省令,住民基本台帳法施行令第三十条の二十及び出入国管理及び難民認定法施行令第二十四条第三項に規定する通知の方法を定める省令,じゅうみんきほんだいちょうほうしこうれいだいさんじゅうじょうのにじゅうおよびしゅつにゅうこくかんりおよびなんみんにんていほうしこうれいだいにじゅうよんじょうだいさんこうにきていするつうちのほうほうをさだめるしょうれい,令和六年六月十日
424M60000040006,府省令,復興特別所得税に関する省令,ふっこうとくべつしょとくぜいにかんするしょうれい,令和六年六月一日
424M60000040007,府省令,復興特別法人税に関する省令,ふっこうとくべつほうじんぜいにかんするしょうれい,令和三年四月十五日
424M60000040012,府省令,株式会社東日本大震災事業者再生支援機構が取得した不動産に関する権利の移転登記の登録免許税の免税を受けるための手続に関する省令,かぶしきがいしゃひがしにほんだいしんさいじぎょうしゃさいせいしえんきこうがしゅとくしたふどうさんにかんするけんりのいてんとうきのとうろくめんきょぜいのめんぜいをうけるためのてつづきにかんするしょうれい,平成二十五年四月一日
424M60000040014,府省令,株式会社国際協力銀行法施行規則,かぶしきがいしゃこくさいきょうりょくぎんこうほうしこうきそく,令和五年十月一日
424M60000040015,府省令,株式会社国際協力銀行の会計に関する省令,かぶしきがいしゃこくさいきょうりょくぎんこうのかいけいにかんするしょうれい,令和四年三月三十一日
424M60000080033,府省令,国立研究開発法人量子科学技術研究開発機構の業務運営等に関する命令,こくりつけんきゅうかいはつほうじんりょうしかがくぎじゅつけんきゅうかいはつきこうのぎょうむうんえいとうにかんするめいれい,令和六年四月一日
424M60000100015,府省令,児童福祉法に基づく指定通所支援の事業等の人員、設備及び運営に関する基準,じどうふくしほうにもとづくしていつうしょしえんのじぎょうとうのじんいんせつびおよびうんえいにかんするきじゅん,令和八年十二月二十五日
424M60000100016,府省令,児童福祉法に基づく指定障害児入所施設等の人員、設備及び運営に関する基準,じどうふくしほうにもとづくしていしょうがいじにゅうしょしせつとうのじんいんせつびおよびうんえいにかんするきじゅん,令和八年十二月二十五日
424M60000100022,府省令,平成二十三年度における子ども手当事務費交付金の額の算定に関する省令,へいせいにじゅうさんねんどにおけるこどもてあてじむひこうふきんのがくのさんていにかんするしょうれい,平成二十四年二月二十日
424M60000100027,府省令,障害者の日常生活及び社会生活を総合的に支援するための法律に基づく指定地域相談支援の事業の人員及び運営に関する基準,しょうがいしゃのにちじょうせいかつおよびしゃかいせいかつをそうごうてきにしえんするためのほうりつにもとづくしていちいきそうだんしえんのじぎょうのじんいんおよびうんえいにかんするきじゅん,令和七年十月一日
424M60000100028,府省令,障害者の日常生活及び社会生活を総合的に支援するための法律に基づく指定計画相談支援の事業の人員及び運営に関する基準,しょうがいしゃのにちじょうせいかつおよびしゃかいせいかつをそうごうてきにしえんするためのほうりつにもとづくしていけいかくそうだんしえんのじぎょうのじんいんおよびうんえいにかんするきじゅん,令和七年十月一日
424M60000100029,府省令,児童福祉法に基づく指定障害児相談支援の事業の人員及び運営に関する基準,じどうふくしほうにもとづくしていしょうがいじそうだんしえんのじぎょうのじんいんおよびうんえいにかんするきじゅん,令和六年四月一日
424M60000100040,府省令,障がい者制度改革推進本部等における検討を踏まえて障害保健福祉施策を見直すまでの間において障害者等の地域生活を支援するための関係法律の整備に関する法律の施行に伴う関係省令の整備等及び経過措置に関する省令,しょうがいしゃせいどかいかくすいしんほんぶとうにおけるけんとうをふまえてしょうがいほけんふくしせさくをみなおすまでのあいだにおいてしょうがいしゃとうのちいきせいかつをしえんするためのかんけいほうりつのせいびにかんするほうりつのしこうにともなうかんけいしょうれいのせいびとうおよびけいかそちにかんするしょうれい,平成二十四年四月一日
424M60000100132,府省令,障害者虐待の防止、障害者の養護者に対する支援等に関する法律施行規則,しょうがいしゃぎゃくたいのぼうししょうがいしゃのようごしゃにたいするしえんとうにかんするほうりつしこうきそく,令和七年三月三十一日
424M60000100148,府省令,労働契約法第十八条第一項の通算契約期間に関する基準を定める省令,ろうどうけいやくほうだいじゅうはちじょうだいいっこうのつうさんけいやくきかんにかんするきじゅんをさだめるしょうれい,平成二十五年四月一日
424M60000200033,府省令,農林水産省関係福島復興再生特別措置法施行規則,のうりんすいさんしょうかんけいふくしまふっこうさいせいとくべつそちほうしこうきそく,令和七年四月一日
424M60000200058,府省令,株式会社農林漁業成長産業化支援機構法施行規則,かぶしきがいしゃのうりんぎょぎょうせいちょうさんぎょうかしえんきこうほうしこうきそく,令和五年十二月二十八日
424M60000204001,府省令,福島復興再生特別措置法第六十八条第二項に規定する農林水産大臣等に対する協議に関する命令,ふくしまふっこうさいせいとくべつそちほうだいろくじゅうはちじょうだいにこうにきていするのうりんすいさんだいじんとうにたいするきょうぎにかんするめいれい,平成二十七年五月七日
424M60000400011,府省令,株式会社東日本大震災事業者再生支援機構法第五十九条第一項の要件を定める省令,かぶしきがいしゃひがしにほんだいしんさいじぎょうしゃさいせいしえんきこうほうだいごじゅうきゅうじょうだいいっこうのようけんをさだめるしょうれい,令和六年九月二日
424M60000400040,府省令,福島復興再生特別措置法第五十条の規定による特定健康診査等に関する記録の提供に関する省令,ふくしまふっこうさいせいとくべつそちほうだいごじゅうじょうのきていによるとくていけんこうしんさとうにかんするきろくのていきょうにかんするしょうれい,平成二十七年五月七日
424M60000400046,府省令,再生可能エネルギー電気の利用の促進に関する特別措置法施行規則,さいせいかのうえねるぎーでんきのりようのそくしんにかんするとくべつそちほうしこうきそく,令和七年四月一日
424M60000400069,府省令,原子力発電工作物の保安に関する命令,げんしりょくはつでんこうさくぶつのほあんにかんするめいれい,令和五年三月二十日
424M60000400070,府省令,原子力発電工作物に係る電気設備に関する技術基準を定める命令,げんしりょくはつでんこうさくぶつにかかるでんきせつびにかんするぎじゅつきじゅんをさだめるめいれい,令和四年四月一日
424M60000400071,府省令,原子力発電工作物に係る電気関係報告規則,げんしりょくはつでんこうさくぶつにかかるでんきかんけいほうこくきそく,令和七年六月六日
424M60000400072,府省令,原子力発電工作物に係る電気事業法関係手数料規則,げんしりょくはつでんこうさくぶつにかかるでんきじぎょうほうかんけいてすうりょうきそく,令和七年六月六日
424M60000402005,府省令,産業高度化・事業革新促進措置実施計画の認定申請及び実施状況の報告等に関する命令,さんぎょうこうどかじぎょうかくしんそくしんそちじっしけいかくのにんていしんせいおよびじっしじょうきょうのほうこくとうにかんするめいれい,令和四年四月一日
424M60000402006,府省令,中小企業等経営強化法第三十一条第一項に規定する経営革新等支援業務を行う者の認定等に関する命令,ちゅうしょうきぎょうとうけいえいきょうかほうだいさんじゅういちじょうだいいっこうにきていするけいえいかくしんとうしえんぎょうむをおこなうもののにんていとうにかんするめいれい,令和三年八月二日
424M60000402008,府省令,経済産業省関係総合特別区域法第五十三条に規定する政令等規制事業に係る省令の特例に関する措置を定める命令,けいざいさんぎょうしょうかんけいそうごうとくべつくいきほうだいごじゅうさんじょうにきていするせいれいとうきせいじぎょうにかかるしょうれいのとくれいにかんするそちをさだめるめいれい,令和八年四月一日
424M60000440002,府省令,中小企業等経営強化法第二十四条第一項第三号の経済産業省令・財務省令で定める金融機関を定める省令,ちゅうしょうきぎょうとうけいえいきょうかほうだいにじゅうよんじょうだいいっこうだいさんごうのけいざいさんぎょうしょうれいざいむしょうれいでさだめるきんゆうきかんをさだめるしょうれい,令和二年十月一日
424M60000440004,府省令,中小企業者と農林漁業者との連携による事業活動の促進に関する法律第十一条第一項の主務省令で定める金融機関を定める省令,ちゅうしょうきぎょうしゃとのうりんぎょぎょうしゃとのれんけいによるじぎょうかつどうのそくしんにかんするほうりつだいじゅういちじょうだいいっこうのしゅむしょうれいでさだめるきんゆうきかんをさだめるしょうれい,平成二十四年八月三十日
424M60000480002,府省令,原子力災害対策特別措置法に基づき原子力防災管理者が通報すべき事象等に関する規則,げんしりょくさいがいたいさくとくべつそちほうにもとづきげんしりょくぼうさいかんりしゃがつうほうすべきじしょうとうにかんするきそく,令和六年三月七日
424M60000480003,府省令,原子力災害対策特別措置法に基づく緊急事態応急対策等拠点施設等に関する内閣府令,げんしりょくさいがいたいさくとくべつそちほうにもとづくきんきゅうじたいおうきゅうたいさくとうきょてんしせつとうにかんするないかくふれい,令和元年八月三十日
424M60000480004,府省令,原子力災害対策特別措置法に基づき原子力事業者が作成すべき原子力事業者防災業務計画等に関する命令,げんしりょくさいがいたいさくとくべつそちほうにもとづきげんしりょくじぎょうしゃがさくせいすべきげんしりょくじぎょうしゃぼうさいぎょうむけいかくとうにかんするめいれい,令和二年四月一日
424M6000048A001,府省令,国立研究開発法人宇宙航空研究開発機構の業務運営等に関する命令,こくりつけんきゅうかいはつほうじんうちゅうこうくうけんきゅうかいはつきこうのぎょうむうんえいとうにかんするめいれい,令和六年二月二十六日
424M6000054A001,府省令,株式会社地域経済活性化支援機構法第二十五条第一項第一号に規定するおそれがある旨の認定の申請手続に関する命令,かぶしきがいしゃちいきけいざいかっせいかしえんきこうほうだいにじゅうごじょうだいいっこうだいいちごうにきていするおそれがあるむねのにんていのしんせいてつづきにかんするめいれい,平成二十五年三月十八日
424M6000064E001,府省令,株式会社東日本大震災事業者再生支援機構法施行規則,かぶしきがいしゃひがしにほんだいしんさいじぎょうしゃさいせいしえんきこうほうしこうきそく,令和七年六月十三日
424M60000800020,府省令,関西国際空港及び大阪国際空港の一体的かつ効率的な設置及び管理に関する法律施行規則,かんさいこくさいくうこうおよびおおさかこくさいくうこうのいったいてきかつこうりつてきなせっちおよびかんりにかんするほうりつしこうきそく,令和七年四月一日
424M60000800057,府省令,福島復興再生特別措置法に基づく流通機能向上事業に係る許認可等の特例に関する省令,ふくしまふっこうさいせいとくべつそちほうにもとづくりゅうつうきのうこうじょうじぎょうにかかるきょにんかとうのとくれいにかんするしょうれい,令和三年四月一日
424M60000800061,府省令,特定タンカーに係る特定賠償義務履行担保契約等に関する特別措置法施行規則,とくていたんかーにかかるとくていばいしょうぎむりこうたんぽけいやくとうにかんするとくべつそちほうしこうきそく,令和二年十月一日
424M60000800086,府省令,都市の低炭素化の促進に関する法律施行規則,としのていたんそかのそくしんにかんするほうりつしこうきそく,令和七年四月一日
424M60000802003,府省令,都市の低炭素化の促進に関する法律に基づく軌道利便増進実施計画及び道路運送利便増進実施計画の認定に係る都道府県公安委員会の意見の聴取に関する命令,としのていたんそかのそくしんにかんするほうりつにもとづくきどうりべんぞうしんじっしけいかくおよびどうろうんそうりべんぞうしんじっしけいかくのにんていにかかるとどうふけんこうあんいいんかいのいけんのちょうしゅにかんするめいれい,平成二十四年十二月四日
424M60000804001,府省令,国土交通省関係福島復興再生特別措置法第七条第八項に規定する省令の特例に関する措置及びその適用を受ける産業復興再生事業を定める命令,こくどこうつうしょうかんけいふくしまふっこうさいせいとくべつそちほうだいななじょうだいはちこうにきていするしょうれいのとくれいにかんするそちおよびそのてきようをうけるさんぎょうふっこうさいせいじぎょうをさだめるめいれい,令和三年四月一日
424M60000C80002,府省令,原子力災害対策特別措置法に基づき原子力防災管理者が通報すべき事業所外運搬に係る事象等に関する命令,げんしりょくさいがいたいさくとくべつそちほうにもとづきげんしりょくぼうさいかんりしゃがつうほうすべきじぎょうしょがいうんぱんにかかるじしょうとうにかんするめいれい,令和元年七月一日
424M60000C80003,府省令,原子力災害対策特別措置法に基づき原子力防災管理者が通報すべき事業所外運搬に係る事象の通報手続等に関する命令,げんしりょくさいがいたいさくとくべつそちほうにもとづきげんしりょくぼうさいかんりしゃがつうほうすべきじぎょうしょがいうんぱんにかかるじしょうのつうほうてつづきとうにかんするめいれい,令和元年七月一日
424M60001000006,府省令,平成二十三年三月十一日に発生した東北地方太平洋沖地震に伴う原子力発電所の事故による災害に対処するための廃棄物の処理及び清掃に関する法律施行規則等の一部を改正する省令附則第二条に規定する定期検査の期間に関する経過措置の特例に関する省令,へいせいにじゅうさんねんさんがつじゅういちにちにはっせいしたとうほくちほうたいへいようおきじしんにともなうげんしりょくはつでんしょのじこによるさいがいにたいしょするためのはいきぶつのしょりおよびせいそうにかんするほうりつしこうきそくとうのいちぶをかいせいするしょうれいふそくだいにじょうにきていするていきけんさのきかんにかんするけいかそちのとくれいにかんするしょうれい,平成二十四年十月二十六日
424M60001000020,府省令,協働取組による環境の保全に関する公共サービスの効果が十分に発揮される契約の推進に関する省令,きょうどうとりくみによるかんきょうのほぜんにかんするこうきょうさーびすのこうかがじゅうぶんにはっきされるけいやくのすいしんにかんするしょうれい,平成二十四年十月一日
424M60001000023,府省令,東日本大震災により生じた災害廃棄物の処理に関する特別措置法第七条の規定により地方環境事務所長に委任する事務を定める省令,ひがしにほんだいしんさいによりしょうじたさいがいはいきぶつのしょりにかんするとくべつそちほうだいななじょうのきていによりちほうかんきょうじむしょちょうにいにんするじむをさだめるしょうれい,平成二十四年九月五日
424M60001000028,府省令,環境省定員規則,かんきょうしょうていいんきそく,令和七年四月一日
424M60001202001,府省令,鳥獣による農林水産業等に係る被害の防止のための特別措置に関する法律附則第三条第一項に規定する特定鳥獣被害対策実施隊員等に関する命令,ちょうじゅうによるのうりんすいさんぎょうとうにかかるひがいのぼうしのためのとくべつそちにかんするほうりつふそくだいさんじょうだいいっこうにきていするとくていちょうじゅうひがいたいさくじっしたいいんとうにかんするめいれい,平成二十七年五月二十九日
424M60001604001,府省令,福島復興再生特別措置法第六十九条第二項に規定する経済産業大臣、環境大臣等に対する協議等に関する命令,ふくしまふっこうさいせいとくべつそちほうだいろくじゅうきゅうじょうだいにこうにきていするけいざいさんぎょうだいじんかんきょうだいじんとうにたいするきょうぎとうにかんするめいれい,令和四年十一月十四日
424M60001800003,府省令,二酸化炭素放出抑制対象船舶の二酸化炭素放出抑制指標等に関する基準を定める省令,にさんかたんそほうしゅつよくせいたいしょうせんぱくのにさんかたんそほうしゅつよくせいしひょうとうにかんするきじゅんをさだめるしょうれい,令和七年十二月十二日
424M60001E80002,府省令,環境教育等による環境保全の取組の促進に関する法律施行規則,かんきょうきょういくとうによるかんきょうほぜんのとりくみのそくしんにかんするほうりつせこうきそく,令和二年十二月二十八日
424M60001F4A001,府省令,特定多国籍企業による研究開発事業等の促進に関する特別措置法施行規則,とくていたこくせききぎょうによるけんきゅうかいはつじぎょうとうのそくしんにかんするとくべつそちほうしこうきそく,平成二十四年十一月一日
424M60001F4A002,府省令,研究開発事業計画の認定等に関する命令,けんきゅうかいはつじぎょうけいかくのにんていとうにかんするめいれい,令和元年七月一日
424M60001F4A003,府省令,統括事業計画の認定等に関する命令,とうかつじぎょうけいかくのにんていとうにかんするめいれい,令和元年七月一日
424M60002000006,府省令,国家公務員の給与の改定及び臨時特例に関する法律の施行に伴う自衛官等の平均給与額計算の特例を定める省令,こっかこうむいんのきゅうよのかいていおよびりんじとくれいにかんするほうりつのしこうにともなうじえいかんとうのへいきんきゅうよがくけいさんのとくれいをさだめるしょうれい,平成二十六年十二月二十六日
424M60003FFE001,府省令,東日本大震災復興特別会計事務取扱規則,ひがしにほんだいしんさいふっこうとくべつかいけいじむとりあつかいきそく,令和三年九月一日
424M60080000001,規則,原子力規制委員会組織規則,げんしりょくきせいいいんかいそしききそく,令和七年七月一日
424M60080000002,規則,原子力規制委員会設置法施行規則,げんしりょくきせいいいんかいせっちほうしこうきそく,平成二十四年九月十九日
424M60080000003,規則,原子力規制委員会の所管する法令に係る民間事業者等が行う書面の保存等における情報通信の技術の利用に関する法律施行規則,げんしりょくきせいいいんかいのしょかんするほうれいにかかるみんかんじぎょうしゃとうがおこなうしょめんのほぞんとうにおけるじょうほうつうしんのぎじゅつのりようにかんするほうりつしこうきそく,令和六年三月七日
424RJNJ01057000,規則,人事院規則一―五七（復興庁設置法の施行に伴う関係人事院規則の適用の特例等に関する人事院規則）,じんじいんきそくいちのごじゅうななふっこうちょうせっちほうのしこうにともなうかんけいじんじいんきそくのてきようのとくれいとうにかんするじんじいんきそく,令和八年四月一日
425AC0000000014,法律,外国政府に対して有する米穀の売渡しに係る債権の免除に関する特別措置法,がいこくせいふにたいしてゆうするべいこくのうりわたしにかかるさいけんのめんじょにかんするとくべつそちほう,平成二十五年五月十日
425AC0000000027,法律,行政手続における特定の個人を識別するための番号の利用等に関する法律,ぎょうせいてつづきにおけるとくていのこじんをしきべつするためのばんごうのりようとうにかんするほうりつ,令和十二年六月十九日
425AC0000000029,法律,地方公共団体情報システム機構法,ちほうこうきょうだんたいじょうほうしすてむきこうほう,令和七年五月十六日
425AC0000000048,法律,国際的な子の奪取の民事上の側面に関する条約の実施に関する法律,こくさいてきなこのだっしゅのみんじじょうのそくめんにかんするじょうやくのじっしにかんするほうりつ,令和十年六月十三日
425AC0000000050,法律,薬物使用等の罪を犯した者に対する刑の一部の執行猶予に関する法律,やくぶつしようとうのつみをおかしたものにたいするけいのいちぶのしっこうゆうよにかんするほうりつ,令和六年十二月十二日
425AC0000000051,法律,株式会社海外需要開拓支援機構法,かぶしきがいしゃかいがいじゅようかいたくしえんきこうほう,令和七年六月一日
425AC0000000055,法律,大規模災害からの復興に関する法律,だいきぼさいがいからのふっこうにかんするほうりつ,令和七年九月一日
425AC0000000061,法律,大規模な災害の被災地における借地借家に関する特別措置法,だいきぼなさいがいのひさいちにおけるしゃくちしゃくやにかんするとくべつそちほう,令和四年五月十八日
425AC0000000065,法律,障害を理由とする差別の解消の推進に関する法律,しょうがいをりゆうとするさべつのかいしょうのすいしんにかんするほうりつ,令和七年六月一日
425AC0000000067,法律,民間の能力を活用した国管理空港等の運営等に関する法律,みんかんののうりょくをかつようしたくにかんりくうこうとうのうんえいとうにかんするほうりつ,令和七年十二月一日
425AC0000000070,法律,食品表示法,しょくひんひょうじほう,令和七年六月一日
425AC0000000075,法律,海賊多発海域における日本船舶の警備に関する特別措置法,かいぞくたはつかいいきにおけるにほんせんぱくのけいびにかんするとくべつそちほう,令和七年六月一日
425AC0000000078,法律,国家公務員の配偶者同行休業に関する法律,こっかこうむいんのはいぐうしゃどうこうきゅうぎょうにかんするほうりつ,平成二十七年四月一日
425AC0000000081,法律,農林漁業の健全な発展と調和のとれた再生可能エネルギー電気の発電の促進に関する法律,のうりんぎょぎょうのけんぜんなはってんとちょうわのとれたさいせいかのうえねるぎーでんきのはつでんのそくしんにかんするほうりつ,令和七年四月一日
425AC0000000082,法律,独立行政法人原子力安全基盤機構の解散に関する法律,どくりつぎょうせいほうじんげんしりょくあんぜんきばんきこうのかいさんにかんするほうりつ,平成二十七年十月一日
425AC0000000085,法律,再生医療等の安全性の確保等に関する法律,さいせいいりょうとうのあんぜんせいのかくほとうにかんするほうりつ,令和七年六月一日
425AC0000000086,法律,自動車の運転により人を死傷させる行為等の処罰に関する法律,じどうしゃのうんてんによりひとをししょうさせるこういとうのしょばつにかんするほうりつ,令和七年六月一日
425AC0000000091,法律,裁判官の配偶者同行休業に関する法律,さいばんかんのはいぐうしゃどうこうきゅうぎょうにかんするほうりつ,平成二十七年四月一日
425AC0000000092,法律,交通政策基本法,こうつうせいさくきほんほう,令和二年十二月九日
425AC0000000096,法律,消費者の財産的被害等の集団的な回復のための民事の裁判手続の特例に関する法律,しょうひしゃのざいさんてきひがいとうのしゅうだんてきなかいふくのためのみんじのさいばんてつづきのとくれいにかんするほうりつ,令和十年六月十三日
425AC0000000098,法律,産業競争力強化法,さんぎょうきょうそうりょくきょうかほう,令和八年四月一日
425AC0000000101,法律,農地中間管理事業の推進に関する法律,のうちちゅうかんかんりじぎょうのすいしんにかんするほうりつ,令和七年四月一日
425AC0000000105,法律,生活困窮者自立支援法,せいかつこんきゅうしゃじりつしえんほう,令和七年十月一日
425AC0000000107,法律,国家戦略特別区域法,こっかせんりゃくとくべつくいきほう,令和八年五月一日
425AC0000000108,法律,特定秘密の保護に関する法律,とくていひみつのほごにかんするほうりつ,令和八年五月二十一日
425AC0000000112,法律,持続可能な社会保障制度の確立を図るための改革の推進に関する法律,じぞくかのうなしゃかいほしょうせいどのかくりつをはかるためのかいかくのすいしんにかんするほうりつ,令和三年九月一日
425AC0100000111,法律,がん登録等の推進に関する法律,がんとうろくとうのすいしんにかんするほうりつ,令和十年十二月十一日
425AC1000000013,法律,再生医療を国民が迅速かつ安全に受けられるようにするための施策の総合的な推進に関する法律,さいせいいりょうをこくみんがじんそくかつあんぜんにうけられるようにするためのしさくのそうごうてきなすいしんにかんするほうりつ,平成二十六年十一月二十五日
425AC1000000064,法律,こどもの貧困の解消に向けた対策の推進に関する法律,こどものひんこんのかいしょうにむけたたいさくのすいしんにかんするほうりつ,令和六年九月二十五日
425AC1000000066,法律,死刑再審無罪者に対し国民年金の給付等を行うための国民年金の保険料の納付の特例等に関する法律,しけいさいしんむざいしゃにたいしこくみんねんきんのきゅうふとうをおこなうためのこくみんねんきんのほけんりょうののうふのとくれいとうにかんするほうりつ,平成二十五年九月二十四日
425AC1000000071,法律,いじめ防止対策推進法,いじめぼうしたいさくすいしんほう,令和七年四月一日
425AC1000000080,法律,国会職員の配偶者同行休業に関する法律,こっかいしょくいんのはいぐうしゃどうこうきゅうぎょうにかんするほうりつ,平成二十七年四月一日
425AC1000000088,法律,首都直下地震対策特別措置法,しゅとちょっかじしんたいさくとくべつそちほう,平成三十年七月十五日
425AC1000000095,法律,強くしなやかな国民生活の実現を図るための防災・減災等に資する国土強靱化基本法,つよくしなやかなこくみんせいかつのじつげんをはかるためのぼうさいげんさいとうにしするこくどきょうじんかきほんほう,令和五年六月十六日
425AC1000000097,法律,東日本大震災における原子力発電所の事故により生じた原子力損害に係る早期かつ確実な賠償を実現するための措置及び当該原子力損害に係る賠償請求権の消滅時効の特例に関する法律,ひがしにほんだいしんさいにおけるげんしりょくはつでんしょのじこによりしょうじたげんしりょくそんがいにかかるそうきかつかくじつなばいしょうをじつげんするためのそちおよびとうがいげんしりょくそんがいにかかるばいしょうせいきゅうけんのしょうめつじこうのとくれいにかんするほうりつ,令和二年四月一日
425AC1000000109,法律,アルコール健康障害対策基本法,あるこーるけんこうしょうがいたいさくきほんほう,令和四年四月一日
425AC1000000110,法律,消防団を中核とした地域防災力の充実強化に関する法律,しょうぼうだんをちゅうかくとしたちいきぼうさいりょくのじゅうじつきょうかにかんするほうりつ,平成二十六年六月十三日
425CO0000000003,政令,母子家庭の母及び父子家庭の父の就業の支援に関する特別措置法第六条の法人を定める政令,ぼしかていのははおよびふしかていのちちのしゅうぎょうのしえんにかんするとくべつそちほうだいろくじょうのほうじんをさだめるせいれい,令和八年四月一日
425CO0000000008,政令,特定商取引に関する法律の一部を改正する法律附則第二条第五項の規定による諮問に関する政令,とくていしょうとりひきにかんするほうりつのいちぶをかいせいするほうりつふそくだいにじょうだいごこうのきていによるしもんにかんするせいれい,平成二十五年一月二十三日
425CO0000000022,政令,国等による障害者就労施設等からの物品等の調達の推進等に関する法律施行令,くにとうによるしょうがいしゃしゅうろうしせつとうからのぶっぴんとうのちょうたつのすいしんとうにかんするほうりつしこうれい,令和八年四月一日
425CO0000000025,政令,税制調査会令,ぜいせいちょうさかいれい,令和四年十二月二日
425CO0000000042,政令,大都市地域における特別区の設置に関する法律施行令,だいとしちいきにおけるとくべつくのせっちにかんするほうりつしこうれい,令和五年二月十七日
425CO0000000045,政令,使用済小型電子機器等の再資源化の促進に関する法律施行令,しようずみこがたでんしききとうのさいしげんかのそくしんにかんするほうりつしこうれい,平成二十五年四月一日
425CO0000000049,政令,警察等が取り扱う死体の死因又は身元の調査等に関する法律施行令,けいさつとうがとりあつかうしたいのしいんまたはみもとのちょうさとうにかんするほうりつせこうれい,平成二十五年四月一日
425CO0000000051,政令,独立行政法人平和祈念事業特別基金等に関する法律の廃止等に関する法律の施行に伴う関係政令の整備及び経過措置に関する政令,どくりつぎょうせいほうじんへいわきねんじぎょうとくべつききんとうにかんするほうりつのはいしとうにかんするほうりつのしこうにともなうかんけいせいれいのせいびおよびけいかそちにかんするせいれい,平成二十八年四月一日
425CO0000000053,政令,東京電力株式会社福島第一原子力発電所原子炉施設についての核原料物質、核燃料物質及び原子炉の規制に関する法律の特例に関する政令,とうきょうでんりょくかぶしきがいしゃふくしまだいいちげんしりょくはつでんしょげんしろしせつについてのかくげんりょうぶっしつかくねんりょうぶっしつおよびげんしろのきせいにかんするほうりつのとくれいにかんするせいれい,令和二年四月一日
425CO0000000061,政令,平成二十四年等における特定地域に係る激甚災害及びこれに対し適用すべき措置の指定に関する政令,へいせいにじゅうよねんとうにおけるとくていちいきにかかるげきじんさいがいおよびこれにたいしてきようすべきそちのしていにかんするせいれい,平成二十五年三月十五日
425CO0000000122,政令,新型インフルエンザ等対策特別措置法施行令,しんがたいんふるえんざとうたいさくとくべつそちほうしこうれい,令和八年五月一日
425CO0000000126,政令,船員法に基づく登録生存講習機関等に関する政令,せんいんほうにもとづくとうろくせいぞんこうしゅうきかんとうにかんするせいれい,令和八年二月十四日
425CO0000000127,政令,船員法の一部を改正する法律の一部の施行に伴う関係政令の整備及び経過措置に関する政令,せんいんほうのいちぶをかいせいするほうりつのいちぶのしこうにともなうかんけいせいれいのせいびおよびけいかそちにかんするせいれい,平成二十五年五月一日
425CO0000000156,政令,平成二十五年分として交付すべき政党交付金の交付時期の特例に関する政令,へいせいにじゅうごねんぶんとしてこうふすべきせいとうこうふきんのこうふじきのとくれいにかんするせいれい,平成二十五年五月十六日
425CO0000000162,政令,森林の間伐等の実施の促進に関する特別措置法施行令,しんりんのかんばつとうのじっしのそくしんにかんするとくべつそちほうせこうれい,令和三年四月一日
425CO0000000191,政令,原子力規制委員会設置法の一部の施行に伴う関係政令の整備及び経過措置に関する政令,げんしりょくきせいいいんかいせっちほうのいちぶのしこうにともなうかんけいせいれいのせいびおよびけいかそちにかんするせいれい,平成二十五年七月八日
425CO0000000220,政令,民間の能力を活用した国管理空港等の運営等に関する法律施行令,みんかんののうりょくをかつようしたくにかんりくうこうとうのうんえいとうにかんするほうりつしこうれい,令和四年十二月五日
425CO0000000231,政令,被災区分所有建物の再建等に関する特別措置法第二条の災害を定める政令,ひさいくぶんしょゆうたてもののさいけんとうにかんするとくべつそちほうだいにじょうのさいがいをさだめるせいれい,平成二十五年七月三十一日
425CO0000000237,政令,大規模災害からの復興に関する法律施行令,だいきぼさいがいからのふっこうにかんするほうりつしこうれい,令和八年四月一日
425CO0000000239,政令,平成二十五年六月八日から八月九日までの間の豪雨及び暴風雨による災害についての激甚災害並びにこれに対し適用すべき措置の指定に関する政令,へいせいにじゅうごねんろくがつようかからはちがつここのかまでのあいだのごううおよびぼうふううによるさいがいについてのげきじんさいがいならびにこれにたいしてきようすべきそちのしていにかんするせいれい,平成二十六年三月十四日
425CO0000000261,政令,児童扶養手当法による児童扶養手当の額等の改定の特例に関する法律第二項の規定に基づき児童扶養手当等の改定額を定める政令の一部を改正する等の政令,じどうふようてあてほうによるじどうふようてあてのがくとうのかいていのとくれいにかんするほうりつだいにこうのきていにもとづきじどうふようてあてとうのかいていがくをさだめるせいれいのいちぶをかいせいするとうのせいれい,平成二十六年四月一日
425CO0000000263,政令,市町村の消防長及び消防署長の資格の基準を定める政令,しちょうそんのしょうぼうちょうおよびしょうぼうしょちょうのしかくのきじゅんをさだめるせいれい,平成二十六年四月一日
425CO0000000274,政令,株式会社海外需要開拓支援機構法第四条第三項の倍数を定める政令,かぶしきがいしゃかいがいじゅようかいたくしえんきこうほうだいよんじょうだいさんこうのばいすうをさだめるせいれい,平成二十五年九月十八日
425CO0000000280,政令,死刑再審無罪者に対し国民年金の給付等を行うための国民年金の保険料の納付の特例等に関する法律施行令,しけいさいしんむざいしゃにたいしこくみんねんきんのきゅうふとうをおこなうためのこくみんねんきんのほけんりょうののうふのとくれいとうにかんするほうりつしこうれい,令和八年四月一日
425CO0000000295,政令,平成二十五年九月十五日から同月十七日までの間の暴風雨及び豪雨による災害についての激甚災害並びにこれに対し適用すべき措置の指定に関する政令,へいせいにじゅうごねんくがつじゅうごにちからどうげつじゅうしちにちまでのあいだのぼうふううおよびごううによるさいがいについてのげきじんさいがいならびにこれにたいしてきようすべきそちのしていにかんするせいれい,平成二十六年三月十四日
425CO0000000326,政令,海賊多発海域における日本船舶の警備に関する特別措置法施行令,かいぞくたはつかいいきにおけるにほんせんぱくのけいびにかんするとくべつそちほうしこうれい,令和八年五月二十五日
425CO0000000342,政令,国家戦略特別区域諮問会議令,こっかせんりゃくとくべつくいきしもんかいぎれい,平成二十八年四月一日
425CO0000000362,政令,首都直下地震対策特別措置法施行令,しゅとちょっかじしんたいさくとくべつそちほうしこうれい,平成二十五年十二月二十七日
425CO0000000366,政令,地方公共団体情報システム機構の設立に伴う関係政令の整備及び経過措置に関する政令,ちほうこうきょうだんたいじょうほうしすてむきこうのせつりつにともなうかんけいせいれいのせいびおよびけいかそちにかんするせいれい,平成二十六年四月一日
425CO0000000367,政令,大規模な災害の被災地における借地借家に関する特別措置法第二条第一項の特定大規模災害及びこれに対し適用すべき措置等を指定する政令,だいきぼなさいがいのひさいちにおけるしゃくちしゃくやにかんするとくべつそちほうだいにじょうだいいっこうのとくていだいきぼさいがいおよびこれにたいしてきようすべきそちとうをしていするせいれい,平成二十五年十二月二十六日
425M60000002020,府省令,子ども・子育て支援法附則第四条の保育の需要及び供給の状況の把握に関する内閣府令,こどもこそだてしえんほうふそくだいよんじょうのほいくのじゅようおよびきょうきゅうのじょうきょうのはあくにかんするないかくふれい,平成二十五年四月一日
425M60000002051,府省令,大規模災害からの復興に関する法律施行規則,だいきぼさいがいからのふっこうにかんするほうりつしこうきそく,平成二十五年八月二十日
425M60000002068,府省令,災害救助法施行令第一条第一項第三号の内閣府令で定める特別の事情等を定める内閣府令,さいがいきゅうじょほうしこうれいだいいちじょうだいいっこうだいさんごうのないかくふれいでさだめるとくべつのじじょうとうをさだめるないかくふれい,平成三十一年四月一日
425M60000002069,府省令,武力攻撃事態等における国民の保護のための措置に関する法律の規定による処分に係る公用令書等の様式を定める内閣府令,ぶりょくこうげきじたいとうにおけるこくみんのほごのためのそちにかんするほうりつのきていによるしょぶんにかかるこうようれいしょとうのようしきをさだめるないかくふれい,平成二十五年十月一日
425M60000002075,府省令,首都直下地震対策特別措置法施行規則,しゅとちょっかじしんたいさくとくべつそちほうしこうきそく,令和元年七月一日
425M60000008008,府省令,大都市地域における特別区の設置に関する法律施行規則,だいとしちいきにおけるとくべつくのせっちにかんするほうりつしこうきそく,平成二十五年三月一日
425M60000008022,府省令,消防用ホースの技術上の規格を定める省令,しょうぼうようほーすのぎじゅつじょうのきかくをさだめるしょうれい,令和七年七月三十日
425M60000008023,府省令,消防用ホースに使用する差込式又はねじ式の結合金具及び消防用吸管に使用するねじ式の結合金具の技術上の規格を定める省令,しょうぼうようほーすにしようするさこみしきまたはねじしきのけつごうかなぐおよびしょうぼうようきゅうかんにしようするねじしきのけつごうかなぐのぎじゅつじょうのきかくをさだめるしょうれい,令和七年七月三十日
425M60000008024,府省令,漏電火災警報器に係る技術上の規格を定める省令,ろうでんかさいけいほうきにかかるぎじゅつじょうのきかくをさだめるしょうれい,令和元年七月一日
425M60000008026,府省令,エアゾール式簡易消火具の技術上の規格を定める省令,えあぞーるしきかんいしょうかぐのぎじゅつじょうのきかくをさだめるしょうれい,令和元年七月一日
425M60000008027,府省令,消防用ホースの技術上の規格を定める省令等の施行に伴う消防法施行令第三十条第二項及び危険物の規制に関する政令第二十二条第二項の技術上の基準に関する特例を定める省令,しょうぼうようほーすのぎじゅつじょうのきかくをさだめるしょうれいとうのせこうにともなうしょうぼうほうせこうれいだいさんじゅうじょうだいにこうおよびきけんぶつのきせいにかんするせいれいだいにじゅうにじょうだいにこうのぎじゅつじょうのきじゅんにかんするとくれいをさだめるしょうれい,平成二十六年四月一日
425M60000008049,府省令,福島復興再生特別措置法第二十六条等の地方税の課税免除又は不均一課税に伴う措置が適用される場合等を定める省令,ふくしまふっこうさいせいとくべつそちほうだいにじゅうろくじょうとうのちほうぜいのかぜいめんじょまたはふきんいつかぜいにともなうそちがてきようされるばあいとうをさだめるしょうれい,令和三年四月一日
425M60000008057,府省令,国家公務員退職手当法施行令第四条の二の規定による退職の理由の記録に関する内閣官房令,こっかこうむいんたいしょくてあてほうしこうれいだいよんじょうのにのきていによるたいしょくのりゆうのきろくにかんするないかくかんぼうれい,令和二年十二月十八日
425M60000008058,府省令,国家公務員退職手当法の規定による早期退職希望者の募集及び認定の制度に係る書面の様式等を定める内閣官房令,こっかこうむいんたいしょくてあてほうのきていによるそうきたいしょくきぼうしゃのぼしゅうおよびにんていのせいどにかかるしょめんのようしきとうをさだめるないかくかんぼうれい,令和八年四月一日
425M60000010008,府省令,矯正管区組織規則,きょうせいかんくそしききそく,令和八年四月一日
425M60000010020,府省令,大規模災害からの復興に関する法律及び東日本大震災復興特別区域法に基づく筆界特定の申請に係る筆界特定申請情報の特例等に関する省令,だいきぼさいがいからのふっこうにかんするほうりつおよびひがしにほんだいしんさいふっこうとくべつくいきほうにもとづくひっかいとくていのしんせいにかかるひっかいとくていしんせいじょうほうのとくれいとうにかんするしょうれい,令和三年四月一日
425M60000010021,府省令,死刑再審無罪者に対し国民年金の給付等を行うための国民年金の保険料の納付の特例等に関する法律に基づく特別給付金の支給に関する省令,しけいさいしんむざいしゃにたいしこくみんねんきんのきゅうふとうをおこなうためのこくみんねんきんのほけんりょうののうふのとくれいとうにかんするほうりつにもとづくとくべつきゅうふきんのしきゅうにかんするしょうれい,令和二年十二月二十八日
425M60000010022,府省令,犯罪被害者等の権利利益の保護を図るための刑事手続に付随する措置に関する法律施行規則,はんざいひがいしゃとうのけんりりえきのほごをはかるためのけいじてつづきにふずいするそちにかんするほうりつせこうきそく,令和七年四月一日
425M60000100007,府省令,国等による障害者就労施設等からの物品等の調達の推進等に関する法律施行令第一条第二号イからハまでに規定する厚生労働省令で定める割合を定める省令,くにとうによるしょうがいしゃしゅうろうしせつとうからのぶっぴんとうのちょうたつのすいしんとうにかんするほうりつしこうれいだいいちじょうだいにごういからはまでにきていするこうせいろうどうしょうれいでさだめるわりあいをさだめるしょうれい,平成二十五年四月一日
425M60000100060,府省令,新型インフルエンザ等対策特別措置法第六十四条の規定による医薬品等の譲渡等の特例の手続に関する省令,しんがたいんふるえんざとうたいさくとくべつそちほうだいろくじゅうよんじょうのきていによるいやくひんとうのじょうととうのとくれいのてつづきにかんするしょうれい,令和六年四月一日
425M60000100097,府省令,移植に用いる造血幹細胞の適切な提供の推進に関する法律に基づく造血幹細胞提供支援機関に関する省令,いしょくにもちいるぞうけつかんさいぼうのてきせつなていきょうのすいしんにかんするほうりつにもとづくぞうけつかんさいぼうていきょうしえんきかんにかんするしょうれい,平成二十六年一月一日
425M60000100108,府省令,死刑再審無罪者に対し国民年金の給付等を行うための国民年金の保険料の納付の特例等に関する法律に基づく国民年金の保険料の納付手続の特例に関する省令,しけいさいしんむざいしゃにたいしこくみんねんきんのきゅうふとうをおこなうためのこくみんねんきんのほけんりょうののうふのとくれいとうにかんするほうりつにもとづくこくみんねんきんのほけんりょうののうふてつづきのとくれいにかんするしょうれい,令和六年五月二十七日
425M60000100138,府省令,移植に用いる造血幹細胞の適切な提供の推進に関する法律施行規則,いしょくにもちいるぞうけつかんさいぼうのてきせつなていきょうのすいしんにかんするほうりつしこうきそく,令和元年九月十四日
425M60000100139,府省令,移植に用いる臍帯血の品質の確保のための基準に関する省令,いしょくにもちいるさいたいけつのひんしつのかくほのためのきじゅんにかんするしょうれい,平成三十一年三月十四日
425M60000102001,府省令,厚生労働省関係総合特別区域法第五十三条に規定する政令等規制事業に係る省令の特例に関する措置を定める命令,こうせいろうどうしょうかんけいそうごうとくべつくいきほうだいごじゅうさんじょうにきていするせいれいとうきせいじぎょうにかかるしょうれいのとくれいにかんするそちをさだめるめいれい,平成三十年四月一日
425M60000110002,府省令,死刑再審無罪者に対し国民年金の給付等を行うための国民年金の保険料の納付の特例等に関する法律施行規則,しけいさいしんむざいしゃにたいしこくみんねんきんのきゅうふとうをおこなうためのこくみんねんきんのほけんりょうののうふのとくれいとうにかんするほうりつしこうきそく,平成二十五年九月二十四日
425M60000200044,府省令,動物用医薬品及び医薬品の使用の規制に関する省令,どうぶつよういやくひんおよびいやくひんのしようのきせいにかんするしょうれい,令和八年三月二十四日
425M60000200057,府省令,農林水産省関係大規模災害からの復興に関する法律施行規則,のうりんすいさんしょうかんけいだいきぼさいがいからのふっこうにかんするほうりつしこうきそく,令和七年六月四日
425M60000202006,府省令,大規模災害からの復興に関する法律第十三条第二項及び第十九条第二項に規定する農林水産大臣に対する協議に関する命令,だいきぼさいがいからのふっこうにかんするほうりつだいじゅうさんじょうだいにこうおよびだいじゅうきゅうじょうだいにこうにきていするのうりんすいさんだいじんにたいするきょうぎにかんするめいれい,令和六年四月一日
425M60000400013,府省令,行政機関の保有する情報の公開に関する法律施行令第十三条第三項第一号に掲げる行政機関等が保有する行政文書に係る開示請求等の手続に関する省令,ぎょうせいきかんのほゆうするじょうほうのこうかいにかんするほうりつしこうれいだいじゅうさんじょうだいさんこうだいいちごうにかかげるぎょうせいきかんとうがほゆうするぎょうせいぶんしょにかかるかいじせいきゅうとうのてつづきにかんするしょうれい,平成二十八年四月一日
425M60000400014,府省令,個人情報の保護に関する法律施行令第二十六条第三項第一号及び第二十九条第三項第一号に掲げる行政機関等が保有する保有個人情報に係る開示請求及び行政機関等匿名加工情報の利用の手続に関する省令,こじんじょうほうのほごにかんするほうりつしこうれいだいにじゅうろくじょうだいさんこうだいいちごうおよびだいにじゅうきゅうじょうだいさんこうだいいちごうにかかげるぎょうせいきかんとうがほゆうするほゆうこじんじょうほうにかかるかいじせいきゅうおよびぎょうせいきかんとうとくめいかこうじょうほうのりようのてつづきにかんするしょうれい,令和四年四月一日
425M60000400034,府省令,電気用品の技術上の基準を定める省令,でんきようひんのぎじゅつじょうのきじゅんをさだめるしょうれい,令和七年十二月二十五日
425M60000400042,府省令,株式会社海外需要開拓支援機構法施行規則,かぶしきがいしゃかいがいじゅようかいたくしえんきこうほうしこうきそく,令和五年十二月二十八日
425M60000400045,府省令,受託中小企業振興法第二条第七項の状態を定める省令,じゅたくちゅうしょうきぎょうしんこうほうだいにじょうだいななこうのじょうたいをさだめるしょうれい,令和八年一月一日
425M60000400046,府省令,中小企業支援法第十三条第一項に規定する情報提供業務を行う者の認定に関する省令,ちゅうしょうきぎょうしえんほうだいじゅうさんじょうだいいっこうにきていするじょうほうていきょうぎょうむをおこなうもののにんていにかんするしょうれい,令和七年六月一日
425M60000480002,府省令,国立研究開発法人日本原子力研究開発機構の業務運営に関する命令,こくりつけんきゅうかいはつほうじんにほんげんしりょくけんきゅうかいはつきこうのぎょうむうんえいにかんするめいれい,令和三年四月一日
425M60000800009,府省令,国土交通省関係警察等が取り扱う死体の死因又は身元の調査等に関する法律施行規則,こくどこうつうしょうかんけいけいさつとうがとりあつかうしたいのしいんまたはみもとのちょうさとうにかんするほうりつしこうきそく,平成二十五年五月十六日
425M60000800016,府省令,特定鉄道等施設に係る耐震補強に関する省令,とくていてつどうとうしせつにかかるたいしんほきょうにかんするしょうれい,令和五年四月一日
425M60000800018,府省令,平成二十五年度に特定認定事業者が海上運送法第三十五条第一項又は第四項の規定による日本船舶・船員確保計画の認定の申請をする場合における同条第三項第三号の期間及び同項第五号の日本船舶の隻数の増加の割合を定める省令,へいせいにじゅうごねんどにとくていにんていじぎょうしゃがかいじょううんそうほうだいさんじゅうごじょうだいいっこうまたはだいよんこうのきていによるにほんせんぱくせんいんかくほけいかくのにんていのしんせいをするばあいにおけるどうじょうだいさんこうだいさんごうのきかんおよびどうこうだいごごうのにほんせんぱくのせきすうのぞうかのわりあいをさだめるしょうれい,令和五年七月一日
425M60000800031,府省令,船員法の一部を改正する法律の一部の施行に伴う国土交通省関係省令の整備及び経過措置に関する省令,せんいんほうのいちぶをかいせいするほうりつのいちぶのしこうにともなうこくどこうつうしょうかんけいしょうれいのせいびおよびけいかそちにかんするしょうれい,平成二十五年五月一日
425M60000800032,府省令,船員の労働条件等の検査等に関する規則,せんいんのろうどうじょうけんとうのけんさとうにかんするきそく,令和八年二月十四日
425M60000800055,府省令,指定海上防災機関に関する省令,していかいじょうぼうさいきかんにかんするしょうれい,令和六年四月一日
425M60000800063,府省令,民間の能力を活用した国管理空港等の運営等に関する法律施行規則,みんかんののうりょくをかつようしたくにかんりくうこうとうのうんえいとうにかんするほうりつしこうきそく,令和八年四月一日
425M60000800069,府省令,国土交通省関係大規模災害からの復興に関する法律施行規則,こくどこうつうしょうかんけいだいきぼさいがいからのふっこうにかんするほうりつしこうきそく,平成二十五年八月二十日
425M60000800092,府省令,海賊多発海域における日本船舶の警備に関する特別措置法施行規則,かいぞくたはつかいいきにおけるにほんせんぱくのけいびにかんするとくべつそちほうしこうきそく,令和六年四月一日
425M60000800100,府省令,国土交通省関係首都直下地震対策特別措置法施行規則,こくどこうつうしょうかんけいしゅとちょっかじしんたいさくとくべつそちほうしこうきそく,平成二十五年十二月二十七日
425M60000800101,府省令,国土交通省関係南海トラフ地震に係る地震防災対策の推進に関する特別措置法施行規則,こくどこうつうしょうかんけいなんかいとらふじしんにかかるじしんぼうさいたいさくのすいしんにかんするとくべつそちほうしこうきそく,令和三年七月十五日
425M60000802004,府省令,大規模災害からの復興に関する法律第十七条第四項、第十八条第四項及び第九項並びに第二十条第三項に規定する国土交通大臣等に対する協議に関する命令,だいきぼさいがいからのふっこうにかんするほうりつだいじゅうななじょうだいよんこうだいじゅうはちじょうだいよんこうおよびだいきゅうこうならびにだいにじゅうじょうだいさんこうにきていするこくどこうつうだいじんとうにたいするきょうぎにかんするめいれい,平成二十五年八月二十日
425M60000802005,府省令,海賊多発海域における日本船舶の警備に関する特別措置法第十六条第四項の規定による都道府県公安委員会への通知に関する命令,かいぞくたはつかいいきにおけるにほんせんぱくのけいびにかんするとくべつそちほうだいじゅうろくじょうだいよんこうのきていによるとどうふけんこうあんいいんかいへのつうちにかんするめいれい,平成二十五年十一月三十日
425M60000A00002,府省令,農林水産省・国土交通省関係大規模災害からの復興に関する法律施行規則,のうりんすいさんしょうこくどこうつうしょうかんけいだいきぼさいがいからのふっこうにかんするほうりつしこうきそく,平成二十八年四月一日
425M60000A02001,府省令,大規模災害からの復興に関する法律第十二条第三項に規定する農林水産大臣、国土交通大臣等に対する協議に関する命令,だいきぼさいがいからのふっこうにかんするほうりつだいじゅうにじょうだいさんこうにきていするのうりんすいさんだいじんこくどこうつうだいじんとうにたいするきょうぎにかんするめいれい,平成二十九年四月二十六日
425M60001000005,府省令,使用済小型電子機器等の再資源化の促進に関する法律施行令第四条に規定する委託の基準に関する省令,しようずみこがたでんしききとうのさいしげんかのそくしんにかんするほうりつせこうれいだいよんじょうにきていするいたくのきじゅんにかんするしょうれい,令和二年三月三十日
425M60001000007,府省令,環境影響評価法施行令別表第三の十の項の第三欄に規定する値を定める省令,かんきょうえいきょうひょうかほうしこうれいべっぴょうだいさんのじゅうのこうのだいさんらんにきていするあたいをさだめるしょうれい,平成二十五年四月一日
425M60001400003,府省令,使用済小型電子機器等の再資源化の促進に関する法律施行規則,しようずみこがたでんしききとうのさいしげんかのそくしんにかんするほうりつしこうきそく,令和元年七月一日
425M60001800001,府省令,国土交通省・環境省関係大規模災害からの復興に関する法律施行規則,こくどこうつうしょうかんきょうしょうかんけいだいきぼさいがいからのふっこうにかんするほうりつしこうきそく,平成二十五年八月二十日
425M60001802001,府省令,大規模災害からの復興に関する法律第十三条第六項に規定する国土交通大臣、環境大臣等に対する協議に関する命令,だいきぼさいがいからのふっこうにかんするほうりつだいじゅうさんじょうだいろっこうにきていするこくどこうつうだいじんかんきょうだいじんとうにたいするきょうぎにかんするめいれい,平成二十五年八月二十日
425M60001A00001,府省令,農林水産省・国土交通省・環境省関係大規模災害からの復興に関する法律施行規則,のうりんすいさんしょうこくどこうつうしょうかんきょうしょうかんけいだいきぼさいがいからのふっこうにかんするほうりつしこうきそく,平成二十五年八月二十日
425M60080000002,規則,東京電力株式会社福島第一原子力発電所原子炉施設の保安及び特定核燃料物質の防護に関する規則,とうきょうでんりょくかぶしきがいしゃふくしまだいいちげんしりょくはつでんしょげんしろしせつのほあんおよびとくていかくねんりょうぶっしつのぼうごにかんするきそく,令和八年四月一日
425M60080000005,規則,実用発電用原子炉及びその附属施設の位置、構造及び設備の基準に関する規則,じつようはつでんようげんしろおよびそのふぞくしせつのいちこうぞうおよびせつびのきじゅんにかんするきそく,令和四年九月二十六日
425M60080000006,規則,実用発電用原子炉及びその附属施設の技術基準に関する規則,じつようはつでんようげんしろおよびそのふぞくしせつのぎじゅつきじゅんにかんするきそく,令和四年九月二十六日
425M60080000009,規則,研究開発段階発電用原子炉及びその附属施設の位置、構造及び設備の基準に関する規則,けんきゅうかいはつだんかいはつでんようげんしろおよびそのふぞくしせつのいちこうぞうおよびせつびのきじゅんにかんするきそく,令和二年四月一日
425M60080000010,規則,研究開発段階発電用原子炉及びその附属施設の技術基準に関する規則,けんきゅうかいはつだんかいはつでんようげんしろおよびそのふぞくしせつのぎじゅつきじゅんにかんするきそく,令和二年四月一日
425M60080000015,規則,独立行政法人原子力安全基盤機構の解散に関する法律附則第三条第三項に規定する原子力規制委員会職員の募集に関し独立行政法人原子力安全基盤機構が作成する書類の記載事項を定める規則,どくりつぎょうせいほうじんげんしりょくあんぜんきばんきこうのかいさんにかんするほうりつふそくだいさんじょうだいさんこうにきていするげんしりょくきせいいいんかいしょくいんのぼしゅうにかんしどくりつぎょうせいほうじんげんしりょくあんぜんきばんきこうがさくせいするしょるいのきさいじこうをさだめるきそく,平成二十五年十二月二日
425M60080000017,規則,加工施設の位置、構造及び設備の基準に関する規則,かこうしせつのいちこうぞうおよびせつびのきじゅんにかんするきそく,令和七年十月三日
425M60080000020,規則,核燃料取扱主任者試験の実施細目等に関する規則,かくねんりょうとりあつかいしゅにんしゃしけんのじっしさいもくとうにかんするきそく,令和八年三月二十四日
425M60080000021,規則,試験研究の用に供する原子炉等の位置、構造及び設備の基準に関する規則,しけんけんきゅうのようにきょうするげんしろとうのいちこうぞうおよびせつびのきじゅんにかんするきそく,平成三十年六月八日
425M60080000024,規則,使用済燃料貯蔵施設の位置、構造及び設備の基準に関する規則,しようずみねんりょうちょぞうしせつのいちこうぞうおよびせつびのきじゅんにかんするきそく,平成三十年六月八日
425M60080000027,規則,再処理施設の位置、構造及び設備の基準に関する規則,さいしょりしせつのいちこうぞうおよびせつびのきじゅんにかんするきそく,令和七年十月三日
425M60080000030,規則,第二種廃棄物埋設施設の位置、構造及び設備の基準に関する規則,だいにしゅはいきぶつまいせつしせつのいちこうぞうおよびせつびのきじゅんにかんするきそく,令和三年十月二十一日
425M60080000031,規則,廃棄物管理施設の位置、構造及び設備の基準に関する規則,はいきぶつかんりしせつのいちこうぞうおよびせつびのきじゅんにかんするきそく,平成二十五年十二月十八日
425M60080000034,規則,使用施設等の位置、構造及び設備の基準に関する規則,しようしせつとうのいちこうぞうおよびせつびのきじゅんにかんするきそく,令和二年四月一日
425M60400000003,規則,国家公安委員会関係警察等が取り扱う死体の死因又は身元の調査等に関する法律施行規則,こっかこうあんいいんかいかんけいけいさつとうがとりあつかうしたいのしいんまたはみもとのちょうさとうにかんするほうりつしこうきそく,令和元年七月一日
425M60400000004,規則,死体取扱規則,したいとりあつかいきそく,令和二年十二月二十八日
425M60400000010,規則,留置施設視察委員会の委員の定数及び任期についての基準を定める規則,りゅうちしせつしさついいんかいのいいんのていすうおよびにんきについてのきじゅんをさだめるきそく,平成二十六年四月一日
426AC0000000011,法律,地方法人税法,ちほうほうじんぜいほう,令和八年四月一日
426AC0000000024,法律,株式会社海外交通・都市開発事業支援機構法,かぶしきがいしゃかいがいこうつうとしかいはつじぎょうしえんきこうほう,令和七年六月一日
426AC0000000048,法律,健康・医療戦略推進法,けんこういりょうせんりゃくすいしんほう,令和三年九月一日
426AC0000000049,法律,国立研究開発法人日本医療研究開発機構法,こくりつけんきゅうかいはつほうじんにほんいりょうけんきゅうかいはつきこうほう,令和七年六月一日
426AC0000000050,法律,難病の患者に対する医療等に関する法律,なんびょうのかんじゃにたいするいりょうとうにかんするほうりつ,令和十年十二月十一日
426AC0000000057,法律,重大な犯罪を防止し、及びこれと戦う上での協力の強化に関する日本国政府とアメリカ合衆国政府との間の協定の実施に関する法律,じゅうだいなはんざいをぼうししおよびこれとたたかううえでのきょうりょくのきょうかにかんするにほんこくせいふとあめりかがっしゅうこくせいふとのあいだのきょうていのじっしにかんするほうりつ,令和四年四月一日
426AC0000000058,法律,少年院法,しょうねんいんほう,令和八年五月二十二日
426AC0000000059,法律,少年鑑別所法,しょうねんかんべつしょほう,令和八年五月二十二日
426AC0000000068,法律,行政不服審査法,ぎょうせいふふくしんさほう,令和八年五月二十一日
426AC0000000078,法律,農業の有する多面的機能の発揮の促進に関する法律,のうぎょうのゆうするためんてききのうのはっきのそくしんにかんするほうりつ,令和六年六月五日
426AC0000000084,法律,特定農林水産物等の名称の保護に関する法律,とくていのうりんすいさんぶつとうのめいしょうのほごにかんするほうりつ,令和七年六月一日
426AC0000000094,法律,小規模企業振興基本法,しょうきぼきぎょうしんこうきほんほう,平成二十六年六月二十七日
426AC0000000112,法律,経済連携協定に基づく申告原産品に係る情報の提供等に関する法律,けいざいれんけいきょうていにもとづくしんこくげんさんひんにかかるじょうほうのていきょうとうにかんするほうりつ,平成三十年十二月三十日
426AC0000000124,法律,国際連合安全保障理事会決議第千二百六十七号等を踏まえ我が国が実施する財産の凍結等に関する特別措置法,こくさいれんごうあんぜんほしょうりじかいけつぎだいせんにひゃくろくじゅうななごうとうをふまえわがくにがじっしするざいさんのとうけつとうにかんするとくべつそちほう,令和七年六月一日
426AC0000000125,法律,地方公共団体の議会の議員及び長の選挙期日等の臨時特例に関する法律,ちほうこうきょうだんたいのぎかいのぎいんおよびちょうのせんきょきじつとうのりんじとくれいにかんするほうりつ,平成二十六年十一月二十七日
426AC0000000133,法律,原子力損害の補完的な補償に関する条約の実施に伴う原子力損害賠償資金の補助等に関する法律,げんしりょくそんがいのほかんてきなほしょうにかんするじょうやくのじっしにともなうげんしりょくそんがいばいしょうしきんのほじょとうにかんするほうりつ,平成二十七年四月十五日
426AC0000000136,法律,まち・ひと・しごと創生法,まちひとしごとそうせいほう,令和三年九月一日
426AC0000000137,法律,専門的知識等を有する有期雇用労働者等に関する特別措置法,せんもんてきちしきとうをゆうするゆうきこようろうどうしゃとうにかんするとくべつそちほう,平成二十七年四月一日
426AC0100000016,法律,水循環基本法,みずじゅんかんきほんほう,令和三年九月一日
426AC0100000017,法律,雨水の利用の推進に関する法律,あまみずのりようのすいしんにかんするほうりつ,令和三年九月一日
426AC1000000085,法律,地域自然資産区域における自然環境の保全及び持続可能な利用の推進に関する法律,ちいきしぜんしさんくいきにおけるしぜんかんきょうのほぜんおよびじぞくかのうなりようのすいしんにかんするほうりつ,令和二年四月一日
426AC1000000097,法律,介護・障害福祉従事者の人材確保のための介護・障害福祉従事者の処遇改善に関する法律,かいごしょうがいふくしじゅうじしゃのじんざいかくほのためのかいごしょうがいふくしじゅうじしゃのしょぐうかいぜんにかんするほうりつ,平成二十六年六月二十七日
426AC1000000098,法律,アレルギー疾患対策基本法,あれるぎーしっかんたいさくきほんほう,平成二十七年十二月二十五日
426AC1000000099,法律,国民が受ける医療の質の向上のための医療機器の研究開発及び普及の促進に関する法律,こくみんがうけるいりょうのしつのこうじょうのためのいりょうききのけんきゅうかいはつおよびふきゅうのそくしんにかんするほうりつ,平成二十六年六月二十七日
426AC1000000100,法律,過労死等防止対策推進法,かろうしとうぼうしたいさくすいしんほう,平成二十六年十一月一日
426AC1000000101,法律,養豚農業振興法,ようとんのうぎょうしんこうほう,令和二年四月三日
426AC1000000102,法律,花きの振興に関する法律,かきのしんこうにかんするほうりつ,令和四年四月一日
426AC1000000103,法律,内水面漁業の振興に関する法律,ないすいめんぎょぎょうのしんこうにかんするほうりつ,令和七年六月一日
426AC1000000104,法律,サイバーセキュリティ基本法,さいばーせきゅりてぃきほんほう,令和八年十月一日
426AC1000000126,法律,私事性的画像記録の提供等による被害の防止に関する法律,しじせいてきがぞうきろくのていきょうとうによるひがいのぼうしにかんするほうりつ,令和七年六月一日
426AC1000000127,法律,空家等対策の推進に関する特別措置法,あきやとうたいさくのすいしんにかんするとくべつそちほう,令和五年十二月十三日
426CO0000000005,政令,こどもの貧困の解消に向けた対策の推進に関する法律第九条第二項第二号のこどもの貧困率等の定義を定める政令,こどものひんこんのかいしょうにむけたたいさくのすいしんにかんするほうりつだいきゅうじょうだいにこうだいにごうのこどものひんこんりつとうのていぎをさだめるせいれい,令和六年九月二十五日
426CO0000000011,政令,国際的な子の奪取の民事上の側面に関する条約の実施に関する法律に基づく子の住所等及び社会的背景に関する情報の提供の求めに関する政令,こくさいてきなこのだっしゅのみんじじょうのそくめんにかんするじょうやくのじっしにかんするほうりつにもとづくこのじゅうしょとうおよびしゃかいてきはいけいにかんするじょうほうのていきょうのもとめにかんするせいれい,令和六年十月一日
426CO0000000013,政令,産業競争力強化法施行令,さんぎょうきょうそうりょくきょうかほうしこうれい,令和七年六月一日
426CO0000000023,政令,独立行政法人日本万国博覧会記念機構法の廃止に伴う関係政令の整備及び経過措置に関する政令,どくりつぎょうせいほうじんにほんばんこくはくらんかいきねんきこうほうのはいしにともなうかんけいせいれいのせいびおよびけいかそちにかんするせいれい,平成二十六年三月二十八日
426CO0000000039,政令,独立行政法人原子力安全基盤機構の解散に関する法律の施行に伴う関係政令の整備等及び経過措置に関する政令,どくりつぎょうせいほうじんげんしりょくあんぜんきばんきこうのかいさんにかんするほうりつのしこうにともなうかんけいせいれいのせいびとうおよびけいかそちにかんするせいれい,平成二十六年三月一日
426CO0000000041,政令,防衛省の職員の配偶者同行休業に関する政令,ぼうえいしょうのしょくいんのはいぐうしゃどうこうきゅうぎょうにかんするせいれい,令和五年四月一日
426CO0000000046,政令,農地中間管理事業の推進に関する法律施行令,のうちちゅうかんかんりじぎょうのすいしんにかんするほうりつしこうれい,令和五年四月一日
426CO0000000065,政令,平成二十五年等における特定地域に係る激甚災害及びこれに対し適用すべき措置の指定に関する政令,へいせいにじゅうごねんとうにおけるとくていちいきにかかるげきじんさいがいおよびこれにたいしてきようすべきそちのしていにかんするせいれい,平成二十七年五月七日
426CO0000000074,政令,公的年金制度の健全性及び信頼性の確保のための厚生年金保険法等の一部を改正する法律の施行に伴う経過措置に関する政令,こうてきねんきんせいどのけんぜんせいおよびしんらいせいのかくほのためのこうせいねんきんほけんほうとうのいちぶをかいせいするほうりつのせこうにともなうけいかそちにかんするせいれい,令和八年四月一日
426CO0000000095,政令,農業の構造改革を推進するための農業経営基盤強化促進法等の一部を改正する等の法律の施行に伴う関係政令の整備等及び経過措置に関する政令,のうぎょうのこうぞうかいかくをすいしんするためののうぎょうけいえいきばんきょうかそくしんほうとうのいちぶをかいせいするとうのほうりつのしこうにともなうかんけいせいれいのせいびとうおよびけいかそちにかんするせいれい,平成二十六年四月一日
426CO0000000099,政令,国家戦略特別区域法施行令,こっかせんりゃくとくべつくいきほうしこうれい,令和八年四月一日
426CO0000000121,政令,独立行政法人年金・健康保険福祉施設整理機構法の一部を改正する法律の施行に伴う関係政令の整備及び経過措置に関する政令,どくりつぎょうせいほうじんねんきんけんこうほけんふくししせつせいりきこうほうのいちぶをかいせいするほうりつのしこうにともなうかんけいせいれいのせいびおよびけいかそちにかんするせいれい,平成二十六年四月一日
426CO0000000130,政令,独立行政法人日本学術振興会法附則第二条の二第四項の規定による納付金の納付に関する政令,どくりつぎょうせいほうじんにほんがくじゅつしんこうかいほうふそくだいにじょうのにだいよんこうのきていによるのうふきんののうふにかんするせいれい,平成二十六年四月一日
426CO0000000139,政令,地方法人税法施行令,ちほうほうじんぜいほうしこうれい,令和八年四月一日
426CO0000000155,政令,行政手続における特定の個人を識別するための番号の利用等に関する法律施行令,ぎょうせいてつづきにおけるとくていのこじんをしきべつするためのばんごうのりようとうにかんするほうりつせこうれい,令和八年四月一日
426CO0000000158,政令,子ども・子育て支援法附則第十条第四項の規定に基づく保育緊急確保事業に要する費用の補助に関する政令,こどもこそだてしえんほうふそくだいじゅうじょうだいよんこうのきていにもとづくほいくきんきゅうかくほじぎょうにようするひようのほじょにかんするせいれい,平成二十六年四月一日
426CO0000000166,政令,自動車の運転により人を死傷させる行為等の処罰に関する法律施行令,じどうしゃのうんてんによりひとをししょうさせるこういとうのしょばつにかんするほうりつせこうれい,令和二年七月二日
426CO0000000172,政令,雨水の利用の推進に関する法律第二条第二項の法人を定める政令,あまみずのりようのすいしんにかんするほうりつだいにじょうだいにこうのほうじんをさだめるせいれい,令和八年四月一日
426CO0000000178,政令,国家戦略特別区域を定める政令,こっかせんりゃくとくべつくいきをさだめるせいれい,令和七年七月二日
426CO0000000189,政令,アルコール健康障害対策関係者会議令,あるこーるけんこうしょうがいたいさくかんけいしゃかいぎれい,平成二十九年四月一日
426CO0000000191,政令,幹部職員の任用等に関する政令,かんぶしょくいんのにんようとうにかんするせいれい,令和五年四月一日
426CO0000000192,政令,採用試験の対象官職及び種類並びに採用試験により確保すべき人材に関する政令,さいようしけんのたいしょうかんしょくおよびしゅるいならびにさいようしけんによりかくほすべきじんざいにかんするせいれい,令和七年十二月一日
426CO0000000193,政令,国と民間企業との間の人事交流に関する法律施行令,くにとみんかんきぎょうとのあいだのじんじこうりゅうにかんするほうりつしこうれい,令和七年四月一日
426CO0000000194,政令,退職手当審査会令,たいしょくてあてしんさかいれい,令和五年九月一日
426CO0000000195,政令,国家公務員法等の一部を改正する法律の施行に伴う関係政令の整備等に関する政令,こっかこうむいんほうとうのいちぶをかいせいするほうりつのしこうにともなうかんけいせいれいのせいびとうにかんするせいれい,平成二十六年五月三十日
426CO0000000203,政令,就学前の子どもに関する教育、保育等の総合的な提供の推進に関する法律施行令,しゅうがくまえのこどもにかんするきょういくほいくとうのそうごうてきなていきょうのすいしんにかんするほうりつしこうれい,令和八年四月一日
426CO0000000205,政令,健康・医療戦略推進本部令,けんこういりょうせんりゃくすいしんほんぶれい,平成二十六年六月十日
426CO0000000206,政令,消防団を中核とした地域防災力の充実強化に関する法律第十条第一項の規定による国家公務員の消防団員との兼職等に係る職務専念義務の免除に関する政令,しょうぼうだんをちゅうかくとしたちいきぼうさいりょくのじゅうじつきょうかにかんするほうりつだいじゅうじょうだいいっこうのきていによるこっかこうむいんのしょうぼうだんいんとのけんしょくとうにかかるしょくむせんねんぎむのめんじょにかんするせいれい,令和五年四月一日
426CO0000000213,政令,子ども・子育て支援法施行令,こどもこそだてしえんほうしこうれい,令和八年四月一日
426CO0000000235,政令,株式会社海外交通・都市開発事業支援機構法第五条第三項の倍数を定める政令,かぶしきがいしゃかいがいこうつうとしかいはつじぎょうしえんきこうほうだいごじょうだいさんこうのばいすうをさだめるせいれい,平成二十八年十月二十一日
426CO0000000261,政令,国立研究開発法人日本医療研究開発機構法施行令,こくりつけんきゅうかいはつほうじんにほんいりょうけんきゅうかいはつきこうほうせこうれい,令和三年四月一日
426CO0000000269,政令,薬事法等の一部を改正する法律の施行に伴う関係政令の整備等及び経過措置に関する政令,やくじほうとうのいちぶをかいせいするほうりつのしこうにともなうかんけいせいれいのせいびとうおよびけいかそちにかんするせいれい,平成二十六年十一月二十五日
426CO0000000278,政令,再生医療等の安全性の確保等に関する法律施行令,さいせいいりょうとうのあんぜんせいのかくほとうにかんするほうりつしこうれい,令和七年五月三十一日
426CO0000000301,政令,平成二十六年七月三十日から八月二十五日までの間の暴風雨及び豪雨による災害についての激甚災害並びにこれに対し適用すべき措置の指定に関する政令,へいせいにじゅうろくねんしちがつさんじゅうにちからはちがつにじゅうごにちまでのあいだのぼうふううおよびごううによるさいがいについてのげきじんさいがいならびにこれにたいしてきようすべきそちのしていにかんするせいれい,平成二十六年十月一日
426CO0000000302,政令,排他的経済水域及び大陸棚に関する法律第二条第二号の海域を定める政令,はいたてきけいざいすいいきおよびたいりくだなにかんするほうりつだいにじょうだいにごうのかいいきをさだめるせいれい,令和六年七月二十日
426CO0000000324,政令,内水面漁業の振興に関する法律施行令,ないすいめんぎょぎょうのしんこうにかんするほうりつしこうれい,令和五年四月一日
426CO0000000336,政令,特定秘密の保護に関する法律施行令,とくていひみつのほごにかんするほうりつしこうれい,令和八年四月一日
426CO0000000340,政令,過労死等防止対策推進協議会令,かろうしとうぼうしたいさくすいしんきょうぎかいれい,平成二十九年七月十一日
426CO0000000347,政令,農業の有する多面的機能の発揮の促進に関する法律施行令,のうぎょうのゆうするためんてききのうのはっきのそくしんにかんするほうりつしこうれい,平成二十七年四月一日
426CO0000000353,政令,政府管掌年金事業等の運営の改善のための国民年金法等の一部を改正する法律の一部の施行に伴う経過措置に関する政令,せいふかんしょうねんきんじぎょうとうのうんえいのかいぜんのためのこくみんねんきんほうとうのいちぶをかいせいするほうりつのいちぶのしこうにともなうけいかそちにかんするせいれい,平成三十年四月一日
426CO0000000358,政令,難病の患者に対する医療等に関する法律施行令,なんびょうのかんじゃにたいするいりょうとうにかんするほうりつしこうれい,令和七年七月一日
426CO0000000370,政令,花きの振興に関する法律施行令,かきのしんこうにかんするほうりつしこうれい,令和四年四月一日
426CO0000000377,政令,地方公共団体の議会の議員及び長の選挙期日等の臨時特例に関する法律施行令,ちほうこうきょうだんたいのぎかいのぎいんおよびちょうのせんきょきじつとうのりんじとくれいにかんするほうりつせこうれい,平成二十六年十一月二十七日
426CO0000000394,政令,経済連携協定に基づく申告原産品に係る情報の提供等に関する法律施行令,けいざいれんけいきょうていにもとづくしんこくげんさんひんにかかるじょうほうのていきょうとうにかんするほうりつしこうれい,令和四年一月一日
426CO0000000400,政令,サイバーセキュリティ基本法施行令,さいばーせきゅりてぃきほんほうしこうれい,令和八年十月一日
426CO0000000404,政令,子ども・子育て支援法及び就学前の子どもに関する教育、保育等の総合的な提供の推進に関する法律の一部を改正する法律の施行に伴う関係法律の整備等に関する法律の施行に伴う経過措置に関する政令,こどもこそだてしえんほうおよびしゅうがくまえのこどもにかんするきょういくほいくとうのそうごうてきなていきょうのすいしんにかんするほうりつのいちぶをかいせいするほうりつのしこうにともなうかんけいほうりつのせいびとうにかんするほうりつのしこうにともなうけいかそちにかんするせいれい,令和六年四月一日
426CO0000000415,政令,トルエンジイソシアナートに対して課する不当廉売関税に関する政令,とるえんじいそしあなーとにたいしてかするふとうれんばいかんぜいにかんするせいれい,平成二十七年四月二十五日
426M60000001001,府省令,幹部職員の任用等に関する政令第二条第一項の官職を定める内閣官房令,かんぶしょくいんのにんようとうにかんするせいれいだいにじょうだいいっこうのかんしょくをさだめるないかくかんぼうれい,平成二十九年四月一日
426M60000001003,府省令,経験者採用試験の対象官職及び種類並びに採用試験の種類ごとに求められる知識及び能力等に関する内閣官房令,けいけんしゃさいようしけんのたいしょうかんしょくおよびしゅるいならびにさいようしけんのしゅるいごとにもとめられるちしきおよびのうりょくとうにかんするないかくかんぼうれい,令和七年四月一日
426M60000002008,府省令,金融商品取引法令に違反する行為を行った者の氏名等の公表に関する内閣府令,きんゆうしょうひんとりひきほうれいにいはんするこういをおこなったもののしめいとうのこうひょうにかんするないかくふれい,平成二十六年四月一日
426M60000002020,府省令,国家戦略特別区域法施行規則,こっかせんりゃくとくべつくいきほうしこうきそく,令和八年四月一日
426M60000002033,府省令,経済金融活性化措置実施計画及び特定経済金融活性化事業の認定申請及び実施状況の報告等に関する内閣府令,けいざいきんゆうかっせいかそちじっしけいかくおよびとくていけいざいきんゆうかっせいかじぎょうのにんていしんせいおよびじっしじょうきょうのほうこくとうにかんするないかくふれい,令和四年四月一日
426M60000002034,府省令,子ども・子育て支援法附則第十条第一項に規定する保育緊急確保事業を定める内閣府令,こどもこそだてしえんほうふそくだいじゅうじょうだいいっこうにきていするほいくきんきゅうかくほじぎょうをさだめるないかくふれい,平成二十六年四月一日
426M60000002039,府省令,特定教育・保育施設及び特定地域型保育事業並びに特定子ども・子育て支援施設等の運営に関する基準,とくていきょういくほいくしせつおよびとくていちいきがたほいくじぎょうならびにとくていこどもこそだてしえんしせつとうのうんえいにかんするきじゅん,令和八年四月一日
426M60000002044,府省令,子ども・子育て支援法施行規則,こどもこそだてしえんほうしこうきそく,令和八年四月一日
426M60000008017,府省令,地方公共団体情報システム機構法施行規則,ちほうこうきょうだんたいじょうほうしすてむきこうほうしこうきそく,平成二十六年三月二十五日
426M60000008023,府省令,特定駐車場における必要とされる防火安全性能を有する消防の用に供する設備等に関する省令,とくていちゅうしゃじょうにおけるひつようとされるぼうかあんぜんせいのうをゆうするしょうぼうのようにきょうするせつびとうにかんするしょうれい,平成二十六年三月二十七日
426M60000008085,府省令,行政手続における特定の個人を識別するための番号の利用等に関する法律に規定する個人番号、個人番号カード、特定個人情報の提供等に関する命令,ぎょうせいてつづきにおけるとくていのこじんをしきべつするためのばんごうのりようとうにかんするほうりつにきていするこじんばんごうこじんばんごうかーどとくていこじんじょうほうのていきょうとうにかんするめいれい,令和八年六月十四日
426M60000009001,府省令,消防団を中核とした地域防災力の充実強化に関する法律第十条第一項の規定による国家公務員の消防団員との兼職等に関する規則,しょうぼうだんをちゅうかくとしたちいきぼうさいりょくのじゅうじつきょうかにかんするほうりつだいじゅうじょうだいいっこうのきていによるこっかこうむいんのしょうぼうだんいんとのけんしょくとうにかんするきそく,令和二年十二月二十五日
426M6000000A003,府省令,行政手続における特定の個人を識別するための番号の利用等に関する法律施行規則,ぎょうせいてつづきにおけるとくていのこじんをしきべつするためのばんごうのりようとうにかんするほうりつせこうきそく,令和八年六月十四日
426M6000000A005,府省令,行政手続における特定の個人を識別するための番号の利用等に関する法律別表の主務省令で定める事務を定める命令,ぎょうせいてつづきにおけるとくていのこじんをしきべつするためのばんごうのりようとうにかんするほうりつべっぴょうのしゅむしょうれいでさだめるじむをさだめるめいれい,令和八年四月一日
426M60000010037,府省令,出入国管理及び難民認定法別表第一の二の表の高度専門職の項の下欄の基準を定める省令,しゅつにゅうこくかんりおよびなんみんにんていほうべっぴょうだいいちのにのひょうのこうどせんもんしょくのこうのからんのきじゅんをさだめるしょうれい,令和六年六月十日
426M60000020001,府省令,国際的な子の奪取の民事上の側面に関する条約の実施に関する法律に基づく外務大臣に対する援助申請に関する省令,こくさいてきなこのだっしゅのみんじじょうのそくめんにかんするじょうやくのじっしにかんするほうりつにもとづくがいむだいじんにたいするえんじょしんせいにかんするしょうれい,令和八年四月一日
426M60000020002,府省令,国際的な子の奪取の民事上の側面に関する条約の実施に関する法律第五条第三項の規定に基づき外務大臣が都道府県警察に求める措置に関する省令,こくさいてきなこのだっしゅのみんじじょうのそくめんにかんするじょうやくのじっしにかんするほうりつだいごじょうだいさんこうのきていにもとづきがいむだいじんがとどうふけんけいさつにもとめるそちにかんするしょうれい,平成二十六年四月一日
426M60000020008,府省令,外務省の所管に属する不動産登記の嘱託職員を指定する省令,がいむしょうのしょかんにぞくするふどうさんとうきのしょくたくしょくいんをしていするしょうれい,平成二十六年三月二十六日
426M60000040022,府省令,地方法人税法施行規則,ちほうほうじんぜいほうしこうきそく,令和八年四月一日
426M60000040070,府省令,法人番号の指定等に関する省令,ほうじんばんごうのしていとうにかんするしょうれい,令和三年四月一日
426M60000040083,府省令,政府契約の支払遅延防止等に関する法律に規定する情報通信の技術の利用に関する省令,せいふけいやくのしはらいちえんぼうしとうにかんするほうりつにきていするじょうほうつうしんのぎじゅつのりようにかんするしょうれい,令和二年十二月四日
426M60000040095,府省令,経済連携協定に基づく申告原産品に係る情報の提供等に関する法律に規定する検査身分証明書の様式を定める省令,けいざいれんけいきょうていにもとづくしんこくげんさんひんにかかるじょうほうのていきょうとうにかんするほうりつにきていするけんさみぶんしょうめいしょのようしきをさだめるしょうれい,令和元年七月一日
426M60000100005,府省令,障害支援区分に係る市町村審査会による審査及び判定の基準等に関する命令,しょうがいしえんくぶんにかかるしちょうそんしんさかいによるしんさおよびはんていのきじゅんとうにかんするめいれい,令和五年四月一日
426M60000100020,府省令,公的年金制度の健全性及び信頼性の確保のための厚生年金保険法等の一部を改正する法律の施行に伴う厚生労働省関係省令の整備等及び経過措置に関する省令,こうてきねんきんせいどのけんぜんせいおよびしんらいせいのかくほのためのこうせいねんきんほけんほうとうのいちぶをかいせいするほうりつのせこうにともなうこうせいろうどうしょうかんけいしょうれいのせいびとうおよびけいかそちにかんするしょうれい,令和八年四月一日
426M60000100033,府省令,厚生労働省関係国家戦略特別区域法施行規則,こうせいろうどうしょうかんけいこっかせんりゃくとくべつくいきほうしこうきそく,令和五年十二月十三日
426M60000100061,府省令,家庭的保育事業等の設備及び運営に関する基準,かていてきほいくじぎょうとうのせつびおよびうんえいにかんするきじゅん,令和八年四月一日
426M60000100063,府省令,放課後児童健全育成事業の設備及び運営に関する基準,ほうかごじどうけんぜんいくせいじぎょうのせつびおよびうんえいにかんするきじゅん,令和七年十月一日
426M60000100072,府省令,生活保護法別表第一に規定する厚生労働省令で定める情報を定める省令,せいかつほごほうべっぴょうだいいちにきていするこうせいろうどうしょうれいでさだめるじょうほうをさだめるしょうれい,令和七年十月一日
426M60000100088,府省令,再生医療等製品の安全性に関する非臨床試験の実施の基準に関する省令,さいせいいりょうとうせいひんのあんぜんせいにかんするひりんしょうしけんのじっしのきじゅんにかんするしょうれい,令和八年五月一日
426M60000100089,府省令,再生医療等製品の臨床試験の実施の基準に関する省令,さいせいいりょうとうせいひんのりんしょうしけんのじっしのきじゅんにかんするしょうれい,令和八年五月一日
426M60000100090,府省令,再生医療等製品の製造販売後の調査及び試験の実施の基準に関する省令,さいせいいりょうとうせいひんのせいぞうはんばいごのちょうさおよびしけんのじっしのきじゅんにかんするしょうれい,令和八年五月一日
426M60000100093,府省令,再生医療等製品の製造管理及び品質管理の基準に関する省令,さいせいいりょうとうせいひんのせいぞうかんりおよびひんしつかんりのきじゅんにかんするしょうれい,令和三年八月一日
426M60000100094,府省令,医療機器又は体外診断用医薬品の製造管理又は品質管理に係る業務を行う体制の基準に関する省令,いりょうききまたはたいがいしんだんよういやくひんのせいぞうかんりまたはひんしつかんりにかかるぎょうむをおこなうたいせいのきじゅんにかんするしょうれい,令和三年八月一日
426M60000100095,府省令,医薬品、医療機器等の品質、有効性及び安全性の確保等に関する法律第二十三条の二の五第七項第一号に規定する医療機器又は体外診断用医薬品の区分を定める省令,いやくひん、いりょうききとうのひんしつ、ゆうこうせいおよびあんぜんせいのかくほとうにかんするほうりつだいにじゅうさんじょうのにのごだいななこうだいいちごうにきていするいりょうききまたはたいがいしんだんよういやくひんのくぶんをさだめるしょうれい,令和八年五月一日
426M60000100110,府省令,再生医療等の安全性の確保等に関する法律施行規則,さいせいいりょうとうのあんぜんせいのかくほとうにかんするほうりつせこうきそく,令和七年十一月二十日
426M60000100121,府省令,難病の患者に対する医療等に関する法律施行規則,なんびょうのかんじゃにたいするいりょうとうにかんするほうりつしこうきそく,令和七年十二月一日
426M60000100140,府省令,子ども・子育て支援法及び就学前の子どもに関する教育、保育等の総合的な提供の推進に関する法律の一部を改正する法律の施行に伴う関係法律の整備等に関する法律の施行に伴う経過措置に関する政令第七条第一項等に規定する事情に関する命令,こどもこそだてしえんほうおよびしゅうがくまえのこどもにかんするきょういくほいくとうのそうごうてきなていきょうのすいしんにかんするほうりつのいちぶをかいせいするほうりつのしこうにともなうかんけいほうりつのせいびとうにかんするほうりつのしこうにともなうけいかそちにかんするせいれいだいななじょうだいいっこうとうにきていするじじょうにかんするめいれい,令和五年四月一日
426M60000102003,府省令,厚生労働省関係国家戦略特別区域法第二十六条に規定する政令等規制事業に係る省令の特例に関する措置を定める命令,こうせいろうどうしょうかんけいこっかせんりゃくとくべつくいきほうだいにじゅうろくじょうにきていするせいれいとうきせいじぎょうにかかるしょうれいのとくれいにかんするそちをさだめるめいれい,令和六年三月二十九日
426M60000102012,府省令,北朝鮮当局によって拉致された被害者等の支援に関する法律第十四条に規定する情報の提供に関する命令,きたちょうせんとうきょくによってらちされたひがいしゃとうのしえんにかんするほうりつだいじゅうよんじょうにきていするじょうほうのていきょうにかんするめいれい,平成二十七年一月一日
426M60000182001,府省令,幼保連携型認定こども園の学級の編制、職員、設備及び運営に関する基準,ようほれんけいがたにんていこどもえんのがっきゅうのへんせいしょくいんせつびおよびうんえいにかんするきじゅん,令和八年四月一日
426M60000182002,府省令,就学前の子どもに関する教育、保育等の総合的な提供の推進に関する法律施行規則,しゅうがくまえのこどもにかんするきょういくほいくとうのそうごうてきなていきょうのすいしんにかんするほうりつしこうきそく,令和八年四月一日
426M60000200015,府省令,農地中間管理事業の推進に関する法律施行規則,のうちちゅうかんかんりじぎょうのすいしんにかんするほうりつしこうきそく,令和七年四月一日
426M60000200020,府省令,農林水産省関係国家戦略特別区域法施行規則,のうりんすいさんしょうかんけいこっかせんりゃくとくべつくいきほうしこうきそく,令和五年九月一日
426M60000200033,府省令,農林漁業の健全な発展と調和のとれた再生可能エネルギー電気の発電の促進に関する法律施行規則,のうりんぎょぎょうのけんぜんなはってんとちょうわのとれたさいせいかのうえねるぎーでんきのはつでんのそくしんにかんするほうりつしこうきそく,平成二十八年四月一日
426M60000200043,府省令,内水面漁業の振興に関する法律施行規則,ないすいめんぎょぎょうのしんこうにかんするほうりつしこうきそく,令和五年四月一日
426M60000200059,府省令,動物用医療機器及び動物用体外診断用医薬品の製造管理及び品質管理に係る業務を行う体制の基準に関する省令,どうぶつよういりょうききおよびどうぶつようたいがいしんだんよういやくひんのせいぞうかんりおよびひんしつかんりにかかるぎょうむをおこなうたいせいのきじゅんにかんするしょうれい,令和三年八月一日
426M60000200060,府省令,動物用再生医療等製品の安全性に関する非臨床試験の実施の基準に関する省令,どうぶつようさいせいいりょうとうせいひんのあんぜんせいにかんするひりんしょうしけんのじっしのきじゅんにかんするしょうれい,令和八年五月一日
426M60000200061,府省令,動物用再生医療等製品の臨床試験の実施の基準に関する省令,どうぶつようさいせいいりょうとうせいひんのりんしょうしけんのじっしのきじゅんにかんするしょうれい,令和八年五月一日
426M60000200062,府省令,動物用再生医療等製品の製造管理及び品質管理に関する省令,どうぶつようさいせいいりょうとうせいひんのせいぞうかんりおよびひんしつかんりにかんするしょうれい,令和七年七月二十八日
426M60000200063,府省令,動物用再生医療等製品の製造販売後の調査及び試験の実施の基準に関する省令,どうぶつようさいせいいりょうとうせいひんのせいぞうはんばいごのちょうさおよびしけんのじっしのきじゅんにかんするしょうれい,令和八年五月一日
426M60000200064,府省令,花きの振興に関する法律施行規則,かきのしんこうにかんするほうりつしこうきそく,令和二年十二月二十一日
426M60000200069,府省令,関税暫定措置法施行令第三十二条第二項第八号の農林水産省令で定める方法を定める省令,かんぜいざんていそちほうしこうれいだいさんじゅうにじょうだいにこうだいさんごうののうりんすいさんしょうれいでさだめるほうほうをさだめるしょうれい,平成三十年十二月三十日
426M60000200070,府省令,農林水産省関係地域再生法施行規則,のうりんすいさんしょうかんけいちいきさいせいほうしこうきそく,令和七年四月一日
426M60000400001,府省令,経済産業省関係産業競争力強化法施行規則,けいざいさんぎょうしょうかんけいさんぎょうきょうそうりょくきょうかほうしこうきそく,令和七年四月一日
426M60000400024,府省令,経済産業省関係産業競争力強化法第十一条の規定に基づく省令の特例に関する措置を定める省令,けいざいさんぎょうしょうかんけいさんぎょうきょうそうりょくきょうかほうだいじゅういちじょうのきていにもとづくしょうれいのとくれいにかんするそちをさだめるしょうれい,令和二年四月一日
426M60000400036,府省令,広域的運営推進機関に関する省令,こういきてきうんえいすいしんきかんにかんするしょうれい,令和六年四月一日
426M60000400042,府省令,原子力損害賠償・廃炉等支援機構法第六十五条第一項の規定による立入検査をする職員の携帯する身分を示す証明書の様式を定める省令,げんしりょくそんがいばいしょうはいろとうしえんきこうほうだいろくじゅうごじょうだいいっこうのきていによるたちいりけんさをするしょくいんのけいたいするみぶんをしめすしょうめいしょのようしきをさだめるしょうれい,平成二十六年八月十八日
426M60000400065,府省令,経済連携協定に基づく申告原産品に係る情報の提供等に関する法律第七条第二項の規定により質問又は検査に立ち会う職員の携帯する身分を示す証明書の様式を定める省令,けいざいれんけいきょうていにもとづくしんこくげんさんぴんにかかわるじょうほうのていきょうとうにかんするほうりつだいななじょうだいにこうのきていによりしつもんまたはけんさにたちあうしょくいんのけいさいするみぶんをしめすしょうめいしょのようしきをさだめるしょうれい,平成三十年十二月三十日
426M60000402001,府省令,産業競争力強化法第五十四条第一項の経済産業省令・内閣府令で定める基準を定める命令,さんぎょうきょうそうりょくきょうかほうだいごじゅうよんじょうだいいっこうのけいざいさんぎょうしょうれいないかくふれいでさだめるきじゅんをさだめるめいれい,平成三十年七月九日
426M60000480002,府省令,特定研究成果活用支援事業計画の認定等に関する省令,とくていけんきゅうせいかかつようしえんじぎょうけいかくのにんていとうにかんするしょうれい,令和七年六月一日
426M60000480004,府省令,原子力損害賠償・廃炉等支援機構の廃炉等技術委員会の委員及び廃炉等に係る業務運営に関する省令,げんしりょくそんがいばいしょうはいろとうしえんきこうのはいろとうぎじゅついいんかいのいいんおよびはいろとうにかかるぎょうむうんえいにかんするしょうれい,令和七年六月一日
426M60000800013,府省令,総合特別区域法に基づく道路運送車両法の特例に関する省令,そうごうとくべつくいきほうにもとづくどうろうんそうしゃりょうほうのとくれいにかんするしょうれい,令和六年十月一日
426M60000800033,府省令,国土交通省関係国家戦略特別区域法施行規則,こくどこうつうしょうかんけいこっかせんりゃくとくべつくいきほうしこうきそく,令和五年十一月二日
426M60000800040,府省令,国土交通省関係奄美群島振興開発特別措置法施行規則,こくどこうつうしょうかんけいあまみぐんとうしんこうかいはつとくべつそちほうしこうきそく,令和六年四月一日
426M60000800041,府省令,小笠原諸島振興開発特別措置法施行規則,おがさわらしょとうしんこうかいはつとくべつそちほうしこうきそく,令和六年四月一日
426M60000800064,府省令,株式会社海外交通・都市開発事業支援機構法施行規則,かぶしきがいしゃかいがいこうつうとしかいはつじぎょうしえんきこうほうしこうきそく,令和六年四月一日
426M60000A08002,府省令,奄美群島振興開発特別措置法施行規則,あまみぐんとうしんこうかいはつとくべつそちほうせこうきそく,令和三年九月一日
426M60001000014,府省令,農林漁業の健全な発展と調和のとれた再生可能エネルギー電気の発電の促進に関する法律第二十三条の規定により地方環境事務所長に委任する権限を定める省令,のうりんぎょぎょうのけんぜんなはってんとちょうわのとれたさいせいかのうえねるぎーでんきのはつでんのそくしんにかんするほうりつだいにじゅうさんじょうのきていによりちほうかんきょうじむしょちょうにいにんするけんげんをさだめるしょうれい,令和四年四月一日
426M60001000016,府省令,一般廃棄物収集運搬業及び一般廃棄物処分業並びに産業廃棄物収集運搬業及び産業廃棄物処分業の許可を要しない者に関する廃棄物の処理及び清掃に関する法律施行規則の特例を定める省令,いっぱんはいきぶつしゅうしゅううんぱんぎょうおよびいっぱんはいきぶつしょぶんぎょうならびにさんぎょうはいきぶつしゅうしゅううんぱんぎょうおよびさんぎょうはいきぶつしょぶんぎょうのきょかをようしないものにかんするはいきぶつのしょりおよびせいそうにかんするほうりつしこうきそくのとくれいをさだめるしょうれい,令和三年三月十六日
426M60001000028,府省令,海洋汚染等及び海上災害の防止に関する法律第十七条の二第四項等に規定する有害水バラストの処理方法を定める省令,かいようおせんとうおよびかいじょうさいがいのぼうしにかんするほうりつだいじゅうななじょうのにだいよんこうとうにきていするゆうがいすいばらすとのしょりほうほうをさだめるしょうれい,平成二十九年九月八日
426M60001000032,府省令,中間貯蔵・環境安全事業株式会社の会計に関する省令,ちゅうかんちょぞうかんきょうあんぜんじぎょうかぶしきがいしゃのかいけいにかんするしょうれい,平成二十六年十二月二十四日
426M60001002001,府省令,特別会計に関する法律施行令第五十二条第一項第四号に規定する事務の区分を定める命令,とくべつかいけいにかんするほうりつしこうれいだいごじゅうにじょうだいいっこうだいよんごうにきていするじむのくぶんをさだめるめいれい,令和六年四月一日
426M60001200001,府省令,農林漁業の健全な発展と調和のとれた再生可能エネルギー電気の発電の促進に関する法律に基づく設備整備計画の認定等に関する省令,のうりんぎょぎょうのけんぜんなはってんとちょうわのとれたさいせいかのうえねるぎーでんきのはつでんのそくしんにかんするほうりつにもとづくせつびせいびけいかくのにんていとうにかんするしょうれい,令和六年四月一日
426M60001400007,府省令,フロン類の使用の合理化及び管理の適正化に関する法律施行規則,ふろんるいのしようのごうりかおよびかんりのてきせいかにかんするほうりつしこうきそく,令和二年十二月二十八日
426M60001600001,府省令,農林漁業の健全な発展と調和のとれた再生可能エネルギー電気の発電の促進に関する法律第五条第三項の主務省令で定める事項を定める省令,のうりんぎょぎょうのけんぜんなはってんとちょうわのとれたさいせいかのうえねるぎーでんきのはつでんのそくしんにかんするほうりつだいごじょうだいさんこうのしゅむしょうれいでさだめるじこうをさだめるしょうれい,平成二十六年五月一日
426M60001800002,府省令,有害水バラストに含まれる細菌及び細菌の数の基準を定める省令,ゆうがいすいばらすとにふくまれるさいきんおよびさいきんのかずのきじゅんをさだめるしょうれい,平成二十九年九月八日
426M60002000009,府省令,標準的な官職を定める省令,ひょうじゅんてきなかんしょくをさだめるしょうれい,令和八年三月二十三日
426M60003FFA002,府省令,フロン類算定漏えい量等の報告等に関する命令,ふろんるいさんていろうえいりょうとうのほうこくとうにかんするめいれい,令和三年一月二十二日
426M60020000001,規則,特定個人情報保護評価に関する規則,とくていこじんじょうほうほごひょうかにかんするきそく,令和七年四月一日
426M60020000002,規則,個人情報保護委員会の所管する法令に係る情報通信技術を活用した行政の推進等に関する法律施行規則,こじんじょうほうほごいいんかいのしょかんするほうれいにかかるじょうほうつうしんぎじゅつをかつようしたぎょうせいのすいしんとうにかんするほうりつしこうきそく,令和四年四月一日
426M60400000004,規則,警察大学校サイバーセキュリティ対策研究センターの内部組織に関する規則,けいさつだいがっこうさいばーせきゅりてぃたいさくけんきゅうせんたーのないぶそしきにかんするきそく,令和七年四月一日
426M60400000011,規則,国家公安委員会における特定秘密の保護に関する規則,こっかこうあんいいんかいにおけるとくていひみつのほごにかんするきそく,令和七年五月十六日
426M60400000012,規則,警察における特定秘密に係る業務の適正の確保に関する規則,けいさつにおけるとくていひみつにかかるぎょうむのてきせいのかくほにかんするきそく,平成二十六年十二月十日
426RJNJ10014000,規則,人事院規則一〇―一四（人事院が行う研修等）,じんじいんきそくじゅうのじゅうよんじんじいんがおこなうけんしゅうとう,平成二十六年五月三十日
426RJNJ17004000,規則,人事院規則一七―四（規則の制定改廃に関する職員団体からの要請）,じんじいんきそくじゅうななのよんきせいのせいていかいはいにかんするしょくいんだんたいからのようせい,平成二十六年五月三十日
426RJNJ21000006,規則,人事院規則二一―〇（国と民間企業との間の人事交流）,じんじいんきそくにのじゅうくにとみんかんきぎょうとのあいだのじんじこうりゅう,令和八年四月一日
426RJNJ26000000,規則,人事院規則二六―〇（職員の配偶者同行休業）,じんじいんきそくにじゅうろくのぜろしょくいんのはいぐうしゃどうこうきゅうぎょう,令和五年四月一日
426RPMD01060000,府省令,国家安全保障局に企画官を置く規則,こっかあんぜんほしょうきょくにきかくかんをおくきそく,平成二十六年四月一日
426RPMD05300000,府省令,内閣人事局組織規則,ないかくじんじきょくそしききそく,平成二十九年九月一日
427AC0000000016,法律,特定防衛調達に係る国庫債務負担行為により支出すべき年限に関する特別措置法,とくていぼうえいちょうたつにかかるこっこさいむふたんこういによりししゅつすべきねんげんにかんするとくべつそちほう,令和六年三月三十日
427AC0000000024,法律,緑の気候基金への拠出及びこれに伴う措置に関する法律,みどりのきこうききんへのきょしゅつおよびこれにともなうそちにかんするほうりつ,平成二十七年五月二十日
427AC0000000033,法律,令和三年東京オリンピック競技大会・東京パラリンピック競技大会特別措置法,れいわさんねんとうきょうおりんぴっくきょうぎたいかいとうきょうぱらりんぴっくきょうぎたいかいとくべつそちほう,令和八年四月一日
427AC0000000034,法律,平成三十一年ラグビーワールドカップ大会特別措置法,へいせいさんじゅういちねんらぐびーわーるどかっぷたいかいとくべつそちほう,令和八年四月一日
427AC0000000035,法律,株式会社海外通信・放送・郵便事業支援機構法,かぶしきがいしゃかいがいつうしんほうそうゆうびんじぎょうしえんきこうほう,令和八年五月七日
427AC0000000042,法律,水銀による環境の汚染の防止に関する法律,すいぎんによるかんきょうのおせんのぼうしにかんするほうりつ,令和七年六月一日
427AC0000000053,法律,建築物のエネルギー消費性能の向上等に関する法律,けんちくぶつのえねるぎーしょうひせいのうのこうじょうとうにかんするほうりつ,令和七年六月一日
427AC0000000062,法律,矯正医官の兼業の特例等に関する法律,きょうせいいかんのけんぎょうのとくれいとうにかんするほうりつ,令和六年四月一日
427AC0000000064,法律,女性の職業生活における活躍の推進に関する法律,じょせいのしょくぎょうせいかつにおけるかつやくのすいしんにかんするほうりつ,令和八年四月一日
427AC0000000077,法律,国際平和共同対処事態に際して我が国が実施する諸外国の軍隊等に対する協力支援活動等に関する法律,こくさいへいわきょうどうたいしょじたいにさいしてわがくにがじっしするしょがいこくのぐんたいとうにたいするきょうりょくしえんかつどうとうにかんするほうりつ,平成二十八年三月二十九日
427AC0100000014,法律,都市農業振興基本法,としのうぎょうしんこうきほんほう,平成二十七年四月二十二日
427AC1000000068,法律,公認心理師法,こうにんしんりしほう,令和七年六月一日
427AC1000000069,法律,労働者の職務に応じた待遇の確保等のための施策の推進に関する法律,ろうどうしゃのしょくむにおうじたたいぐうのかくほとうのためのしさくのすいしんにかんするほうりつ,平成二十七年九月三十日
427AC1000000075,法律,琵琶湖の保全及び再生に関する法律,びわこのほぜんおよびさいせいにかんするほうりつ,平成二十七年九月二十八日
427CO0000000033,政令,粉乳等に対して課する輸入数量が輸入基準数量を超えた場合の特別緊急関税に関する規定の平成二十六年度における適用の停止を定める政令,ふんにゅうとうにたいしてかするゆにゅうすうりょうがゆにゅうきじゅんすうりょうをこえたばあいのとくべつきんきゅうかんぜいにかんするきていのへいせいにじゅうろくねんどにおけるてきようのていしをさだめるせいれい,平成二十七年二月一日
427CO0000000040,政令,生活困窮者自立支援法施行令,せいかつこんきゅうしゃじりつしえんほうせこうれい,令和七年四月一日
427CO0000000042,政令,森林国営保険法等の一部を改正する法律の施行に伴う関係政令の整備等及び経過措置に関する政令,しんりんこくえいほけんほうとうのいちぶをかいせいするほうりつのしこうにともなうかんけいせいれいのせいびとうおよびけいかそちにかんするせいれい,平成二十七年四月一日
427CO0000000043,政令,国立研究開発法人森林研究・整備機構法施行令,こくりつけんきゅうかいはつほうじんしんりんけんきゅうせいびきこうほうしこうれい,令和五年五月二十六日
427CO0000000068,政令,食品表示法第十五条の規定による権限の委任等に関する政令,しょくひんひょうじほうだいじゅうごじょうのきていによるけんげんのいにんとうにかんするせいれい,令和三年六月一日
427CO0000000074,政令,独立行政法人通則法の一部を改正する法律及び独立行政法人通則法の一部を改正する法律の施行に伴う関係法律の整備に関する法律の施行に伴う関係政令の整備等及び経過措置に関する政令,どくりつぎょうせいほうじんつうそくほうのいちぶをかいせいするほうりつおよびどくりつぎょうせいほうじんつうそくほうのいちぶをかいせいするほうりつのしこうにともなうかんけいほうりつのせいびにかんするほうりつのしこうにともなうかんけいせいれいのせいびとうおよびけいかそちにかんするせいれい,平成二十九年四月一日
427CO0000000079,政令,平成二十六年等における特定地域に係る激甚災害及びこれに対し適用すべき措置の指定に関する政令,へいせいにじゅうろくねんとうにおけるとくていちいきにかかるげきじんさいがいおよびこれにたいしてきようすべきそちのしていにかんするせいれい,平成二十七年三月十八日
427CO0000000091,政令,少年院法施行令,しょうねんいんほうしこうれい,平成二十七年六月一日
427CO0000000092,政令,少年鑑別所法施行令,しょうねんかんべつしょほうしこうれい,平成二十七年六月一日
427CO0000000096,政令,独立行政法人評価制度委員会令,どくりつぎょうせいほうじんひょうかせいどいいんかいれい,平成二十七年四月一日
427CO0000000110,政令,小規模企業の事業活動の活性化のための中小企業基本法等の一部を改正する等の法律の一部の施行に伴う関係政令の整理及び経過措置に関する政令,しょうきぼきぎょうのじぎょうかつどうのかっせいかのためのちゅうしょうきぎょうきほんほうとうのいちぶをかいせいするとうのほうりつのいちぶのしこうにともなうかんけいせいれいのせいりおよびけいかそちにかんするせいれい,平成二十七年三月三十一日
427CO0000000138,政令,地域における医療及び介護の総合的な確保を推進するための関係法律の整備等に関する法律の一部の施行に伴う関係政令の整備等及び経過措置に関する政令,ちいきにおけるいりょうおよびかいごのそうごうてきなかくほをすいしんするためのかんけいほうりつのせいびとうにかんするほうりつのいちぶのしこうにともなうかんけいせいれいのせいびとうおよびけいかそちにかんするせいれい,平成二十九年三月十七日
427CO0000000140,政令,日本医療研究開発機構審議会令,にほんいりょうけんきゅうかいはつきこうしんぎかいれい,令和三年四月一日
427CO0000000156,政令,たばこ税法の一部改正に伴う経過措置に関する政令,たばこぜいほうのいちぶかいせいにともなうけいかそちにかんするせいれい,令和七年四月一日
427CO0000000173,政令,原子力損害の補完的な補償に関する条約の実施に伴う原子力損害賠償資金の補助等に関する法律施行令,げんしりょくそんがいのほかんてきなほしょうにかんするじょうやくのじっしにともなうげんしりょくそんがいばいしょうしきんのほじょとうにかんするほうりつしこうれい,平成二十七年四月十五日
427CO0000000192,政令,総務省国立研究開発法人審議会令,そうむしょうこくりつけんきゅうかいはつほうじんしんぎかいれい,平成二十九年九月一日
427CO0000000193,政令,文部科学省国立研究開発法人審議会令,もんぶかがくしょうこくりつけんきゅうかいはつほうじんしんぎかいれい,令和三年十月一日
427CO0000000194,政令,厚生労働省国立研究開発法人等審議会令,こうせいろうどうしょうこくりつけんきゅうかいはつほうじんとうしんぎかいれい,令和七年四月一日
427CO0000000195,政令,農林水産省国立研究開発法人審議会令,のうりんすいさんしょうこくりつけんきゅうかいはつほうじんしんぎかいれい,平成二十七年四月十日
427CO0000000196,政令,経済産業省国立研究開発法人審議会令,けいざいさんぎょうしょうこくりつけんきゅうかいはつほうじんしんぎかいれい,令和六年七月一日
427CO0000000197,政令,国土交通省国立研究開発法人審議会令,こくどこうつうしょうこくりつけんきゅうかいはつほうじんしんぎかいれい,平成二十八年四月一日
427CO0000000198,政令,環境省国立研究開発法人審議会令,かんきょうしょうこくりつけんきゅうかいはつほうじんしんぎかいれい,平成二十九年七月十四日
427CO0000000199,政令,原子力規制委員会国立研究開発法人審議会令,げんしりょくきせいいいんかいこくりつけんきゅうかいはつほうじんしんぎかいれい,平成二十七年四月十日
427CO0000000227,政令,特定農林水産物等の名称の保護に関する法律施行令,とくていのうりんすいさんぶつとうのめいしょうのほごにかんするほうりつしこうれい,平成二十七年六月一日
427CO0000000243,政令,国の所有に係る日本郵政株式会社の株式の処分に関する政令,くにのしょゆうにかかるにほんゆうせいかぶしきがいしゃのかぶしきのしょぶんにかんするせいれい,平成二十七年五月二十九日
427CO0000000256,政令,令和三年東京オリンピック競技大会・東京パラリンピック競技大会特別措置法施行令,れいわさんねんとうきょうおりんぴっくきょうぎたいかいとうきょうぱらりんぴっくきょうぎたいかいとくべつそちほうしこうれい,令和八年四月一日
427CO0000000258,政令,平成三十一年ラグビーワールドカップ大会特別措置法施行令,へいせいさんじゅういちねんらぐびーわーるどかっぷたいかいとくべつそちほうしこうれい,令和八年四月一日
427CO0000000268,政令,電気事業法等の一部を改正する法律附則第九条第一項の託送供給等約款の認可の申請の期限等を定める政令,でんきじぎょうほうとうのいちぶをかいせいするほうりつふそくだいきゅうじょうだいいっこうのたくそうきょうきゅうとうやっかんのにんかのしんせいのきげんとうをさだめるせいれい,令和四年十一月一日
427CO0000000306,政令,平成二十七年六月二日から七月二十六日までの間の豪雨及び暴風雨による災害についての激甚災害並びにこれに対し適用すべき措置の指定に関する政令,へいせいにじゅうななねんろくがつふつかからしちがつにじゅうろくにちまでのあいだのごううおよびぼうふううによるさいがいについてのげきじんさいがいならびにこれにたいしてきようすべきそちのしていにかんするせいれい,平成二十八年三月十一日
427CO0000000309,政令,電力・ガス取引監視等委員会令,でんりょくがすとりひきかんしとういいんかいれい,平成二十八年四月一日
427CO0000000312,政令,株式会社海外通信・放送・郵便事業支援機構法第五条第三項の倍数を定める政令,かぶしきかいしゃかいがいつうしんほうそうゆうびんじぎょうしえんきこうほうだいごじょうだいさんこうのばいすうをさだめるせいれい,平成二十八年十一月十六日
427CO0000000318,政令,女性の職業生活における活躍の推進に関する法律施行令,じょせいのしょくぎょうせいかつにおけるかつやくのすいしんにかんするほうりつしこうれい,令和七年四月一日
427CO0000000320,政令,独立行政法人に係る改革を推進するための厚生労働省関係法律の整備等に関する法律の一部の施行に伴う関係政令の整備及び経過措置に関する政令,どくりつぎょうせいほうじんにかかるかいかくをすいしんするためのこうせいろうどうしょうかんけいほうりつのせいびとうにかんするほうりつのいちぶのしこうにともなうかんけいせいれいのせいびおよびけいかそちにかんするせいれい,平成二十七年十月一日
427CO0000000323,政令,がん登録等の推進に関する法律施行令,がんとうろくとうのすいしんにかんするほうりつしこうれい,令和元年七月一日
427CO0000000324,政令,国の所有に係る輸出入・港湾関連情報処理センター株式会社の株式の処分に関する政令,くにのしょゆうにかかるゆしゅつにゅうこうわんかんれんじょうほうしょりせんたーかぶしきがいしゃのかぶしきのしょぶんいかんするせいれい,平成二十七年九月十一日
427CO0000000329,政令,スポーツ審議会令,すぽーつしんぎかいれい,平成二十七年十月一日
427CO0000000340,政令,労働者派遣事業の適正な運営の確保及び派遣労働者の保護等に関する法律等の一部を改正する法律の施行に伴う関係政令の整備及び経過措置に関する政令,ろうどうしゃはけんじぎょうのてきせいなうんえいのかくほおよびはけんろうどうしゃのほごとうにかんするほうりつとうのいちぶをかいせいするほうりつのせこうにともなうかんけいせいれいのせいびおよびけいかそちにかんするせいれい,令和四年四月一日
427CO0000000343,政令,被用者年金制度の一元化等を図るための厚生年金保険法等の一部を改正する法律の施行に伴う厚生年金保険の保険給付等に関する経過措置に関する政令,ひようしゃねんきんせいどのいちげんかとうをはかるためのこうせいねんきんほけんほうとうのいちぶをかいせいするほうりつのせこうにともなうこうせいねんきんほけんのほけんきゅうふとうにかんするけいかそちにかんするせいれい,令和五年四月一日
427CO0000000345,政令,被用者年金制度の一元化等を図るための厚生年金保険法等の一部を改正する法律の施行及び国家公務員の退職給付の給付水準の見直し等のための国家公務員退職手当法等の一部を改正する法律の一部の施行に伴う国家公務員共済組合法による長期給付等に関する経過措置に関する政令,ひようしゃねんきんせいどのいちげんかとうをはかるためのこうせいねんきんほけんほうとうのいちぶをかいせいするほうりつのしこうおよびこっかこうむいんのたいしょくきゅうふのきゅうふすいじゅんのみなおしとうのためのこっかこうむいんたいしょくてあてほうとうのいちぶをかいせいするほうりつのいちぶのしこうにともなうこっかこうむいんきょうさいくみあいほうによるちょうききゅうふとうにかんするけいかそちにかんするせいれい,令和八年四月一日
427CO0000000347,政令,被用者年金制度の一元化等を図るための厚生年金保険法等の一部を改正する法律及び地方公務員等共済組合法及び被用者年金制度の一元化等を図るための厚生年金保険法等の一部を改正する法律の一部を改正する法律の施行に伴う地方公務員等共済組合法による長期給付等に関する経過措置に関する政令,ひようしゃねんきんせいどのいちげんかとうをはかるためのこうせいねんきんほけんほうとうのいちぶをかいせいするほうりつおよびちほうこうむいんとうきょうさいくみあいほうおよびひようしゃねんきんせいどのいちげんかとうをはかるためのこうせいねんほけんほうとうのいちぶをかいせいするほうりつのいちぶをかいせいするほうりつのしこうにともなうちほうこうむいんとうきょうさいくみあいほうによるちょうききゅうふとうにかんするけいかそちにかんするせいれい,令和八年四月一日
427CO0000000348,政令,被用者年金制度の一元化等を図るための厚生年金保険法等の一部を改正する法律及び私立学校教職員共済法等の一部を改正する法律の施行に伴う文部科学省関係政令等の整備及び私立学校教職員共済法による長期給付等に関する経過措置に関する政令,ひようしゃねんきんせいどのいちげんかとうをはかるためのこうせいねんきんほけんほうとうのいちぶをかいせいするほうりつおよびしりつがっこうきょうしょくいんきょうさいほうとうのいちぶをかいせいするほうりつのしこうにともなうもんぶかがくしょうかんけいせいれいとうのせいびおよびしりつがっこうきょうしょくいんきょうさいほうによるちょうききゅうふとうにかんするけいかそちにかんするせいれい,令和四年十月一日
427CO0000000356,政令,国際連合安全保障理事会決議第千二百六十七号等を踏まえ我が国が実施する財産の凍結等に関する特別措置法施行令,こくさいれんごうあんぜんほしょうりじかいけつぎだいせんにひゃくろくじゅうななごうとうをふまえわがくにがじっしするざいさんのとうけつとうにかんするとくべつそちほうしこうれい,令和七年十月十八日
427CO0000000357,政令,旧外地特別会計の昭和十九年度及び昭和二十年度の歳入歳出の決算上の剰余金の処理等に関する政令,きゅうがいちとくべつかいけいのしょうわじゅうきゅうねんどおよびしょうわにじゅうねんどのさいにゅうさいしゅつのけっさんじょうのじょうよきんのしょりとうにかんするせいれい,平成二十七年十月二日
427CO0000000361,政令,平成二十七年九月七日から同月十一日までの間の暴風雨及び豪雨による災害についての激甚災害並びにこれに対し適用すべき措置の指定に関する政令,へいせいにじゅうななねんくがつなのかからどうげつじゅういちにちまでのあいだのぼうふううおよびごううによるさいがいについてのげきじんさいがいならびにこれにたいしてきようすべきそちのしていにかんするせいれい,平成二十八年四月二十七日
427CO0000000373,政令,消費者の財産的被害等の集団的な回復のための民事の裁判手続の特例に関する法律施行令,しょうひしゃのざいさんてきひがいとうのしゅうだんてきなかいふくのためのみんじのさいばんてつづきのとくれいにかんするほうりつしこうれい,令和六年二月一日
427CO0000000378,政令,水銀による環境の汚染の防止に関する法律施行令,すいぎんによるかんきょうのおせんのぼうしにかんするほうりつしこうれい,令和十年一月一日
427CO0000000391,政令,行政不服審査法施行令,ぎょうせいふふくしんさほうせこうれい,令和八年四月一日
427CO0000000393,政令,犯罪被害財産等による被害回復給付金の支給に関する法律第四十四条において準用する行政不服審査法第三十八条第四項の規定により納付すべき手数料に関する政令,はんざいひがいざいさんとうによるひがいかいふくきゅうふきんのしきゅうにかんするほうりつだいよんじゅうよんじょうにおいてじゅんようするぎょうせいふふくしんさほうだいさんじゅうはちじょうだいよんこうのきていによりのうふすべきてすうりょうにかんするせいれい,平成二十八年四月一日
427CO0000000394,政令,入会林野等に係る権利関係の近代化の助長に関する法律施行令,いりあいりんやとうにかかるけんりかんけいのきんだいかのじょちょうにかんするほうりつしこうれい,平成二十八年四月一日
427CO0000000397,政令,バター等に対して課する輸入数量が輸入基準数量を超えた場合の特別緊急関税に関する規定の平成二十七年度における適用の停止を定める政令,ばたーとうにたいしてかするゆにゅうすうりょうがゆにゅうきじゅんすうりょうをこえたばあいのとくべつきんきゅうかんぜいにかんするきていのへいせいにじゅうななねんどにおけるてきようのていしをさだめるせいれい,平成二十七年十二月一日
427CO0000000401,政令,アレルギー疾患対策推進協議会令,あれるぎーしっかんたいさくすいしんきょうぎかいれい,令和五年九月一日
427CO0000000434,政令,個人情報保護委員会事務局組織令,こじんじょうほうほごいいんかいじむきょくそしきれい,令和六年五月二十七日
427CO0000000444,政令,旅客鉄道株式会社及び日本貨物鉄道株式会社に関する法律の一部を改正する法律の施行に伴う関係政令の整備及び経過措置に関する政令,りょかくてつどうかぶしきがいしゃおよびにほんかもつてつどうかぶしきがいしゃにかんするほうりつのいちぶをかいせいするほうりつのしこうにともなうかんけいせいれいのせいびおよびけいかそちにかんするせいれい,平成二十八年四月一日
427M60000001007,府省令,国家戦略特別区域法第十九条の二の規定による国家公務員退職手当法の特例に関する内閣官房令,こっかせんりゃくとくべつくいきほうだいじゅうきゅうじょうのにのきていによるこっかこうむいんたいしょくてあてほうのとくれいにかんするないかくかんぼうれい,平成二十七年九月一日
427M60000002010,府省令,食品表示基準,しょくひんひょうじきじゅん,令和八年四月一日
427M60000002011,府省令,食品表示法第六条第八項に規定するアレルゲン、消費期限、食品を安全に摂取するために加熱を要するかどうかの別その他の食品を摂取する際の安全性に重要な影響を及ぼす事項等を定める内閣府令,しょくひんひょうじほうだいろくじょうだいはちこうにきていするあれるげんしょうひきげんしょくひんをあんぜんにせっしゅするためにかねつをようするかどうかのべつそのほかのしょくひんをせっしゅするさいのあんぜんせいにじゅうようなえいきょうをおよぼすじこうとうをさだめるないかくふれい,令和三年六月一日
427M60000002017,府省令,不当景品類及び不当表示防止法等の一部を改正する等の法律の一部の施行に伴う経過措置に関する内閣府令,ふとうけいひんるいおよびふとうひょうじぼうしほうとうのいちぶをかいせいするとうのほうりつのいちぶのしこうにともなうけいかそちにかんするないかくふれい,平成二十八年四月一日
427M60000002018,府省令,指定消費生活相談員に係る消費生活相談員としての実務の経験を定める内閣府令,していしょうひせいかつそうだんいんにかかるしょうひせいかつそうだんいんとしてのじつむのけいけんをさだめるないかくふれい,平成三十一年四月一日
427M60000002039,府省令,特定金融指標算出者に関する内閣府令,とくていきんゆうしひょうさんしゅつしゃにかんするないかくふれい,令和六年二月一日
427M60000002046,府省令,内閣府関係構造改革特別区域法施行規則,ないかくふかんけいこうぞうかいかくとくべつくいきほうしこうきそく,令和二年一月二十七日
427M60000002051,府省令,女性の職業生活における活躍の推進に関する法律施行規則,じょせいのしょくぎょうせいかつにおけるかつやくのすいしんにかんするほうりつしこうきそく,令和二年六月一日
427M60000002061,府省令,女性の職業生活における活躍の推進に関する法律に基づく特定事業主行動計画の策定等に係る内閣府令,じょせいのしょくぎょうせいかつにおけるかつやくのすいしんにかんするほうりつにもとづくとくていじぎょうぬしこうどうけいかくのさくていとうにかかるないかくふれい,令和八年四月一日
427M60000002062,府省令,消費者の財産的被害等の集団的な回復のための民事の裁判手続の特例に関する法律施行規則,しょうひしゃのざいさんてきひがいとうのしゅうだんてきなかいふくのためのみんじのさいばんてつづきのとくれいにかんするほうりつしこうきそく,令和七年四月一日
427M60000002071,府省令,活動火山対策特別措置法施行規則,かつどうかざんたいさくとくべつそちほうしこうきそく,平成二十七年十二月十日
427M60000002074,府省令,激甚災害が発生したとき等においてあらかじめ締結した契約に基づく金銭の支払を行うために必要な限度で行う個人番号の利用に関するデジタル庁令,げきじんさいがいがはっせいしたときとうにおいてあらかじめていけつしたけいやくにもとづくきんせんのしはらいをおこなうためにひつようなげんどでおこなうこじんばんごうのりようにかんするでじたるちょうれい,令和四年一月十一日
427M60000002075,府省令,個人情報保護委員会事務局組織規則,こじんじょうほうほごいいんかいじむきょくそしききそく,令和七年四月一日
427M60000008004,府省令,地方自治法第二百五十二条の二十一の三第一項に規定する総務大臣の勧告の手続に関する省令,ちほうじちほうだいにひゃくごじゅうにじょうのにじゅういちのさんだいいっこうにきていするそうむだいじんのかんこくのてつづきにかんするしょうれい,令和元年十二月十六日
427M60000008008,府省令,登録修理業者規則,とうろくしゅうりぎょうしゃきそく,令和二年十二月一日
427M60000008024,府省令,放送法及び電波法の一部を改正する法律の施行に伴う経過措置に関する省令,ほうそうほうおよびでんぱほうのいちぶをかいせいするほうりつのしこうにともなうけいかそちにかんするしょうれい,平成二十七年四月一日
427M60000008026,府省令,基幹放送の業務に係る特定役員及び支配関係の定義並びに表現の自由享有基準の特例に関する省令,きかんほうそうのぎょうむにかかるとくていやくいんおよびしはいかんけいのていぎならびにひょうげんのじゆうきょうゆうきじゅんのとくれいにかんするしょうれい,令和七年十月一日
427M60000008028,府省令,独立行政法人の組織、運営及び管理に係る共通的な事項に関する省令,どくりつぎょうせいほうじんのそしきうんえいおよびかんりにかかるきょうつうてきなじこうにかんするしょうれい,令和元年七月一日
427M60000008072,府省令,株式会社海外通信・放送・郵便事業支援機構法施行規則,かぶしきがいしゃかいがいつうしんほうそうゆうびんじぎょうしえんきこうほうしこうきそく,令和五年七月十四日
427M60000008073,府省令,地域再生法第十七条の六の地方公共団体等を定める省令,ちいきさいせいほうだいじゅうななじょうのろくのちほうこうきょうだんたいとうをさだめるしょうれい,令和八年四月一日
427M60000010003,府省令,入国審査官及び入国警備官の証票の様式に関する省令,にゅうこくしんさかんおよびにゅうこくけいびかんのしょうひょうのようしきにかんするしょうれい,平成三十一年四月一日
427M60000010011,府省令,総合法律支援法施行規則,そうごうほうりつしえんほうしこうきそく,令和八年四月一日
427M60000010013,府省令,民事再生法施行規則,みんじさいせいほうしこうきそく,平成二十七年五月一日
427M60000010030,府省令,少年院法施行規則,しょうねんいんほうしこうきそく,令和五年十二月一日
427M60000010031,府省令,少年鑑別所法施行規則,しょうねんかんべつしょほうしこうきそく,令和四年四月一日
427M60000010040,府省令,法務省関係国家戦略特別区域法施行規則,ほうむしょうかんけいこっかせんりゃくとくべつくいきほうしこうきそく,平成二十九年九月二十二日
427M60000011001,府省令,矯正医官の兼業の特例等に関する法律第四条第一項の規定による矯正医官の兼業等に関する規則,きょうせいいかんのけんぎょうのとくれいうにかんするほうりつだいよんじょうだいいっこうのきていによるきょうせいいかんのけんぎょうとうにかんするきそく,令和六年四月一日
427M60000012001,府省令,法務省関係総合特別区域法第二十四条に規定する政令等規制事業に係る省令の特例に関する措置を定める命令,ほうむしょうかんけいそうごうとくべつくいきほうだいにじゅうよんじょうにきていするせいれいとうきせいじぎょうにかかるしょうれいのとくれいにかんするそちをさだめるめいれい,平成二十九年七月三十一日
427M60000040004,府省令,一般職の職員の給与に関する法律等の一部を改正する法律の一部の施行に伴う国家公務員宿舎法施行規則第六条第二項ただし書に規定する宿舎に係る経過措置に関する省令,いっぱんしょくのしょくいんのきゅうよにかんするほうりつとうのいちぶをかいせいするほうりつのいちぶのせこうにともなうこっかこうむいんしゅくしゃほうせこうきそくだいろくじょうだいにこうただしがきにきていするしゅくしゃにかかるけいかそちにかんするしょうれい,平成二十七年四月一日
427M60000040054,府省令,株式会社日本政策投資銀行法の一部を改正する法律附則第四条第一項の額の計算に関する省令,かぶしきがいしゃにっぽんせいさくとうしぎんこうほうのいちぶをかいせいするほうりつふそくだいよんじょうだいいっこうのがくのけいさんにかんするしょうれい,平成二十七年五月二十日
427M60000040074,府省令,被用者年金制度の一元化等を図るための厚生年金保険法等の一部を改正する法律の施行及び国家公務員の退職給付の給付水準の見直し等のための国家公務員退職手当法等の一部を改正する法律の一部の施行に伴う国家公務員共済組合法による長期給付等に関する経過措置に関する省令,ひようしゃねんきんせいどのいちげんかとうをはかるためのこうせいねんきんほけんほうとうのいちぶをかいせいするほうりつのしこうおよびこっかこうむいんのたいしょくきゅうふのきゅうふすいじゅんのみなおしとうのためのこっかこうむいんたいしょくてあてほうとうのいちぶをかいせいするほうりつのいちぶのしこうにともなうこっかこうむいんきょうさいくみあいほうによるちょうききゅうふとうにかんするけいかそちにかんするしょうれい,令和七年六月一日
427M60000040082,府省令,緑の気候基金への拠出に伴う国債の発行等に関する省令,みどりのきこうききんへのきょしゅつにともなうこくさいのはっこうとうにかんするしょうれい,平成二十七年十月二十日
427M60000042001,府省令,食品表示法第六条第三項の内閣府令・財務省令で定める表示事項及び遵守事項等を定める命令,しょくひんひょうじほうだいろくじょうだいさんこうのないかくふれいざいむしょうれいでさだめるひょうじじこうおよびじゅんしゅじこうとうをさだめるめいれい,令和三年六月一日
427M60000080017,府省令,国立研究開発法人宇宙航空研究開発機構の人事管理に関する省令,こくりつけんきゅうかいはつほうじんうちゅうこうくうけんきゅうかいはつきこうのじんじかんりにかんするしょうれい,平成二十七年四月一日
427M60000080023,府省令,原子力損害の補完的な補償に関する条約の実施に伴う原子力損害賠償資金の補助等に関する法律施行規則,げんしりょくそんがいのほかんてきなほしょうにかんするじょうやくのじっしにともなうげんしりょくそんがいばいしょうしきんのほじょとうにかんするほうりつしこうきそく,平成二十七年四月十五日
427M60000080029,府省令,国家戦略特別区域法施行令第三条第三号の文部科学省令で定める基準等を定める省令,こっかせんりゃくとくべつくいきほうせこうれいだいさんじょうだいさんごうのもんぶかがくしょうれいでさだめるきじゅんとうをさだめるしょうれい,令和八年四月一日
427M60000100016,府省令,生活困窮者自立支援法施行規則,せいかつこんきゅうしゃじりつしえんほうしこうきそく,令和七年十月一日
427M60000100033,府省令,保健師助産師看護師法第三十七条の二第二項第一号に規定する特定行為及び同項第四号に規定する特定行為研修に関する省令,ほけんしじょさんしかんごしほうだいさんじゅうななじょうのにだいにこうだいいちごうにきていするとくていこういおよびどうこうだいよんごうにきていするとくていこういけんしゅうにかんするしょうれい,平成三十一年四月二十六日
427M60000100035,府省令,専門的知識等を有する有期雇用労働者等に関する特別措置法施行規則,せんもんてきちしきとうをゆうするゆうきこようろうどうしゃとうにかんするとくべつそちほうしこうきそく,平成二十七年四月一日
427M60000100036,府省令,特定有期雇用労働者に係る労働基準法施行規則第五条の特例を定める省令,とくていゆうきこようろうどうしゃにかかるろうどうきじゅんほうしこうきそくだいごじょうのとくれいをさだめるしょうれい,平成三十一年四月一日
427M60000100052,府省令,歯科技工士法に基づく指定登録機関及び指定試験機関に関する省令,しかぎこうしほうにもとづくしていとうろくきかんおよびしていしけんきかんにかんするしょうれい,平成二十七年四月一日
427M60000100058,府省令,介護保険法第百二十二条の二第二項に規定する交付金の額の算定に関する省令,かいごほけんほうだいひゃくにじゅうにじょうのにだいにこうにきていするこうふきんのがくのさんていにかんするしょうれい,令和三年四月一日
427M60000100075,府省令,子ども・子育て支援法第七十一条第八項に規定する厚生労働省令で定める権限等を定める省令,こどもこそだてしえんほうだいななじゅういちじょうだいはっこうにきていするこうせいろうどうしょうれいでさだめるけんげんとうをさだめるしょうれい,平成二十七年十月一日
427M60000100083,府省令,地方年金記録訂正審議会規則,ちほうねんきんきろくていせいしんぎかいきそく,令和五年十一月二十二日
427M60000100135,府省令,被用者年金制度の一元化等を図るための厚生年金保険法等の一部を改正する法律の施行に伴う経過措置に関する省令,ひようしゃねんきんせいどのいちげんかとうをはかるためのこうせいねんきんほけんほうとうのいちぶをかいせいするほうりつのしこうにともなうけいかそちにかんするしょうれい,令和七年十月一日
427M60000100137,府省令,がん登録等の推進に関する法律施行規則,がんとうろくとうのすいしんにかんするほうりつしこうきそく,平成二十八年一月一日
427M60000100149,府省令,労働者派遣事業の適正な運営の確保及び派遣労働者の保護等に関する法律等の一部を改正する法律の施行に伴う厚生労働省関係省令の整備等及び経過措置に関する省令,ろうどうしゃはけんじぎょうのてきせいなうんえいのかくほおよびはけんろうどうしゃのほごとうにかんするほうりつとうのいちぶをかいせいするほうりつのしこうにともなうこうせいろうどうしょうかんけいしょうれいのせいびとうおよびけいかそちにかんするしょうれい,令和元年九月十四日
427M60000100155,府省令,青少年の雇用の促進等に関する法律施行規則,せいしょうねんのこようのそくしんとうにかんするほうりつしこうきそく,令和四年十月一日
427M60000100162,府省令,女性の職業生活における活躍の推進に関する法律に基づく一般事業主行動計画等に関する省令,じょせいのしょくぎょうせいかつにおけるかつやくのすいしんにかんするほうりつにもとづくいっぱんじぎょうぬしこうどうけいかくとうにかんするしょうれい,令和八年四月一日
427M60000102004,府省令,国立研究開発法人医薬基盤・健康・栄養研究所の業務運営、財務及び会計並びに人事管理に関する命令,こくりつけんきゅうかいはつほうじんいやくきばんけんこうえいようけんきゅうじょのぎょうむうんえいざいむおよびかいけいならびにじんじかんりにかんするめいれい,令和七年十一月二十日
427M60000110001,府省令,法務省・厚生労働省関係国家戦略特別区域法施行規則,ほうむしょうこうせいろうどうしょうかんけいこっかせんりゃくとくべつくいきほうしこうきそく,令和二年九月一日
427M60000182001,府省令,就学前の子どもに関する教育、保育等の総合的な提供の推進に関する法律施行規則に係る民間事業者等が行う書面の保存等における情報通信の技術の利用に関する法律施行規則,しゅうがくまえのこどもにかんするきょういくほいくとうのそうごうてきなていきょうのすいしんにかんするほうりつしこうきそくにかかるみんかんじぎょうしゃとうがおこなうしょめんのほぞんとうにおけるじょうほうつうしんのぎじゅつのりようにかんするほうりつしこうきそく,令和五年十二月二十八日
427M60000182007,府省令,内閣府・文部科学省関係構造改革特別区域法第三十五条に規定する政令等規制事業に係る主務省令の特例に関する措置を定める命令,ないかくふもんぶかがくしょうかんけいこうぞうかいかくとくべつくいきほうだいさんじゅうごじょうにきていするせいれいとうきせいじぎょうにかかるしゅむしょうれいのとくれいにかんするそちをさだめるめいれい,令和八年四月一日
427M600001C8001,府省令,厚生年金保険法第七十九条の九第一項の報告書に記載すべき事項及びその公表方法を定める省令,こうせいねんきんほけんほうだいななじゅうきゅうじょうのきゅうだいいっこうのほうこくしょにきさいすべきじこうおよびそのこうひょうほうほうをさだめるしょうれい,平成二十七年十月一日
427M60000200012,府省令,食品表示法第八条第二項及び第九条第一項の規定による立入検査及び質問並びに食品表示法第十五条の規定による権限の委任等に関する政令第五条第三項、第四項及び第七項の規定による都道府県知事又は指定都市の長の報告に関する省令,しょくひんひょうじほうだいはちじょうだいにこうおよびだいきゅうじょうだいいっこうのきていによるたちいりけんさおよびしつもんならびにしょくひんひょうじほうだいじゅうごじょうのきていによるけんげんのいにんとうにかんするせいれいだいごじょうだいさんこうだいよんこうおよびだいななこうのきていによるとどうふけんちじまたはしていとしのちょうのほうこくにかんするしょうれい,令和二年十二月二十一日
427M60000200014,府省令,農業の有する多面的機能の発揮の促進に関する法律施行規則,のうぎょうのゆうするためんてききのうのはっきのそくしんにかんするほうりつしこうきそく,平成二十七年四月一日
427M60000200058,府省令,特定農林水産物等の名称の保護に関する法律施行規則,とくていのうりんすいさんぶつとうのめいしょうのほごにかんするほうりつしこうきそく,令和七年十月三日
427M60000202002,府省令,食品表示法第六条第一項の内閣府令・農林水産省令で定める表示事項及び遵守事項並びに同法第十二条第一項の規定に基づく申出の手続を定める命令,しょくひんひょうじほうだいろくじょうだいいっこうのないかくふれいのうりんすいさんしょうれいでさだめるひょうじじこうおよびじゅんしゅじこうならびにどうほうだいじゅうにじょうだいいっこうのきていにもとづくもうしでのてつづきをさだめるめいれい,令和二年七月十六日
427M60000400012,府省令,広域的運営推進機関の財務及び会計に関する省令,こういきてきうんえいすいしんきかんのざいむおよびかいけいにかんするしょうれい,令和六年四月一日
427M60000400029,府省令,経済産業省関係フロン類の使用の合理化及び管理の適正化に関する法律施行規則,けいざいさんぎょうしょうかんけいふろんるいのしようのごうりかおよびかんりのてきせいかにかんするほうりつしこうきそく,令和十一年四月一日
427M60000400056,府省令,電気事業法等の一部を改正する法律の施行に伴う経過措置に関する省令,でんきじぎょうほうとうのいちぶをかいせいするほうりつのしこうにともなうけいかそちにかんするしょうれい,令和七年三月三十一日
427M60000400057,府省令,電気事業法等の一部を改正する法律附則第九条第一項の規定に基づき一般電気事業者が定める託送供給等約款で設定する託送供給等約款料金の算定に関する省令,でんきじぎょうほうとうのいちぶをかいせいするほうりつふそくだいきゅうじょうだいいっこうのきていにもとづきいっぱんでんきじぎょうしゃがさだめるたくそうきょうきゅうとうやっかんでせっていするたくそうきょうきゅうとうやっかんりょうきんのさんていにかんするしょうれい,平成二十七年七月十五日
427M60000400062,府省令,電力・ガス取引監視等委員会事務局組織規則,でんりょくがすとりひきかんしとういいんかいじむきょくそしききそく,令和六年七月一日
427M60000402001,府省令,産業競争力強化法施行令第四条に規定する内閣府令・経済産業省令で定める基準等を定める命令,さんぎょうきょうそうりょくきょうかほうしこうれいだいよんじょうにきていするないかくふれいけいざいさんぎょうしょうれいでさだめるきじゅんとうをさだめるめいれい,令和三年六月十六日
427M60000582001,府省令,国立研究開発法人日本医療研究開発機構の業務運営、財務及び会計並びに人事管理に関する命令,こくりつけんきゅうかいはつほうじんにほんいりょうけんきゅうかいはつきこうのぎょうむうんえいざいむおよびかいけいならびにじんじかんりにかんするめいれい,令和四年二月二十八日
427M60000700001,府省令,特定水銀使用製品に係る許可及び届出に関する事項を定める省令,とくていすいぎんしようせいひんにかかるきょかおよびとどけでにかんするじこうをさだめるしょうれい,令和二年十二月二十八日
427M60000800057,府省令,国土交通省関係構造改革特別区域法施行規則,こくどこうつうしょうかんけいこうぞうかいかくとくべつくいきほうせこうきそく,令和七年十一月九日
427M60000800058,府省令,国土交通省関係地域再生法施行規則,こくどこうつうしょうかんけいちいきさいせいほうせこうきそく,令和六年十月一日
427M60000800061,府省令,九州旅客鉄道株式会社の経営安定基金の取崩しに関する省令,きゅうしゅうりょかくてつどうかぶしきがいしゃのけいえいあんていききんのとりくずしにかんするしょうれい,平成二十七年十二月二十八日
427M60000808001,府省令,空家等対策の推進に関する特別措置法施行規則,あきやとうたいさくのすいしんにかんするとくべつそちほうしこうきそく,令和五年十二月十三日
427M60000A00004,府省令,農林水産省・国土交通省関係地域再生法施行規則,のうりんすいさんしょうこくどこうつうしょうかんけいちいきさいせいほうしこうきそく,平成三十年六月一日
427M60000A08002,府省令,半島振興法施行規則,はんとうしんこうほうしこうきそく,平成二十七年四月一日
427M60001000004,府省令,一般廃棄物収集運搬業、産業廃棄物収集運搬業及び特別管理産業廃棄物収集運搬業の許可を要しない者並びに産業廃棄物管理票の交付を要しない場合に関する廃棄物の処理及び清掃に関する法律施行規則の特例を定める省令,いっぱんはいきぶつしゅうしゅううんぱんぎょうさんぎょうはいきぶつしゅうしゅううんぱんぎょうおよびとくべつかんりさんぎょうはいきぶつしゅうしゅううんぱんぎょうのきょかをようしないものならびにさんぎょうはいきぶつかんりひょうのこうふをようしないばあいにかんするはいきぶつのしょりおよびせいそうにかんするほうりつせこうきそくのとくれいをさだめるしょうれい,令和元年十二月十四日
427M60001000005,府省令,環境省関係地域自然資産区域における自然環境の保全及び持続可能な利用の推進に関する法律施行規則,かんきょうしょうかんけいちいきしぜんしさんくいきにおけるしぜんかんきょうのほぜんおよびじぞくかのうなりようのすいしんにかんするほうりつしこうきそく,令和四年四月一日
427M60001000037,府省令,水銀による環境の汚染の防止に関する法律第十四条第四項の期間を定める省令,すいぎんによるかんきょうのおせんのぼうしにかんするほうりつだいじゅうよんじょうだいよんこうのきかんをさだめるしょうれい,平成二十九年八月十六日
427M60001000038,府省令,水銀による環境の汚染の防止に関する法律第二十九条第二項の規定に基づく権限の委任に関する省令,すいぎんによるかんきょうのおせんのぼうしにかんするほうりつだいにじゅうきゅうじょうだいにこうのきていにもとづくけんげんのいにんにかんするしょうれい,平成二十九年八月十六日
427M60001002001,府省令,環境省関係国家戦略特別区域法第二十六条に規定する政令等規制事業に係る省令の特例に関する措置を定める命令,かんきょうしょうかんけいこっかせんりゃくとくべつくいきほうだいにじゅうろくじょうにきていするせいれいとうきせいじぎょうにかかるしょうれいのとくれいにかんするそちをさだめるめいれい,令和二年二月十四日
427M60001080001,府省令,地域自然資産区域における自然環境の保全及び持続可能な利用の推進に関する法律施行規則,ちいきしぜんしさんくいきにおけるしぜんかんきょうのほぜんおよびじぞくかのうなりようのすいしんにかんするほうりつしこうきそく,平成二十七年四月一日
427M60001400010,府省令,水銀による環境の汚染の防止に関する法律第二条第二項の要件を定める省令,すいぎんによるかんきょうのおせんのぼうしにかんするほうりつだいにじょうだいにこうのようけんをさだめるしょうれい,令和八年四月一日
427M60001FCA002,府省令,新用途水銀使用製品の製造等に関する命令,しんようとすいぎんしようせいひんのせいぞうとうにかんするめいれい,令和六年四月二十六日
427M60002000006,府省令,防衛省の所管に属する物品の譲与を受けた民間海外援助団体の報告に関する省令,ぼうえいしょうのしょかんにぞくするぶっぴんのじょうよをうけたみんかんかいがいえんじょだんたいのほうこくにかんするしょうれい,令和三年一月二十九日
427M60002000012,府省令,令和三年東京オリンピック競技大会・東京パラリンピック競技大会特別措置法及び平成三十一年ラグビーワールドカップ大会特別措置法の施行に伴う自衛隊法施行規則等の特例に関する省令,れいわさんねんとうきょうおりんぴっくきょうぎたいかいとうきょうぱらりんぴっくきょうぎたいかいとくべつそちほうおよびへいせいさんじゅういちねんらぐびーわーるどかっぷたいかいとくべつそちほうのしこうにともなうじえいたいほうしこうきそくとうのとくれいにかんするしょうれい,令和二年十二月二十八日
427M60002000014,府省令,防衛省定員規則,ぼうえいしょうていいんきそく,令和八年四月一日
427M60002000015,府省令,防衛装備庁施設等機関組織規則,ぼうえいそうびちょうしせつとうきかんそしききそく,令和六年十月一日
427M60002000016,府省令,防衛装備庁顧問に関する省令,ぼうえいそうびちょうこもんにかんするしょうれい,令和六年四月一日
427M60002001001,府省令,一般定年等隊員の退職管理に関する命令,いっぱんていねんとうたいいんのたいしょくかんりにかんするめいれい,令和二年十二月二十五日
427M60003FC8001,府省令,水銀等の貯蔵に関する省令,すいぎんとうのちょぞうにかんするしょうれい,令和二年十二月二十八日
427M60003FFA003,府省令,水銀含有再生資源の管理に関する命令,すいぎんがんゆうさいせいしげんのかんりにかんするめいれい,令和二年十二月二十八日
427M60003FFA004,府省令,水銀による環境の汚染の防止に関する法律の規定に基づく立入検査等をする職員の携帯する身分を示す証明書の様式を定める命令,すいぎんによるかんきょうのおせんのぼうしにかんするほうりつのきていにもとづくたちいりけんさとうをするしょくいんのけいたいするみぶんをしめすしょうめいしょのようしきをさだめるめいれい,令和六年四月一日
427M60020000001,規則,行政手続における特定の個人を識別するための番号の利用等に関する法律第十九条第十七号に基づき同条第十五号に準ずるものとして定める特定個人情報の提供に関する規則,ぎょうせいてつづきにおけるとくていのこじんをしきべつするためのばんごうのりようとうにかんするほうりつだいじゅうきゅうじょうだいじゅうななごうにもとづきどうじょうだいじゅうごごうにじゅんずるものとしてさだめるとくていこじんじょうほうのていきょうにかんするきそく,令和六年四月一日
427M60020000002,規則,個人情報の保護に関する法律及び行政手続における特定の個人を識別するための番号の利用等に関する法律の各規定に基づく立入検査をする職員の携帯する身分を示す証明書の様式を定める規則,こじんじょうほうのほごにかんするほうりつおよびぎょうせいてつづきにおけるとくていのこじんをしきべつするためのばんごうのりようとうにかんするほうりつのかくきていにもとづくたちいりけんさをするしょくいんのけいたいするみぶんをしめすしょうめいしょのようしきをさだめるきそく,令和五年四月一日
427M60020000005,規則,行政手続における特定の個人を識別するための番号の利用等に関する法律第二十九条の四第一項及び第二項に基づく特定個人情報の漏えい等に関する報告等に関する規則,ぎょうせいてつづきにおけるとくていのこじんをしきべつするためのばんごうのりようとうにかんするほうりつだいにじゅうきゅうじょうのよんだいいっこうおよびだいにこうにもとづくとくていこじんじょうほうのろうえいとうにかんするほうこくとうにかんするきそく,令和七年十月一日
427M60200000001,規則,公正取引委員会の意見聴取に関する規則,こうせいとりひきいいんかいのいけんちょうしゅにかんするきそく,令和七年十二月十八日
427M60400000006,規則,情報技術の解析に関する規則,じょうほうぎじゅつのかいせきにかんするきそく,令和四年四月一日
427M60400000016,規則,国際連合安全保障理事会決議第千二百六十七号等を踏まえ我が国が実施する財産の凍結等に関する特別措置法施行規則,こくさいれんごうあんぜんほしょうりじかいけつぎだいせんにひゃくろくじゅうななごうとうをふまえわがくにがじっしするざいさんのとうけつとうにかんするとくべつそちほうしこうきそく,令和五年六月一日
427M60400000017,規則,国際連合安全保障理事会決議第千二百六十七号等を踏まえ我が国が実施する財産の凍結等に関する特別措置法の規定に基づく意見の聴取の実施に関する規則,こくさいれんごうあんぜんほしょうりじかいけつぎだいせんにひゃくろくじゅうななごうとうをふまえわがくにがじっしするざいさんのとうけつとうにかんするとくべつそちほうのきていにもとづくいけんのちょうしゅのじっしにかんするきそく,令和七年三月一日
427M60400000018,規則,不正競争防止法第三十五条第三項の規定に基づく司法警察員の指定に関する規則,ふせいきょうそうぼうしほうだいさんじゅうごじょうだいさんこうのきていにもとづくしほうけいさついんのしていにかんするきそく,令和六年四月一日
427RJNJ01064000,規則,人事院規則一―六四（職員の公益財団法人東京オリンピック・パラリンピック競技大会組織委員会への派遣）,じんじいんきそくいちのろくじゅうよんしょくいんのこうえきざいだんほうじんとうきょうおりんぴっくぱらりんぴっくきょうぎたいかいそしきいいんかいへのはけん,令和四年六月二十四日
427RJNJ01065000,規則,人事院規則一―六五（職員の公益財団法人ラグビーワールドカップ二千十九組織委員会への派遣）,じんじいんきそくいちのろくじゅうごしょくいんのこうえきざいだんほうじんらぐびーわーるどかっぷにせんじゅうきゅうそしきいいんかいへのはけん,令和元年五月二十三日
427RPMD04100000,府省令,内閣官房に内閣総理大臣が特に必要と認める場合に企画官を置く規則,ないかくかんぼうにないかくそうりだいじんがとくにひつようとみとめるばあいにきかくかんをおくきそく,令和五年九月一日
428AC0000000043,法律,特定国立研究開発法人による研究開発等の促進に関する特別措置法,とくていこくりつけんきゅうかいはつほうじんによるけんきゅうかいはつとうのそくしんにかんするとくべつそちほう,平成二十八年十月一日
428AC0000000076,法律,人工衛星等の打上げ及び人工衛星の管理に関する法律,じんこうえいせいとうのうちあげおよびじんこうえいせいのかんりにかんするほうりつ,令和七年六月一日
428AC0000000077,法律,衛星リモートセンシング記録の適正な取扱いの確保に関する法律,えいせいりもーとせんしんぐきろくのてきせいなとりあつかいのかくほにかんするほうりつ,令和七年六月一日
428AC0000000089,法律,外国人の育成就労の適正な実施及び育成就労外国人の保護に関する法律,がいこくじんのいくせいしゅうろうのてきせいなじっしおよびいくせいしゅうろうがいこくじんのほごにかんするほうりつ,令和九年四月一日
428AC0100000068,法律,本邦外出身者に対する不当な差別的言動の解消に向けた取組の推進に関する法律,ほんぽうがいしゅっしんしゃにたいするふとうなさべつてきげんどうのかいしょうにむけたとりくみのすいしんにかんするほうりつ,平成二十八年六月三日
428AC0100000110,法律,民間あっせん機関による養子縁組のあっせんに係る児童の保護等に関する法律,みんかんあっせんきかんによるようしえんぐみのあっせんにかかるじどうのほごとうにかんするほうりつ,令和七年十月一日
428AC0100000111,法律,建設工事従事者の安全及び健康の確保の推進に関する法律,けんせつこうじじゅうじしゃのあんぜんおよびけんこうのかくほのすいしんにかんするほうりつ,平成二十九年三月十六日
428AC1000000009,法律,重要施設の周辺地域の上空における小型無人機等の飛行の禁止に関する法律,じゅうようしせつのしゅうへんちいきのじょうくうにおけるこがたむじんきとうのひこうのきんしにかんするほうりつ,令和七年六月一日
428AC1000000012,法律,戦没者の遺骨収集の推進に関する法律,せんぼつしゃのいこつしゅうしゅうのすいしんにかんするほうりつ,令和五年六月十六日
428AC1000000029,法律,成年後見制度の利用の促進に関する法律,せいねんこうけんせいどのりようのそくしんとうにかんするほうりつ,平成三十年四月一日
428AC1000000033,法律,有人国境離島地域の保全及び特定有人国境離島地域に係る地域社会の維持に関する特別措置法,ゆうじんこっきょうりとうちいきのほぜんおよびとくていゆうじんこっきょうりとうちいきにかかるちいきしゃかいのいじにかんするとくべつそちほう,令和七年四月一日
428AC1000000048,法律,合法伐採木材等の流通及び利用の促進に関する法律,ごうほうばっさいもくざいとうのりゅうつうおよびりようのそくしんにかんするほうりつ,令和七年六月一日
428AC1000000067,法律,平成二十八年熊本地震災害関連義援金に係る差押禁止等に関する法律,へいせいにじゅうはちねんくまもとじしんさいがいかんれんぎえんきんにかかるさしおさえきんしとうにかんするほうりつ,平成二十八年六月三日
428AC1000000073,法律,国外犯罪被害弔慰金等の支給に関する法律,こくがいはんざいひがいちょういきんとうのしきゅうにかんするほうりつ,令和六年九月二十六日
428AC1000000074,法律,真珠の振興に関する法律,しんじゅのしんこうにかんするほうりつ,平成二十八年六月七日
428AC1000000101,法律,民間公益活動を促進するための休眠預金等に係る資金の活用に関する法律,みんかんこうえきかつどうをそくしんするためのきゅうみんよきんとうにかかるしきんのかつようにかんするほうりつ,令和十年六月十三日
428AC1000000103,法律,官民データ活用推進基本法,かんみんでーたかつようすいしんきほんほう,令和三年九月一日
428AC1000000104,法律,再犯の防止等の推進に関する法律,さいはんのぼうしとうのすいしんにかんするほうりつ,令和六年四月一日
428AC1000000105,法律,義務教育の段階における普通教育に相当する教育の機会の確保等に関する法律,ぎむきょういくのだんかいにおけるふつうきょういくにそうとうするきょういくのきかいのかくほとうにかんするほうりつ,令和五年四月一日
428AC1000000109,法律,部落差別の解消の推進に関する法律,ぶらくさべつのかいしょうのすいしんにかんするほうりつ,平成二十八年十二月十六日
428AC1000000112,法律,無電柱化の推進に関する法律,むでんちゅうかのすいしんにかんするほうりつ,令和四年四月一日
428AC1000000113,法律,自転車活用推進法,じてんしゃかつようすいしんほう,平成二十九年五月一日
428AC1000000115,法律,特定複合観光施設区域の整備の推進に関する法律,とくていふくごうかんこうしせつくいきのせいびのすいしんにかんするほうりつ,令和三年九月一日
428CO0000000008,政令,建築物のエネルギー消費性能の向上等に関する法律施行令,けんちくぶつのえねるぎーしょうひせいのうのこうじょうとうにかんするほうりつしこうれい,令和七年四月一日
428CO0000000011,政令,独立行政法人大学評価・学位授与機構法の一部を改正する法律の施行に伴う関係政令の整備及び経過措置に関する政令,どくりつぎょうせいほうじんだいがくひょうかがくいじゅよきこうほうのいちぶをかいせいするほうりつのしこうにともなうかんけいせいれいのせいびおよびけいかそちにかんするせいれい,平成二十八年四月一日
428CO0000000012,政令,独立行政法人大学改革支援・学位授与機構法施行令,どくりつぎょうせいほうじんだいがくかいかくしえんがくいじゅよきこうしこうれい,令和五年二月二十日
428CO0000000013,政令,国立研究開発法人放射線医学総合研究所法の一部を改正する法律の施行に伴う関係政令の整備及び経過措置に関する政令,こくりつけんきゅうかいはつほうじんほうしゃせんいがくそうごうけんきゅうしょほうのいちぶをかいせいするほうりつのせこうにともなうかんけいせいれいのせいびおよびけいかそちにかんするせいれい,平成二十八年四月一日
428CO0000000021,政令,道路運送車両法及び自動車検査独立行政法人法の一部を改正する法律の施行に伴う関係政令の整備及び経過措置に関する政令,どうろうんそうしゃりょうほうおよびじどうしゃけんさどくりつぎょうせいほうじんほうのいちぶをかいせいするほうりつのせこうにともなうかんけいせいれいのせいびおよびけいかそちにかんするせいれい,平成三十年四月一日
428CO0000000028,政令,存続都道府県中央会等の組織変更の登記に関する政令,そんぞくとどうふけんちゅうおうかいとうのそしきへんこうのとうきにかんするせいれい,平成二十八年四月一日
428CO0000000032,政令,障害を理由とする差別の解消の推進に関する法律施行令,しょうがいをりゆうとするさべつのかいしょうのすいしんにかんするほうりつしこうれい,令和九年四月一日
428CO0000000043,政令,電気事業法等の一部を改正する法律の施行に伴う関係政令の整備及び経過措置に関する政令,でんきじぎょうほうとうのいちぶをかいせいするほうりつのせこうにともなうかんけいせいれいのせいびおよびけいかそちにかんするせいれい,平成二十八年四月一日
428CO0000000049,政令,電気事業法等の一部を改正する等の法律の施行に伴う経過措置に関する政令,でんきじぎょうほうとうのいちぶをかいせいするとうのほうりつのせこうにともなうけいかそちにかんするせいれい,令和二年八月十三日
428CO0000000057,政令,独立行政法人に係る改革を推進するための国土交通省関係法律の整備に関する法律の施行に伴う関係政令の整備及び経過措置に関する政令,どくりつぎょうせいほうじんにかかるかいかくをすいしんするためのこくどこうつうしょうかんけいほうりつのせいびにかんするほうりつのしこうにともなうかんけいせいれいのせいびおよびけいかそちにかんするせいれい,平成二十八年四月一日
428CO0000000058,政令,独立行政法人海技教育機構法第十四条第一項の規定による医療法施行令の規定の技術的読替え等に関する政令,どくりつぎょうせいほうじんかいぎきょういくきこうほうだいじゅうよんじょうだいいっこうのきていによるいりょうほうせこうれいのきていのぎじゅつてきよみかえとうにかんするせいれい,令和二年四月一日
428CO0000000063,政令,平成二十七年等における特定地域に係る激甚災害及びこれに対し適用すべき措置の指定に関する政令,へいせいにじゅうななねんとうにおけるとくていちいきにかかるげきじんさいがいおよびこれにたいしてきようすべきそちのしていにかんするせいれい,平成二十八年三月十一日
428CO0000000078,政令,独立行政法人に係る改革を推進するための厚生労働省関係法律の整備等に関する法律の施行に伴う関係政令の整備等及び経過措置に関する政令,どくりつぎょうせいほうじんにかかるかいかくをすいしんするためのこうせいろうどうしょうかんけいほうりつのせいびとうにかんするほうりつのしこうにともなうかんけいせいれいのせいびとうおよびけいかそちにかんするせいれい,平成二十八年四月一日
428CO0000000082,政令,医療法の一部を改正する法律の一部の施行に伴う関係政令の整備及び経過措置に関する政令,いりょうほうのいちぶをかいせいするほうりつのいちぶのしこうにともなうかんけいせいれいのせいびおよびけいかそちにかんするせいれい,平成二十八年九月一日
428CO0000000086,政令,独立行政法人に係る改革を推進するための農林水産省関係法律の整備に関する法律の施行に伴う関係政令の整備及び経過措置に関する政令,どくりつぎょうせいほうじんにかかるかいかくをすいしんするためののうりんすいさんしょうかんけいほうりつのせいびにかんするほうりつのしこうにともなうかんけいせいれいのせいびおよびけいかそちにかんするせいれい,平成二十八年四月一日
428CO0000000130,政令,令和八年度における旧国家公務員等共済組合法による退職年金等の俸給年額改定率の改定に関する政令,れいわはちねんどにおけるきゅうこっかこうむいんとうきょうさいくみあいほうによるたいしょくねんきんとうのほうきゅうねんがくかいていりつのかいていにかんするせいれい,令和八年四月一日
428CO0000000132,政令,令和八年度における旧地方公務員等共済組合法による退職年金等の給料年額改定率の改定に関する政令,れいわはちねんどにおけるきゅうちほうこうむいんとうきょうさいくみあいほうによるたいしょくねんきんとうのきゅうりょうねんがくかいていりつのかいていにかんするせいれい,令和八年四月一日
428CO0000000185,政令,社会福祉法等の一部を改正する法律の一部の施行に伴う関係政令の整備及び経過措置に関する政令,しゃかいふくしほうとうのいちぶをかいせいするほうりつのいちぶのしこうにともなうかんけいせいれいのせいびおよびけいかそちにかんするせいれい,平成二十八年四月一日
428CO0000000196,政令,水酸化カリウムに対して課する不当廉売関税に関する政令,すいさんかかりうむにたいしてかするふとうれんばいかんぜいにかんするせいれい,令和三年八月十四日
428CO0000000207,政令,平成二十八年熊本地震による災害についての激甚災害及びこれに対し適用すべき措置の指定に関する政令,へいせいにじゅうはちねんくまもとじしんによるさいがいについてのげきじんさいがいおよびこれにたいしてきようすべきそちのしていにかんするせいれい,令和元年十月三十日
428CO0000000211,政令,年金生活者支援給付金の支給に関する法律の一部の施行に伴う経過措置に関する政令,ねんきんせいかつしゃしえんきゅうふきんのしきゅうにかんするほうりつのいちぶのせこうにともなうけいかそちにかんするせいれい,平成三十年十月十七日
428CO0000000213,政令,平成二十八年熊本地震による災害についての特定非常災害及びこれに対し適用すべき措置の指定に関する政令,へいせいにじゅうはちねんくまもとじしんによるさいがいについてのとくていひじょうさいがいおよびこれにたいしてきようすべきそちのしていにかんするせいれい,令和四年五月三十一日
428CO0000000215,政令,成年後見制度利用促進会議令,せいねんこうけんせいどりようそくしんかいぎれい,平成二十八年五月十三日
428CO0000000216,政令,成年後見制度利用促進委員会令,せいねんこうけんせいどりようそくしんいいんかいれい,平成二十八年五月十三日
428CO0000000218,政令,平成二十八年熊本地震による災害についての非常災害の指定に関する政令,へいせいにじゅうはちねんくまもとじしんによるさいがいについてのひじょうさいがいのしていにかんするせいれい,令和七年六月四日
428CO0000000224,政令,重要施設の周辺地域の上空における小型無人機等の飛行の禁止に関する法律施行令,じゅうようしせつのしゅうへんちいきのじょうくうにおけるこがたむじんきとうのひこうのきんしにかんするほうりつしこうれい,令和七年十二月八日
428CO0000000262,政令,特定Ｂ型肝炎ウイルス感染者給付金等の支給に関する特別措置法の一部を改正する法律の施行に伴う経過措置に関する政令,とくていびーがたかんえいういるすかんせんしゃきゅうふきんとうのしきゅうにかんするとくべつそちほうのいちぶをかいせいするほうりつのしこうにともなうけいかそちにかんするせいれい,平成二十八年八月一日
428CO0000000282,政令,平成二十八年六月六日から七月十五日までの間の豪雨による災害についての激甚災害及びこれに対し適用すべき措置の指定に関する政令,へいせいにじゅうはちねんろくがつむいかからしちがつじゅうごにちまでのあいだのごううによるさいがいについてのげきじんさいがいおよびこれにたいしてきようすべきそちのしていにかんするせいれい,平成二十九年三月十日
428CO0000000303,政令,規制改革推進会議令,きせいかいかくすいしんかいぎれい,令和元年十月二十四日
428CO0000000309,政令,平成二十八年八月十六日から九月一日までの間の暴風雨及び豪雨による災害についての激甚災害並びにこれに対し適用すべき措置の指定に関する政令,へいせいにじゅうはちねんはちがつじゅうろくにちからくがつついたちまでのあいだのぼうふううおよびごううによるさいがいについてのげきじんさいがいならびにこれにたいしてきようすべきそちのしていにかんするせいれい,平成二十九年三月十七日
428CO0000000310,政令,確定拠出年金法等の一部を改正する法律の施行に伴う関係政令の整備等及び経過措置に関する政令,かくていきょしゅつねんきんほうとうのいちぶをかいせいするほうりつのしこうにともなうかんけいせいれいのせいびとうおよびけいかそちにかんするせいれい,平成二十九年一月一日
428CO0000000317,政令,電気事業法等の一部を改正する等の法律附則第三条第一項の託送供給等約款の認可の申請の期限等を定める政令,でんきじぎょうほうとうのいちぶをかいせいするとうのほうりつふそくだいさんじょうだいいっこうのたくそうきょうきゅうとうやっかんのきょかのしんせいのきげんとうをさだめるせいれい,平成二十八年九月三十日
428CO0000000319,政令,原子力発電における使用済燃料の再処理等のための積立金の積立て及び管理に関する法律の一部を改正する法律の施行に伴う関係政令の整備及び経過措置に関する政令,げんしりょくはつでんにおけるしようずみねんりょうのさいしょりのためのつみたてきんのつみたておよびかんりにかんするほうりつのいちぶをかいせいするほうりつのしこうにともなうかんけいせいれいのせいびおよびけいかそちにかんするせいれい,令和六年四月一日
428CO0000000323,政令,公的年金制度の財政基盤及び最低保障機能の強化等のための国民年金法等の一部を改正する法律の一部の施行に伴う経過措置に関する政令,こうてきねんきんせいどのざいせいきばんおよびさいていほしょうきのうのきょうかとうのためのこくみんねんきんほうとうのいちぶをかいせいするほうりつのいちぶのせこうにともなうけいかそちにかんするせいれい,令和六年十月一日
428CO0000000324,政令,個人情報の保護に関する法律及び行政手続における特定の個人を識別するための番号の利用等に関する法律の一部を改正する法律の施行に伴う関係政令の整備及び経過措置に関する政令,こじんじょうほうのほごにかんするほうりつおよびぎょうせいてつづきにおけるとくていのこじんをしきべつするためのばんごうのりようとうにかんするほうりつのいちぶをかいせいするほうりつのしこうにともなうかんけいせいれいのせいびおよびけいかそちにかんするせいれい,平成二十九年五月三十日
428CO0000000325,政令,被災区分所有建物の再建等に関する特別措置法第二条の災害を定める政令,ひさいくぶんしょゆうたてもののさいけんとうにかんするとくべつそちほうだいにじょうのさいがいをさだめるせいれい,平成二十八年十月五日
428CO0000000336,政令,平成二十八年九月十七日から同月二十一日までの間の暴風雨及び豪雨による災害についての激甚災害並びにこれに対し適用すべき措置の指定に関する政令,へいせいにじゅうはちねんくまもとじしんによるさいがいについてのさいがいたいさくきほんほうだいひゃくにじょうだいいっこうのせいれいでさだめるねんどとうをさだめるせいれい,平成二十九年三月十日
428CO0000000344,政令,地域の自主性及び自立性を高めるための改革の推進を図るための関係法律の整備に関する法律の施行に伴う経過措置に関する政令,ちいきのじしゅせいおよびじりつせいをたかめるためのかいかくのすいしんをはかるためのかんけいほうりつのせいびにかんするほうりつのしこうにともなうけいかそちにかんするせいれい,平成二十九年四月一日
428CO0000000345,政令,平成二十八年熊本地震による災害についての災害対策基本法第百二条第一項の政令で定める年度等を定める政令,へいせいにじゅうはちねんくまもとじしんによるさいがいについてのさいがいたいさくきほんほうだいひゃくにじょうだいいっこうのせいれいでさだめるねんどとうをさだめるせいれい,令和二年二月二十七日
428CO0000000399,政令,雇用保険法等の一部を改正する法律の施行に伴う関係政令の整備等及び経過措置に関する政令,こようほけんほうとうのいちぶをかいせいするほうりつのしこうにともなうかんけいせいれいのせいびおよびけいかそちにかんするせいれい,平成二十九年一月一日
428M60000002002,府省令,障害を理由とする差別の解消の推進に関する法律施行規則,しょうがいをりゆうとするさべつのかいしょうのすいしんにかんするほうりつしこうきそく,平成二十八年四月一日
428M60000002006,府省令,不当景品類及び不当表示防止法施行規則,ふとうけいひんるいおよびふとうひょうじぼうしほうせこうきそく,令和六年十月一日
428M60000002038,府省令,迎賓館の施設に係る参観料の徴収に関する内閣府令,げいひんかんのしせつにかかるさんかんりょうのちょうしゅうにかんするないかくふれい,令和三年九月二十九日
428M60000002041,府省令,成年後見制度利用促進委員会事務局組織規則,せいねんこうけんせいどりようそくしんいいんかいじむきょくそしききそく,平成二十八年五月十三日
428M60000008005,府省令,行政不服審査法施行規則,ぎょうせいふふくしんさほうしこうきそく,令和八年五月二十一日
428M60000008007,府省令,地方自治法第二百五十五条の五第一項の規定による自治紛争処理委員の審理等の手続に関する省令,ちほうじちほうだいにひゃくごじゅうごじょうのごだいいっこうのきていによるじちふんそうしょりいいんのしんりとうのてつづきにかんするしょうれい,平成二十八年四月一日
428M60000008031,府省令,第二種指定電気通信設備接続料規則,だいにしゅしていでんきつうしんせつびせつぞくりょうきそく,令和八年一月二十七日
428M60000008037,府省令,独立行政法人に係る改革を推進するための厚生労働省関係法律の整備等に関する法律等の施行に伴う独立行政法人の組織、運営及び管理に係る共通的な事項に関する省令第五条第二項に規定する子会社等に係る経過措置に関する省令,どくりつぎょうせいほうじんにかかるかいかくをすいしんするためのこうせいろうどうしょうかんけいほうりつのせいびとうにかんするほうりつとうのしこうにともなうどくりつぎょうせいほうじんのそしきうんえいおよびかんりにかかるきょうつうてきなじこうにかんするしょうれいだいごじょうだいにこうにきていするこがいしゃとうにかかるけいかそちにかんするしょうれい,平成二十八年四月一日
428M60000008045,府省令,行政不服審査会事務局組織規則,ぎょうせいふふくしんさかいじむきょくそしききそく,平成二十八年四月一日
428M60000008085,府省令,公的年金制度の財政基盤及び最低保障機能の強化等のための国民年金法等の一部を改正する法律の一部の施行に伴う経過措置に関する省令,こうてきねんきんせいどのざいせいきばんおよびさいていほしょうきのうのきょうかとうのためのこくみんねんきんほうとうのいちぶをかいせいするほうりつのいちぶのしこうにともなうけいかそちにかんするしょうれい,平成二十九年四月一日
428M60000010006,府省令,電気事業法等の一部を改正する等の法律の施行に伴う経過措置に関する政令において準用する不動産登記令第九条の情報を定める省令,でんきじぎょうほうとうのいちぶをかいせいするとうのほうりつのしこうにともなうけいかそちにかんするせいれいにおいてじゅんようするふどうさんとうきれいだいきゅうじょうのじょうほうをさだめるしょうれい,令和四年四月一日
428M60000040010,府省令,金融商品取引法等に基づく課徴金等の納付手続の特例に関する省令,きんゆうしょうひんとりひきほうとうにもとづくかちょうきんとうののうふてつづきのとくれいにかんするしょうれい,令和三年八月一日
428M60000040045,府省令,平成二十八年熊本地震に伴う救じゅつ又は学芸技術奨励の目的を有する寄附金等の保管出納に関する件に係る寄附金の保管金取扱規程等の臨時特例に関する省令,へいせいにじゅうはちねんくまもとじしんにともなうきゅうじゅつまたはがくげいぎじゅつしょうれいのもくてきをゆうするきふきんとうのほかんすいとうにかんするけんにかかるきふきんのほかんきんとりあつかいきていとうのりんじとくれいにかんするしょうれい,令和三年一月一日
428M60000040069,府省令,公的年金制度の財政基盤及び最低保障機能の強化等のための国民年金法等の一部を改正する法律の一部の施行に伴う経過措置に関する省令,こうてきねんきんせいどのざいせいきばんおよびさいていほしょうきのうのきょうかとうのためのこくみんねんきんほうとうのいちぶをかいせいするほうりつのいちぶのしこうにともなうけいかそちにかんするしょうれい,平成二十九年四月一日
428M60000048005,府省令,外国居住者等の所得に対する相互主義による所得税等の非課税等に関する法律施行規則,がいこくきょじゅうしゃとうのしょとくにたいするそうごしゅぎによるしょとくぜいとうのひかぜいとうにかんするほうりつせこうきそく,令和八年一月一日
428M60000080002,府省令,国家戦略特別区域法に基づく国家戦略特別区域内の平成二十九年度に開設する医学部を置く大学に係る大学設置基準の特例に関する省令,こっかせんりゃくとくべつくいきほうにもとづくこっかせんりゃくとくべつくいきないのへいせいにじゅうきゅうねんどにかいせつするいがくぶをおくだいがくにかかるだいがくせっちきじゅんのとくれいにかんするしょうれい,令和五年九月一日
428M60000100031,府省令,職業能力開発促進法施行規則第四十八条の十七第一項第一号及び第二号に規定する講習の指定に関する省令,しょくぎょうのうりょくかいはつそくしんほうしこうきそくだいよんじゅうはちじょうのじゅうななだいいっこうだいいちごうおよびだいにごうにきていするこうしゅうのしていにかんするしょうれい,令和六年四月一日
428M60000100048,府省令,自殺対策基本法第十四条に規定する交付金に関する省令,じさつたいさくきほんほうだいじゅうよんじょうにきていするこうふきんにかんするしょうれい,平成二十八年四月一日
428M60000100079,府省令,社会福祉法人会計基準,しゃかいふくしほうじんかいけいきじゅん,令和四年四月一日
428M60000100094,府省令,厚生労働省関係地域再生法施行規則,こうせいろうどうしょうかんけいちいきさいせいほうしこうきそく,令和六年十月一日
428M60000100095,府省令,医療法人会計基準,いりょうほうじんかいけいきじゅん,令和元年五月七日
428M60000100097,府省令,年金生活者支援給付金の支給に関する法律の一部の施行に伴う経過措置に関する省令,ねんきんせいかつしゃしえんきゅうふきんのしきゅうにかんするほうりつのいちぶのしこうにともなうけいかそちにかんするしょうれい,平成三十年十月十七日
428M60000100112,府省令,戦没者の遺骨収集の推進に関する法律施行規則,せんぼつしゃのいこつしゅうしゅうのすいしんにかんするほうりつしこうきそく,平成三十一年一月二十四日
428M60000100133,府省令,平成二十八年熊本地震に対処するための要介護認定有効期間及び要支援認定有効期間の特例に関する省令,へいせいにじゅうはちねんくまもとじしんにたいしょするためのようかいごにんていゆうこうきかんおよびようしえんにんていゆうこうきかんのとくれいにかんするしょうれい,平成二十八年七月二十八日
428M60000100153,府省令,公的年金制度の財政基盤及び最低保障機能の強化等のための国民年金法等の一部を改正する法律の一部の施行に伴う経過措置に関する省令,こうてきねんきんせいどのざいせいきばんおよびさいていほしょうきのうのきょうかとうのためのこくみんねんきんほうとうのいちぶをかいせいするほうりつのいちぶのしこうにともなうけいかそちにかんするしょうれい,令和六年十月一日
428M60000100159,府省令,確定拠出年金法等の一部を改正する法律の施行に伴う厚生労働省関係省令の整備等及び経過措置に関する省令,かくていきょしゅつねんきんほうとうのいちぶをかいせいするほうりつのしこうにともなうこうせいろうどうしょうかんけいしょうれいのせいびとうおよびけいかそちにかんするしょうれい,平成二十九年一月一日
428M60000110003,府省令,外国人の技能実習の適正な実施及び技能実習生の保護に関する法律施行規則,がいこくじんのぎのうじっしゅうのてきせいなじっしおよびぎのうじっしゅうせいのほごにかんするほうりつしこうきそく,令和八年一月三十日
428M60000110004,府省令,外国人技能実習機構の財務及び会計に関する省令,がいこくじんぎのうじっしゅうきこうのざいむおよびかいけいにかんするしょうれい,平成二十八年十一月二十八日
428M60000180001,府省令,公認心理師法に基づく指定試験機関及び指定登録機関に関する省令,こうにんしんりしほうにもとづくしていしけんきかんおよびしていとうろくきかんにかんするしょうれい,令和六年五月二十七日
428M60000200051,府省令,漁業近代化資金融通法施行規則,ぎょぎょうきんだいかしきんゆうづうほうしこうきそく,平成二十九年四月一日
428M60000200061,府省令,ジャガイモシロシストセンチュウの緊急防除に関する省令,じゃがいもしろしすとせんちゅうのきんきゅうぼうじょにかんするしょうれい,令和八年四月一日
428M60000242003,府省令,農林中央金庫及び特定農水産業協同組合等による信用事業の再編及び強化に関する法律附則第三十三条第一項の規定により適用する銀行法第二十六条第二項に規定する区分等を定める命令,のうりんちゅうおうきんこおよびとくていのうすいさんぎょうきょうどうくみあいとうによるしんようじぎょうのさいへんおよびきょうかにかんするほうりつふそくだいさんじゅうさんじょうだいいっこうのきていによりてきようするぎんこうほうだいにじゅうろくじょうだいにこうにきていするくぶんとうをさだめるめいれい,令和五年三月三十一日
428M60000300001,府省令,農業協同組合法の規定による消費生活協同組合又は医療法人への組織変更に関する省令,のうぎょうきょうどうくみあいほうのきていによるしょうひせいかつきょうどうくみあいまたはいりょうほうじんへのそしきへんこうにかんするしょうれい,平成三十年四月一日
428M60000400020,府省令,電気事業法等の一部を改正する等の法律附則第十条第一項に規定する分割証明情報に係る申請手続に関する省令,でんきじぎょうほうとうのいちぶをかいせいするとうのほうりつふそくだいじゅうじょうだいいっこうにきていするぶんかつしょうめいじょうほうにかかるしんせいてつづきにかんするしょうれい,令和二年十二月二十八日
428M60000400022,府省令,一般送配電事業託送供給等約款料金算定規則,いっぱんそうはいでんじぎょうたくそうきょうきゅうとうやっかんりょうきんさんていきそく,令和七年六月六日
428M60000400023,府省令,みなし小売電気事業者特定小売供給約款料金算定規則,みなしこうりでんきじぎょうしゃとくていこうりきょうきゅうやっかんりょうきんさんていきそく,令和八年四月一日
428M60000400033,府省令,電気事業法等の一部を改正する等の法律の施行に伴う経過措置に関する省令,でんきじぎょうほうとうのいちぶをかいせいするとうのほうりつのしこうにともなうけいかそちにかんするしょうれい,令和二年十二月二十八日
428M60000400045,府省令,みなし小売電気事業者部門別収支計算規則,みなしこうりでんきじぎょうしゃぶもんべつしゅうしけいさんきそく,令和八年四月一日
428M60000400053,府省令,渇水準備引当金に関する省令,かっすいじゅんびひきあてきんにかんするしょうれい,令和三年四月一日
428M60000400078,府省令,電気事業法等の一部を改正する等の法律附則第十八条第一項本文の規定に基づき一般ガス事業者が定める託送供給約款で設定する託送供給約款料金の算定に関する省令,でんきじぎょうほうとうのいちぶをかいせいするとうのほうりつふそくだいじゅうはちじょうだいいっこうほんぶんのきていにもとづきいっぱんがすじぎょうしゃがさだめるたくそうきょうきゅうやっかんでせっていするたくそうきょうきゅうやっかんりょうきんのさんていにかんするしょうれい,平成二十八年六月二十七日
428M60000400079,府省令,電気事業法等の一部を改正する等の法律附則第十八条第一項本文の規定に基づき一般ガス事業者が定める託送供給約款において定めるべき事項等に関する省令,でんきじぎょうほうとうのいちぶをかいせいするとうのほうりつふそくだいじゅうはちじょうだいいっこうほんぶんのきていにもとづきいっぱんがすじぎょうしゃがさだめるたくそうきょうきゅうやっかんにおいてさだめるべきじこうとうにかんするしょうれい,令和元年七月一日
428M60000400082,府省令,国際相互承認に係る容器保安規則,こくさいそうごしょうにんにかかるようきほあんきそく,令和七年十一月五日
428M60000400089,府省令,使用済燃料再処理・廃炉推進機構に関する省令,しようずみねんりょうさいしょりはいろすいしんきこうにかんするしょうれい,令和七年六月一日
428M60000400093,府省令,使用済燃料再処理・廃炉推進機構の財務及び会計に関する省令,しようずみねんりょうさいしょり・はいろすいしんきこうのざいむおよびかいけいにかんするしょうれい,令和六年四月一日
428M60000400100,府省令,電気事業法等の一部を改正する等の法律附則第三条第一項の規定に基づき一般送配電事業者が定める託送供給等約款において定めるべき事項等に関する省令,でんきじぎょうほうとうのいちぶをかいせいするとうのほうりつふそくだいさんじょうだいいっこうのきていにもとづきいっぱんそうはいでんじぎょうしゃがさだめるたくそうきょうきゅうとうやっかんにおいてさだめるべきじこうとうにかんするしょうれい,平成二十八年十月十二日
428M60000400101,府省令,電気事業法等の一部を改正する等の法律附則第三条第一項の規定に基づき一般送配電事業者が定める託送供給等約款で設定する託送供給等約款料金の算定に関する省令,でんきじぎょうほうとうのいちぶをかいせいするとうのほうりつふそくだいさんじょうだいいっこうのきていにもとづきいっぱんそうはいでんじぎょうしゃがさだめるたくそうきょうきゅうとうやっかんでせっていするたくそうきょうきゅうとうやっかんりょうきんのさんていにかんするしょうれい,平成二十八年十月十二日
428M60000400102,府省令,情報処理の促進に関する法律施行規則,じょうほうしょりのそくしんにかんするほうりつせこうきそく,令和七年八月四日
428M60000440001,府省令,承継法人が分割により承継した兼業者たる法人の権利の登記等の登録免許税の免税を受けるための手続に関する省令,しょうけいほうじんがぶんかつによりしょうけいしたけんぎょうしゃたるほうじんのけんりのとうきとうのとうろくめんきょぜいのめんぜいをうけるためのてつづきにかんするしょうれい,平成二十八年四月一日
428M60000800005,府省令,建築物のエネルギー消費性能の向上等に関する法律施行規則,けんちくぶつのえねるぎーしょうひせいのうのこうじょうとうにかんするほうりつしこうきそく,令和七年四月一日
428M60000800011,府省令,船員に関する青少年の雇用の促進等に関する法律施行規則,せんいんにかんするせいしょうねんのこようのそくしんとうにかんするほうりつしこうきそく,令和四年四月一日
428M60000800014,府省令,道路運送車両法及び自動車検査独立行政法人法の一部を改正する法律の施行に伴う関係省令の整備及び経過措置に関する省令,どうろうんそうしゃりょうほうおよびじどうしゃけんさどくりつぎょうせいほうじんほうのいちぶをかいせいするほうりつのしこうにともなうかんけいしょうれいのせいびおよびけいかそちにかんするしょうれい,平成二十八年四月一日
428M60000800015,府省令,共通構造部型式指定規則,きょうつうこうぞうぶかたしきしていきそく,令和八年四月一日
428M60000800017,府省令,道路運送車両法関係手数料規則,どうろうんそうしゃりょうほうかんけいてすうりょうきそく,令和八年三月三十一日
428M60000800022,府省令,船員に関する障害者の雇用の促進等に関する法律施行規則,せんいんにかんするしょうがいしゃのこようのそくしんとうにかんするほうりつしこうきそく,令和六年四月一日
428M60000800024,府省令,独立行政法人に係る改革を推進するための国土交通省関係法律の整備に関する法律の施行に伴う国土交通省関係省令の整備及び経過措置に関する省令,どくりつぎょうせいほうじんにかかるかいかくをすいしんするためのこくどこうつうしょうかんけいほうりつのせいびにかんするほうりつのしこうにともなうこくどこうつうしょうかんけいしょうれいのせいびおよびけいかそちにかんするしょうれい,平成二十八年四月一日
428M60000800041,府省令,国土交通省関係重要施設の周辺地域の上空における小型無人機等の飛行の禁止に関する法律施行規則,こくどこうつうしょうかんけいじゅうようしせつのしゅうへんちいきのじょうくうにおけるこがたむじんきとうのひこうのきんしにかんするほうりつしこうきそく,令和七年六月一日
428M60000800066,府省令,被災地域境界基本調査作業規程準則,ひさいちいききょうかいきほんちょうささぎょうきていじゅんそく,令和二年九月二十九日
428M60000802003,府省令,物資の流通の効率化に関する法律に基づく総合効率化計画の認定に係る都道府県公安委員会の意見の聴取に関する命令,ぶっしのりゅうつうのこうりつかにかんするほうりつにもとづくそうごうこうりつかけいかくのにんていにかかるとどうふけんこうあんいいんかいのいけんのちょうしゅにかんするめいれい,令和七年四月一日
428M60000C00001,府省令,建築物エネルギー消費性能基準等を定める省令,けんちくぶつえねるぎーしょうひせいのうきじゅんとうをさだめるしょうれい,令和八年四月一日
428M60000F4A002,府省令,経営力向上に関する命令,けいえいりょくこうじょうにかんするめいれい,令和七年六月二日
428M60000F4A003,府省令,中小企業等経営強化法第三十九条第一項に規定する事業分野別経営力向上推進業務を行う者の認定等に関する命令,ちゅうしょうきぎょうとうけいえいきょうかほうだいさんじゅうきゅうじょうだいいっこうにきていするじぎょうぶんやべつけいえいりょくこうじょうすいしんぎょうむをおこなうもののにんていとうにかんするめいれい,令和三年八月二日
428M60002000008,府省令,国際機関等に派遣された防衛省職員の平均給与額計算の基礎となる給与に加える寒冷地手当に関する省令,こくさいきかんとうにはけんされたぼうえいしょうしょくいんのへいきんきゅうよがくけいさんのきそとなるきゅうよにくわえるかんれいちてあてにかんするしょうれい,平成二十八年三月二十九日
428M60020000002,規則,特定個人情報の取扱いの状況に係る行政機関等に対する定期的な検査に関する規則,とくていこじんじょうほうのとりあつかいのじょうきょうにかかるぎょうせいきかんとうにたいするていきてきなけんさにかんするきそく,令和四年三月三十日
428M60020000003,規則,個人情報の保護に関する法律施行規則,こじんじょうほうのほごにかんするほうりつしこうきそく,令和八年四月一日
428M60020000004,規則,特定個人情報の取扱いの状況に係る地方公共団体等による定期的な報告に関する規則,とくていこじんじょうほうのとりあつかいのじょうきょうにかかるちほうこうきょうだんたいとうによるていきてきなほうこくにかんするきそく,平成二十八年十一月十五日
428M60020000005,規則,行政手続における特定の個人を識別するための番号の利用等に関する法律第十九条第九号に基づく利用特定個人情報の提供に関する規則,ぎょうせいてつづきにおけるとくていのこじんをしきべつするためのばんごうのりようとうにかんするほうりつだいじゅうきゅうじょうだいきゅうごうにもとづくりようとくていこじんじょうほうのていきょうにかんするきそく,令和六年五月二十七日
428M60020000006,規則,行政手続における特定の個人を識別するための番号の利用等に関する法律第十九条第九号の規定により提供することができる利用特定個人情報の範囲の限定に関する規則,ぎょうせいてつづきにおけるとくていのこじんをしきべつするためのばんごうのりようとうにかんするほうりつだいじゅうきゅうじょうだいきゅうごうのきていによりていきょうすることができるりようとくていこじんじょうほうのはんいのげんていにかんするきそく,令和六年五月二十七日
428M60400000001,規則,国家公安委員会審査請求手続規則,こっかこうあんいいんかいしんさせいきゅうてつづききそく,令和四年四月一日
428M60400000009,規則,重要施設の周辺地域の上空における小型無人機等の飛行の禁止に関する法律施行規則,じゅうようしせつのしゅうへんちいきのじょうくうにおけるこがたむじんきとうのひこうのきんしにかんするほうりつしこうきそく,令和四年六月二十日
428M60400000019,規則,指定自動車教習所の指定に係る別段の申出に関する規則,していじどうしゃきょうしゅうじょのしていにかかるべつだんのもうしでにかんするきそく,平成二十八年七月十五日
428M60400000023,規則,国外犯罪被害弔慰金等の支給に関する法律施行規則,こくがいはんざいひがいちょういきんとうのしきゅうにかんするほうりつしこうきそく,令和五年十月一日
428M60400020001,府省令,国外犯罪被害弔慰金等の支給に関する法律第九条第二項の地域及び者並びに同法第十二条第一項の情報を定める命令,こくがいはんざいひがいちょういきんとうのしきゅうにかんするほうりつだいきゅうじょうだいにこうのちいきおよびものならびにどうほうだいじゅうにじょうだいいっこうのじょうほうをさだめるめいれい,平成二十九年一月二十七日
428RJNJ10015000,規則,人事院規則一〇―一五（妊娠、出産、育児又は介護に関するハラスメントの防止等）,じんじいんきそくじゅうのじゅうごにんしんしゅっさんいくじまたはかいごにかんするはらすめんとのぼうしとう,令和八年四月一日
429AC0000000016,法律,臨床研究法,りんしょうけんきゅうほう,令和八年五月一日
429AC0000000028,法律,医療分野の研究開発に資するための匿名加工医療情報及び仮名加工医療情報に関する法律,いりょうぶんやのけんきゅうかいはつにしするためのとくめいかこういりょうじょうほうおよびかめいかこういりょうじょうほうにかんするほうりつ,令和十年十二月十一日
429AC0000000035,法律,農業競争力強化支援法,のうぎょうきょうそうりょくきょうかしえんほう,平成二十九年八月一日
429AC0000000063,法律,天皇の退位等に関する皇室典範特例法,てんのうのたいいとうにかんするこうしつてんぱんとくれいほう,令和元年六月十三日
429AC0000000064,法律,電子委任状の普及の促進に関する法律,でんしいにんじょうのふきゅうのそくしんにかんするほうりつ,令和八年五月二十七日
429AC0000000065,法律,住宅宿泊事業法,じゅうたくしゅくはくじぎょうほう,令和七年六月一日
429AC0100000076,法律,鯨類の持続的な利用の確保に関する法律,げいるいのじぞくてきなりようのかくほにかんするほうりつ,令和元年十二月十一日
429AC1000000034,法律,平成三十一年六月一日から同月十日までの間に任期が満了することとなる地方公共団体の議会の議員及び長の任期満了による選挙により選出される議会の議員及び長の任期の特例に関する法律,へいせいさんじゅういちねんろくがつついたちからどうげつとおかまでのあいだににんきがまんりょうすることとなるちほうこうきょうだんたいのぎかいおよびちょうのにんきまんりょうによるせんきょによりせんしゅつされるぎかいのぎいんおよびちょうのにんきのとくれいにかんするほうりつ,平成二十九年五月十九日
429CO0000000004,政令,貿易保険法及び特別会計に関する法律の一部を改正する法律の施行に伴う関係政令の整備等及び経過措置に関する政令,ぼうえきほけんほうおよびとくべつかいけいにかんするほうりつのいちぶをかいせいするほうりつのしこうにともなうかんけいせいれいのせいびとうおよびけいかそちにかんするせいれい,平成二十九年四月一日
429CO0000000010,政令,経済連携協定に基づく報復関税に関する政令,けいざいれんけいきょうていにもとづくほうふくかんぜいにかんするせいれい,平成三十年十二月三十日
429CO0000000024,政令,民間公益活動を促進するための休眠預金等に係る資金の活用に関する法律施行令,みんかんこうえきかつどうをそくしんするためのきゅうみんよきんとうにかかるしきんのかつようにかんするほうりつせこうれい,令和二年十二月一日
429CO0000000028,政令,公的年金制度の財政基盤及び最低保障機能の強化等のための国民年金法等の一部を改正する法律の施行に伴う経過措置に関する政令,こうてきねんきんせいどのざいせいきばんおよびさいていほしょうきのうのきょうかとうのためのこくみんねんきんほうとうのいちぶをかいせいするほうりつのせこうにともなうけいかそちにかんするせいれい,令和七年六月二十日
429CO0000000029,政令,独立行政法人環境再生保全機構法の一部を改正する法律の施行に伴う経過措置に関する政令,どくりつぎょうせいほうじんかんきょうさいせいほぜんきこうほうのいちぶをかいせいするほうりつのしこうにともなうけいかそちにかんするせいれい,平成二十九年三月三日
429CO0000000033,政令,平成二十八年等における特定地域に係る激甚災害及びこれに対し適用すべき措置の指定に関する政令,へいせいにじゅうはちねんとうにおけるとくていちいきにかかるげきじんさいがいおよびこれにたいしてきようすべきそちのしていにかんするせいれい,平成二十九年六月七日
429CO0000000042,政令,特定複合観光施設区域整備推進本部令,とくていふくごうかんこうしせつくいきせいびすいしんほんぶれい,平成二十九年三月二十四日
429CO0000000129,政令,雇用保険法等の一部を改正する法律の施行に伴う関係政令の整備及び経過措置に関する政令,こようほけんほうとうのいちぶをかいせいするほうりつのしこうにともなうあんけいせいれいのせいびおよびけいかそちにかんするせいれい,平成二十九年四月一日
429CO0000000136,政令,外国人の技能実習の適正な実施及び技能実習生の保護に関する法律施行令,がいこくじんのぎのうじっしゅうのてきせいなじっしおよびぎのうじっしゅうせいのほごにかんするほうりつせこうれい,令和四年四月一日
429CO0000000140,政令,休眠預金等活用審議会令,きゅうみんよきんとうかつようしんぎかいれい,平成二十九年四月二十四日
429CO0000000142,政令,自転車活用推進本部令,じてんしゃかつようすいしんほんぶれい,平成二十九年五月一日
429CO0000000206,政令,農業競争力強化支援法施行令,のうぎょうきょうそうりょくきょうかしえんほうしこうれい,平成二十九年八月一日
429CO0000000219,政令,平成二十九年六月七日から七月二十七日までの間の豪雨及び暴風雨による災害についての激甚災害並びにこれに対し適用すべき措置の指定に関する政令,へいせいにじゅうくねんろくがつなのかからなながつにじゅうなのかまでのあいだのごううおよびぼうふううによるさいがいについてのげきじんさいがいならびにこれにたいしてきようすべきそちのしていにかんするせいれい,平成三十年三月十四日
429CO0000000227,政令,通訳案内士法第三十八条第一項の期間を定める政令,つうやくあんないしほうだいさんじゅうはちじょうだいいっこうのきかんをさだめるせいれい,平成三十年一月四日
429CO0000000234,政令,高重合度ポリエチレンテレフタレートに対して課する不当廉売関税に関する政令,こうじゅうごうどぽりえちれんてれふたれーとにたいしてかするふとうれんばいかんぜいにかんするせいれい,令和五年二月四日
429CO0000000243,政令,公認心理師法施行令,こうにんしんりしほうしこうれい,令和七年十月一日
429CO0000000260,政令,平成二十九年九月十五日から同月十九日までの間の暴風雨及び豪雨による災害についての激甚災害並びにこれに対し適用すべき措置の指定に関する政令,へいせいにじゅうくねんくがつじゅうごにちからどうげつじゅうくにちまでのあいだのぼうふううおよびごううによるさいがいについてのげきじんさいがいならびにこれにたいしてきようすべきそちのしていにかんするせいれい,平成三十年三月十四日
429CO0000000263,政令,農業保険法施行令,のうぎょうほけんほうしこうれい,平成三十年四月一日
429CO0000000273,政令,住宅宿泊事業法施行令,じゅうたくしゅくはくじぎょうほうせこうれい,令和元年十二月十六日
429CO0000000280,政令,人工衛星等の打上げ及び人工衛星の管理に関する法律施行令,じんこうえいせいとうのうちあげおよびじんこうえいせいのかんりにかんするほうりつしこうれい,平成三十年十一月十五日
429CO0000000282,政令,衛星リモートセンシング記録の適正な取扱いの確保に関する法律施行令,えいせいりもーとせんしんぐきろくのてきせいなとりあつかいのかくほにかんするほうりつしこうれい,令和六年七月十四日
429CO0000000287,政令,平成二十九年十月二十一日から同月二十三日までの間の暴風雨による災害についての激甚災害及びこれに対し適用すべき措置の指定に関する政令,へいせいにじゅうくねんじゅうがつにじゅういちにちからどうげつにじゅうさんにちまでのあいだのぼうふううによるさいがいについてのげきじんさいがいおよびこれにたいしてきようすべきそちのしていにかんするせいれい,平成三十年三月十四日
429CO0000000290,政令,民間あっせん機関による養子縁組のあっせんに係る児童の保護等に関する法律施行令,みんかんあっせんきかんによるようしえんぐみのあっせんにかかるじどうのほごとうにかんするほうりつせこうれい,令和七年十月一日
429CO0000000292,政令,確定拠出年金法等の一部を改正する法律の一部の施行に伴う関係政令の整備等及び経過措置に関する政令,かくていきょしゅつねんきんほうとうのいちぶをかいせいするほうりつのいちぶのしこうにともなうかんけいせいれいのせいびとうおよびけいかそちにかんするせいれい,平成三十年五月一日
429CO0000000324,政令,炭素鋼製突合せ溶接式継手に対して課する不当廉売関税に関する政令,たんそこうせいつきあわせようせつしきつぎてにたいしてかするふとうれんばいかんぜいにかんするせいれい,平成三十年三月三十一日
429CO0000000328,政令,電子委任状の普及の促進に関する法律第六条第一項の期間を定める政令,でんしいにんじょうのふきゅうのそくしんにかんするほうりつだいろくじょうだいいちこうのきかんをさだめるせいれい,平成三十年一月一日
429M60000002007,府省令,暗号資産交換業者に関する内閣府令,あんごうしさんこうかんぎょうしゃにかんするないかくふれい,令和七年六月一日
429M60000002041,府省令,衛星リモートセンシング記録の適正な取扱いの確保に関する法律施行規則,えいせいりもーとせんしんぐきろくのてきせいなとりあつかいのかくほにかんするほうりつせこうきそく,令和七年五月三十日
429M60000002050,府省令,人工衛星等の打上げ及び人工衛星の管理に関する法律施行規則,じんこうえいせいとうのうちあげおよびじんこうえいせいのかんりにかんするほうりつせこうきそく,令和三年十二月二十三日
429M60000002054,府省令,金融商品取引法第二章の六の規定による重要情報の公表に関する内閣府令,きんゆうしょうひんとりひきほうだいにしょうのろくのきていによるじゅうようじょうほうのこうひょうにかんするないかくふれい,令和七年五月一日
429M60000006001,府省令,復興庁・内閣府関係福島復興再生特別措置法施行規則,ふっこうちょうないかくふかんけいふくしまふっこうさいせいとくべつそちほうしこうきそく,令和五年六月九日
429M60000008018,府省令,公的年金制度の持続可能性の向上を図るための国民年金法等の一部を改正する法律の一部の施行に伴う総務省関係省令の整備及び経過措置に関する省令,こうてきねんきんせいどのじぞくかのうせいのこうじょうをはかるためのこくみんねんきんほうとうのいちぶをかいせいするほうりつのいちぶのしこうにともなうそうむしょうかんけいしょうれいのせいびおよびけいかそちにかんするしょうれい,平成二十九年四月一日
429M60000008030,府省令,都及び特別区の標準税収入額の算定方法に関する省令,とおよびとくべつくのひょうじゅんぜいしゅうにゅうがくのさんていほうほうにかんするしょうれい,令和八年四月一日
429M60000008079,府省令,地方独立行政法人法別表及び地方独立行政法人法施行令第五条第一項の総務省令で定める事務を定める省令,ちほうどくりつぎょうせいほうじんほうべっぴょうおよびちほうどくりつぎょうせいほうじんほうせこうれいだいごじょうだいいっこうのそうむしょうれいでさだめるじむをさだめるしょうれい,令和八年三月一日
429M60000040002,府省令,公的年金制度の財政基盤及び最低保障機能の強化等のための国民年金法等の一部を改正する法律の施行に伴う財務省関係省令の整備及び経過措置に関する省令,こうてきねんきんせいどのざいせいきばんおよびさいていほしょうきのうのきょうかとうのためのこくみんねんきんほうとうのいちぶをかいせいするほうりつのしこうにともなうざいむしょうかんけいしょうれいのせいびおよびけいかそちにかんするしょうれい,平成二十九年八月一日
429M60000040003,府省令,厚生年金保険法施行令第三条の十六に規定する運用職員の範囲を定める省令,こうせいねんきんほけんほうしこうれいだいさんじょうのじゅうろくにきていするうんようしょくいんのはんいをさだめるしょうれい,平成二十九年三月二日
429M60000040031,府省令,貿易保険法に規定する法人税に係る課税の特例に関する省令,ぼうえきほけんほうにきていするほうじんぜいにかかるかぜいのとくれいにかんするしょうれい,令和四年四月一日
429M60000042001,府省令,民間公益活動を促進するための休眠預金等に係る資金の活用に関する法律の規定による預金保険機構の業務の特例等に関する命令,みんかんこうえきかつどうをそくしんするためのきゅうみんよきんとうにかかるしきんのかつようにかんするほうりつのきていによるよきんほけんきこうのぎょうむのとくれいとうにかんするめいれい,令和五年十二月二十二日
429M60000080002,府省令,義務教育の段階における普通教育に相当する教育の機会の確保等に関する法律第二条第三号の就学が困難である状況を定める省令,ぎむきょういくのだんかいにおけるふつうきょういくにそうとうするきょういくのきかいのかくほとうにかんするほうりつだいにじょうだいさんごうのしゅうがくがこんなんであるじょうきょうをさだめるしょうれい,平成二十九年二月十四日
429M60000080023,府省令,地方教育行政の組織及び運営に関する法律第四十七条の五第一項ただし書に規定する二以上の学校の運営に関し相互に密接な連携を図る必要がある場合を定める省令,ちほうきょういくぎょうせいのそしきおよびうんえいにかんするほうりつだいよんじゅうななじょうのごだいいっこうただしがきにきていするにいじょうのがっこうのうんえいにかんしそうごにみっせつなれんけいをはかるひつようがあるばあいをさだめるしょうれい,令和二年四月一日
429M60000080033,府省令,専門職大学設置基準,せんもんしょくだいがくせっちきじゅん,令和八年二月二十四日
429M60000080034,府省令,専門職短期大学設置基準,せんもんしょくたんきだいがくせっちきじゅん,令和八年一月一日
429M60000100011,府省令,公的年金制度の財政基盤及び最低保障機能の強化等のための国民年金法等の一部を改正する法律の施行に伴う厚生労働省関係省令の整備及び経過措置に関する省令,こうてきねんきんせいどのざいせいきばんおよびさいていほしょうきのうのきょうかとうのためのこくみんねんきんほうとうのいちぶをかいせいするほうりつのしこうにともなうこうせいろうどうしょうかんけいしょうれいのせいびおよびけいかそちにかんするしょうれい,平成二十九年八月一日
429M60000100019,府省令,地域医療連携推進法人会計基準,ちいきいりょうれんけいすいしんほうじんかいけいきじゅん,令和七年四月一日
429M60000100021,府省令,公的年金制度の持続可能性の向上を図るための国民年金法等の一部を改正する法律の一部の施行に伴う厚生労働省関係省令の整備及び経過措置に関する省令,こうてきねんきんせいどのじぞくかのうせいのこうじょうをはかるためのこくみんねんきんほうとうのいちぶをかいせいするほうりつのいちぶのしこうにともなうこうせいろうどうしょうかんけいしょうれいのせいびおよびけいかそちにかんするしょうれい,平成二十九年四月一日
429M60000100111,府省令,国民健康保険保険給付費等交付金、国民健康保険事業費納付金、財政安定化基金及び標準保険料率に関する省令,こくみんけんこうほけんほけんきゅうふひとうこうふきんこくみんけんこうほけんじぎょうひのうふきんざいせいあんていかききんおよびひょうじゅんほけんりょうりつにかんするしょうれい,令和八年四月一日
429M60000100117,府省令,厚生労働省関係住宅宿泊事業法施行規則,こうせいろうどうしょうかんけいじゅうたくしゅくはくじぎょうほうしこうきそく,平成三十年六月十五日
429M60000100125,府省令,民間あっせん機関による養子縁組のあっせんに係る児童の保護等に関する法律施行規則,みんかんあっせんきかんによるようしえんぐみのあっせんにかかるじどうのほごとうにかんするほうりつしこうきそく,令和五年四月一日
429M60000110002,府省令,外国人の技能実習の適正な実施及び技能実習生の保護に関する法律に係る民間事業者等が行う書面の保存等における情報通信の技術の利用に関する法律施行規則,がいこくじんのぎのうじっしゅうのてきせいなじっしおよびぎのうじっしゅうせいのほごにかんするほうりつにかかるみんかんじぎょうしゃとうがおこなうしょめんのほぞんとうにおけるじょうほうつうしんのぎじゅつのりようにかんするほうりつしこうきそく,平成二十九年十一月一日
429M60000180003,府省令,公認心理師法施行規則,こうにんしんりしほうせこうきそく,令和七年六月一日
429M60000200063,府省令,農業保険法施行規則,のうぎょうほけんほうしこうきそく,令和七年七月二十八日
429M60000208001,府省令,森林組合法の規定による認可地縁団体への組織変更に関する省令,しんりんくみあいほうのきていによるにんかちりょくちだんたいへのそしきへんこうにかんするしょうれい,令和三年十一月二十六日
429M60000400005,府省令,再生可能エネルギー電気の利用の促進に関する特別措置法に基づく入札実施機関に関する省令,さいせいかのうえねるぎーでんきのりようのそくしんにかんするとくべつそちほうにもとづくにゅうさつじっしきかんにかんするしょうれい,令和五年四月一日
429M60000400016,府省令,ガス関係報告規則,がすかんけいほうこくきそく,令和七年十二月二十五日
429M60000400019,府省令,旧一般ガスみなしガス小売事業者指定旧供給区域等小売供給約款料金算定規則,きゅういっぱんがすみなしがすこうりじぎょうしゃしていきゅうきょうきゅうくいきとうこうりきょうきゅうやっかんりょうきんさんていきそく,令和七年七月十五日
429M60000400020,府省令,旧簡易ガスみなしガス小売事業者指定旧供給地点小売供給約款料金算定規則,きゅうかんいがすみなしがすこうりぎょうしゃしていきゅうきょうきゅうちてんこうりきょうきゅうやっかんりょうきんさんていきそく,平成三十一年四月十二日
429M60000400021,府省令,みなしガス小売事業者部門別収支計算規則,みなしがすこうりじぎょうしゃぶもんべつしゅうしけいさんきそく,令和七年七月十五日
429M60000400022,府省令,ガス事業託送供給約款料金算定規則,がすじぎょうたくそうきょうきゅうやっかんりょうきんさんていきそく,令和七年七月十五日
429M60000400023,府省令,ガス事業託送供給収支計算規則,がすじぎょうたくそうきょうきゅうしゅうしけいさんきそく,令和七年十二月二十五日
429M60000400027,府省令,株式会社日本貿易保険の会計に関する省令,かぶしきがいしゃにほんぼうえきほけんのかいけいにかんするしょうれい,令和四年七月一日
429M60000400044,府省令,経済産業省関係福島復興再生特別措置法施行規則,けいざいさんぎょうしょうかんけいふくしまふっこうさいせいとくべつそちほうせこうきそく,令和三年四月一日
429M60000400059,府省令,地域経済牽引事業の促進による地域の成長発展の基盤強化に関する法律第二十三条第三項の規定による商標権の譲受けの申請手続に関する省令,ちいきけいざいけんいんじぎょうのそくしんによるちいきのせいちょうはってんのきばんきょうかにかんするほうりつだいにじゅうさんじょうだいさんこうのきていによるしょうひょうけんのゆずりうけのしんせいてつづきにかんするしょうれい,令和三年四月一日
429M60000400076,府省令,原子力損害賠償・廃炉等支援機構の廃炉等積立金管理等業務に係る業務運営並びに財務及び会計に関する省令,げんしりょくそんがいばいしょうはいろとうしえんきこうのはいろとうつみたてきんかんりとうぎょうむにかかるぎょうむうんえいならびにざいむおよびかいけいにかんするしょうれい,令和二年十二月二十八日
429M60000408001,府省令,電子委任状の普及の促進に関する法律施行規則,でんしいにんじょうのふきゅうのそくしんにかんするほうりつしこうきそく,令和五年六月十六日
429M60000600001,府省令,農業競争力強化支援法施行規則,のうぎょうきょうそうりょくきょうかしえんほうしこうきそく,令和六年四月一日
429M60000640001,府省令,農業競争力強化支援法第二十六条第一項第一号及び第二号の農林水産省令・経済産業省令・財務省令で定める海外における中小企業者に準ずるもの及び金融機関を定める省令,のうぎょうきょうそくりょくきょうかしえんほうだいにじゅうろくじょうだいいっこうだいいちごうおよびだいにごうののうりんすいさんしょうれいけいざいさんぎょうしょうれいざいむしょうれいでさだめるかいがいにおけるちゅうしょうきぎょうしゃにじゅんずるものおよびきんゆうきかんをさだめるしょうれい,平成二十九年八月一日
429M60000742001,府省令,民間公益活動を促進するための休眠預金等に係る資金の活用に関する法律第四十四条第一項の規定による立入検査をする職員の携帯する身分を示す証明書の様式を定める命令,みんかんこうえきかつどうをそくしんするためのきゅうみんよきんとうにかかるしきんのかつようにかんするほうりつだいよんじゅうよんじょうだいいっこうのきていによるたちいりけんさをするしょくいんのけいたいするみぶんをしめすしょうめいしょのようしきをさだめるめいれい,令和三年十一月十七日
429M60000742002,府省令,民間公益活動を促進するための休眠預金等に係る資金の活用に関する法律施行規則,みんかんこうえきかつどうをそくしんするためのきゅうみんよきんとうにかかるしきんのかつようにかんするほうりつせこうきそく,令和三年九月一日
429M60000800062,府省令,外国人の技能実習の適正な実施及び技能実習生の保護に関する法律の規定に基づく立入検査をする船員労務官の携帯する身分を示す証明書の様式を定める省令,がいこくじんのぎのうじっしゅうのてきせいなじっしおよびぎのうじっしゅうせいのほごにかんするほうりつのきていにもとづくたちいりけんさをするせんいんろうむかんのけいたいするみぶんをしめすしょうめいしょのようしきをさだめるしょうれい,平成二十九年十一月一日
429M60000800063,府省令,住宅確保要配慮者に対する賃貸住宅の供給の促進に関する法律施行規則,じゅうたくかくほようはいりょしゃにたいするちんたいじゅうたくのきょうきゅうのそくしんにかんするほうりつしこうきそく,令和七年十月一日
429M60000800065,府省令,国土交通省関係住宅宿泊事業法施行規則,こくどこうつうしょうかんけいじゅうたくしゅくはくじぎょうほうせこうきそく,令和七年十二月一日
429M60000900001,府省令,国土交通省・厚生労働省関係住宅確保要配慮者に対する賃貸住宅の供給の促進に関する法律施行規則,こくどこうつうしょうこうせいろうどうしょうかんけいじゅうたくかくほようはいりょしゃにたいするちんたいじゅうたくのきょうきゅうのそくしんにかんするほうりつせこうきそく,令和七年十月一日
429M60000900002,府省令,住宅宿泊事業法施行規則,じゅうたくしゅくはくじぎょうほうしこうきそく,令和七年四月一日
429M60000E00001,府省令,合法伐採木材等の流通及び利用の促進に関する法律施行規則,ごうほうばっさいもくぜいとうのりゅうつうおよびりようのそくしんにかんするほうりつせこうきそく,令和七年四月一日
429M60000E00002,府省令,木材関連事業者の合法伐採木材等の利用の確保に関する判断の基準となるべき事項を定める省令,もくざいかんれんじぎょうしゃのごうほうばっさいもくざいとうのりようのかくほにかんするはんだんのきじゅんとなるべきじこうをさだめるしょうれい,令和七年四月一日
429M60001000009,府省令,環境省関係福島復興再生特別措置法施行規則,かんきょうしょうかんけいふくしまふっこうさいせいとくべつそちほうしこうきそく,令和五年六月九日
429M60001000013,府省令,廃棄物の処理及び清掃に関する法律施行令の一部を改正する政令附則第二条第二項の規定による届出に関する省令,はいきぶつのしょりおよびせいそうにかんするほうりつせこうれいのいちぶをかいせいするせいれいふそくだいにじょうだいにこうのきていによるとどけでにかんするしょうれい,令和二年三月三十日
429M60001000028,府省令,遺伝子組換え生物等の使用等の規制による生物の多様性の確保に関する法律第三条第四号、第十条第三項、第十四条第三項及び第二十六条第三項の環境省令で定める種又は地域を定める省令,いでんしくみかえせいぶつとうのしようとうのきせいによるせいぶつのたようせいのかくほにかんするほうりつだいさんじょうだいよんごうだいじゅうじょうだいさんこうだいじゅうよんじょうだいさんこうおよびだいにじゅうろくじょうだいさんこうのかんきょうしょうれいでさだめるしゅまたはちいきをさだめるしょうれい,平成三十年三月五日
429M60001004001,府省令,復興庁・環境省関係福島復興再生特別措置法施行規則,ふっこうちょうかんきょうしょうかんけいふくしまふっこうさいせいとくべつそちほうしこうきそく,令和五年六月九日
429M60001800001,府省令,特定現存船を定める省令,とくていげんぞんせんをさだめるしょうれい,平成二十九年九月八日
429M60001F48001,府省令,地域経済牽引事業の促進による地域の成長発展の基盤強化に関する法律第十八条に規定する承認地域経済牽引事業に関する省令,ちいきけいざいけんいんじぎょうのそくしんによるちいきのせいちょうはってんのきばんきょうかにかんするほうりつだいじゅうはちじょうにきていするしょうにんちいきけいざいけんいんじぎょうにかんするしょうれい,令和六年九月二日
429M60001F48002,府省令,地域経済牽引事業の促進による地域の成長発展の基盤強化に関する法律第三十三条に規定する承認連携支援事業に関する省令,ちいきけいざいけんいんじぎょうのそくしんによるちいきのせいちょうはってんのきばんきょうかにかんするほうりつだいさんじゅうさんじょうにきていするしょうにんれんけいしえんじぎょうにかんするしょうれい,令和三年四月一日
429M60200000001,規則,公正取引委員会の確約手続に関する規則,こうせいとりひきいいんかいのかくやくてつづきにかんするきそく,令和二年十二月二十五日
429RJNJ01069000,規則,人事院規則一―六九（職員の公益社団法人福島相双復興推進機構への派遣）,じんじいんきそくいちのろくじゅうきゅうしょくいんのこうえきしゃだんほうじんふくしまそうそうふっこうすいしんきこうへのはけん,令和八年四月一日
430AC0000000016,法律,国際観光旅客税法,こくさいかんこうりょきゃくぜいほう,令和八年四月一日
430AC0000000035,法律,森林経営管理法,しんりんけいえいかんりほう,令和八年四月一日
430AC0000000037,法律,地域における大学の振興及び若者の雇用機会の創出による若者の修学及び就業の促進に関する法律,ちいきにおけるだいがくのしんこうおよびわかもののこようきかいのそうしゅつによるわかもののしゅうがくおよびしゅうぎょうのそくしんにかんするほうりつ,令和八年四月一日
430AC0000000040,法律,海外社会資本事業への我が国事業者の参入の促進に関する法律,かいがいしゃかいしほんじぎょうへのわがくにじぎょうしゃのさんにゅうのそくしんにかんするほうりつ,令和六年四月一日
430AC0000000049,法律,所有者不明土地の利用の円滑化等に関する特別措置法,しょゆうしゃふめいとちのりようのえんかつかとうにかんするとくべつそちほう,令和八年四月一日
430AC0000000050,法律,気候変動適応法,きこうへんどうてきおうほう,令和六年四月一日
430AC0000000061,法律,船舶の再資源化解体の適正な実施に関する法律,せんぱくのさいしげんかかいたいのてきせいなじっしにかんするほうりつ,令和七年六月二十六日
430AC0000000068,法律,都市農地の貸借の円滑化に関する法律,としのうちのたいしゃくのえんかつかにかんするほうりつ,令和七年六月一日
430AC0000000073,法律,法務局における遺言書の保管等に関する法律,ほうむきょくにおけるいごんしょのほかんとうにかんするほうりつ,令和四年四月一日
430AC0000000080,法律,特定複合観光施設区域整備法,とくていふくごうかんこうしせつくいきせいびほう,令和七年六月一日
430AC0000000089,法律,海洋再生可能エネルギー発電設備の整備に関する法律,かいようさいせいかのうえねるぎーはつでんせつびのせいびにかんするほうりつ,令和八年四月一日
430AC0000000099,法律,天皇の即位の日及び即位礼正殿の儀の行われる日を休日とする法律,てんのうのそくいのひおよびそくいれいせいでんのぎのおこなわれるひをきゅうじつとするほうりつ,平成三十年十二月十四日
430AC0000000101,法律,地方公共団体の議会の議員及び長の任期満了による選挙等の期日等の臨時特例に関する法律,ちほうこうきょうだんたいのぎかいのぎいんおよびちょうのにんきまんりょうによるせんきょとうのきじつとうのりんじとくれいにかんするほうりつ,平成三十年十二月十四日
430AC0100000047,法律,障害者による文化芸術活動の推進に関する法律,しょうがいしゃによるぶんかげいじゅつかつどうのすいしんにかんするほうりつ,平成三十年六月十三日
430AC0100000048,法律,国際文化交流の祭典の実施の推進に関する法律,こくさいぶんかこうりゅうのさいてんのじっしのすいしんにかんするほうりつ,平成三十年六月十三日
430AC0100000105,法律,健康寿命の延伸等を図るための脳卒中、心臓病その他の循環器病に係る対策に関する基本法,けんこうじゅみょうのえんしんとうをはかるためののうそっちゅうしんぞうびょうそのたのじゅんかんきびょうにかかるたいさくにかんするきほんほう,令和元年十二月一日
430AC1000000018,法律,東日本大震災における原子力発電所の事故による災害に対処するための避難住民に係る事務処理の特例及び住所移転者に係る措置に関する法律に規定する指定都道府県の議会の議員の選挙区に関する臨時特例法,ひがしにほんだいしんさいにおけるげんしりょくはつでんしょのじこによるさいがいにたいしょするためのひなんじゅうみんにかかるじむしょりのとくれいおよびじゅうしょいてんしゃにかかるそちにかんするほうりつにきていするしていとどうふけんのぎかいのぎいんのせんきょくにかんするりんじとくれいほう,平成三十年四月二十日
430AC1000000028,法律,政治分野における男女共同参画の推進に関する法律,せいじぶんやにおけるだんじょきょうどうさんかくのすいしんにかんするほうりつ,令和三年六月十六日
430AC1000000058,法律,スポーツにおけるドーピングの防止活動の推進に関する法律,すぽーつにおけるどーぴんぐのぼうしかつどうのすいしんにかんするほうりつ,令和七年九月一日
430AC1000000074,法律,ギャンブル等依存症対策基本法,ぎゃんぶるとういぞんしょうたいさくきほんほう,令和七年九月二十五日
430AC1000000081,法律,平成三十年特定災害関連義援金に係る差押禁止等に関する法律,へいせいさんじゅうねんとくていさいがいかんれんぎえんきんにかかるさしおさえきんしとうにかんするほうりつ,平成三十年七月二十七日
430AC1000000100,法律,ユニバーサル社会の実現に向けた諸施策の総合的かつ一体的な推進に関する法律,ゆにばーさるしゃかいのじつげんにむけたしょせさくのそうごうてきかついったいてきなそくしんにかんするほうりつ,平成三十年十二月十四日
430AC1000000103,法律,特定興行入場券の不正転売の禁止等による興行入場券の適正な流通の確保に関する法律,とくていこうぎょうにゅうじょうけんのふせいてんばいのきんしとうによるこうぎょうにゅうじょうけんのてきせいなりゅうつうのかくほにかんするほうりつ,令和七年六月一日
430AC1000000104,法律,成育過程にある者及びその保護者並びに妊産婦に対し必要な成育医療等を切れ目なく提供するための施策の総合的な推進に関する法律,せいいくかていにあるものおよびそのほごしゃならびににんさんぷにたいしひつようなせいいくいりょうとうをきれめなくていきょうするためのせさくのそうごうてきなすいしんにかんするほうりつ,令和五年四月一日
430CO0000000041,政令,臨床研究法第二十四条第二号の国民の保健医療に関する法律等を定める政令,りんしょうけんきゅうほうだいにじゅうよんじょうだいにごうのこくみんのほけんいりょうにかんするほうりつとうをさだめるせいれい,平成三十年四月一日
430CO0000000044,政令,天皇の退位等に関する皇室典範特例法施行令,てんのうのたいいとうにかんするこうしつてんぱんとくれいほうしこうれい,平成三十一年四月三十日
430CO0000000047,政令,平成二十九年等における特定地域に係る激甚災害及びこれに対し適用すべき措置の指定に関する政令,へいせいにじゅうきゅうねんとうにおけるとくていちいきにかかるげきじんさいがいおよびこれにたいしてきようすべきそちのしていにかんするせいれい,平成三十年三月十四日
430CO0000000051,政令,刑事訴訟法第三百五十条の二第二項第三号の罪を定める政令,けいじそしょうほうだいさんびゃくごじゅうじょうのにだいにこうだいさんごうのつみをさだめるせいれい,令和六年二月一日
430CO0000000054,政令,障害者の日常生活及び社会生活を総合的に支援するための法律及び児童福祉法の一部を改正する法律の施行に伴う関係政令の整備及び経過措置に関する政令,しょうがいしゃのにちじょうせいかつおよびしゃかいせいかつをそうごうてきにしえんするためのほうりつおよびじどうふくしほうのいちぶをかいせいするほうりつのしこうにともなうかんけいせいれいのせいびおよびけいかそちにかんするせいれい,平成三十年四月一日
430CO0000000055,政令,地域包括ケアシステムの強化のための介護保険法等の一部を改正する法律の施行に伴う関係政令の整備及び経過措置に関する政令,ちいきほうかつけあしすてむのきょうかのためのかいごほけんほうとうのいちぶをかいせいするほうりつのしこうにともなうかんけいせいれいのせいびおよびけいかそちにかんするせいれい,平成三十年四月一日
430CO0000000161,政令,国際観光旅客税法施行令,こくさいかんこうりょきゃくぜいほうしこうれい,平成三十一年一月七日
430CO0000000163,政令,医療分野の研究開発に資するための匿名加工医療情報及び仮名加工医療情報に関する法律施行令,いりょうぶんやのけんきゅうかいはつにしするためのとくめいかこういりょうじょうほうおよびかめいかこういりょうじょうほうにかんするほうりつしこうれい,令和七年十二月一日
430CO0000000166,政令,割賦販売法の一部を改正する法律附則第五条第六項の権利の実行のための営業保証金の還付の手続等を定める政令,かっぷはんばいほうのいちぶをかいせいするほうりつふそくだいごじょうだいろっこうのけんりのじっこうのためのえいぎょうほしょうきんのかんぷのてつづきとうをさだめるせいれい,平成三十年六月一日
430CO0000000177,政令,地域における大学の振興及び若者の雇用機会の創出による若者の修学及び就業の促進に関する法律施行令,ちいきにおけるだいがくのしんこうおよびわかもののこようきかいのそうしゅつによるわかもののしゅうがくおよびしゅうぎょうのそくしんにかんするほうりつしこうれい,平成三十一年四月一日
430CO0000000199,政令,産業競争力強化法等の一部を改正する法律の施行に伴う関係政令の整備等及び経過措置に関する政令,さんぎょうきょうそうりょくきょうかほうとうのいちぶをかいせいするほうりつのしこうにともなうかんけいせいれいのせいびとうおよびけいかそちにかんするせいれい,平成三十年七月九日
430CO0000000211,政令,平成三十年七月豪雨による災害についての特定非常災害及びこれに対し適用すべき措置の指定に関する政令,へいせいさんじゅうねんしちがつごううによるさいがいについてのとくていひじょうさいがいおよびこれにたいしてきようすべきそちのしていにかんするせいれい,令和四年五月三十一日
430CO0000000226,政令,平成三十年五月二十日から七月十日までの間の豪雨及び暴風雨による災害についての激甚災害並びにこれに対し適用すべき措置の指定に関する政令,へいせいさんじゅうねんごがつにじゅういちからしちがつとおかまでのかんのごううおよびぼうふううによるさいがいについてのげきじんさいがいならびにこれにたいしてきようすべきそちのしていにかんするせいれい,令和二年一月三十一日
430CO0000000234,政令,都市農地の貸借の円滑化に関する法律施行令,としのうちのちんしゃくのえんかつかにかんするほうりつしこうれい,平成三十年九月一日
430CO0000000251,政令,働き方改革を推進するための関係法律の整備に関する法律の一部の施行に伴う経過措置に関する政令,はたらきかたかいかくをすいしんするためのかんけいほうりつのせいびにかんするほうりつのいちぶのせこうにともなうけいかそちにかんするせいれい,令和二年四月一日
430CO0000000253,政令,働き方改革を推進するための関係法律の整備に関する法律の施行に伴う関係政令の整備及び経過措置に関する政令,はたらきかたかいかくをすいしんするためのかんけいほうりつのせいびにかんするほうりつのしこうにともなうかんけいせいれいのせいびおよびけいかそちにかんするせいれい,平成三十一年四月一日
430CO0000000265,政令,産業競争力強化法等の一部を改正する法律の一部の施行に伴う関係政令の整備及び経過措置に関する政令,さんぎょうきょうそうりょくきょうかほうとうのいちぶをかいせいするほうりつのいちぶのしこうにともなうかんけいせいれいのせいびおよびけいかそちにかんするせいれい,平成三十年九月二十五日
430CO0000000286,政令,ギャンブル等依存症対策推進本部令,ぎゃんぷるとういぞんしょうたいさくすいしんほんぶれい,平成三十年十月五日
430CO0000000289,政令,平成三十年北海道胆振東部地震による災害についての激甚災害及びこれに対し適用すべき措置の指定に関する政令,へいせいさんじゅうねんほっかいどういぶりとうぶじしんによるさいがいについてのげきじんさいがいおよびこれにたいしてきようすべきそちのしていにかんするせいれい,令和二年三月二十七日
430CO0000000293,政令,卸売市場法及び食品流通構造改善促進法の一部を改正する法律の施行に伴う関係政令の整備及び経過措置に関する政令,おろしうりしじょうほうおよびしょくひんりゅうつうこうぞうかいぜんそくしんほうのいちぶをかいせいするほうりつのしこうにともなうかんけいせいれいのせいびおよびけいかそちにかんするせいれい,平成三十年十月二十二日
430CO0000000308,政令,所有者不明土地の利用の円滑化等に関する特別措置法施行令,しょゆうしゃふめいとちのりようのえんかつかとうにかんするとくべつそちほうしこうれい,令和六年四月一日
430CO0000000311,政令,農業経営基盤強化促進法等の一部を改正する法律の施行に伴う関係政令の整備及び経過措置に関する政令,のうぎょうけいえいきばんきょうかそくしんほうとうのいちぶをかいせいするほうりつのしこうにともなうかんけいせいれいのせいびおよびけいかそちにかんするせいれい,平成三十年十一月十六日
430CO0000000319,政令,原子力利用における安全対策の強化のための核原料物質、核燃料物質及び原子炉の規制に関する法律等の一部を改正する法律の一部の施行に伴う関係政令の整備及び経過措置に関する政令,げんしりょくりようにおけるあんぜんたいさくのきょうかのためのかくげんりょうぶっしつかくねんりょうぶっしつおよびげんしろのきせいにかんするほうりつとうのいちぶをかいせいするほうりつのいちぶのしこうにともなうかんけいせいれいのせいびおよびけいかそちにかんするせいれい,令和元年九月一日
430CO0000000320,政令,森林経営管理法施行令,しんりんけいえいかんりほうしこうれい,令和八年四月一日
430CO0000000333,政令,平成三十年九月二十八日から十月一日までの間の暴風雨による災害についての激甚災害及びこれに対し適用すべき措置の指定に関する政令,へいせいさんじゅうねんくがつにじゅうはちにちからじゅうがつついたちまでのかんのぼうふううによるさいがいについてのげきじんさいがいおよびこれにたいしてきようすべきそちのしていにかんするせいれい,平成三十一年三月二十日
430CO0000000336,政令,地方公共団体の議会の議員及び長の任期満了による選挙等の期日等の臨時特例に関する法律施行令,ちほうこうきょうだんたいのぎかいのぎいんおよびちょうのにんきまんりょうによるせんきょとうのきじつとうのりんじとくれいにかんするほうりつせこうれい,平成三十年十二月十四日
430CO0000000355,政令,学校教育法等の一部を改正する法律の施行に伴う関係政令の整備及び経過措置に関する政令,がっこうきょういくほうとうのいちぶをかいせいするほうりつのしこうにともなうかんけいせいれいのせいびおよびけいかそちにかんするせいれい,平成三十年十二月二十七日
430CO0000000364,政令,年金生活者支援給付金の支給に関する法律施行令,ねんきんせいかつしゃしえんきゅうふきんのしきゅうにかんするほうりつせこうれい,令和八年四月一日
430M60000002026,府省令,地域における大学の振興及び若者の雇用機会の創出による若者の修学及び就業の促進に関する法律施行規則,ちいきにおけるだいがくのしんこうおよびわかもののこようきかいのそうしゅつによるわかもののしゅうがくおよびしゅうぎょうのそくしんにかんするほうりつしこうきそく,令和二年十二月二十八日
430M60000002032,府省令,民間公益活動を促進するための休眠預金等に係る資金の活用に関する法律に基づく指定活用団体に関する内閣府令,みんかんこうえきかつどうをそくしんするためのきゅうみんよきんとうにかかるしきんのかつようにかんするほうりつにもとづくしていかつようだんたいにかんするないかくふれい,令和五年十二月三十一日
430M60000002039,府省令,桂離宮の施設に係る参観料の徴収に関する内閣府令,かつらりきゅうのしせつにかかるさんかんりょうのちょうしゅうにかんするないかくふれい,令和四年九月二十六日
430M60000002057,府省令,災害救助法に基づく救助実施市に関する内閣府令,さいがいきゅうじょほうにもとづくきゅうじょじっししにかんするないかくふれい,令和三年五月二十日
430M60000010028,府省令,所有者不明土地の利用の円滑化等に関する特別措置法に規定する不動産登記法の特例に関する省令,しょゆうしゃふめいとちのりようのえんかつかとうにかんするとくべつそちほうにきていするふどうさんとうきほうのとくれいにかんするしょうれい,令和六年四月一日
430M60000010029,府省令,民法第九百九条の二に規定する法務省令で定める額を定める省令,みんぽうだいきゅうひゃくきゅうじょうのににきていするほうむしょうれいでさだめるがくをさだめるしょうれい,令和元年七月一日
430M60000040039,府省令,国際観光旅客税法施行規則,こくさいかんこうりょきゃくぜいほうしこうきそく,令和七年四月一日
430M60000048001,府省令,平成三十年度における地方公共団体金融機構法附則第十四条の規定により国に帰属させるものとする金額を定める省令,へいせいさんじゅうねんどにけるちほうこうきょうだんたいきんゆうきこうほうふそくだいじゅうよんじょうのきていによりくににきぞくさせるものとするきんがくをさだめるしょうれい,平成三十一年三月二十五日
430M6000004A001,府省令,民間資金等の活用による公共施設等の整備等の促進に関する法律附則第四条第一項に規定する内閣府令・総務省令・財務省令で定める基準等を定める命令,みんかんしきんとうのかつようによるこうきょうしせつとうのせいびとうのそくしんにかんするほうりつふそくだいよんじょうだいいっこうにきていするないかくふれいそうむしょうれいざいむしょうれいでさだめるきじゅんとうをさだめるめいれい,平成三十年八月一日
430M60000080030,府省令,スポーツにおける使用を禁止すべき物質及び国際規約に違反する行為を定める省令,すぽーつにおけるしようをきんしすべきぶっしつおよびこくさいきやくにいはんするこういをさだめるしょうれい,令和八年一月一日
430M60000082001,府省令,特定地域内学部収容定員の抑制等に関する命令,とくていちいきないがくぶしゅうようていいんのよくせいとうにかんするめいれい,令和五年六月九日
430M60000100005,府省令,介護医療院の人員、施設及び設備並びに運営に関する基準,かいごいりょういんのじんいんしせつおよびせつびならびにうんえいにかんするきじゅん,令和七年十一月二十日
430M60000100017,府省令,臨床研究法施行規則,りんしょうけんきゅうほうしこうきそく,令和七年十一月二十日
430M60000100151,府省令,年金生活者支援給付金の支給に関する法律施行規則,ねんきんせいかつしゃしえんきゅうふきんのしきゅうにかんするほうりつせこうきそく,令和八年四月一日
430M60000100153,府省令,働き方改革を推進するための関係法律の整備に関する法律の一部の施行に伴う厚生労働省関係省令の整備及び経過措置に関する省令,はたらきかたかいかくをすいしんするためのかんけいほうりつのせいびにかんするほうりつのいちぶのしこうにともなうこうせいろうどうしょうかんけいしょうれいのせいびおよびけいかそちにかんするしょうれい,平成三十年十二月二十八日
430M60000200012,府省令,テンサイシストセンチュウの緊急防除に関する省令,てんさいしすとせんちゅうのきんきゅうぼうじょにかんするしょうれい,令和八年四月一日
430M60000200015,府省令,特別会計に関する法律施行令第十六条第一項第四号の規定に基づく農業再保険事業等の再保険金等の概算払の額の限度に関する省令,とくべつかいけいにかんするほうりつしこうれいだいじゅうろくじょうだいいっこうだいよんごうのきていにもとづくのうぎょうさいほけんじぎょうとうのさいほけんきんとうのがいさんばらいのがくのげんどにかんするしょうれい,令和五年一月二十六日
430M60000200039,府省令,鯨類の持続的な利用の確保に関する法律施行規則,げいるいのじぞくてきなりようのかくほにかんするほうりつしこうきそく,令和二年十月十五日
430M60000200048,府省令,関税暫定措置法施行令第三十二条第二項第二号の農林水産省令で定める方法を定める省令,かんぜいざんていそちほうせこうれいだいさんじゅうにじょうだいにこうだいにごうののうしんすいさんしょうれいでさだめるほうほうをさだめるしょうれい,平成三十年十二月三十日
430M60000200054,府省令,都市農地の貸借の円滑化に関する法律施行規則,としのうちのちんしゃくのえんかつかにかんするほうりつせこうきそく,令和七年四月一日
430M60000200075,府省令,農薬取締法の一部を改正する法律の施行に伴う農林水産省関係省令の整備及び経過措置に関する省令,のうやくとりしまりほうのいちぶをかいせいするほうりつのしこうにともなうのうりんすいさんしょうかんけいしょうれいのせいびおよびけいかそちにかんするしょうれい,平成三十年十二月一日
430M60000200076,府省令,特定試験成績及びその信頼性の確保のための基準に関する省令,とくていしけんせいせきおよびそのしんらいせいのかくほのためのきじゅんにかんするしょうれい,令和六年十月一日
430M60000200078,府省令,森林経営管理法施行規則,しんりんけいえいかんりほうしこうきそく,令和八年四月一日
430M60000240002,府省令,独立行政法人農林漁業信用基金法施行規則,どくりつぎょうせいほうじんのうりんぎょぎょうしんようききんほうしこうきそく,平成三十年六月一日
430M60000400041,府省令,中小企業等経営強化法第四十三条第一項に規定する情報処理支援業務を行う者の認定等に関する命令,ちゅうしょうきぎょうとうけいえいきょうかほうだいよんじゅうさんじょうだいいっこうにきていするじょうほうしょりしえんぎょうむをおこなうもののにんていとうにかんするめいれい,令和五年九月二十二日
430M60000408001,府省令,青少年が安全に安心してインターネットを利用できる環境の整備等に関する法律第十六条に規定する青少年有害情報フィルタリング有効化措置を講ずる必要性が低いもの等を定める省令,せいしょうねんがあんぜんにあんしんしていんたーねっとをりようできるかんきょうのせいびとうにかんするほうりつだいじゅうろくじょうにきていするせいしょうねんゆうがいじょうほうふぃるたりんぐゆうこうかそちをこうずるひつようせいがひくいものとうをさだめるしょうれい,平成三十年二月一日
430M60000410001,府省令,割賦販売法の一部を改正する法律附則第五条第三項の規定による営業保証金の取戻し等に関する省令,かっぷはんばいほうのいちぶをかいせいするほうりつふそくだいごじょうだいさんこうのきていによるえいぎょうほしょうきんのとりもどしとうにかんするしょうれい,令和二年十二月二十八日
430M60000582001,府省令,医療分野の研究開発に資するための匿名加工医療情報及び仮名加工医療情報に関する法律施行規則,いりょうぶんやのけんきゅうかいはつにしするためのとくめいかこういりょうじょうほうおよびかめいかこういりょうじょうほうにかんするほうりつしこうきそく,令和七年十二月一日
430M60000640001,府省令,食品等の持続的な供給を実現するための食品等事業者による事業活動の促進及び食品等の取引の適正化に関する法律第十六条第一項の農林水産省令・経済産業省令・財務省令で定める海外における中小企業者に準ずるもの及び金融機関を定める省令,しょくひんとうのじぞくてきなきょうきゅうをじつげんするためのしょくひんとうじぎょうしゃによるじぎょうかつどうのそくしんおよびしょくひんとうのとりひきのてきせいかにかんするほうりつだいじゅうろくじょうだいいっこうののうりんすいさんしょうれいけいざいさんぎょうしょうれいざいむしょうれいでさだめるかいがいにおけるちゅうしょうきぎょうしゃにじゅんずるものおよびきんゆうきかんをさだめるしょうれい,令和七年十月一日
430M60000800002,府省令,放射性同位元素等の規制に関する法律第三十一条の二に規定する国土交通大臣への報告に関する規則,ほうしゃせいどういげんそとうのきせいにかんするほうりつだいさんじゅういちじょうのににきていするこくどこうつうだいじんへのほうこくにかんするきそく,令和元年九月一日
430M60000800065,府省令,海外社会資本事業への我が国事業者の参入の促進に関する法律第二条第一項に規定する国土交通省令で定める施設を定める省令,かいがいしゃかいしほんじぎょうへのわがくにじぎょうしゃのさんにゅうのそくしんにかんするほうりつだいにじょうだいいっこうにきていするこくどこうつうしょうれいでさだめるしせつをさだめるしょうれい,平成三十年八月三十一日
430M60000800083,府省令,所有者不明土地の利用の円滑化等に関する特別措置法施行規則,しょゆうしゃふめいとちのりようのえんかつかとうにかんするとくべつそちほうしこうきそく,令和七年九月三十日
430M60001000012,府省令,特定有害廃棄物等の輸出入等の規制に関する法律に基づく特定有害廃棄物等の範囲等を定める省令,とくていゆうがいはいきぶつとうのゆしゅつにゅうとうのきせいにかんするほうりつにもとづくとくていゆうがいはいきぶつとうのはんいとうをさだめるしょうれい,令和七年六月一日
430M60001F8A002,府省令,産業標準化法に基づく認定産業標準作成機関に関する命令,さんぎょうひょうじゅんかほうにもとづくにんていさんぎょうひょうじゅんさくせいきかんにかんするめいれい,令和二年十二月二十八日
430M60001FCA001,府省令,産業競争力強化法施行規則,さんぎょうきょうそうりょくきょうかほうしこうきそく,令和八年五月二十五日
430M60001FCA003,府省令,産業競争力強化法に基づく認定技術等情報漏えい防止措置認証機関に関する命令,さんぎょうきょうそうりょくきょうかほうにもとづくにんていぎじゅつとうじょうほうろうえいぼうしそちにんしょうきかんにかんするめいれい,令和六年九月二日
430M60080000010,規則,指定廃棄物埋設区域における土地の掘削の許可等に関する規則,していはいきぶつまいせつくいきにおけるとちのくっさくのきょかとうにかんするきそく,令和七年六月六日
430M60400000015,規則,重大な犯罪を防止し、及びこれと戦う上での協力の強化に関する日本国政府とアメリカ合衆国政府との間の協定の実施に関する法律施行規則,じゅうだいなはんざいをぼうししおよびこれとたたかううえでのきょうりょくのきょうかにかんするにほんこくせいふとあめりかがっしゅうこくせいふとのあいだのきょうていのじっしにかんするほうりつしこうきそく,平成三十一年一月五日
430M60400000016,規則,重大な犯罪を防止し、及びこれと戦う上での協力の強化に関する日本国政府とアメリカ合衆国政府との間の協定の適正な実施の確保に関する規則,じゅうだいなはんざいをぼうししおよびこれとたたかううえでのきょうりょくのきょうかにかんするにほんこくせいふとあめりかがっしゅうこくせいふとのあいだのきょうていのてきせいなじっしのかくほにかんするきそく,平成三十一年一月五日
431AC0000000001,法律,平成三十年度分として交付すべき地方交付税の総額の特例に関する法律,へいせいさんじゅうねんどぶんとしてこうふすべきちほうこうふぜいのそうがくのとくれいにかんするほうりつ,平成三十一年二月十四日
431AC0000000003,法律,森林環境税及び森林環境譲与税に関する法律,しんりんかんきょうぜいおよびしんりんかんきょうじょうよぜいにかんするほうりつ,令和八年四月一日
431AC0000000004,法律,特別法人事業税及び特別法人事業譲与税に関する法律,とくべつほうじんじぎょうぜいおよびとくべつほうじんじぎょうじょうよぜいにかんするほうりつ,令和八年四月一日
431AC0000000016,法律,アイヌの人々の誇りが尊重される社会を実現するための施策の推進に関する法律,あいぬのひとびとのほこりがそんちょうされるしゃかいをじつげんするためのせさくのすいしんにかんするほうりつ,令和七年六月一日
431AC0000000017,法律,農業用ため池の管理及び保全に関する法律,のうちようためいけのかんりおよびほぜんにかんするほうりつ,令和元年七月一日
431AC0000000018,法律,令和七年に開催される国際博覧会の準備及び運営のために必要な特別措置に関する法律,れいわななねんにかいさいされるこくさいはくらんかいのじゅんびおよびうんえいのためにひつようなとくべつそちにかんするほうりつ,令和八年四月一日
431CO0000000007,政令,株式会社地域経済活性化支援機構の平成三十事業年度における株式会社地域経済活性化支援機構法第四十条の割合を定める政令,かぶしきがいしゃちいきけいざいかっせいかしえんきこうのへいせいさんじゅうじぎょうねんどにおけるかぶしきがいしゃちいきけいざいかっせいかしえんきこうほうだいよんじゅうじょうのわりあいをさだめるせいれい,平成三十一年一月十八日
431CO0000000011,政令,船舶の再資源化解体の適正な実施に関する法律施行令,せんぱくのさいしげんかかいたいのてきせいなじっしにかんするほうりつしこうれい,令和七年六月二十六日
431CO0000000013,政令,医療法及び医師法の一部を改正する法律の一部の施行に伴う経過措置を定める政令,いりょうほうおよびいしほうのいちぶをかいせいするほうりつのいちぶのしこうにともなうけいかそちをさだめるせいれい,令和二年四月一日
431CO0000000024,政令,平成三十年五月二十日から七月十日までの間の豪雨及び暴風雨による災害についての災害対策基本法第百二条第一項の政令で定める年度等を定める政令,へいせいさんじゅうねんごがつにじゅうにちからしちがつとおかまでのかんのごううおよびぼうふううによるさいがいについてのさいがいたいさくきほんほうだいひゃくにじょうだいいっこうのせいれいでさだめるねんどとうをさだめるせいれい,令和二年二月二十七日
431CO0000000043,政令,平成三十年等における特定地域に係る激甚災害及びこれに対し適用すべき措置の指定に関する政令,へいせいさんじゅうねんとうにおけるとくていちいきにかかるげきじんさいがいおよびこれにたいしてきようすべきそちのしていにかんするせいれい,平成三十一年三月二十日
431CO0000000046,政令,海洋再生可能エネルギー発電設備の整備に関する法律施行令,かいようさいせいかのうえねるぎーはつでんせつびのせいびにかんするほうりつしこうれい,令和八年四月一日
431CO0000000072,政令,特定複合観光施設区域整備法施行令,とくていふくごうかんこうしせつくいきせいびほうしこうれい,令和八年五月一日
431CO0000000089,政令,特別法人事業税及び特別法人事業譲与税に関する法律施行令,とくべつほうじんじぎょうぜいおよびとくべつほうじんじぎょうじょうよぜいにかんするほうりつしこうれい,令和十年四月一日
431CO0000000141,政令,年金生活者支援給付金の支給に関する法律に基づき市町村に交付する事務費に関する政令,ねんきんせいかつしゃしえんきゅうふきんのしきゅうにかんするほうりつにもとづきしちょうそんにこうふするじむひにかんするせいれい,令和八年三月六日
431CO0000000143,政令,元号を改める政令,げんごうをあらためるせいれい,令和元年五月一日
431CO0000000146,政令,厚生年金保険制度及び農林漁業団体職員共済組合制度の統合を図るための農林漁業団体職員共済組合法等を廃止する等の法律の一部を改正する法律の施行に伴う関係政令の整備及び経過措置に関する政令,こうせいねんきんほけんせいどおよびのうりんぎょぎょうだんたいしょくいんきょうさいくみあいせいどのとうごうをはかるためののうりんぎょぎょうだんたいしょくいんきょうさいくみあいほうとうをはいしするとうのほうりつのいちぶをかいせいするほうりつのしこうにともなうかんけいせいれいのせいびおよびけいかそちにかんするせいれい,令和二年四月一日
431CO0000000148,政令,シナイ半島国際平和協力隊の設置等に関する政令,しないはんとうこくさいへいわきょうりょくたいのせっちとうにかんするせいれい,令和七年十一月十二日
431CO0000000154,政令,水道法の一部を改正する法律の施行に伴う関係政令の整備及び経過措置に関する政令,すいどうほうのいちぶをかいせいするほうりつのしこうにともなうかんけいせいれいのせいびおよびけいかそちにかんするせいれい,令和元年十二月十六日
431CO0000000155,政令,働き方改革を推進するための関係法律の整備に関する法律の一部の施行に伴う関係政令の整備及び経過措置に関する政令,はたらきかたかいかくをすいしんするためのかんけいほうりつのせいびにかんするほうりつのいちぶのしこうにともなうかんけいせいれいのせいびおよびけいかそちにかんするせいれい,令和四年四月一日
431M60000008007,府省令,平成三十年度分の地方交付税の交付時期及び交付額の特例に関する省令,へいせいさんじゅうねんどぶんのちほうこうふぜいのこうふじきおよびこうふがくのとくれいにかんするしょうれい,平成三十一年二月十四日
431M60000008035,府省令,地方公務員法第三条第三項第三号の総務省令で定める事務等を定める省令,ちほうこうむいんほうだいさんじょうだいさんこうだいさんごうのそうむしょうれいでさだめるじむとうをさだめるしょうれい,令和二年四月一日
431M60000008040,府省令,森林環境税及び森林環境譲与税に関する法律施行規則,しんりんかんきょうぜいおよびしんりんかんきょうじょうよぜいにかんするほうりつしこうきそく,令和六年一月一日
431M60000008041,府省令,特別法人事業税及び特別法人事業譲与税に関する法律施行規則,とくべつほうじんじぎょうぜいおよびとくべつほうじんじぎょうじょうよぜいにかんするほうりつせこうきそく,令和四年一月十四日
431M60000008046,府省令,経済センサス基礎調査規則,けいざいせんさすきそちょうさきそく,令和六年四月一日
431M60000010005,府省令,特定技能雇用契約及び一号特定技能外国人支援計画の基準等を定める省令,とくていぎのうこようけいやくおよびいちごうとくていぎのうがいこくじんしえんけいかくのきじゅんとうをさだめるしょうれい,令和九年四月一日
431M60000010006,府省令,出入国管理及び難民認定法別表第一の二の表の特定技能の項の下欄に規定する産業上の分野等を定める省令,しゅつにゅうこくかんりおよびなんみんにんていほうべっぴょうだいいちのにのひょうのとくていぎのうのこうのからんにきていするさんぎょうじょうのぶんやとうをさだめるしょうれい,令和六年九月三十日
431M60000010026,府省令,入国者収容所組織規則,にゅうこくしゃしゅうようしょそしききそく,令和七年四月一日
431M60000010027,府省令,地方出入国在留管理局組織規則,ちほうしゅつにゅうこくざいりゅうかんりきょくそしききそく,令和七年五月二十六日
431M60000080004,府省令,ヒトに関するクローン技術等の規制に関する法律施行規則,ひとにかんするくろーんぎじゅつとうのきせいにかんするほうりつしこうきそく,令和六年二月九日
431M60000080005,府省令,重要文化財保存活用計画等の認定等に関する省令,じゅうようぶんかざいほぞんかつようけいかくとうのにんていとうにかんするしょうれい,令和三年六月十四日
431M60000100025,府省令,保健師助産師看護師法に基づく指定試験機関に関する省令,ほけんしじょさんしかんごしほうにもとづくしていしけんきかんにかんするしょうれい,平成三十一年四月一日
431M60000100066,府省令,年金生活者支援給付金の事務費交付金の算定に関する省令,ねんきんせいかつしゃしえんきゅうふきんのじむひこうふきんのさんていにかんするしょうれい,令和二年六月五日
431M60000100070,府省令,雇用保険法等の一部を改正する法律の一部の施行に伴う関係政令の整備等及び経過措置に関する政令の一部を改正する政令の施行に伴う経過措置に関する省令,こようほけんほうとうのいちぶをかいせいするほうりつのいちぶのせこうにともなうかんけいせいれいのせいびとうおよびけいかそちにかんするせいれいのいちぶをかいせいするせいれいのせこうにともなうけいかそちにかんするしょうれい,平成三十一年四月十日
431M60000180001,府省令,医療法第三十条の二十三第二項第五号に規定する取組を定める省令,いりょうほうだいさんじゅうじょうのにじゅさんだいにこうだいごごうにきていするとりくみをさだめるしょうれい,平成三十一年四月一日
431M60000200008,府省令,日本農林規格等に関する法律等に規定する検査身分証明書の様式を定める省令,にほんほうりんきかくとうにかんするほうりつとうにきていするけんさみぶんしょうめいしょのようしきをさだめるしょうれい,令和八年四月一日
431M60000400042,府省令,エチレンの重合体のうちバイオマスから製造したものの証明書の発給に関する省令,えちれんのじゅうごうたいのうちばいおますからせいぞうしたもののしょうめいしょのはっきゅうにかんするしょうれい,令和二年十二月二十八日
431M60000408001,府省令,経済構造実態調査規則,けいざいこうぞうじったいちょうさきそく,令和四年四月一日
431M60000800012,府省令,国土交通省関係船舶の再資源化解体の適正な実施に関する法律施行規則,こくどこうつうしょうかんけいせんぱくのさいしげんかかいたいのてきせいなじっしにかんするほうりつしこうきそく,令和七年十月一日
431M60000800017,府省令,国土交通省関係海洋再生可能エネルギー発電設備の整備に関する法律施行規則,こくどこうつうしょうかんけいかいようさいせいかのうえねるぎーはつでんせつびのせいびにかんするほうりつしこうきそく,令和八年四月一日
431M60000C00001,府省令,海洋再生可能エネルギー発電設備の整備に関する法律施行規則,かいようさいせいかのうえねるぎーはつでんせつびのせいびにかんするほうりつしこうきそく,令和八年四月一日
431M60001900001,府省令,船舶の再資源化解体の適正な実施に関する法律施行規則,せんぱくのさいしげんかかいたいのてきせいなじっしにかんするほうりつしこうきそく,令和七年六月二十六日
501AC0000000008,法律,大学等における修学の支援に関する法律,だいがくとうにおけるしゅうがくのしえんにかんするほうりつ,令和八年四月一日
501AC0000000015,法律,表題部所有者不明土地の登記及び管理の適正化に関する法律,ひょうだいぶしょゆうしゃふめいとちのとうきおよびかんりのてきせいかにかんするほうりつ,令和五年四月一日
501AC0000000057,法律,農林水産物及び食品の輸出の促進に関する法律,のうりんすいさんぶつおよびしょくひんのゆしゅつのそくしんにかんするほうりつ,令和七年十月一日
501AC0100000032,法律,自殺対策の総合的かつ効果的な実施に資するための調査研究及びその成果の活用等の推進に関する法律,じさつたいさくのそうごうてきかつこうかてきなじっしにしするためのちょうさけんきゅうおよびそのせいかのかつようとうのすいしんにかんするほうりつ,令和七年六月一日
501AC0100000033,法律,死因究明等推進基本法,しいんきゅうめいとうすいしんきほんほう,令和二年四月一日
501AC0100000049,法律,視覚障害者等の読書環境の整備の推進に関する法律,しかくしょうがいしゃとうのどくしょかんきょうのせいびのすいしんにかんするほうりつ,令和元年六月二十八日
501AC1000000019,法律,食品ロスの削減の推進に関する法律,しょくひんろすのさくげんのすいしんにかんするほうりつ,令和元年十月一日
501AC1000000042,法律,棚田地域振興法,たなだちいきしんこうほう,令和七年四月一日
501AC1000000047,法律,学校教育の情報化の推進に関する法律,がっこうきょういくのじょうほうかのすいしんにかんするほうりつ,令和三年九月一日
501AC1000000048,法律,日本語教育の推進に関する法律,にほんごきょういくのすいしんにかんするほうりつ,令和五年十二月一日
501AC1000000050,法律,愛玩動物看護師法,あいがんどうぶつかんごしほう,令和七年六月一日
501AC1000000055,法律,ハンセン病元患者家族に対する補償金の支給等に関する法律,はんせんびょうもとかんじゃかぞくにたいするほしょうきんのしきゅうとうにかんするほうりつ,令和六年六月十九日
501AC1000000064,法律,地域人口の急減に対処するための特定地域づくり事業の推進に関する法律,ちいきじんこうのきゅうげんにたいしょするためのとくていちいきづくりじぎょうのすいしんにかんするほうりつ,令和七年七月一日
501AC1000000074,法律,令和元年特定災害関連義援金に係る差押禁止等に関する法律,れいわがんねんとくていさいがいかんれんぎえんきんにかかわるさしおさえきんしとうにかんするほうりつ,令和元年十二月十三日
501CO0000000003,政令,令和七年に開催される国際博覧会の準備及び運営のために必要な特別措置に関する法律施行令,れいわななねんにかいさいされるこくさいはくらんかいのじゅんびおよびうんえいのためにひつようなとくべつそちにかんするほうりつしこうれい,令和八年四月一日
501CO0000000008,政令,アイヌの人々の誇りが尊重される社会を実現するための施策の推進に関する法律施行令,あいぬのひとびとのほこりがそんちょうされるしゃかいをじつげんするためのせさくのすいしんにかんするほうりつしこうれい,令和元年五月二十四日
501CO0000000010,政令,学校教育法等の一部を改正する法律の一部の施行に伴う国立大学法人法施行令の規定の整備及び経過措置に関する政令,がっこうきょういくほうとうのいちぶをかいせいするほうりつのいちぶのしこうにともなうこくりつだいがくほうじんほうしこうれいのきていのせいびおよびけいかそちにかんするせいれい,令和元年五月二十四日
501CO0000000022,政令,農業用ため池の管理及び保全に関する法律施行令,のうぎょうようためいけのかんりおよびほぜんにかんするほうりつしこうれい,令和元年七月一日
501CO0000000049,政令,大学等における修学の支援に関する法律施行令,だいがくとうにおけるしゅうがくのしえんにかんするほうりつしこうれい,令和八年四月一日
501CO0000000050,政令,大学等における修学の支援に関する法律の施行に伴う関係政令の整備及び経過措置に関する政令,だいがくとうにおけるしゅうがくのしえんにかんするほうりつのしこうにともなうかんけいせいれいのせいびおよびけいかそちにかんするせいれい,令和二年四月一日
501CO0000000076,政令,棚田地域振興法施行令,たなだちいきしんこうほうしこうれい,令和元年八月十六日
501CO0000000094,政令,令和元年六月六日から七月二十四日までの間の豪雨及び暴風雨による災害についての激甚災害並びにこれに対し適用すべき措置の指定に関する政令,れいわがんねんろくがつろくにちからなながつにじゅうよんにちまでのあいだのごうううおよびぼうふううによるさいがいについてのげきじんさいがいならびにこれにたいしてきようすべきそちのしていにかんするせいれい,令和元年九月十一日
501CO0000000097,政令,学校教育法等の一部を改正する法律の施行に伴う関係政令の整備及び経過措置に関する政令,がっこうきょういくほうとうのいちぶをかいせいするほうりつのしこうにともなうかんけいせいれいのせいびおよびけいかそちにかんするせいれい,令和二年六月二十六日
501CO0000000114,政令,食品ロス削減推進会議令,しょくひんろすさくげんすいしんかいぎれい,令和元年十月一日
501CO0000000125,政令,食品表示法の一部を改正する法律の施行に伴う関係政令の整備及び経過措置に関する政令,しょくひんひょうじほうのいちぶをかいせいするほうりつのしこうにともなうかんけいせいれいのせいびおよびけいかそちにかんするせいれい,令和三年六月一日
501CO0000000126,政令,令和元年八月十三日から九月二十四日までの間の暴風雨及び豪雨による災害についての激甚災害並びにこれに対し適用すべき措置の指定に関する政令,れいわがんねんはちがつじゅうさんにちからくがつにじゅうよんにちまでのあいだのぼうふううおよびごううによるさいがいについてのげきじんさいがいならびにこれにたいしてきようすべきそちのしていにかんするせいれい,令和二年三月十八日
501CO0000000129,政令,令和元年台風第十九号による災害についての特定非常災害及びこれに対し適用すべき措置の指定に関する政令,れいわがんねんたいふうじゅうきゅうごうによるさいがいのとくていひがいおよびこれにたいしてきようすべきそちのしていにかんするせいれい,令和四年五月三十一日
501CO0000000131,政令,復権令,ふっけんれい,令和元年十月二十二日
501CO0000000135,政令,カジノ管理委員会事務局組織令,かじのかんりいいんかいじむきょくそしきれい,令和二年四月一日
501CO0000000141,政令,循環器病対策推進協議会令,じゅんかんきびょうたいさくすいしんきょうぎかいれい,令和五年九月一日
501CO0000000142,政令,令和元年十月十一日から同月二十六日までの間の暴風雨及び豪雨による災害についての激甚災害並びにこれに対し適用すべき措置の指定に関する政令,れいわがんねんじゅうがつじゅういちにちからどうげつにじゅうろくにちまでのあいだのぼうふううおよびごううによるさいがいについてのげきじんさいがいならびにこれにたいしてきようすべきそちのしていにかんするせいれい,令和三年四月二十八日
501CO0000000143,政令,令和元年台風第十九号による災害についての非常災害の指定に関する政令,れいわがんねんたいふうだいじゅうきゅうごうによるさいがいについてのひじょうさいがいのしていにかんするせいれい,令和七年六月四日
501CO0000000148,政令,樹木採取権登録令,じゅもくさいしゅけんとうろくれい,令和八年四月一日
501CO0000000152,政令,動物の愛護及び管理に関する法律等の一部を改正する法律の施行に伴う関係政令の整備及び経過措置に関する政令,どうぶつのあいごおよびかんりにかんするほうりつとうのいちぶをかいせいするほうりつのしこうにともなうかんけいせいれいのせいびおよびけいかそちにかんするせいれい,令和二年六月一日
501CO0000000155,政令,原子力利用における安全対策の強化のための核原料物質、核燃料物質及び原子炉の規制に関する法律等の一部を改正する法律の一部の施行に伴う関係政令の整備等及び経過措置に関する政令,げんしりょくりようにおけるあんぜんたいさくのきょうかのためのかくげんりょうぶっしつかくねんりょうぶっしつおよびげんしろのきせいにかんするほうりつとうのいちぶをかいせいするほうりつのいちぶのしこうにともなうかんけいせいれいのせいびとうおよびけいかそちにかんするせいれい,令和二年四月一日
501CO0000000170,政令,成育過程にある者及びその保護者並びに妊産婦に対し必要な成育医療等を切れ目なく提供するための施策の総合的な推進に関する法律施行令,せいいくかていにあるものおよびそのほごしゃならびににんさんぷにたいしひつようなせいいくいりょうとうをきれめなくていきょうするためのしさくのそうごうてきなすいしんにかんするほうりつせこうれい,令和六年九月二十五日
501CO0000000178,政令,法務局における遺言書の保管等に関する政令,ほうむきょくにおけるいごんしょのほかんとうにかんするせいれい,令和四年四月一日
501CO0000000198,政令,公立の義務教育諸学校等の教育職員の給与等に関する特別措置法第五条第一項及び第二項の規定により読み替えて適用する地方公務員法第五十八条第三項の規定により読み替えて適用する労働基準法第三十二条の四第三項の審議会等を定める政令,こうりつのぎむきょういくしょがっこうとうのきょういくしょくいんのきゅうよとうにかんするとくべつそちほうだいごじょうだいいっこうおよびだいにこうのきていによりよみかえててきようするちほうこうむいんほうだいごじゅうはちじょうだいさんこうのきていによりよみかえててきようするろうどうきじゅんほうだいさんじゅうにじょうのよんだいさんこうのしんぎかいとうをさだめるせいれい,令和八年一月一日
501M60000002004,府省令,アイヌの人々の誇りが尊重される社会を実現するための施策の推進に関する法律施行規則,あいぬのひとびとのほこりがそんちょうされるしゃかいをじつげんするためのしさくのすいしんにかんするほうりつしこうきそく,令和二年十二月二十八日
501M60000002022,府省令,災害弔慰金の支給等に関する法律の規定に基づく災害援護資金の償還免除に関する内閣府令,さいがいちょういきんのしきゅうとうにかんするほうりつのきていにもとづくさいがいえんごしきんのしょうかんめんじょにかんするないかくふれい,令和元年八月一日
501M60000002049,府省令,カジノ管理委員会事務局組織規則,かじのかんりいいんかいじむきょくそしききそく,令和四年四月一日
501M60000008004,府省令,電気通信番号規則,でんきつうしんばんごうきそく,令和八年五月二十七日
501M60000008037,府省令,競争の導入による公共サービスの改革に関する法律第十条第一号に規定する総務省令で定めるものを定める省令,きょうそうのどうにゅうによるこうきょうさーびすのかいかくにかんするほうりつだいじゅうじょうだいいちごうにきていするそうむしょうれいでさだめるものをさだめるしょうれい,令和元年九月十四日
501M60000010001,府省令,民法第四百四条第三項に規定する期及び同条第五項の規定による基準割合の告示に関する省令,みんぽうだいよんひゃくよんじょうだいさんこうにきていするきおよびどうじょうだいごこうのきていによるきじゅんわりあいのこくじにかんするしょうれい,令和二年四月一日
501M60000010003,府省令,行政手続における特定の個人を識別するための番号の利用等に関する法律第九条第三項の法務省令で定める情報を定める省令,ぎょうせいてつづきにおけるとくていのこじんをしきべつするためのばんごうのりようとうにかんするほうりつだいきゅうじょうだいさんこうのほうむしょうれいでさだめるじょうほうをさだめるしょうれい,令和四年一月十一日
501M60000010042,府省令,表題部所有者不明土地の登記及び管理の適正化に関する法律施行規則,ひょうだいぶしょゆうしゃふめいとちのとうきおよびかんりのてきせいかにかんするほうりつしこうきそく,令和二年十一月一日
501M60000010050,府省令,沖縄弁護士に関する政令第四条第一項第二号に規定する法務省令で定める者を定める省令,おきなわべんごしにかんするせいれいだいよんじょうだいいっこうだいにごうにきていするほうむしょうれいでさだめるものをさだめるしょうれい,令和元年十二月十四日
501M60000040021,府省令,特別法人事業税及び特別法人事業譲与税に関する法律に基づく特別法人事業税に係る徴収金の納付手続の特例に関する省令,とくべつほうじんじぎょうぜいおよびとくべつほうじんじぎょうじょうよぜいにかんするほうりつにもとづくとくべつほうじんじぎょうぜいにかかるちょうしゅうきんののうふてつづきのとくれいにかんするしょうれい,令和六年三月二十九日
501M60000080006,府省令,大学等における修学の支援に関する法律施行規則,だいがくとうにおけるしゅうがくのしえんにかんするほうりつしこうきそく,令和八年四月一日
501M60000080020,府省令,法科大学院の教育と司法試験等との連携等に関する法律第六条第一項の規定に基づく文部科学大臣の認定に関する省令,ほうかだいがくいんのきょういくとしほうしけんとうとのれんけいとうにかんするほうりつだいろくじょうだいいっこうのきていにもとづくもんぶかがくだいじんのにんていにかんするしょうれい,令和二年四月一日
501M60000080032,府省令,原子力損害賠償・廃炉等支援機構法第三十五条第二項に規定する業務に係る財務及び会計に関する省令,げんしりょくそんがいばいしょうはいろとうしえんきこうだいさんじゅうごじょうだいにこうにきていするぎょうむにかかるざいむおよびかいけいにかんするしょうれい,令和二年一月一日
501M60000100005,府省令,アイヌの人々の誇りが尊重される社会を実現するための施策の推進に関する法律施行令附則第二条に規定する共有財産の返還時の手続に関する省令,あいぬのひとびとのほこりがそんちょうされるしゃかいをじつげんするためのしさくのすいしんにかんするほうりつしこうれいふそくだいにじょうにきていするきょうゆうざいさんのへんかんじのてつづきにかんするしょうれい,令和二年十二月二十五日
501M60000100034,府省令,無料低額宿泊所の設備及び運営に関する基準,むりょうていがくしゅくはくじょのせつびおよびうんえいにかんするきじゅん,令和五年十二月二十六日
501M60000100040,府省令,自殺対策の総合的かつ効果的な実施に資するための調査研究及びその成果の活用等の推進に関する法律施行規則,じさつたいさくのそうごうてきかつこうかてきなじっしにしするためのちょうさけんきゅうおよびそのせいかのかつようとうのすいしんにかんするほうりうしこうきそく,令和元年九月十二日
501M60000100044,府省令,社会保険診療報酬支払基金の医療機関等情報化補助業務に係る業務方法書に記載すべき事項を定める省令,しゃかいほけんしんりょうほうしゅうしはらいききんのいりょうきかんとうじょうほうかほじょぎょうむにかかるぎょうむほうほうしょにきさいすべきじこうをさだめるしょうれい,令和五年一月一日
501M60000100045,府省令,社会保険診療報酬支払基金の医療機関等情報化補助業務に係る財務及び会計に関する省令,しゃかいほけんしんりょうほうしゅうしはらいききんのいりょうきかんとうじょうほうかほじょぎょうむにかかるざいむおよびかいけいにかんするしょうれい,令和五年一月一日
501M60000100064,府省令,令和元年台風第十九号に伴う災害に対処するための要介護認定有効期間及び要支援認定有効期間の特例に関する省令,れいわがんねんたいふうだいじゅうきゅうごうにともなうさいがいにたいしょするためのようかいごにんていゆうこうきかんおよびようしえんにんていゆうこうきかんのとくれいにかんするしょうれい,令和元年十月二十四日
501M60000100073,府省令,ハンセン病元患者家族に対する補償金の支給等に関する法律施行規則,はんせんびょうもとかんじゃかぞくにたいするほしょうきんのしきゅうとうにかんするほうりつしこうきそく,令和二年十二月二十五日
501M60000101001,府省令,ハンセン病問題の解決の促進に関する法律第十一条の二第一項の規定による国立ハンセン病療養所医師等の兼業等に関する規則,はんせんびょうもんだいのかいけつのそくしんにかんするほうりつだいじゅういちじょうのにだいいっこうのきていによるこくりつはんせんびょうりょうようじょいしとうのけんぎょうとうにかんするきそく,令和元年十一月二十二日
501M60000102011,府省令,食品衛生法第五十八条第一項に規定する食品衛生上の危害が発生するおそれがない場合等を定める命令,しょくひんえいせいほうだいごじゅうはちじょうだいいっこうにきていするしょくひんえいせいじょうのきがいがはっせいするおそれがないばあいとうをさだめるめいれい,令和三年六月一日
501M60000200004,府省令,農林水産省関係アイヌの人々の誇りが尊重される社会を実現するための施策の推進に関する法律施行規則,のうりんすいさんしょうかんけいあいぬのひとびとのほこりがそんちょうされるしゃかいをじつげんするためのしさくのすいしんにかんするほうりつしこうきそく,令和元年五月二十四日
501M60000200009,府省令,農業用ため池の管理及び保全に関する法律施行規則,のうぎょうようためいけのかんりおよびほぜんにかんするほうりつしこうきそく,令和元年七月一日
501M60000200049,府省令,樹木採取権登録令施行規則,じゅもくさいしゅけんとうろくれいしこうきそく,令和八年三月十日
501M60000400003,府省令,平成三十七年に開催される国際博覧会の準備及び運営のために必要な特別措置に関する法律施行規則,へいせいさんじゅうななねんにかいさいされるこくさいはくらんかいのじゅんびおよびうんえいのためにひつようなとくべつそちにかんするほうりつしこうきそく,令和元年五月二十三日
501M60000600009,府省令,特定委託者保護基金に関する省令,とくていいたくしゃほごききんにかんするしょうれい,令和元年十二月十六日
501M60000800005,府省令,アイヌの人々の誇りが尊重される社会を実現するための施策の推進に関する法律第四十二条第一項の規定による権限の委任に関する省令,あいぬのひとびとのほこりがそんちょうされるしゃかいをじつげんするためのしさくのすいしんにかんするほうりつだいよんじゅうにじょうだいいっこうのきていによるけんげんのいにんにかんするしょうれい,令和元年五月二十四日
501M60000800010,府省令,国土交通省関係令和三年東京オリンピック競技大会・東京パラリンピック競技大会特別措置法施行規則,こくどこうつうしょうかんけいれいわさんねんとうきょうおりんぴっくきょうぎたいかいとうきょうぱらりんぴっくきょうぎたいかいとくべつそちほうしこうきそく,令和三年一月一日
501M60000800011,府省令,国土交通省関係平成三十一年ラグビーワールドカップ大会特別措置法施行規則,こくどこうつうしょうかんけいへいせいさんじゅういちねんらぐびーわーるどかっぷたいかいとくべつそちほうしこうきそく,令和元年七月一日
501M60000800030,府省令,航空法及び運輸安全委員会設置法の一部を改正する法律の一部の施行に伴う経過措置を定める省令,こうくうほうおよびうんゆあんぜんいいんかいせっちほうのいちぶをかいせいするほうりつのいちぶのせこうにともなうけいかそちをさだめるしょうれい,令和四年六月十八日
501M60000802003,府省令,自然環境保全法第六十条第二項第一号に規定する担保金の提供等に関する命令,しぜんかんきょうほぜんほうだいろくじゅうじょうだいにこうだいいちごうにきていするたんぽきんのていきょうとうにかんするめいれい,令和六年八月五日
501M60000802004,府省令,地域再生法に基づく住宅団地再生道路運送利便増進実施計画の認定に係る都道府県公安委員会の意見の聴取に関する命令,ちいきさいせいほうにもとづくじゅうたくだんちさいせいどうろうんそうりべんぞうしんじっしけいかくのにんていにかかるとどうふけんこうあんいいんかいのいけんのちょうしゅにかんするめいれい,令和六年十月一日
501M60000880001,府省令,国土交通省・文部科学省関係アイヌの人々の誇りが尊重される社会を実現するための施策の推進に関する法律施行規則,こくどこうつうしょうもんぶかがくしょうかんけいあいぬのひとびとのほこりがそんちょうされるしゃかいをじつげんするためのしさくのすいしんにかんするほうりつしこうきそく,令和元年七月一日
501M60000900005,府省令,厚生労働省・国土交通省関係地域再生法施行規則,こうせいろうどうしょうこくどこうつうしょうかんけいちいきさいせいほうしこうきそく,令和六年十月一日
501M60000F00006,府省令,電磁的記録に係る日本産業規格への適合性の認証に関する省令,でんじてききろくにかかるにほんさんぎょうきかくへのてきごうせいのにんしょうにかんするしょうれい,令和六年六月二十八日
501M60001200007,府省令,愛玩動物看護師法に基づく指定試験機関に関する省令,あいがんどうぶつかんごしほうにもとづくしていしけんきかんにかんするしょうれい,令和四年五月一日
501M60001A88001,府省令,棚田地域振興法施行規則,たなだちいきしんこうほうしこうきそく,令和二年十二月二十五日
501M60001C00003,府省令,フロン類の使用の合理化及び管理の適正化に関する法律に係る民間事業者等が行う書面の保存等における情報通信の技術の利用に関する法律施行規則,ふろんるいのしようのごうりかおよびかんりのてきせいかにかんするほうりつにかかるみんかんじぎょうしゃとうがおこなうしょめんのほぞんとうにおけるじょうほうつうしんのぎじゅつのりようにかんするほうりつしこうきそく,令和六年一月三十日
501M60001F4A002,府省令,社外高度人材活用新事業分野開拓に関する命令,しゃがいこうどじんざいかつようしんじぎょうぶんやかいたくにかんするめいれい,令和六年七月十一日
501M60001F8A002,府省令,役務に係る日本産業規格への適合性の認証に関する命令,えきむにかかるにほんさんぎょうきかくへのてきごうせいのにんしょうにかんするめいれい,令和六年六月二十八日
501M60002000001,府省令,令和七年に開催される国際博覧会の準備及び運営のために必要な特別措置に関する法律の施行に伴う自衛隊法施行規則等の特例に関する省令,れいわななねんにかいさいされるこくさいはくらんかいのじゅんびおよびうんえいのためにひつようなとくべつそちにかんするほうりつのしこうにともなうじえいたいほうしこうきそくとうのとくれいにかんするしょうれい,令和三年九月一日
501M60002000003,府省令,防衛省関係重要施設の周辺地域の上空における小型無人機等の飛行の禁止に関する法律施行規則,ぼうえいしょうかんけいじゅうようしせつのしゅうへんちいきのじょうくうにおけるこがたむじんきとうのひこうのきんしにかんするほうりつしこうきそく,令和四年六月二十日
501RJNJ01072000,規則,人事院規則一―七二（職員の令和七年国際博覧会特措法第十四条第一項の規定により指定された博覧会協会への派遣）,じんじいんきそくいちのななじゅうにしょくいんのれいわななねんこくさいはくらんかいとくそほうだいじゅうよんじょうだいいっこうのきていによりしていされたはくらんかいきょうかいへのはけん,令和八年四月一日
502AC0000000003,法律,平成三十年度歳入歳出の決算上の剰余金の処理の特例に関する法律,へいせいさんじゅうねんどさいにゅうしゅつのけっさんじょうのじょうよきんのしょりのとくれいにかんするほうりつ,令和二年二月五日
502AC0000000018,法律,文化観光拠点施設を中核とした地域における文化観光の推進に関する法律,ぶんかかんこうきょてんしせつをちゅうかくとしたちいきにおけるぶんかかんこうのすいしんにかんするほうりつ,令和七年四月一日
502AC0000000022,法律,家畜遺伝資源に係る不正競争の防止に関する法律,かちくいでんしげんにかかるふせいきょうそうのぼうしにかんするほうりつ,令和八年五月二十一日
502AC0000000025,法律,新型コロナウイルス感染症等の影響に対応するための国税関係法律の臨時特例に関する法律,しんがたころなういるすかんせんしょうとうのえいきょうにたいおうするためのこくぜいかんけいほうりつのりんじとくれいにかんするほうりつ,令和八年四月一日
502AC0000000032,法律,地域における一般乗合旅客自動車運送事業及び銀行業に係る基盤的なサービスの提供の維持を図るための私的独占の禁止及び公正取引の確保に関する法律の特例に関する法律,ちいきにおけるいっぱんのりあいりょきゃくじどうしゃうんそうじぎょうおよびぎんこうぎょうにかかるきばんてきなさーびすのていきょうのいじをはかるためのしてきどくせんのきんしおよびこうせいとりひきのかくほにかんするほうりつのとくれいにかんするほうりつ,令和七年四月一日
502AC0000000037,法律,特定高度情報通信技術活用システムの開発供給及び導入の促進に関する法律,とくていこうどじょうほうつうしんぎじゅつかつようしすてむのかいはつきょうきゅうおよびどうにゅうのそくしんにかんするほうりつ,令和七年四月一日
502AC0000000038,法律,特定デジタルプラットフォームの透明性及び公正性の向上に関する法律,とくていでじたるぷらっとふぉーむのとうめいせいおよびこうせいせいのこうじょうにかんするほうりつ,令和六年四月一日
502AC0000000053,法律,聴覚障害者等による電話の利用の円滑化に関する法律,ちょうかくしょうがいしゃとうによるでんわのりようのえんかつかにかんするほうりつ,令和八年五月二十七日
502AC0000000054,法律,新型コロナウイルス感染症等の影響に対応するための雇用保険法の臨時特例等に関する法律,しんがたころなういるすかんせんしょうとうのえいきょうにたいおうするためのこようほけんほうのりんじとくれいとうにかんするほうりつ,令和七年十月一日
502AC0000000060,法律,賃貸住宅の管理業務等の適正化に関する法律,ちんたいじゅうたくのかんりぎょうむとうのてきせいかにかんするほうりつ,令和七年六月一日
502AC0000000079,法律,特定水産動植物等の国内流通の適正化等に関する法律,とくていすいさんどうしょくぶつとうのこくないりゅうつうのてきせいかとうにかんするほうりつ,令和八年四月一日
502AC0100000076,法律,生殖補助医療の提供等及びこれにより出生した子の親子関係に関する民法の特例に関する法律,せいしょくほじょいりょうのていきょうとうおよびこれによりしゅっせいしたこのおやこかんけいにかんするみんぽうのとくれいにかんするほうりつ,令和六年四月一日
502AC1000000027,法律,令和二年度特別定額給付金等に係る差押禁止等に関する法律,れいわにねんどとくべつていがくきゅうふきんとうにかかるさしおさえきんしとうにかんするほうりつ,令和三年二月十三日
502AC1000000055,法律,令和二年度ひとり親世帯臨時特別給付金等に係る差押禁止等に関する法律,れいわにねんどひとりおやせたいりんじとくべつきゅうふきんとうにかかるさしおさえきんしとうにかんするほうりつ,令和三年二月十三日
502AC1000000056,法律,防災重点農業用ため池に係る防災工事等の推進に関する特別措置法,ぼうさいじゅうてんのうぎょうようためいけにかかるぼうさいこうじとうのすいしんにかんするとくべつそちほう,令和二年十月一日
502AC1000000077,法律,令和二年七月豪雨災害関連義援金に係る差押禁止等に関する法律,れいわにねんしちがつごううさいがいかんれんぎえんきんにかかるさしおさえきんしとうにかんするほうりつ,令和二年十二月十一日
502AC1000000078,法律,労働者協同組合法,ろうどうしゃきょうどうくみあいほう,令和七年十月一日
502CO0000000005,政令,ハンセン病元患者家族補償金認定審査会令,はんせんびょうもとかんじゃかぞくにたいするほしょうきんにんていしんさかいれい,令和五年九月一日
502CO0000000033,政令,令和元年十月十一日から同月二十六日までの間の暴風雨及び豪雨による災害についての災害対策基本法第百二条第一項の政令で定める年度等を定める政令,れいわがんねんじゅうがつじゅういちにちからどうげつにじゅうろくにちまでのあいだのぼうふううおよびごううによるさいがいについてのさいがいたいさくきほんほうだいひゃくにじょうだいいっこうのせいれいでさだめるねんどとうをさだめるせいれい,令和二年二月二十七日
502CO0000000040,政令,医薬品、医療機器等の品質、有効性及び安全性の確保等に関する法律等の一部を改正する法律の一部の施行に伴う関係政令の整備及び経過措置に関する政令,いやくひんいりょうききとうのひんしつゆうこうせいおよびあんぜんせいのかくほとうにかんするほうりつとうのいちぶをかいせいするほうりつのいちぶのしこうにともなうかんけいせいれいのせいびおよびけいかそちにかんするせいれい,令和二年四月一日
502CO0000000049,政令,令和元年等における特定地域に係る激甚災害及びこれに対し適用すべき措置の指定に関する政令,れいわがんねんとうにおけるとくていちいきにかかるげきじんさいがいおよびこれにたいしてきようすべきそちのしていにかんするせいれい,令和二年三月十八日
502CO0000000055,政令,法務局における遺言書の保管等に関する法律関係手数料令,ほうむきょくにおけるいごんしょのほかんとうにかんするほうりつかんけいてすうりょうれい,令和二年七月十日
502CO0000000056,政令,医薬品等行政評価・監視委員会令,いやくひんとうぎょうせいひょうかかんしいいんかいれい,令和二年九月一日
502CO0000000072,政令,死因究明等推進本部令,しいんきゅうめいとうすいしんほんぶれい,令和二年四月一日
502CO0000000073,政令,農林水産物及び食品の輸出の促進に関する法律施行令,のうりんすいさんぶつおよびしょくひんのゆしゅつのそくしんにかんするほうりつしこうれい,令和四年十月一日
502CO0000000158,政令,新型コロナウイルス感染症対策中小企業等持続化給付金の支払の臨時特例に関する政令,しんがたころなういるすかんせんしょうたいさくちゅうしょうきぎょうとうじぞくかきゅうふきんのしはらいのりんじとくれいにかんするせいれい,令和二年四月三十日
502CO0000000160,政令,新型コロナウイルス感染症等の影響に対応するための国税関係法律の臨時特例に関する法律施行令,しんがたころなういるすかんせんしょうとうのえいきょうにたいおうするためのこくぜいかんけいほうりつのりんじとくれいにかんするほうりつしこうれい,令和八年四月一日
502CO0000000172,政令,新型コロナウイルス感染症等の影響に対応するための国有財産の貸付料等に係る債権の履行期限の延長についての臨時特例に関する政令,しんがたころなういるすかんせんしょうとうのえいきょうにたいおうするためのこくゆうざいさんのかしつけりょうとうにかかるさいけんのりこうきげんのえんちょうについてのりんじとくれいにかんするせいれい,令和三年二月十三日
502CO0000000187,政令,新型コロナウイルス感染症等の影響に対応するための雇用保険法の臨時特例等に関する法律施行令,しんがたころなういるすかんせんしょうとうのえいきょうにたいおうするためのこようほけんほうのりんじとくれいとうにかんするほうりつしこうれい,令和四年四月一日
502CO0000000196,政令,新型コロナウイルス感染症対策中小企業等家賃支援給付金の支払の臨時特例に関する政令,しんがたころなういるすかんせんしょうたいさくちゅうしょうきぎょうとうやちんしえんきゅうふきんのしはらいのりんじとくれいにかんするせいれい,令和二年六月十九日
502CO0000000208,政令,トリス（クロロプロピル）ホスフェートに対して課する不当廉売関税に関する政令,とりすくろろぷろぴるほすふぇーとにたいしてかするふとうれんばいかんぜいにかんするせいれい,令和二年九月十七日
502CO0000000211,政令,新型コロナウイルス感染症等の影響に対応するための独立行政法人の納付金の納付等に係る手続に関する期限の臨時特例に関する政令,しんがたころなういるすかんせんしょうとうのえいきょうにたいおうするためのどくりつぎょうせいほうじんののうふきんののうふとうにかかるてつづきにかんするきげんのりんじとくれいにかんするせいれい,令和二年六月二十六日
502CO0000000217,政令,漁業法等の一部を改正する等の法律の施行に伴う関係政令の整備及び経過措置に関する政令,ぎょぎょうほうとうのいちぶをかいせいするとうのほうりつのしこうにともなうかんけいせいれいのせいびおよびけいかそちにかんするせいれい,令和二年十二月一日
502CO0000000223,政令,令和二年七月豪雨による災害についての特定非常災害及びこれに対し適用すべき措置の指定に関する政令,れいわにねんしちがつごううによるさいがいについてのとくていひじょうさいがいおよびこれにたいしてきようすべきそちのしていにかんするせいれい,令和四年五月三十一日
502CO0000000225,政令,地域における一般乗合旅客自動車運送事業及び銀行業に係る基盤的なサービスの提供の維持を図るための私的独占の禁止及び公正取引の確保に関する法律の特例に関する法律施行令,ちいきにおけるいっぱんのりあいりょきゃくじどうしゃうんそうじぎょうおよびぎんこうぎょうにかかるきばんてきなさーびすのていきょうのいじをはかるためのしてきどくせんのきんしおよびこうせいとりひきのかくほにかんするほうりつのとくれいにかんするほうりつしこうれい,令和二年十一月二十七日
502CO0000000230,政令,令和三年度予算に係る歳入歳出等の見積書類の送付期限の特例を定める政令,れいわさんねんどよさんにかかるさいにゅうさいしゅつとうのみつもりしょるいのそうふきげんのとくれいをさだめるせいれい,令和二年七月二十八日
502CO0000000234,政令,令和二年七月豪雨による災害についての非常災害の指定に関する政令,れいわにねんしちがつごううによるさいがいについてのひじょうさいがいのしていにかんするせいれい,令和七年六月四日
502CO0000000246,政令,厚生年金保険法の標準報酬月額の等級区分の改定等に関する政令,こうせいねんきんほけんほうのひょうじゅんほうしゅうげつがくのとうきゅうくぶんのかいていとうにかんするせいれい,令和二年九月一日
502CO0000000250,政令,令和二年五月十五日から七月三十一日までの間の豪雨による災害についての激甚災害及びこれに対し適用すべき措置の指定に関する政令,れいわにねんごがつじゅうごにちからしちがつさんじゅういちにちまでのあいだのごううによるさいがいについてのげきじんさいがいおよびこれにたいしてきようすべきそちのしていにかんするせいれい,令和八年二月二十六日
502CO0000000256,政令,特定高度情報通信技術活用システムの開発供給及び導入の促進に関する法律施行令,とくていこうどじょうほうつうしんぎじゅつかつようしすてむのかいはつきょうきゅうおよびどうにゅうのそくしんにかんするほうりつしこうれい,令和六年三月十五日
502CO0000000258,政令,サービス産業消費喚起事業給付金の支払の臨時特例に関する政令,さーびすさんぎょうしょうひかんきじぎょうきゅうふきんのしはらいのりんじとくれいにかんするせいれい,令和二年八月二十八日
502CO0000000277,政令,防災重点農業用ため池に係る防災工事等の推進に関する特別措置法施行令,ぼうさいじゅうてんのうぎょうようためいけにかかるぼうさいこうじとうのすいしんにかんするとくべつそちほうしこうれい,令和二年十月一日
502CO0000000313,政令,賃貸住宅の管理業務等の適正化に関する法律施行令,ちんたいじゅうたくのかんりぎょうむとうのてきせいかにかんするほうりつせこうれい,令和三年六月十五日
502CO0000000364,政令,著作権法及びプログラムの著作物に係る登録の特例に関する法律の一部を改正する法律の施行に伴う関係政令の整備及び経過措置に関する政令,ちょさくけんほうおよびぷろぐらむのちょさくぶつにかかるとうろくのとくれいにかんするほうりつのいちぶをかいせいするほうりつのしこうにともなうかんけいせいれいのせいびおよびけいかそちにかんするせいれい,令和三年一月一日
502CO0000000365,政令,特定複合観光施設区域整備法第九条第十項の期間を定める政令,とくていふくごうかんこうしせつくいきせいびほうだいきゅうじょうだいじゅっこうのきかんをさだめるせいれい,令和八年三月十三日
502M60000001008,府省令,内閣官房内閣人事局の所管する法令に係る情報通信技術を活用した行政の推進等に関する法律の施行に関する内閣官房令,ないかくかんぼうないかくじんじきょくのしょかんするほうれいにかかるじょうほうつうしんぎじゅつをかつようしたぎょうせいのすいしんとうにかんするほうりつのしこうにかんするないかくかんぼうれい,令和五年十二月二十一日
502M60000002057,府省令,国家戦略特別区域法第二十五条の二の内閣府令で定める実証事業等を定める内閣府令,こっかせんりゃくとくべつくいきほうだいにじゅうごじょうのにのないかくふれいでさだめるじっしょうじぎょうとうをさだめるないかくふれい,令和二年九月一日
502M60000008009,府省令,衛星基幹放送に係る周波数の使用に関する基準,えいせいきかんほうそうにかかるしゅうはすうのしようにかんするきじゅん,令和七年三月二十六日
502M60000008010,府省令,子ども・子育て支援臨時交付金に関する省令,こどもこそだてしえんりんじこうふきんにかんするしょうれい,令和三年三月十一日
502M60000008011,府省令,地域人口の急減に対処するための特定地域づくり事業の推進に関する法律施行規則,ちいきじんこうのきゅうげんにたいしょするためのとくていちいきづくりじぎょうのすいしんにかんするほうりつしこうきそく,令和二年六月四日
502M60000008083,府省令,総務省関係国家戦略特別区域法施行規則,そうむしょうかんけいこっかせんりゃくとくべつくいきほうしこうきそく,令和二年九月一日
502M60000008110,府省令,聴覚障害者等による電話の利用の円滑化に関する法律施行規則,ちょうかくしょうがいしゃとうによるでんわのりようのえんかつかにかんするほうりつしこうきそく,令和七年四月一日
502M60000010033,府省令,法務局における遺言書の保管等に関する省令,ほうむきょくにおけるいごんしょのほかんとうにかんするしょうれい,令和八年三月二日
502M60000040032,府省令,育児休業給付資金事務取扱規則,いくじきゅうぎょうきゅうふしきんじむとりあつかいきそく,令和七年四月一日
502M60000040033,府省令,雇用安定資金事務取扱規則,こようあんていしきんじむとりあつかいきそく,令和二年四月一日
502M60000040044,府省令,新型コロナウイルス感染症等の影響に対応するための国税関係法律の臨時特例に関する法律施行規則,しんがたころなういるすかんせんしょうとうのえいきょうにたいおうするためのこくぜいかんけいほうりつのりんじとくれいにかんするほうりつしこうきそく,令和八年四月一日
502M60000040053,府省令,とん税法附則第七項及び特別とん税法附則第三項に規定する国土交通大臣が財務大臣に提供する情報を定める省令,とんぜいほうふそくだいななこうおよびとくべつとんぜいほうふそくだいさんこうにきていするこくどこうつうだいじんがざいむだいじんにていきょうするじょうほうをさだめるしょうれい,令和二年十月一日
502M60000040055,府省令,法人企業統計調査規則第八条第一項に規定する調査票の提出期限の特例に関する省令,ほうじんきぎょうとうけいちょうさきそくだいはちじょうだいいっこうにきていするちょうさひょうのていしゅつきげんのとくれいにかんするしょうれい,令和二年六月三十日
502M60000040060,府省令,漁業法等の一部を改正する等の法律の施行に伴う漁業権の耐用年数の経過措置に関する省令,ぎょぎょうほうとうのいちぶをかいせいするとうのほうりつのしこうにともなうぎょぎょうけんのたいようねんすうのけいかそちにかんするしょうれい,令和二年十二月一日
502M60000040072,府省令,新型コロナウイルス感染症対策中小企業等持続化給付金の過誤払による返還金及び新型コロナウイルス感染症対策家賃支援給付金の過誤払による返還金の納付手続の特例に関する省令,しんがたころなういるすかんせんしょうたいさくちゅうしょうきぎょうとうじぞくかきゅうふきんのかごばらいによるへんかんきんおよびしんがたころなういるすかんせんしょうたいさくやちんしえんきゅうふきんのかごばらいによるへんかんきんののうふてつづきのとくれいにかんするしょうれい,令和二年十二月一日
502M60000048001,府省令,令和六年度における地方公共団体金融機構法附則第十四条の規定により国に帰属させるものとする金額を定める省令,れいわろくねんどにおけるちほうこうきょうだんたいきんゆうきこうほうふそくだいじゅうよんじょうのきていによりくににきぞくさせるものとするきんがくをさだめるしょうれい,令和六年十二月二十三日
502M60000080018,府省令,文部科学省関係文化観光拠点施設を中核とした地域における文化観光の推進に関する法律施行規則,もんぶかがくしょうかんけいぶんかかんこうきょてんしせつをちゅうかくとしたちいきにおけるぶんかかんこうのすいしんにかんするほうりつしこうきそく,令和三年六月十四日
502M60000080026,府省令,公立の義務教育諸学校等の教育職員の給与等に関する特別措置法施行規則,こうりつのぎむきょういくしょがっこうとうのきょういくしょくいんのきゅうよとうにかんするとくべつそちほうしこうきそく,令和八年四月一日
502M60000100044,府省令,日常生活支援住居施設に関する厚生労働省令で定める要件等を定める省令,にちじょうせいかつしえんじゅうきょしせつにかんするこうせいろうどうしょうれいでさだめるようけんとうをさだめるしょうれい,令和六年三月三十一日
502M60000100053,府省令,死因究明等推進本部事務局組織規則,しいんきゅうめいとうすいしんほんぶじむきょくそしききそく,令和二年四月一日
502M60000100091,府省令,厚生労働省関係地域人口の急減に対処するための特定地域づくり事業の推進に関する法律施行規則,こうせいろうどうしょうかんけいちいきじんこうのきゅうげんにたいしょするためのとくていちいきづくりじぎょうのすいしんにかんするほうりつせこうきそく,令和二年六月四日
502M60000100095,府省令,新型コロナウイルス感染症等の影響に対応するための健康保険法施行規則等の臨時特例に関する省令,しんがたころなういるすかんせんしょうとうのえいきょうにたいおうするためのけんこうほけんほうせこうきそくとうのりんじとくれいにかんするしょうれい,令和二年十一月十六日
502M60000100125,府省令,新型コロナウイルス感染症等の影響に対応するための雇用保険法の臨時特例等に関する法律施行規則,しんがたころなういるすかんせんしょうとうのえいきょうにたいおうするためのこようほけんほうのりんじとくれいとうにかんするほうりつしこうきそく,令和七年四月一日
502M60000100142,府省令,令和二年七月三日からの大雨による災害に対処するための要介護認定有効期間及び要支援認定有効期間の特例に関する省令,れいわにねんしちがつみっかからのおおあめによるさいがいにたいしょするためのようかいごにんていゆうこうきかんおよびようしえんにんていゆうこうきかんのとくれいにかんするしょうれい,令和二年七月十七日
502M60000100166,府省令,社会復帰促進等事業に要する費用に充てるべき額の特例に関する省令,しゃかいふっきそくしんとうじぎょうにようするひようにあてるべきがくのとくれいにかんするしょうれい,令和二年九月三十日
502M60000200022,府省令,農林水産省関係農林水産物及び食品の輸出の促進に関する法律施行規則,のうりんすいさんしょうかんけいのうりんすいさんぶつおよびしょくひんのゆしゅつのそくしんにかんするほうりつしこうきそく,令和六年四月一日
502M60000200047,府省令,漁業法施行規則,ぎょぎょうほうしこうきそく,令和八年四月一日
502M60000200061,府省令,防災重点農業用ため池に係る防災工事等の推進に関する特別措置法施行規則,ぼうさいじゅうてんのうぎょうようためいけにかかるぼうさいこうじとうのすいしんにかんするとくべつそちほうしこうきそく,令和二年十月一日
502M60000200065,府省令,家畜遺伝資源に係る不正競争の防止に関する法律施行規則,かちくいでんしげんにかかるふせいきょうそうのぼうしにかんするほうりつしこうきそく,令和二年十月一日
502M60000200069,府省令,特定水産資源の採捕の停止に関する省令,とくていすいさんしげんのさいほのていしにかんするしょうれい,令和二年十二月一日
502M60000200084,府省令,包括的な経済上の連携に関する日本国とグレートブリテン及び北アイルランド連合王国との間の協定に基づく農林水産省の所掌事務に係る物資の日英特恵輸入証明書に関する省令,ほうかつてきなけいざいじょうのれんけいにかんするにほんこくとぐれーとぶりてんおよびきたあいるらんどれんごうおうこくとのあいだのきょうていにもとづくのうりんすいさんしょうのしょしょうじむにかかるぶっしのにちえいとっけいゆにゅうしょうめいしょにかんするしょうれい,令和三年一月一日
502M60000340001,府省令,農林水産物及び食品の輸出の促進に関する法律施行規則,のうりんすいさんぶつおよびしょくひんのゆしゅつのそくしんにかんするほうりつしこうきそく,令和六年八月二十六日
502M60000400036,府省令,国内外における経営資源活用の共同化に関する調査に関する省令,こくないがいにおけるけいえいしげんかつようのきょうどうかにかんするちょうさにかんするしょうれい,令和五年四月一日
502M60000400052,府省令,新型コロナウイルス感染症等の影響に対応するための特定計量器検定検査規則の特例に関する省令,しんがたころなういるすかんせんしょうとうのえいきょうにたいおうするためのとくていけいりょうきけんていけんさきそくのとくれいにかんするしょうれい,令和二年五月二十九日
502M60000400068,府省令,経済産業省関係特定高度情報通信技術活用システムの開発供給及び導入の促進に関する法律施行規則,けいざいさんぎょうしょうかんけいとくていこうどじょうほうつうしんぎじゅつかつようしすてむのかいはつきょうきゅうおよびどうにゅうのそくしんにかんするほうりつしこうきそく,令和六年四月八日
502M60000400070,府省令,電気事業法等の一部を改正する等の法律附則第四十七条第一項に規定する分割証明情報に係る申請手続に関する省令,でんきじぎょうほうとうのいちぶをかいせいするとうのほうりつふそくだいよんじゅうななじょうだいいっこうにきていするぶんかつしょうめいじょうほうにかかるしんせいてつづきにかんするしょうれい,令和二年十二月二十八日
502M60000400076,府省令,地域経済牽引事業の促進による地域の成長発展の基盤強化に関する法律第二条第五項の経済産業省令で定める関係を定める省令,ちいきけいざいけんいんじぎょうのそくしんによるちいきのせいちょうはってんのきばんきょうかにかんするほうりつだいにじょうだいごこうのけいざいさんぎょうしょうれいでさだめるかんけいをさだめるしょうれい,令和三年八月二日
502M60000400077,府省令,地域経済牽引事業の促進による地域の成長発展の基盤強化に関する法律第十三条第三項第三号ハの経済産業省令で定める事項を定める省令,ちいきけいざいけんいんじぎょうのそくしんによるちいきのせいちょうはってんのきばんきょうかにかんするほうりつだいじゅうさんじょうだいさんこうだいさんごうはのけいざいさんぎょうしょうれいでさだめるじこうをさだめるしょうれい,令和六年九月二日
502M60000400078,府省令,独立行政法人情報処理推進機構の業務運営、財務及び会計並びに人事管理に関する命令,どくりつぎょうせいほうじんじょうほうしょりすいしんきこうのぎょうむうんえい、ざいむおよびかいけいならびにじんじかんりにかんするめいれい,令和七年八月四日
502M60000408002,府省令,総務省・経済産業省関係特定高度情報通信技術活用システムの開発供給及び導入の促進に関する法律施行規則,そうむしょうけいざいさんぎょうしょうかんけいとくていこうどじょうほうつうしんぎじゅつかつようしすてむのかいはつきょうきゅうおよびどうにゅうのそくしんにかんするほうりつしこうきそく,令和七年四月一日
502M6000040A001,府省令,内閣府・総務省・経済産業省関係国家戦略特別区域法施行規則,ないかくふそうむしょうけいざいさんぎょうしょうかんけいこっかせんりゃくとくべつくいきほうしこうきそく,令和七年八月四日
502M60000440003,府省令,承継法人が分割により承継した兼業者たる法人の権利の登記等の登録免許税の免税を受けるための手続に関する省令,しょうけいほうじんがぶんかつによりしょうけいしたけんぎょうしゃたるほうじんのけんりのとうきとうのとうろくめんきょぜいのめんぜいをうけるためのてつづきにかんするしょうれい,令和二年八月二十八日
502M60000440007,府省令,地域経済牽引事業の促進による地域の成長発展の基盤強化に関する法律第二十二条第一項第二号の経済産業省令・財務省令で定める金融機関を定める省令,ちいきけいざいけんいんじぎょうのそくしんによるちいきのせいちょうはってんのきばんきょうかにかんするほうりつだいにじゅうにじょうだいいっこうだいにごうのけいざいさんぎょうしょうれいざいむしょうれいでさだめるきんゆうきかんをさだめるしょうれい,令和二年十月一日
502M60000800047,府省令,国土交通省関係文化観光拠点施設を中核とした地域における文化観光の推進に関する法律施行規則,こくどこうつうしょうかんけいぶんかかんこうきょてんしせつをちゅうかくとしたちいきにおけるぶんかかんこうのすいしんにかんするほうりつしこうきそく,令和七年四月一日
502M60000800049,府省令,船員に関する労働施策の総合的な推進並びに労働者の雇用の安定及び職業生活の充実等に関する法律施行規則,せんいんにかんするろうどうしさくのそうごうてきなすいしんならびにろうどうしゃのこようのあんていおよびしょくぎょうせいかつのじゅうじつとうにかんするほうりつしこうきそく,令和二年六月一日
502M60000800066,府省令,自動車の特定改造等の許可に関する省令,じどうしゃのとくていかいぞうとうのきょかにかんするしょうれい,令和八年一月十一日
502M60000800083,府省令,賃貸住宅の管理業務等の適正化に関する法律施行規則,ちんたいじゅうたくのかんりぎょうむとうのてきせいかにかんするほうりつせこうきそく,令和六年五月二十七日
502M60000800091,府省令,特定車両停留施設の構造及び設備の基準を定める省令,とくていしゃりょうていりゅうしせつのこうぞうおよびせつびのきじゅんをさだめるしょうれい,令和八年四月一日
502M60000800094,府省令,国土交通省関係地域における一般乗合旅客自動車運送事業及び銀行業に係る基盤的なサービスの提供の維持を図るための私的独占の禁止及び公正取引の確保に関する法律の特例に関する法律施行規則,こくどこうつうしょうかんけいちいきにおけるいっぱんのりあいりょきゃくじどうしゃうんそうじぎょうおよびぎんこうぎょうにかかるきばんてきなさーびすのていきょうのいじをはかるためのしてきどくせんのきんしおよびこうせいとりひきのかくほにかんするほうりつのとくれいにかんするほうりつしこうきそく,令和五年十月一日
502M60000800095,府省令,船員法第一条第二項第三号の漁船の範囲を定める政令第二号の漁船の範囲を定める省令,せんいんほうだいいちじょうだいにこうだいさんごうのぎょせんのはんいをさだめるせいれいだいにごうのぎょせんのはんいをさだめるしょうれい,令和二年十二月一日
502M60000800099,府省令,特定複合観光施設区域整備法に基づく区域整備計画の認定等に関する省令,とくていふくごうかんこうしせつくいきせいびほうにもとづくくいきせいびけいかくのにんていとうにかんするしょうれい,令和六年四月一日
502M60000802006,府省令,地域における一般乗合旅客自動車運送事業及び銀行業に係る基盤的なサービスの提供の維持を図るための私的独占の禁止及び公正取引の確保に関する法律の特例に関する法律施行規則,ちいきにおけるいっぱんのりあいりょきゃくじどうしゃうんそうじぎょうおよびぎんこうぎょうにかかるきばんてきなさーびすのていきょうのいじをはかるためのしてきどくせんのきんしおよびこうせいとりひきのかくほにかんするほうりつのとくれいにかんするほうりつしこうきそく,令和二年十二月二十三日
502M60000880001,府省令,文化観光拠点施設を中核とした地域における文化観光の推進に関する法律施行規則,ぶんかかんこうきょてんしせつをちゅうかくとしたちいきにおけるぶんかかんこうのすいしんにかんするほうりつしこうきそく,令和三年一月一日
502M60001000016,府省令,新型コロナウイルス感染症に対処するための廃棄物の処理及び清掃に関する法律施行規則の特例を定める省令,しんがたころなういるすかんせんしょうにたいしょするためのはいきぶつのしょりおよびせいそうにかんするほうりつしこうきそくのとくれいをさだめるしょうれい,令和二年五月十五日
502M60001080001,府省令,学校教育法等の一部を改正する法律の施行に伴う関係政令の整備及び経過措置に関する政令附則第三項の規定により東海国立大学機構が行うものとされる環境情報の提供の促進等による特定事業者等の環境に配慮した事業活動の促進に関する法律第九条第一項の規定による環境報告書の作成及び公表の方法を定める省令,がっこうきょういくほうとうのいちぶをかいせいするほうりつのしこうにともなうかんけいせいれいのせいびおよびけいかそちにかんするせいれいふそくだいさんこうのきていによりとうかいこくりつだいがくきこうがおこなうものとされるかんきょうじょうほうのていきょうのそくしんとうによるとくていじぎょうしゃとうのかんきょうにはいりょしたじぎょうかつどうのそくしんにかんするほうりつだいきゅうじょうだいいっこうのきていによるかんきょうほうこくしょのさくせいおよびこうひょうのほうほうをさだめるしょうれい,令和二年四月一日
502M60001400003,府省令,特定物質等の破壊に関する基準を定める省令,とくていぶっしつとうのはかいにかんするきじゅんをさだめるしょうれい,令和六年三月二十九日
502M60001FCA003,府省令,特定高度情報通信技術活用システムの開発供給及び導入の促進に関する法律施行規則,とくていこうどじょうほうつうしんぎじゅつかつようしすてむのかいはつきょうきゅうおよびどうにゅうのそくしんにかんするほうりつしこうきそく,令和七年四月一日
502M60002000007,府省令,自衛隊の特定行事及び自衛隊の特定施設に係る入場料の徴収に関する防衛省令,じえいたいのとくていぎょうじおよびじえいたいのとくていしせつにかかるにゅうじょうりょうのちょうしゅうにかんするぼうえいしょうれい,令和二年七月二十九日
502M60080000001,規則,原子力規制検査等に関する規則,げんしりょくきせいけんさとうにかんするきそく,令和七年六月六日
502M60080000002,規則,原子力施設の保安のための業務に係る品質管理に必要な体制の基準に関する規則,げんしりょくしせつのほあんのためのぎょうむにかかわるひんしつかんりにひつようなたいせいのきじゅんにかんするきそく,令和二年四月一日
502M60080000006,規則,加工施設の技術基準に関する規則,かこうしせつのぎじゅつきじゅんにかんするきそく,令和七年十月三日
502M60080000007,規則,試験研究の用に供する原子炉等の技術基準に関する規則,しけんけんきゅうのようにきょうするげんしろとうのぎじゅつきじゅんにかんするきそく,令和二年十一月九日
502M60080000008,規則,使用済燃料貯蔵施設の技術基準に関する規則,しようずみねんりょうちょぞうしせつのぎじゅつきじゅんにかんするきそく,令和二年四月一日
502M60080000009,規則,再処理施設の技術基準に関する規則,さいしょりしせつのぎじゅつきじゅんにかんするきそく,令和七年十月三日
502M60080000010,規則,特定第一種廃棄物埋設施設又は特定廃棄物管理施設の技術基準に関する規則,とくていだいいっしゅはいきぶつまいせつしせつまたはとくていはいきぶつかんりしせつのぎじゅつきじゅんにかんするきそく,令和二年四月一日
502M60080000011,規則,使用施設等の技術基準に関する規則,しようしせつとうのぎじゅつきじゅんにかんするきそく,令和二年四月一日
502M60080000016,規則,工場等において用いた資材その他の物に含まれる放射性物質の放射能濃度が放射線による障害の防止のための措置を必要としないものであることの確認等に関する規則,こうじょうとうにおいてもちいたしざいそのたのものにふくまれるほうしゃせいぶっしつのほうしゃのうのうどがほうしゃせんによるしょうがいのぼうしのためのそちをひつようとしないものであることのかくにんとうにかんするきそく,令和三年十月二十一日
502M60080000022,規則,原子力規制委員会の所管する法令に係る情報通信技術を活用した行政の推進等に関する法律施行規則,げんしりょくきせいいいんかいのしょかんするほうれいにかかるじょうほうつうしんぎじゅつをかつようしたぎょうせいのすいしんとうにかんするほうりつしこうきそく,令和八年二月十七日
502M60200000003,規則,課徴金の減免に係る事実の報告及び資料の提出に関する規則,かちょうきんのげんめんにかかるじじつのほうこくおよびしりょうのていしゅつにかんするきそく,令和二年十二月二十五日
502RJNJ01074000,規則,人事院規則一―七四（職員の公益財団法人福島イノベーション・コースト構想推進機構への派遣）,じんじいんきそくいちのななじゅうよんしょくいんのこうえきざいだんほうじんふくしまいのべーしょんこーすとこうそうすいしんきこうへのはけん,令和八年四月一日
502RJNJ10016000,規則,人事院規則一〇―一六（パワー・ハラスメントの防止等）,じんじいんきそくじゅうのじゅうろくぱわーはらすめんとのぼうしとう,令和二年六月一日
503AC0000000004,法律,令和元年度歳入歳出の決算上の剰余金の処理の特例に関する法律,れいわがんねんどさいにゅうさいしゅつのけっさんじょうのよじょうきんのしょりのとくれいにかんするほうりつ,令和三年二月三日
503AC0000000025,法律,相続等により取得した土地所有権の国庫への帰属に関する法律,そうぞくとうによりしゅとくしたとちしょゆうけんのこっこへのきぞくにかんするほうりつ,令和七年六月一日
503AC0000000032,法律,取引デジタルプラットフォームを利用する消費者の利益の保護に関する法律,とりひきでじたるぷらっとふぉーむをりようするしょうひしゃのりえきのほごにかんするほうりつ,令和七年六月一日
503AC0000000034,法律,畜舎等の建築等及び利用の特例に関する法律,ちくしゃとうのけんちくとうおよびりようのとくれいにかんするほうりつ,令和七年六月一日
503AC0000000035,法律,デジタル社会形成基本法,でじたるしゃかいけいせいきほんほう,令和七年四月一日
503AC0000000036,法律,デジタル庁設置法,でじたるちょうせっちほう,令和八年十月一日
503AC0000000038,法律,公的給付の支給等の迅速かつ確実な実施のための預貯金口座の登録等に関する法律,こうてききゅうふのしきゅうとうのじんそくかつかくじつなじっしのためのよちょきんこうざのとうろくとうにかんするほうりつ,令和七年六月一日
503AC0000000039,法律,預貯金者の意思に基づく個人番号の利用による預貯金口座の管理等に関する法律,よちょきんしゃのいしにもとづくこじんばんごうのりようによるよちょきんこうざのかんりとうにかんするほうりつ,令和七年六月一日
503AC0000000040,法律,地方公共団体情報システムの標準化に関する法律,ちほうこうきょうだんたいじょうほうしすてむのひょうじゅんかにかんするほうりつ,令和三年九月一日
503AC0000000060,法律,プラスチックに係る資源循環の促進等に関する法律,ぷらすちっくにかかるしげんじゅんかんのそくしんとうにかんするほうりつ,令和七年六月一日
503AC0000000080,法律,中小事業主が行う事業に従事する者等の労働災害等に係る共済事業に関する法律,ちゅうしょうじぎょうぬしがおこなうじぎょうにじゅうじするものとうのろうどうさいがいとうにかかるきょうさいじぎょうにかんするほうりつ,令和七年六月一日
503AC0000000081,法律,医療的ケア児及びその家族に対する支援に関する法律,いりょうてきけあじおよびそのかぞくにたいするしえんにかんするほうりつ,令和七年十月一日
503AC0000000084,法律,重要施設周辺及び国境離島等における土地等の利用状況の調査及び利用の規制等に関する法律,じゅうようしせつしゅうへんおよびこっきょうりとうとうにおけるとちとうのりようじょうきょうのちょうさおよびりようのきせいとうにかんするほうりつ,令和七年六月一日
503AC1000000019,法律,過疎地域の持続的発展の支援に関する特別措置法,かそちいきのじぞくてきはってんのしえんにかんするとくべつそちほう,令和五年四月一日
503AC1000000021,法律,令和二年度子育て世帯生活支援特別給付金に係る差押禁止等に関する法律,れいわにねんどこそだてせたいせいかつしえんとくべつきゅうふきんにかかるさしおさえきんしとうにかんするほうりつ,令和三年四月二十一日
503AC1000000057,法律,教育職員等による児童生徒性暴力等の防止等に関する法律,きょういくしょくいんとうによるじどうせいとせいぼうりょくとうのぼうしとうにかんするほうりつ,令和五年七月十三日
503AC1000000064,法律,自然災害義援金に係る差押禁止等に関する法律,しぜんさいがいぎえんきんにかかるさしおさえきんしとうにかんするほうりつ,令和三年六月十一日
503AC1000000074,法律,特定石綿被害建設業務労働者等に対する給付金等の支給に関する法律,とくていいしわたひがいけんせつぎょうむろうどうしゃとうにたいするきゅうふきんとうのしきゅうにかんするほうりつ,令和四年一月十九日
503AC1000000079,法律,災害時等における船舶を活用した医療提供体制の整備の推進に関する法律,さいがいじとうにおけるせんぱくをかつようしたいりょうていきょうたいせいのせいびのすいしんにかんするほうりつ,令和六年六月一日
503AC1000000082,法律,特定患者等の郵便等を用いて行う投票方法の特例に関する法律,とくていかんじゃとうのゆうびんとうをもちいておこなうとうひょうほうほうのとくれいにかんするほうりつ,令和四年十二月十九日
503AC1000000083,法律,宇宙資源の探査及び開発に関する事業活動の促進に関する法律,うちゅうしげんのたんさおよびかいはつにかんするじぎょうかつどうのそくしんにかんするほうりつ,令和三年十二月二十三日
503AC1000000085,法律,令和三年度子育て世帯等臨時特別給付金に係る差押禁止等に関する法律,れいわさんねんどこそだてせたいとうりんじとくべつきゅうふきんにかかるさしおさえきんしとうにかんするほうりつ,令和三年十二月二十日
503CO0000000006,政令,福島復興再生特別措置法による不動産登記に関する政令,ふくしまふっこうさいせいとくべつそちほうによるふどうさんとうきにかんするせいれい,令和五年六月九日
503CO0000000017,政令,特定デジタルプラットフォームの透明性及び公正性の向上に関する法律第四条第一項の事業の区分及び規模を定める政令,とくていでじたるぷらっとふぉーむのとうめいせいおよびこうせいせいのこうじょうにかんするほうりつだいよんじょうだいいっこうのじぎょうのくぶんおよびきぼをさだめるせいれい,令和七年十二月十八日
503CO0000000037,政令,令和二年五月十五日から七月三十一日までの間の豪雨による災害についての災害対策基本法第百二条第一項の政令で定める年度等を定める政令,れいわにねんごがつじゅうごにちからしちがつさんじゅういちにちまでのあいだのごううによるさいがいについてのさいがいたいさくきほんほうだいひゃくにじょうだいいっこうのせいれいでさだめるねんどとうをさだめるせいれい,令和八年三月十一日
503CO0000000046,政令,令和二年等における特定地域に係る激甚災害及びこれに対し適用すべき措置の指定に関する政令,れいわにねんとうにおけるとくていちいきにかかるげきじんさいがいおよびこれにたいしてきようすべきそちのしていにかんするせいれい,令和三年三月十七日
503CO0000000065,政令,炭酸二カリウムに対して課する不当廉売関税に関する政令,たんさんにかりうむにたいしてかするふとうれんばいかんぜいにかんするせいれい,令和三年六月二十四日
503CO0000000128,政令,電子計算機を使用して作成する国税関係帳簿書類の保存方法等の特例に関する法律施行令,でんしけいさんきをしようしてさくせいするこくぜいかんけいちょうぼしょるいのほぞんほうほうとうのとくれいにかんするほうりつしこうれい,令和六年一月一日
503CO0000000133,政令,公立義務教育諸学校の学級編制及び教職員定数の標準に関する法律の一部を改正する法律の施行に伴う学級編制の標準に関する経過措置に関する政令,こうりつぎむきょういくしょがっこうのがっきゅうへんせいおよびきょうしょくいんていすうのひょうじゅんにかんするほうりつのいちぶをかいせいするほうりつのしこうにともなうがっきゅうへんせいのひょうじゅんにかんするけいかそちにかんするせいれい,令和六年四月一日
503CO0000000137,政令,過疎地域の持続的発展の支援に関する特別措置法施行令,かそちいきのじぞくてきはってんのしえんにかんするとくべつそちほうしこうれい,令和六年四月一日
503CO0000000138,政令,新型インフルエンザ等対策推進会議令,しんがたいんふるえんざとうたいさくすいしんかいぎれい,令和五年九月一日
503CO0000000139,政令,飲食業消費喚起事業給付金の支払の臨時特例に関する政令,いんしょくぎょうしょうひかんきじぎょうきゅうふきんのしはらいのりんじとくれいにかんするせいれい,令和三年四月七日
503CO0000000154,政令,公的給付の支給等の迅速かつ確実な実施のための預貯金口座の登録等に関する法律第十六条第一項の政令で定める金額を定める政令,こうてききゅうふのしきゅうとうのじんそくかつかくじつなじっしのためのよちょきんこうざのとうろくとうにかんするほうりつだいじゅうろくじょうだいいっこうのせいれいでさだめるきんがくをさだめるせいれい,令和三年五月十九日
503CO0000000155,政令,預貯金者の意思に基づく個人番号の利用による預貯金口座の管理等に関する法律第十四条の政令で定める金額を定める政令,よちょきんしゃのいしにもとづくこじんばんごうのりようによるよちょきんこうざのかんりとうにかんするほうりつだいじゅうよんじょうのせいれいでさだめるきんがくをさだめるせいれい,令和三年五月十九日
503CO0000000156,政令,国立大学法人法の一部を改正する法律の施行に伴う関係政令の整備及び経過措置に関する政令,こくりつだいがくほうじんほうのいちぶをかいせいするほうりつのせこうにともなうかんけいせいれいのせいびおよびけいかそちにかんするせいれい,令和四年四月一日
503CO0000000171,政令,新技術等効果評価委員会令,しんぎじゅつとうこうかひょうかいいんかいれい,令和三年六月十六日
503CO0000000175,政令,特定患者等の郵便等を用いて行う投票方法の特例に関する法律施行令,とくていかんじゃとうのゆうびんとうをもちいておこなうとうひょうほうほうのとくれいにかんするほうりつしこうれい,令和六年五月二十七日
503CO0000000192,政令,デジタル庁組織令,でじたるちょうそしきれい,令和七年七月一日
503CO0000000193,政令,デジタル社会推進会議令,でじたるしゃかいすいしんかいぎれい,令和三年九月一日
503CO0000000194,政令,デジタル庁設置法第四条第二項第十八号の情報システムを定める政令,でじたるちょうせっちほうだいよんじょうだいにこうだいじゅうはちごうのじょうほうしすてむをさだめるせいれい,令和三年九月一日
503CO0000000207,政令,特定複合観光施設区域整備法関係手数料令,とくていふくごうかんこうしせつくいきせいびほうかんけいてすうりょうれい,令和四年十一月二日
503CO0000000220,政令,地方公共団体情報システム機構法附則第九条の二第五項の規定による納付金の納付に関する政令,ちほうこうきょうだんたいじょうほうしすてむきこうほうふそくだいきゅうじょうのにだいごこうのきていによるのうふきんののうふにかんするせいれい,令和七年九月三日
503CO0000000229,政令,年金制度の機能強化のための国民年金法等の一部を改正する法律の施行に伴う関係政令の整備及び経過措置に関する政令,ねんきんせいどのきのうきょうかのためのこくみんねんきんほうとうのいちぶをかいせいするほうりつのしこうにともなうかんけいせいれいのせいびおよびけいかそちにかんするせいれい,令和六年十月一日
503CO0000000234,政令,造船法施行令,ぞうせんほうしこうれい,令和三年十一月二十日
503CO0000000245,政令,令和三年五月七日から七月十四日までの間の豪雨による災害についての激甚災害及びこれに対し適用すべき措置の指定に関する政令,れいわさんねんごがつなのかからしちがつじゅうよんまでのあいだのごううによるさいがいについてのげきじんさいがいおよびこれにたいしてきようすべきそちのしていにかんするせいれい,令和四年三月十六日
503CO0000000273,政令,愛玩動物看護師法施行令,あいがんどうぶつかんごしほうしこうれい,令和四年五月一日
503CO0000000279,政令,令和三年八月七日から同月二十三日までの間の暴風雨及び豪雨による災害についての激甚災害並びにこれに対し適用すべき措置の指定に関する政令,れいわさんねんはちがつなのかからどうげつにじゅうさんにちまでのあいだのぼうふううおよびごううによるさいがいについてのげきじんさいがいならびにこれにたいしてきようすべきそちのしていにかんするせいれい,令和四年三月十六日
503CO0000000301,政令,良質かつ適切な医療を効率的に提供する体制の確保を推進するための医療法等の一部を改正する法律の施行に伴う経過措置を定める政令,りょうしつかつてきせつないりょうをこうりつてきにていきょうするたいせいのかくほをすいしんするためのいりょうほうとうのいちぶをかいせいするほうりつのしこうにともなうけいかそちをさだめるせいれい,令和七年六月一日
503CO0000000319,政令,特定石綿被害建設業務労働者等認定審査会令,とくていいしわたひがいけんせつぎょうむろうどうしゃとうにんていしんさかいれい,令和三年十二月一日
503M60000001004,府省令,特定秘密の保護に関する法律に係る情報通信技術を活用した行政の推進等に関する法律の施行に関する内閣官房令,とくていひみつのほごにかんするほうりつにかかるじょうほうつうしんぎじゅつをかつようしたぎょうせいのすいしんとうにかんするほうりつのしこうにかんするないかくかんぼうれい,令和三年七月一日
503M60000002035,府省令,金融サービス仲介業者等に関する内閣府令,きんゆうさーびすちゅうかいぎょうしゃとうにかんするないかくふれい,令和八年一月一日
503M60000002064,府省令,内閣府の所管する法律の規定に基づく立入検査等の際に携帯する職員の身分を示す証明書の様式の特例に関する内閣府令,ないかくふのしょかんするほうりつのきていにもとづくたちいりけんさとうのさいにけいたいするしょくいんのみぶんをしめすしょうめいしょのようしきのとくれいにかんするないかくふれい,令和五年四月一日
503M60000002065,府省令,消費者庁の所管する法律の規定に基づく立入検査等の際に携帯する職員の身分を示す証明書の様式の特例に関する内閣府令,しょうひしゃちょうのしょかんするほうりつのきていにもとづくたちいりけんさとうのさいにけいたいするしょくいんのみぶんをしめすしょうめいしょのようしきのとくれいにかんするないかくふれい,令和三年十月二十二日
503M60000002073,府省令,宇宙資源の探査及び開発に関する事業活動の促進に関する法律施行規則,うちゅうしげんのたんさおよびかいはつにかんするじぎょうかつどうのそくしんにかんするほうりつしこうきそく,令和三年十二月二十三日
503M60000008031,府省令,過疎地域の持続的発展の支援に関する特別措置法第二十四条の地方税の課税免除又は不均一課税に伴う措置が適用される場合等を定める省令,かそちいきのじぞくてきはってんのしえんにかんするとくべつそちほうだいにじゅうよんじょうのちほうぜいのかぜいめんじょまたはふきんいつかぜいにともなうそちがてきようされるばあいとうをさだめるしょうれい,令和六年四月一日
503M60000008036,府省令,過疎地域の持続的発展の支援に関する特別措置法第十四条第二項に規定する総務省令で定めるところにより算定した額を定める省令,かそちいきのじぞくてきはってんのしえんにかんするとくべつそちほうだいじゅうよんじょうだいにこうにきていするそうむしょうれいでさだめるところによりさんていしたがくをさだめるしょうれい,令和三年四月一日
503M60000008037,府省令,過疎地域の持続的発展の支援に関する特別措置法第十四条第一項第七号に規定する総務省令で定める事業者を定める省令,かそちいきのじぞくてきはってんのしえんにかんするとくべつそちほうだいじゅうよんじょうだいいっこうだいななごうにきていするそうむしょうれいでさだめるじぎょうしゃをさだめるしょうれい,令和三年四月一日
503M60000008044,府省令,有明海及び八代海等を再生するための特別措置に関する法律第十一条第一項に規定する特定事業を定める省令,ありあけかいおよびやつしろかいとうをさいせいするためのとくべつそちにかんするほうりつだいじゅういちじょうだいいっこうにきていするとくていじぎょうをさだめるしょうれい,令和三年四月一日
503M60000008061,府省令,特定患者等の郵便等を用いて行う投票方法の特例に関する法律施行規則,とくていかんじゃとうのゆうびんとうをもちいておこなうとうひょうほうほうのとくれいにかんするほうりつしこうきそく,令和四年十二月十九日
503M60000008086,府省令,地方自治法に係る民間事業者等が行う書面の保存等における情報通信の技術の利用に関する法律施行規則,ちほうじちほうにかかるみんかんじぎょうしゃとうがおこなうしょめんのほぞんとうにおけるじょうほうつうしんのぎじゅつのりようにかんするほうりつしこうきそく,令和六年四月一日
503M60000010010,府省令,法務省関係科学技術・イノベーション創出の活性化に関する法律施行規則,ほうむしょうかんけいかがくぎじゅついのべーしょんそうしゅつのかっせいかにかんするほうりつしこうきそく,令和三年四月一日
503M60000010015,府省令,民事執行法第二百五条第一項に規定する法務省令で定める登記所を定める省令,みんじしっこうほうだいにひゃくごじょうだいいっこうにきていするほうむしょうれいでさだめるとうきしょをさだめるしょうれい,令和三年五月一日
503M60000012004,府省令,金融サービス仲介業者保証金規則,きんゆうさーびすちゅうかいぎょうしゃほしょうきんきそく,令和六年二月一日
503M60000028001,府省令,令和三年四月二十五日に行われる参議院選挙区選出議員の再選挙又は補欠選挙に係る在外公館等における在外投票の時間の特例を定める省令,れいわさんねんしがつにじゅうごにちにおこなわれるさんぎいんせんきょくせんしゅつぎいんのさいせんきょまたはほけつせんきょにかかるざいがいこうかんとうにおけるざいがいとうひょうのじかんのとくれいをさだめるしょうれい,令和三年四月六日
503M60000028003,府省令,第四十九回衆議院議員総選挙に係る在外公館等における在外投票の時間の特例を定める省令,だいよんじゅうきゅうかいしゅうぎいんぎいんそうせんきょにかかるざいがいこうかんとうにおけるざいがいとうひょうのじかんのとくれいをさだめるしょうれい,令和三年十月十四日
503M60000042003,府省令,公的給付の支給等の迅速かつ確実な実施のための預貯金口座の登録等に関する法律第四章に規定する預金保険機構の業務の特例等に関する命令,こうてききゅうふのしきゅうとうのじんそくかつかくじつなじっしのためのよちょきんこうざのとうろくとうにかんするほうりつだいよんしょうにきていするよきんほけんきこうのぎょうむのとくれいとうにかんするめいれい,令和六年四月一日
503M60000042004,府省令,預貯金者の意思に基づく個人番号の利用による預貯金口座の管理等に関する法律第四章に規定する預金保険機構の業務の特例等に関する命令,よちょきんしゃのいしにもとづくこじんばんごうのりようによるよちょきんこうざのかんりとうにかんするほうりつだいよんしょうにきていするよきんほけんきこうのぎょうむのとくれいとうにかんするめいれい,令和六年四月一日
503M60000080001,府省令,新型コロナウイルス感染症の影響に対応するための国立大学法人の長期借入金及び独立行政法人大学改革支援・学位授与機構の長期借入金又は債券の償還期間の特例に関する省令,しんがたころなういるすかんせんしょうのえいきょうにたいおうするためのこくりつだいがくほうじんのちょうきかりいれきんおよびどくりつぎょうせいほうじんだいがくかいかくしえんがくいじゅよきこうのちょうきかりいれきんまたはさいけんのしょうかんきかんのとくれいにかんするしょうれい,令和三年二月十三日
503M60000080029,府省令,登録無形民俗文化財に係る文化財登録原簿に関する規則,とうろくむけいみんぞくぶんかざいにかかるぶんかざいとうろくげんぼにかんするきそく,令和三年六月十四日
503M60000080030,府省令,登録無形文化財に係る文化財登録原簿及び届出に関する規則,とうろくむけいぶんかざいにかかるぶんかざいとうろくげんぼおよびとどけでにかんするきそく,令和三年六月十四日
503M60000080031,府省令,地方登録文化財に係る登録の提案に関する省令,ちほうとうろくぶんかざいにかかるとうろくのていあんにかんするしょうれい,令和四年四月一日
503M60000080045,府省令,特別支援学校設置基準,とくべつしえんがっこうせっちきじゅん,令和八年四月一日
503M60000100017,府省令,医薬品、医療機器等の品質、有効性及び安全性の確保等に関する法律第十四条第七項に規定する医薬品又は医薬部外品の製造工程の区分を定める省令,いやくひん、いりょうききとうのひんしつ、ゆうこうせいおよびあんぜんせいのかくほとうにかんするほうりつだいじゅうよんじょうだいななこうにきていするいやくひんまたはいやくぶがいひんのせいぞうこうていのくぶんをさだめるしょうれい,令和八年五月一日
503M60000100018,府省令,医薬品、医療機器等の品質、有効性及び安全性の確保等に関する法律第二十三条の二十五第七項に規定する再生医療等製品の製造工程の区分を定める省令,いやくひんいりょうききとうのひんしつゆうこうせいおよびあんぜんせいのかくほとうにかんするほうりつだいにじゅうさんじょうのにじゅうごだいななこうにきていするさいせいいりょうとうせいひんのせいぞうこうていのくぶんをさだめるしょうれい,令和三年八月一日
503M60000100104,府省令,厚生労働省関係令和三年東京オリンピック競技大会・東京パラリンピック競技大会特別措置法施行規則,こうせいろうどうしょうかんけいれいわさんねんとうきょうおりんぴっくきょうぎたいかいとうきょうぱらりんぴっくきょうぎたいかいとくべつそちほうしこうきそく,令和三年六月十六日
503M60000100150,府省令,確定拠出年金における他制度掛金相当額及び共済掛金相当額の算定に関する省令,かくていきょしゅつねんきんにおけるたせいどかけきんそうとうがくおよびきょうさいかけきんそうとうがくのさんていにかんするしょうれい,令和六年十二月一日
503M60000100165,府省令,社会保険診療報酬支払基金の支払基金連結情報提供業務に係る業務方法書に記載すべき事項を定める省令,しゃかいほけんしんりょうほうしゅうしはらいききんのしはらいききんれんけつじょうほうていきょうぎょうむにかかるぎょうむほうほうしょにきさいすべきじこうをさだめるしょうれい,令和三年十月一日
503M60000100168,府省令,社会保険診療報酬支払基金の支払基金連結情報提供業務に係る財務及び会計に関する省令,しゃかいほけんしんりょうほうしゅうしはらいききんのしはらいききんれんけつじょうほうていきょうぎょうむにかかるざいむおよびかいけいにかんするしょうれい,令和五年一月一日
503M60000100175,府省令,厚生労働省の所管する法律又は政令の規定に基づく立入検査等の際に携帯する職員の身分を示す証明書の様式の特例に関する省令,こうせいろうどうしょうのしょかんするほうりつまたはせいれいのきていにもとづくたちいりけんさとうのさいにけいたいするしょくいんのみぶんをしめすしょうめいしょのようしきのとくれいにかんするしょうれい,令和七年三月一日
503M60000100177,府省令,社会福祉連携推進法人会計基準,しゃかいふくしれんけいすいしんほうじんかいけいきじゅん,令和四年四月一日
503M60000100187,府省令,特定石綿被害建設業務労働者等に対する給付金等の支給に関する法律施行規則,とくていいしわたひがいけんせつぎょうむろうどうしゃとうにたいするきゅうふきんとうのしきゅうにかんするほうりつしこうきそく,令和四年一月十九日
503M60000100202,府省令,国民年金法施行令等の一部を改正する政令の施行に伴う厚生労働省関係省令の整備及び経過措置に関する省令,こくみんねんきんほうしこうれいとうのいちぶをかいせいするせいれいのしこうにともなうこうせいろうどうしょうかんけいしょうれいのせいびおよびけいかそちにかんするしょうれい,令和四年一月一日
503M60000102009,府省令,食品衛生法の規定に基づく臨検検査又は収去の際に携帯する職員の身分を示す証明書の様式の特例に関する命令,しょくひんえいせいほうのきていにもとづくりんけんけんさまたはしゅうきょのさいにけいたいするしょくいんのみぶんをしめすしょうめいしょのようしきのとくれいにかんするめいれい,令和三年十月二十二日
503M60000200024,府省令,過疎地域の持続的発展の支援に関する特別措置法第二十一条の農林漁業の経営改善又は振興のための計画に関する省令,かそちいきのじぞくてきはってんのしえんにかんするとくべつそちほうだいにじゅういちじょうののうりんぎょぎょうのけいえいかいぜんまたはしんこうのためのけいかくにかんするしょうれい,令和三年四月一日
503M60000200045,府省令,医薬品、医療機器等の品質、有効性及び安全性の確保等に関する法律等の一部を改正する法律の一部の施行に伴う農林水産省関係省令の整備等に関する省令,いやくひんいりょうききとうのひんしつゆうこうせいおよびあんぜんせいのかくほとうにかんするほうりつとうのいちぶをかいせいするほうりつのいちぶのしこうにともなうのうりんすいさんしょうかんけいしょうれいのせいびとうにかんするしょうれい,令和三年八月一日
503M60000200062,府省令,農林水産省の所管する法律の規定に基づく立入検査等の際に携帯する職員の身分を示す証明書の様式の特例に関する省令,のうりんすいさんしょうのしょかんするほうりつのきていにもとづくたちいりけんさとうのさいにけいたいするしょくいんのみぶんをしめすしょうめいしょのようしきのとくれいにかんするしょうれい,令和八年四月一日
503M60000200069,府省令,農林水産省関係畜舎等の建築等及び利用の特例に関する法律施行規則,のうりんすいさんしょうかんけいちくしゃとうのけんちくとうおよびりようのとくれいにかんするほうりつしこうきそく,令和五年四月一日
503M60000240002,府省令,米穀等の取引等に係る情報の記録及び産地情報の伝達に関する法律第十条第一項の規定に基づく立入検査の際に携帯する職員の身分を示す証明書の様式の特例に関する省令,べいこくとうのとりひきとうにかかるじょうほうのきろくおよびさんちじょうほうのでんたつにかんするほうりつだいじゅうじょうだいいっこうのきていにもとづくたちいりけんさのさいにけいたいするしょくいんのみぶんをしめすしょうめいしょのようしきのとくれいにかんするしょうれい,令和三年十月二十二日
503M60000242001,府省令,米穀等の取引等に係る情報の記録及び産地情報の伝達に関する法律第十条第一項の規定に基づく立入検査の際に携帯する職員の身分を示す証明書の様式の特例に関する命令,べいこくとうのとりひきとうにかかるじょうほうのきろくおよびさんちじょうほうのでんたつにかんするほうりつだいじゅうじょうだいいっこうのきていにもとづくたちいりけんさのさいにけいたいするしょくいんのみぶんをしめすしょうめいしょのようしきのとくれいにかんするめいれい,令和三年十月二十二日
503M60000300001,府省令,独立行政法人農業者年金基金法附則第十九条第三項の規定により読み替えられた同法第六十四条第一項の規定による立入検査の際に携帯する職員の身分を示す証明書の様式の特例に関する省令,どくりつぎょうせいほうじんのうぎょうしゃねんきんききんほうふそくだいじゅうきゅうじょうだいさんこうのきていによりよみかえられたどうほうだいろくじゅうよんじょうだいいっこうのきていによるたちいりけんさのさいにけいたいするしょくいんのみぶんをしめすしょうめいしょのようしきのとくれいにかんするしょうれい,令和三年十月二十二日
503M60000340003,府省令,農林水産物及び食品の輸出の促進に関する法律の規定に基づく立入調査等の際に携帯する職員の身分を示す証明書の様式の特例に関する省令,のうりんすいさんぶつおよびしょくひんのゆしゅつのそくしんにかんするほうりつのきていにもとづくたちいりちょうさとうのさいにけいたいするしょくいんのみぶんをしめすしょうめいしょのようしきのとくれいにかんするしょうれい,令和四年十月一日
503M60000400001,府省令,特定デジタルプラットフォームの透明性及び公正性の向上に関する法律施行規則,とくていでじたるぷらっとふぉーむのとうめいせいおよびこうせいせいのこうじょうにかんするほうりつしこうきそく,令和七年十二月十八日
503M60000400029,府省令,発電用太陽電池設備に関する技術基準を定める省令,はつでんようたいようでんちせつびにかんするぎじゅつきじゅんをさだめるしょうれい,令和六年十月一日
503M60000400068,府省令,受託中小企業取引機会創出事業を行う者の認定等に関する省令,じゅたくちゅうしょうきぎょうとりひききかいそうしゅつじぎょうをおこなうもののにんていとうにかんするしょうれい,令和八年一月一日
503M60000400077,府省令,経済産業省の所管する法律の規定に基づく立入検査等の際に携帯する職員の身分を示す証明書の様式の特例に関する省令,けいざいさんぎょうしょうのしょかんするほうりつのきていにもとづくたちいりけんさとうのさいにけいたいするしょくいんのみぶんをしめすしょうめいしょのようしきのとくれいにかんするしょうれい,令和三年十月二十二日
503M60000400078,府省令,環境影響評価法施行令の一部を改正する政令の施行に伴う経過措置に関する省令,かんきょうえいきょうひょうかほうしこうれいのいちぶをかいせいするせいれいのしこうにともなうけいかそちにかんするしょうれい,令和三年十月三十一日
503M60000402009,府省令,家庭用品品質表示法の規定に基づく立入検査の際に携帯する職員の身分を示す証明書の様式の特例に関する命令,かていようひんひんしつひょうじほうのきていにもとづくたちいりけんさのさいにけいたいするしょくいんのみぶんをしめすしょうめいしょのようしきのとくれいにかんするめいれい,令和三年十月二十二日
503M60000402010,府省令,信用保証協会法の規定に基づく立入検査の際に携帯する職員の身分を示す証票の様式の特例に関する命令,しんようほしょうきょうかいほうのきていにもとづくたちいりけんさのさいにけいたいするしょくいんのみぶんをしめすしょうひょうのようしきのとくれいにかんするめいれい,令和三年十月二十二日
503M60000408003,府省令,産業競争力強化法第百二十六条第四項ただし書の経済産業省令・総務省令で定める軽微な変更を定める省令,さんぎょうきょうそうりょくきょうかほうだいひゃくにじゅうろくじょうだいよんこうただしがきのけいざいさんぎょうしょうれいそうむしょうれいでさだめるけいびなへんこうをさだめるしょうれい,令和三年八月二日
503M60000410001,府省令,産業競争力強化法に基づく場所の定めのない株主総会に関する省令,さんぎょうきょうそうりょくきょうかほうにもとづくばしょのさだめのないかぶぬしそうかいにかんするしょうれい,令和四年九月一日
503M60000410002,府省令,産業競争力強化法第十一条の二第一項第二号の主務省令で定める措置等に関する省令,さんぎょうきょうそうりょくきょうかほうだいじゅういちじょうのにだいいっこうだいにごうのしゅむしょうれいでさだめるそちとうにかんするしょうれい,令和三年八月二日
503M60000500001,府省令,中小企業等経営強化法第三条第三項の主務省令で定める軽微な変更を定める省令,ちゅうしょうきぎょうとうけいえいきょうかほうだいさんじょうだいさんこうのしゅむしょうれいでさだめるけいびなへんこうをさだめるしょうれい,令和三年八月二日
503M60000600004,府省令,消費生活用製品安全法の規定に基づく立入検査の際に携帯する職員の身分を示す証明書の様式の特例に関する省令,しょうひせいかつようせいひんあんぜんほうのきていにもとづくたちいりけんさのさいにけいたいするしょくいんのみぶんをしめすしょうめいしょのようしきのとくれいにかんするしょうれい,令和三年十月二十二日
503M60000740003,府省令,小売商業調整特別措置法の規定に基づく立入検査の際に携帯する職員の身分を示す証明書の様式の特例に関する省令,こうりしょうぎょうちょうせいとくべつそちほうのきていにもとづくたちいりけんさのさいにけいたいするしょくいんのみぶんをしめすしょうめいしょのようしきのとくれいにかんするしょうれい,令和三年十月二十二日
503M60000742003,府省令,犯罪利用預金口座等に係る資金による被害回復分配金の支払等に関する法律に係る民間事業者等が行う書面の保存等における情報通信の技術の利用に関する法律施行規則,はんざいりようよきんこうざとうにかかるしきんによるひがいかいふくぶんぱいきんのしはらいとうにかんするほうりつにかかるみんかんじぎょうしゃとうがおこなうしょめんのほぞんとうにおけるじょうほうつうしんのぎじゅつのりようにかんするほうりつしこうきそく,令和五年十二月二十七日
503M60000742004,府省令,内閣府、財務省、厚生労働省、農林水産省及び経済産業省の所管する法律の規定に基づく立入検査の際に携帯する職員の身分を示す証明書の様式の特例に関する命令,ないかくふざいむしょうこうせいろうどうしょうのうりんすいさんしょうおよびけいざいさんぎょうしょうのしょかんするほうりつのきていにもとづくたちいりけんさのさいにけいたいするしょくいんのみぶんをしめすしょうめいしょのようしきのとくれいにかんするめいれい,令和三年十月二十二日
503M60000800068,府省令,国土交通省の所管する法律の規定に基づく立入検査等の際に携帯する職員の身分を示す証明書の様式に関する省令,こくどこうつうしょうのしょかんするほうりつのきていにもとづくたちいりけんさとうのさいにけいたいするしょくいんのみぶんをしめすしょうめいしょのようしきにかんするしょうれい,令和八年四月一日
503M60000800075,府省令,特定複合観光施設区域整備法に基づく設置運営事業等の監査及び会計に関する省令,とくていふくごうかんこうしせつくいきせいびほうにもとづくせっちうんえいじぎょうとうのかんさおよびかいけいにかんするしょうれい,令和八年三月三十一日
503M60000840001,府省令,株式会社日本政策金融公庫の導入促進円滑化業務の実施に関し必要な事項を定める省令,かぶしきがいしゃにっぽんせいさくきんゆうこうこのどうにゅうそくしんえんかつかぎょうむのじっしにかんしひつようなじこうをさだめるしょうれい,令和三年十一月二十日
503M60000840002,府省令,株式会社日本政策金融公庫の事業基盤強化促進円滑化業務の実施に関し必要な事項を定める省令,かぶしきがいしゃにっぽんせいさくきんゆうこうこのじぎょうきばんきょうかそくしんえんかつかぎょうむのじっしにかんしひつようなじこうをさだめるしょうれい,令和三年十一月二十日
503M60000900003,府省令,住宅宿泊事業法の規定に基づく立入検査の際に携帯する職員の身分を示す証明書の様式の特例に関する省令,じゅうたくしゅくはくじぎょうほうのきていにもとづくたちいりけんさのさいにけいたいするしょくいんのみぶんをしめすしょうめいしょのようしきのとくれいにかんするしょうれい,令和三年十月二十二日
503M60000A00004,府省令,地すべり等防止法の規定に基づく立入検査等の際に携帯する職員の身分を示す証明書の様式の特例に関する省令,じすべりとうぼうしほうのきていにもとづくたちいりけんさとうのさいにけいたいするしょくいんのみぶんをしめすしょうめいしょのようしきのとくれいにかんするしょうれい,令和三年十月二十二日
503M60000A00005,府省令,海岸法の規定に基づく立入検査等の際に携帯する職員の身分を示す証明書の様式の特例に関する省令,かいがんほうのきていにもとづくたちいりけんさとうのさいにけいたいするしょくいんのみぶんをしめすしょうめいしょのようしきのとくれいにかんするしょうれい,令和三年十月二十二日
503M60000A00006,府省令,畜舎等の建築等及び利用の特例に関する法律施行規則,ちくしゃとうのけんちくとうおよびりようのとくれいにかんするほうりつしこうきそく,令和七年十一月一日
503M60000A08001,府省令,過疎地域の持続的発展の支援に関する特別措置法施行規則,かそちいきのじぞくてきはってんのしえんにかんするとくべつそちほうしこうきそく,令和三年四月一日
503M60000F40003,府省令,中小企業団体の組織に関する法律の規定に基づく立入検査の際に携帯する職員の身分を示す証明書の様式の特例に関する省令,ちゅうしょうきぎょうだんたいのそしきにかんするほうりつのきていにもとづくたちいりけんさのさいにけいたいするしょくいんのみぶんをしめすしょうめいしょのようしきのとくれいにかんするしょうれい,令和三年十月二十二日
503M60000F42001,府省令,物価統制令の規定に基づく臨検検査をする職員の携帯する身分を示す証票の様式を定める命令,ぶっかとうせいれいのきていにもとづくりんけんけんさをするしょくいんのけいたいするみぶんをしめすしょうひょうのようしきをさだめるめいれい,令和三年十月二十二日
503M60000F42002,府省令,物価統制令の規定に基づく臨検検査をする職員の携帯する身分を示す証票の様式の特例に関する命令,ぶっかとうせいれいのきていにもとづくりんけんけんさをするしょくいんのけいたいするみぶんをしめすしょうひょうのようしきのとくれいにかんするめいれい,令和三年十月二十二日
503M60000F5A004,府省令,犯罪による収益の移転防止に関する法律第十六条第一項の規定による立入検査をする職員の携帯する身分を示す証明書の様式の特例に関する命令,はんざいによるしゅうえきのいてんぼうしにかんするほうりつだいじゅうろくじょうだいいっこうのきていによるたちいりけんさをするしょくいんのけいたいするみぶんをしめすしょうめいしょのようしきのとくれいにかんするめいれい,令和三年十月二十二日
503M60001000002,府省令,環境省の所管する法律の規定に基づく立入検査等の際に携帯する職員の身分を示す証明書の様式の特例に関する省令,かんきょうしょうのしょかんするほうりつのきていにもとづくたちいりけんさとうのさいにけいたいするしょくいんのみぶんをしめすしょうめいしょのようしきのとくれいにかんするしょうれい,令和六年四月一日
503M60001000007,府省令,第一種動物取扱業者及び第二種動物取扱業者が取り扱う動物の管理の方法等の基準を定める省令,だいいっしゅどうぶつとりあつかいぎょうしゃおよびだいにしゅどうぶつとりあつかいぎょうしゃがとりあつかうどうぶつのかんりのほうほうとうのきじゅんをさだめるしょうれい,令和五年三月二十四日
503M60001000009,府省令,動物の愛護及び管理に関する法律に基づく指定登録機関に関する省令,どうぶつのあいごおよびかんりにかんするほうりつにもとづくしていとうろくきかんにかんするしょうれい,令和六年四月一日
503M60001200001,府省令,農用地の土壌の汚染防止等に関する法律の規定に基づく立入調査の際に携帯する職員の身分を示す証明書の様式の特例に関する省令,のうようちのどじょうのおせんぼうしとうにかんするほうりつのきていにもとづくたちいりちょうさのさいにけいたいするしょくいんのみぶんをしめすしょうめいしょのようしきのとくれいにかんするしょうれい,令和三年三月十六日
503M60001200005,府省令,農薬取締法の規定に基づく立入検査等の際に携帯する職員の身分を示す証明書の様式の特例に関する省令,のうやくとりしまりほうのきていにもとづくたちいりけんさとうのさいにけいたいするしょくいんのみぶんをしめすしょうめいしょのようしきのとくれいにかんするしょうれい,令和三年十月二十二日
503M60001200006,府省令,愛玩動物看護師法施行規則,あいがんどうぶつかんごしほうしこうきそく,令和八年三月十九日
503M60001200007,府省令,愛玩動物看護師養成所指定規則,あいがんどうぶつかんごしようせいじょしていきそく,令和四年五月一日
503M60001200008,府省令,愛玩動物看護師法に基づく指定登録機関に関する省令,あいがんどうぶつかんごしほうにもとづくしていとうろくきかんにかんするしょうれい,令和四年五月一日
503M60001400001,府省令,経済産業省及び環境省の所管する法律の規定に基づく立入検査の際に携帯する職員の身分を示す証明書の様式の特例に関する省令,けいざいさんぎょうしょうおよびかんきょうしょうのしょかんするほうりつのきていにもとづくたちいりけんさのさいにけいたいするしょくいんのみぶんをしめすしょうめいしょのようしきのとくれいにかんするしょうれい,令和六年四月一日
503M60001600001,府省令,食品循環資源の再生利用等の促進に関する法律第二十四条第二項の規定による立入検査の際に携帯する職員の身分を示す証明書の様式の特例に関する省令,しょくひんじゅんかんしげんのさいせいりようとうのそくしんにかんするほうりつだいにじゅうよんじょうだいにこうのきていによるたちいりけんさのさいにけいたいするしょくいんのみぶんをしめすしょうめいしょのようしきのとくれいにかんするしょうれい,令和三年十月二十二日
503M60001C00002,府省令,特定特殊自動車排出ガスの規制等に関する法律の規定に基づく立入検査の際に携帯する職員の身分を示す証明書の様式の特例に関する省令,とくていとくしゅじどうしゃはいしゅつがすのきせいとうにかんするほうりつのきていにもとづくたちいりけんさのさいにけいたいするしょくいんのみぶんをしめすしょうめいしょのようしきのとくれいにかんするしょうれい,令和三年三月十六日
503M60001E88001,府省令,建築物木材利用促進協定の締結の手続及び公表事項を定める省令,けんちくぶつもくざいりようそくしんきょうていのていけつのてつづきおよびこうひょうじこうをさだめるしょうれい,令和三年十月一日
503M60001F40001,府省令,特定工場における公害防止組織の整備に関する法律の規定に基づく立入検査の際に携帯する職員の身分を示す証明書の様式の特例に関する省令,とくていこうじょうにおけるこうがいぼうしそしきのせいびにかんするほうりつのきていにもとづくたちいりけんさのさいにけいたいするしょくいんのみぶんをしめすしょうめいしょのようしきのとくれいにかんするしょうれい,令和三年三月十六日
503M60001F40003,府省令,食品循環資源の再生利用等の促進に関する法律第二十四条第一項及び第三項の規定による立入検査の際に携帯する職員の身分を示す証明書の様式の特例に関する省令,しょくひんじゅんかんしげんのさいせいりようとうのそくしんにかんするほうりつだいにじゅうよんじょうだいいっこうおよびだいさんこうのきていによるたちいりけんさのさいにけいたいするしょくいんのみぶんをしめすしょうめいしょのようしきのとくれいにかんするしょうれい,令和三年十月二十二日
503M60001F42004,府省令,中小企業等協同組合法の規定に基づく立入検査等の際に携帯する職員の身分を示す証票及び証明書の様式の特例に関する命令,ちゅうしょうきぎょうとうきょうどうくみあいほうのきていにもとづくたちいりけんさとうのさいにけいたいするしょくいんのみぶんをしめすしょうひょうおよびしょうめいしょのようしきのとくれいにかんするめいれい,令和三年十月二十二日
503M60001F48004,府省令,中小企業等経営強化法第十六条第四項の主務省令で定める軽微な変更を定める省令,ちゅうしょうきぎょうとうけいえいきょうかほうだいじゅうろくじょうだいよんこうのしゅむしょうれいでさだめるけいびなへんこうをさだめるしょうれい,令和三年八月二日
503M60001F9A004,府省令,保険業法等の一部を改正する法律の規定に基づく立入検査の際に携帯する職員の身分を示す証票の様式の特例に関する命令,ほけんぎょうほうとうのいちぶをかいせいするほうりつのきていにもとづくたちいりけんさのさいにけいたいするしょくいんのみぶんをしめすしょうひょうのようしきのとくれいにかんするめいれい,令和三年十月二十二日
503M60001FCA003,府省令,生産工程効率化等設備に関する命令,せいさんこうていこうりつかなどせつびにかんするめいれい,令和七年四月一日
503M60001FFA001,府省令,自動車から排出される窒素酸化物及び粒子状物質の特定地域における総量の削減等に関する特別措置法の規定に基づく立入検査の際に携帯する職員の身分を示す証明書の様式の特例に関する命令,じどうしゃからはいしゅつされるちっそさんかぶつおよびりゅうしじょうぶっしつのとくていちいきにおけるそうりょうのさくげんとうにかんするとくべつそちほうのきていにもとづくたちいりけんさのさいにけいたいするしょくいんのみぶんをしめすしょうめいしょのようしきのとくれいにかんするめいれい,令和三年三月十六日
503M60004000001,府省令,デジタル庁組織規則,でじたるちょうそしききそく,令和七年四月一日
503M60004000002,府省令,デジタル庁聴聞手続規則,でじたるちょうちょうもんてつづききそく,令和三年九月一日
503M60004000003,府省令,デジタル庁の所管する法令に係る情報通信技術を活用した行政の推進等に関する法律施行規則,でじたるちょうのしょかんするほうれいにかかるじょうほうつうしんぎじゅつをかつようしたぎょうせいのすいしんとうにかんするほうりつしこうきそく,令和八年三月六日
503M60004000004,府省令,デジタル庁の主管又は所管に係る一般会計及び特別会計の歳入について証券をもって納付し得る種目を定めるデジタル庁令,でじたるちょうのしゅかんまたはしょかんにかかるいっぱんかいけいおよびとくべつかいけいのさいにゅうについてしょうけんをもってのうふしえるしゅもくをさだめるでじたるちょうれい,令和三年九月一日
503M60004000005,府省令,デジタル庁所管に属する物品の無償貸付及び譲与に関するデジタル庁令,でじたるちょうしょかんにぞくするぶっぴんのむしょうかしつけおよびじょうよにかんするでじたるちょうれい,令和三年九月一日
503M60004000007,府省令,デジタル庁所管補助金等交付規則,でじたるちょうしょかんほじょきんとうこうふきそく,令和六年一月十七日
503M60004000008,府省令,デジタル庁の所管に属する不動産及び船舶に関する権利の登記嘱託職員を指定するデジタル庁令,でじたるちょうのしょかんにぞくするふどうさんおよびせんぱくにかんするけんりのとうきしょくたくしょくいんをしていするでじたるちょうれい,令和三年九月一日
503M60004000010,府省令,公的給付の支給等の迅速かつ確実な実施のための預貯金口座の登録等に関する法律施行規則,こうてききゅうふのしきゅうとうのじんそくかつかくじつなじっしのためのよちょきんこうざのとうろくとうにかんするほうりつしこうきそく,令和八年四月一日
503M602A1FDA002,府省令,産業競争力強化法に基づく新技術等実証及び新事業活動に関する規制の特例措置の整備等及び規制改革の推進に関する命令,さんぎょうきょうそうりょくきょうかほうにもとづくしんぎじゅつとうじっしょうおよびしんじぎょうかつどうにかんするきせいのとくれいそちのせいびとうおよびきせいかいかくのすいしんにかんするめいれい,令和三年六月十六日
503M62000000001,規則,カジノ管理委員会関係特定複合観光施設区域整備法施行規則,かじのかんりいいんかいかんけいとくていふくごうかんこうしせつくいきせいびほうしこうきそく,令和六年四月一日
503M62000000002,規則,特定複合観光施設区域整備法関係手数料規則,とくていふくごうかんこうしせつくいきせいびほうかんけいてすうりょうきそく,令和七年四月一日
503M62000000003,規則,カジノ管理委員会の所管する法令に係る情報通信技術を活用した行政の推進等に関する法律施行規則,かじのかんりいいんかいのしょかんするほうれいにかかるじょうほうつうしんぎじゅつをかつようしたぎょうせいのすいしんとうにかんするほうりつしこうきそく,令和六年三月一日
503M62000010001,府省令,特定資金移動履行保証金及び特定資金受入保証金に関する規則,とくていしきんいどうりこうほしょうきんおよびとくていしきんうけいれほしょうきんにかんするきそく,令和三年七月十九日
503R00000001005,規則,会計検査院の所管に属する不動産に関する権利の登記嘱託職員を指定する規則,かいけいけんさいんのしょかんにぞくするふどうさんにかんするけんりのとうきしょくたくしょくいんをしていするきそく,令和三年八月六日
504AC0000000014,法律,二千二十五年日本国際博覧会政府代表の設置に関する臨時措置法,にせんにじゅうごねんにほんこくさいはくらんかいせいふだいひょうのせっちにかんするりんじそちほう,令和七年十二月二十四日
504AC0000000015,法律,令和九年に開催される国際園芸博覧会の準備及び運営のために必要な特別措置に関する法律,れいわきゅうねんにかいさいされるこくさいえんげいはくらんかいのじゅんびおよびうんえいのためにひつようなとくべつそちにかんするほうりつ,令和八年四月一日
504AC0000000037,法律,環境と調和のとれた食料システムの確立のための環境負荷低減事業活動の促進等に関する法律,かんきょうとちょうわのとれたしょくりょうしすてむのかくりつのためのかんきょうふかていげんじぎょうかつどうのそくしんとうにかんするほうりつ,令和七年十月一日
504AC0000000039,法律,情報通信技術を利用する方法による国の歳入等の納付に関する法律,じょうほうつうしんぎじゅつをりようするほうほうによるくにのさいにゅうとうののうふにかんするほうりつ,令和八年四月一日
504AC0000000043,法律,経済施策を一体的に講ずることによる安全保障の確保の推進に関する法律,けいざいしさくをいったいてきにこうずることによるあんぜんほしょうのかくほのすいしんにかんするほうりつ,令和八年四月一日
504AC0000000051,法律,国際卓越研究大学の研究及び研究成果の活用のための体制の強化に関する法律,こくさいたくえつけんきゅうだいがくのけんきゅうおよびけんきゅうせいかのかつようのためのたいせいのきょうかにかんするほうりつ,令和四年十一月十五日
504AC0000000068,法律,刑法等の一部を改正する法律の施行に伴う関係法律の整理等に関する法律,けいほうとうのいちぶをかいせいするほうりつのしこうにともなうかんけいほうりつのせいりとうにかんするほうりつ,令和九年三月三十一日
504AC0000000075,法律,こども家庭庁設置法,こどもかていちょうせっちほう,令和八年四月一日
504AC0000000084,法律,地方公共団体の議会の議員及び長の選挙期日等の臨時特例に関する法律,ちほうこうきょうだんたいのぎかいのぎいんおよびちょうのせんきょきじつとうのりんじとくれいにかんするほうりつ,令和四年十一月十八日
504AC0000000105,法律,法人等による寄附の不当な勧誘の防止等に関する法律,ほうじんとうによるきふのふとうなかんゆうのぼうしとうにかんするほうりつ,令和八年四月一日
504AC0100000050,法律,障害者による情報の取得及び利用並びに意思疎通に係る施策の推進に関する法律,しょうがいしゃによるじょうほうのしゅとくおよびりようならびにいしそつうにかかるしさくのすいしんにかんするほうりつ,令和四年五月二十五日
504AC0100000052,法律,困難な問題を抱える女性への支援に関する法律,こんなんなもんだいをかかえるじょせいへのしえんにかんするほうりつ,令和七年六月一日
504AC1000000064,法律,令和四年度子育て世帯生活支援特別給付金に係る差押禁止等に関する法律,れいわよねんどこそだてせたいせいかつしえんとくべつきゅうふきんにかかるさしおさえきんしとうにかんするほうりつ,令和四年六月十三日
504AC1000000073,法律,在外教育施設における教育の振興に関する法律,ざいがいきょういくしせつにおけるきょういくのしんこうにかんするほうりつ,令和四年六月十七日
504AC1000000077,法律,こども基本法,こどもきほんほう,令和六年九月二十五日
504AC1000000078,法律,性をめぐる個人の尊厳が重んぜられる社会の形成に資するために性行為映像制作物への出演に係る被害の防止を図り及び出演者の救済に資するための出演契約等に関する特則等に関する法律,せいをめぐるこじんのそんげんがおもんぜられるしゃかいのけいせいにしするためにせいこういえいぞうせいさくぶつへのしゅつえんにかかるひがいのぼうしをはかりおよびしゅつえんしゃのきゅうさいにしするためのしゅつえんけいやくとうにかんするとくそくとうにかんするほうりつ,令和七年六月一日
504AC1000000079,法律,令和四年度電力・ガス・食料品等価格高騰緊急支援給付金に係る差押禁止等に関する法律,れいわよねんどでんりょくがすしょくりょうひんとうかかくこうとうきんきゅうしえんきゅうふきんにかかるさしおさえきんしとうにかんするほうりつ,令和四年十一月九日
504AC1000000098,法律,令和四年度出産・子育て応援給付金に係る差押禁止等に関する法律,れいわよねんどしゅっさんこそだておうえんきゅうふきんにかかるさしおさえきんしとうにかんするほうりつ,令和四年十二月十四日
504CO0000000001,政令,地方公共団体情報システムの標準化に関する法律第二条第一項に規定する標準化対象事務を定める政令,ちほうこうきょうだんたいじょうほうしすてむのひょうじゅんかにかんするほうりつだいにじょうだいいっこうにきていするひょうじゅんかたいしょうじむをさだめるせいれい,令和七年四月一日
504CO0000000007,政令,内航海運業法施行令,ないこうかいうんぎょうほうしこうれい,令和四年四月一日
504CO0000000009,政令,公益通報者保護法第十九条の規定により消費者庁長官に委任されない権限を定める政令,こうえきつうほうしゃほごほうだいじゅうきゅうじょうのきていによりしょうひしゃちょうちょうかんにいにんされないけんげんをさだめるせいれい,令和四年六月一日
504CO0000000018,政令,特定水産動植物等の国内流通の適正化等に関する法律施行令,とくていすいさんどうしょくぶつとうのこくないりゅうつうのてきせいかとうにかんするほうりつしこうれい,令和八年四月一日
504CO0000000025,政令,プラスチックに係る資源循環の促進等に関する法律施行令,ぷらすちっくにかかるしげんじゅんかんのそくしんとうにかんするほうりつしこうれい,令和六年四月一日
504CO0000000037,政令,強靱かつ持続可能な電気供給体制の確立を図るための電気事業法等の一部を改正する法律の施行に伴う関係政令の整備及び経過措置に関する政令,きょうじんかつじぞくかのうなでんききょうきゅうたいせいのかくりつをはかるためのでんきじぎょうほうとうのいちぶをかいせいするほうりつのしこうにともなうかんけいせいれいのせいびおよびけいかそちにかんするせいれい,令和四年二月二日
504CO0000000040,政令,民法の一部を改正する法律の施行に伴う恩給給与規則の規定の整備及び経過措置に関する政令,みんぽうのいちぶをかいせいするほうりつのしこうにともなうおんきゅうきゅうよきそくのきていのせいびおよびけいかそちにかんするせいれい,令和四年四月一日
504CO0000000049,政令,取引デジタルプラットフォームを利用する消費者の利益の保護に関する法律施行令,とりひきでじたるぷらっとふぉーむをりようするしょうひしゃのりえきのほごにかんするほうりつしこうれい,令和四年五月一日
504CO0000000061,政令,令和三年等における特定地域に係る激甚災害及びこれに対し適用すべき措置の指定に関する政令,れいわさんねんとうにおけるとくていちいきにかかるげきじんさいがいおよびこれにたいしてきようすべきそちのしていにかんするせいれい,令和四年三月十六日
504CO0000000128,政令,国家公務員法等の一部を改正する法律及び国会職員法及び国家公務員退職手当法の一部を改正する法律の施行に伴う関係政令の整備等及び経過措置に関する政令,こっかこうむいんほうとうのいちぶをかいせいするほうりつおよびこっかいしょくいんほうおよびこっかこうむいんたいしょくてあてほうのいちぶをかいせいするほうりつのしこうにともなうかんけいせいれいのせいびとうおよびけいかそちにかんするせいれい,令和五年四月一日
504CO0000000167,政令,沖縄振興特別措置法等の一部を改正する法律の施行に伴う関係政令の整備等及び経過措置に関する政令,おきなわしんこうとくべつそちほうとうのいちぶをかいせいするほうりつのしこうにともなうかんけいせいれいのせいびとうおよびけいかそちにかんするせいれい,令和四年四月一日
504CO0000000179,政令,国際関係の緊急時に特定の国を原産地とする物品に課する関税に関する政令,こくさいかんけいのきんきゅうじにとくていのくにをげんさんちとするぶっぴんにかするかぜいにかんするせいれい,令和八年四月一日
504CO0000000186,政令,ウクライナ被災民救援国際平和協力隊の設置等に関する政令,うくらいなひさいみんきゅうえんこくさいへいわきょうりょくたいのせっちとうにかんするせいれい,令和四年四月二十八日
504CO0000000187,政令,借地借家法施行令,しゃくちしゃっかほうしこうれい,令和四年五月十八日
504CO0000000207,政令,土地等利用状況審議会令,とちとうりようじょうきょうしんぎかいれい,令和四年六月一日
504CO0000000209,政令,労働者協同組合法施行令,ろうどうしゃきょうどうくみあいほうしこうれい,令和四年十月一日
504CO0000000226,政令,令和九年に開催される国際園芸博覧会の準備及び運営のために必要な特別措置に関する法律施行令,れいわきゅうねんにかいさいされるこくさいえんげいはくらんかいのじゅんびおよびうんえいのためにひつようなとくべつそちにかんするほうりつしこうれい,令和七年四月一日
504CO0000000229,政令,環境と調和のとれた食料システムの確立のための環境負荷低減事業活動の促進等に関する法律施行令,かんきょうとちょうわのとれたしょくりょうしすてむのかくりつのためのかんきょうふかていげんじぎょうかつどうのそくしんとうにかんするほうりつしこうれい,令和四年七月一日
504CO0000000254,政令,情報通信技術を利用する方法による国の歳入等の納付に関する法律施行令,じょうほうつうしんぎじゅつをりようするほうほうによるくにのさいにゅうとうののうふにかんするほうりつしこうれい,令和四年十一月一日
504CO0000000290,政令,電波監理審議会令,でんぱかんりしんぎかいれい,令和四年十月一日
504CO0000000293,政令,植物防疫法の一部を改正する法律の施行に伴う関係政令の整備及び経過措置に関する政令,しょくぶつぼうえきほうのいちぶをかいせいするほうりつのしこうにともなうかんけいせいれいのせいびおよびけいかそちにかんするせいれい,令和四年九月二日
504CO0000000298,政令,農山漁村の活性化のための定住等及び地域間交流の促進に関する法律第五条第十一項の農林漁業振興等施設を定める政令,のうさんぎょそんのかっせいかのためのていじゅうとうおよびちいきかんこうりゅうのそくしんにかんするほうりつだいごじょうだいじゅういっこうののうりんぎょぎょうしんこうとうしせつをさだめるせいれい,令和四年十月一日
504CO0000000300,政令,森林環境税及び森林環境譲与税に関する法律施行令,しんりんかんきょうぜいおよびしんりんかんきょうじょうよぜいにかんするほうりつしこうれい,令和八年四月一日
504CO0000000306,政令,令和四年七月十四日から同月二十日までの間の豪雨による災害についての激甚災害及びこれに対し適用すべき措置の指定に関する政令,れいわよねんしちがつじゅうよっかからどうげつはつかまでのあいだのごううによるさいがいについてのげきじんさいがいおよびこれにたいしてきようすべきそちのしていにかんするせいれい,令和五年三月十五日
504CO0000000308,政令,重要施設周辺及び国境離島等における土地等の利用状況の調査及び利用の規制等に関する法律施行令,じゅうようしせつしゅうへんおよびこっきょうりとうとうにおけるとちとうのりようじょうきょうのちょうさおよびりようのきせいとうにかんするほうりつしこうれい,令和四年九月二十日
504CO0000000312,政令,特定外来生物による生態系等に係る被害の防止に関する法律の一部を改正する法律の施行に伴う経過措置に関する政令,とくていがいらいせいぶつによるせいたいけいとうにかかるひがいのぼうしにかんするほうりつのいちぶをかいせいするほうりつのしこうにともなうけいかそちにかんするせいれい,令和四年九月二十日
504CO0000000316,政令,相続等により取得した土地所有権の国庫への帰属に関する法律施行令,そうぞくとうによりしゅとくしたとちしょゆうけんのこっこへのきぞくにかんするほうりつしこうれい,令和五年四月二十七日
504CO0000000320,政令,令和四年八月一日から同月二十二日までの間の豪雨及び暴風雨による災害についての激甚災害並びにこれに対し適用すべき措置の指定に関する政令,れいわよねんんはちがつついたちからどうげつにじゅうににちまでのあいだのごううおよびぼうふううによるさいがいについてのげきじんさいがいならびにこれにたいしてきようすべきそちのしていにかんするせいれい,令和四年十月五日
504CO0000000338,政令,令和四年九月十七日から同月二十四日までの間の暴風雨及び豪雨による災害についての激甚災害並びにこれに対し適用すべき措置の指定に関する政令,れいわよねんくがつじゅうしちにちからどうげつにじゅうよっかまでのあいだのぼうふううおよびごううによるさいがいについてのげきじんさいがいならびにこれにたいしてきようすべきそちのしていにかんするせいれい ,令和五年四月二十六日
504CO0000000348,政令,安定的なエネルギー需給構造の確立を図るためのエネルギーの使用の合理化等に関する法律等の一部を改正する法律の一部の施行に伴う関係政令の整理及び経過措置に関する政令,あんていてきなえねるぎーじゅきゅうこうぞうのかくりつをはかるためのえねるぎーのしようのごうりかとうにかんするほうりつとうのいちぶをかいせいするほうりつのいちぶのしこうにともなうかんけいせいれいのせいりおよびけいかそちにかんするせいれい,令和四年十一月十四日
504CO0000000352,政令,地方公共団体の議会の議員及び長の選挙期日等の臨時特例に関する法律施行令,ちほうこうきょうだんたいのぎかいのぎいんおよびちょうのせんきょきじつとうのりんじとくれいにかんするほうりつしこうれい,令和四年十一月十八日
504CO0000000364,政令,高圧ガス保安法等の一部を改正する法律の一部の施行に伴う関係政令の整備及び経過措置に関する政令,こうあつがすほあんほうとうのいちぶをかいせいするほうりつのいちぶのしこうにともなうかんけいせいれいのせいびおよびけいかそちにかんするせいれい,令和五年三月二十日
504CO0000000368,政令,国の所有に係る東京地下鉄株式会社の株式の処分に関する政令,くにのしょゆうにかかわるとうきょうちかてつかぶしきがいしゃのかぶしきのしょぶんにかんするせいれい,令和四年十二月二日
504CO0000000372,政令,溶融亜鉛めっき鉄線に対して課する不当廉売関税に関する政令,ようゆうあえんめっきてっせんにたいしてかするふとうれんばいかんぜいにかんするせいれい,令和四年十二月八日
504CO0000000394,政令,経済施策を一体的に講ずることによる安全保障の確保の推進に関する法律施行令,けいざいしさくをいったいてきにこうずることによるあんぜんほしょうのかくほのすいしんにかんするほうりつしこうれい,令和八年四月一日
504CO0000000395,政令,農地中間管理事業の推進に関する法律による不動産登記の特例に関する政令,のうちちゅうかんかんりじぎょうのすいしんにかんするほうりつによるふどうさんとうきのとくれいにかんするせいれい,令和五年四月一日
504M60000001003,府省令,国家公務員退職手当法附則第十二項、第十四項及び第十六項の規定による退職手当の基本額の特例等に関する内閣官房令,こっかこうむいんたいしょくてあてほうふそくだいじゅうにこうだいじゅうよんこうおよびだいじゅうろっこうのきていによるたいしょくてあてのきほんがくのとくれいとうにかんするないかくかんぼうれい,令和七年七月一日
504M60000002001,府省令,預託等取引に関する法律施行規則,よたくとうとりひきにかんするほうりつしこうきそく,令和五年六月一日
504M60000002009,府省令,取引デジタルプラットフォームを利用する消費者の利益の保護に関する法律施行規則,とりひきでじたるぷらっとふぉーむをりようするしょうひしゃのりえきのほごにかんするほうりつしこうきそく,令和七年四月一日
504M60000002041,府省令,性をめぐる個人の尊厳が重んぜられる社会の形成に資するために性行為映像制作物への出演に係る被害の防止を図り及び出演者の救済に資するための出演契約等に関する特則等に関する法律施行規則,せいをめぐるこじんのそんげんがおもんぜられるしゃかいのけいせいにしするためにせいこういえいぞうせいさくぶつへのしゅつえんにかかるひがいのぼうしをはかりおよびしゅつえんしゃのきゅうさいにしするためのしゅつえんけいやくとうにかんするとくそくとうにかんするほうりつしこうきそく,令和四年六月二十三日
504M60000002056,府省令,重要施設周辺及び国境離島等における土地等の利用状況の調査及び利用の規制等に関する法律施行規則,じゅうようしせつしゅうへんおよびこっきょうりとうとうにおけるとちとうのりようじょうきょうのちょうさおよびりようのきせいとうにかんするほうりつしこうきそく,令和八年四月一日
504M60000008016,府省令,新型コロナウイルス感染症対策地方税減収補塡特別交付金に関する省令,しんがたころなういるすかんせんしょうたいさくちほうぜいげんしゅうほてんとくべつこうふきんにかんするしょうれい,令和四年三月十八日
504M60000008039,府省令,特定電気通信による情報の流通によって発生する権利侵害等への対処に関する法律施行規則,とくていでんきつうしんによるじょうほうのりゅうつうによってはっせいするけんりしんがいとうへのたいしょにかんするほうりつしこうきそく,令和七年四月一日
504M60000010029,府省令,借地借家法施行規則,しゃくちしゃっかほうしこうきそく,令和四年五月十八日
504M60000010039,府省令,手形法第八十三条及び小切手法第六十九条の規定による手形交換所を指定する省令,てがたほうだいはちじゅうさんじょうおよびこぎってほうだいろくじゅうきゅうじょうのきていによるてがたこうかんじょをしていするしょうれい,令和四年十一月四日
504M60000010042,府省令,非訟事件手続法第九十条第八項及び第九十一条第五項並びに家事事件手続法第百四十六条の二第二項の規定による公告の方法等を定める省令,ひしょうじけんてつづきほうだいきゅうじゅうじょうだいはちこうおよびだいきゅうじゅういちじょうだいごこうならびにかじじけんてつづきほうだいひゃくよんじゅうろくじょうのにだいにこうのきていによるこうこくのほうほうとうをさだめるしょうれい,令和五年四月一日
504M60000020010,府省令,旅券法施行規則,りょけんほうしこうきそく,令和七年五月二十六日
504M60000028001,府省令,令和四年七月二十五日に任期が満了することに伴う参議院議員の通常選挙に係る在外公館等における在外投票の時間の特例を定める省令,れいわよねんしちがつにじゅうごにちににんきがまんりょうすることにともなうさんぎいんぎいんのつうじょうせんきょにかかるざいがいこうかんとうにおけるざいがいとうひょうのじかんのとくれいをさだめるしょうれい,令和四年六月十六日
504M60000040057,府省令,溶融亜鉛めっき鉄線に対して課する不当廉売関税に関する政令第一条第一項第一号に規定する電気めっきによる工程を経て製造した亜鉛めっき鉄線である旨の証明書の提出に関する省令,ようゆうあえんめっきてっせんにたいしてかするふとうれんばいかんぜいにかんするせいれいだいいちじょうだいいっこうだいいちごうにきていするでんきめっきによるこうていをへてせいぞうしたあえんめっきてっせんであるむねのしょうめいしょのていしゅつにかんするしょうれい,令和四年十二月八日
504M60000042003,府省令,株式会社日本政策金融公庫の供給確保促進円滑化業務の実施に関し必要な事項を定める命令,かぶしきがいしゃにっぽんせいさくきんゆうこうこのきょうきゅうかくほそくしんえんかつかぎょうむのじっしにかんしひつようなじこうをさだめるめいれい,令和四年十二月二十三日
504M60000080005,府省令,教育職員等による児童生徒性暴力等の防止等に関する法律施行規則,きょういくしょくいんとうによるじどうせいとせいぼうりょくとうのぼうしとうにかんするほうりつしこうきそく,令和七年六月一日
504M60000080018,府省令,高等学校卒業程度認定審査規則,こうとうがっこうそつぎょうていどにんていしんさきそく,令和四年四月一日
504M60000080021,府省令,教育公務員特例法施行規則,きょういくこうむいんとくれいほうしこうきそく,令和八年四月一日
504M60000080037,府省令,国際卓越研究大学の研究及び研究成果の活用のための体制の強化に関する法律施行規則,こくさいたくえつけんきゅうだいがくのけんきゅうおよびけんきゅうせいかのかつようのためのたいせいのきょうかにかんするほうりつしこうきそく,令和六年六月十四日
504M60000100006,府省令,医療法第百二十八条の規定により読み替えて適用する労働基準法第百四十一条第二項の厚生労働省令で定める時間等を定める省令,いりょうほうだいひゃくにじゅうはちじょうのきていによりよみかえててきようするろうどうきじゅんほうだいひゃくよんじゅういちじょうだいにこうのこうせいろうどうしょうれいでさだめるじかんとうをさだめるしょうれい,令和六年四月一日
504M60000100033,府省令,年金制度の機能強化のための国民年金法等の一部を改正する法律の施行に伴う経過措置に関する省令,ねんきんせいどのきのうきょうかのためのこくみんねんきんほうとうのいちぶをかいせいするほうりつのしこうにともなうけいかそちにかんするしょうれい,令和四年十月一日
504M60000100089,府省令,労働者協同組合法施行規則,ろうどうしゃきょうどうくみあいほうしこうきそく,令和四年十月一日
504M60000100153,府省令,医師法第十一条第一項第一号に規定する大学において医学を専攻する学生が臨床実習を開始する前に修得すべき知識及び技能を具有しているかどうかを評価するために大学が共用する試験を定める省令,いしほうだいじゅういちじょうだいいっこうだいいちごうにきていするだいがくにおいていがくをせんこうするがくせいがりんしょうじっしゅうをかいしするまえにしゅうとくすべきちしきおよびぎのうをぐゆうしているかどうかをひょうかするためにだいがくがきょうようするしけんをさだめるしょうれい,令和七年四月一日
504M60000100176,府省令,社会保険診療報酬支払基金の支払基金電子処方箋管理業務に係る業務方法書に記載すべき事項を定める省令,しゃかいほけんしんりょうほうしゅうしはらいききんのしはらいききんでんししょほうせんかんりぎょうむにかかるぎょうむほうほうしょにきさいすべきじこうをさだめるしょうれい,令和五年一月一日
504M60000100177,府省令,社会保険診療報酬支払基金の支払基金電子処方箋管理業務に係る財務及び会計に関する省令,しゃかいほけんしんりょうほうしゅうしはらいききんのしはらいききんでんししょほうせんかんりぎょうむにかかるざいむおよびかいけいにかんするしょうれい,令和五年一月一日
504M60000100178,府省令,医薬品、医療機器等の品質、有効性及び安全性の確保等に関する法律第一条の五第二項に規定する医療を受ける者の薬剤又は医薬品の使用に関する情報の提供の方法を定める省令,いやくひんいりょうききとうのひんしつゆうこうせいおよびあんぜんせいのかくほとうにかんするほうりつだいいちじょうのごだいにこうにきていするいりょうをうけるもののやくざいまたはいやくひんのしようにかんするじょうほうのていきょうのほうほうをさだめるしょうれい,令和五年一月一日
504M60000200030,府省令,地球温暖化対策の推進に関する法律第六十四条第四項の規定により地方農政局長に委任する権限を定める省令,ちきゅうおんだんかたいさくのすいしんにかんするほうりつだいろくじゅうよんじょうだいよんこうのきていによりちほうのうせいきょくちょうにいにんするけんげんをさだめるしょうれい,令和四年四月一日
504M60000200039,府省令,特定水産動植物等の国内流通の適正化等に関する法律施行規則,とくていすいさんどうしょくぶつとうのこくないりゅうつうのてきせいかとうにかんするほうりつしこうきそく,令和八年四月一日
504M60000200042,府省令,環境と調和のとれた食料システムの確立のための環境負荷低減事業活動の促進等に関する法律施行規則,かんきょうとちょうわのとれたしょくりょうしすてむのかくりつのためのかんきょうふかていげんじぎょうかつどうのそくしんとうにかんするほうりつしこうきそく,令和七年十月一日
504M60000200075,府省令,農林水産省関係経済施策を一体的に講ずることによる安全保障の確保の推進に関する法律に基づく供給確保計画の認定等に関する省令,のうりんすいさんしょうかんけいけいざいしさくをいったいてきにこうずることによるあんぜんほしょうのかくほのすいしんにかんするほうりつにもとづくきょうきゅうかくほけいかくのにんていとうにかんするしょうれい,令和四年十二月二十八日
504M60000202017,府省令,内閣府・農林水産省関係経済施策を一体的に講ずることによる安全保障の確保の推進に関する法律に基づく安定供給確保支援法人に関する命令,ないかくふのうりんすいさんしょうかんけいけいざいしさくをいったいてきにこうずることによるあんぜんほしょうのかくほのすいしんにかんするほうりつにもとづくあんていきょうきゅうかくほしえんほうじんにかんするめいれい,令和四年十二月二十八日
504M60000240003,府省令,日本農林規格等に関する法律施行規則,にほんのうりんきかくとうにかんするほうりつしこうきそく,令和八年四月一日
504M60000240004,府省令,農林水産物及び食品の輸出の促進に関する法律第四十一条第一項第二号の農林水産省令・財務省令で定める農林漁業者の組織する法人を定める省令,のうりんすいさんぶつおよびしょくひんのゆしゅつのそくしんにかんするほうりつだいよんじゅういちじょうだいいっこうだいにごうののうりんすいさんしょうれいざいむしょうれいでさだめるのうりんぎょぎょうしゃのそしきするほうじんをさだめるしょうれい ,令和四年十月一日
504M60000400015,府省令,輸出貿易管理令別表第二の三の規定に基づき貨物を定める省令,ゆしゅつぼうえきかんりれいべっぴょうだいにのさんのきていにもとづきかもつをさだめるしょうれい,令和七年一月二十三日
504M60000400061,府省令,一般送配電事業者による託送供給等に係る収入の見通しに関する省令,いっぱんはいでんじぎょうしゃによるたくそうきょうきゅうとうにかかるしゅうにゅうのみとおしにかんするしょうれい,令和七年六月六日
504M60000400074,府省令,二千二十五年日本国際博覧会協賛のための競輪及び小型自動車競走の開催の範囲及び日取りの特例等に関する省令,にせんにじゅうごねんにほんこくさいはくらんかいきょうさんのためのけいりんおよびこがたじどうしゃきょうそうのかいさいのはんいおよびひどりのとくれいとうにかんするしょうれい,令和四年九月二十二日
504M60000400091,府省令,溶融亜鉛めっき鉄線に対して課する不当廉売関税に関する政令第一条第一項第一号に規定する電気めっきによる工程を経て製造した亜鉛めっき鉄線である旨の証明書の発給に関する省令,ようゆうあえんめっきてっせんにたいしてかするふとうれんばいかんぜいにかんするせいれいだいいちじょうだいいっこうだいいちごうにきていするでんきめっきによるこうていをへてせいぞうしたあえんめっきてっせんであるむねのしょうめいしょのはっきゅうにかんするしょうれい,令和四年十二月八日
504M60000400097,府省令,高圧ガス保安法等の一部を改正する法律の一部の施行に伴う経過措置に関する省令,こうあつがすほあんほうとうのいちぶをかいせいするほうりつのいちぶのしこうにともなうけいかそちにかんするしょうれい,令和五年三月二十日
504M60000640002,府省令,農林水産物及び食品の輸出の促進に関する法律第四十二条第一項の農林水産省令・経済産業省令・財務省令で定める海外における中小企業者に準ずるもの及び金融機関を定める省令,のうりんすいさんぶつおよびしょくひんのゆしゅつのそくしんにかんするほうりつだいよんじゅうにじょうだいいっこうののうりんすいさんしょうれいけいざいさんぎょうしょうれいざいむしょうれいでさだめるかいがいにおけるちゅうしょうきぎょうしゃにじゅんずるものおよびきんゆうきかんをさだめるしょうれい,令和四年十月一日
504M60000800038,府省令,地球温暖化対策の推進に関する法律第六十四条第四項の規定により地方整備局長及び北海道開発局長に委任する権限を定める省令,ちきゅうおんだんかたいさくのすいしんにかんするほうりつだいろくじゅうよんじょうだいよんこうのきていによりちほうせいびきょくちょうおよびほっかいどうかいはつきょくちょうにいにんするけんげんをさだめるしょうれい,令和四年四月一日
504M60000800050,府省令,国土交通省関係日本海溝・千島海溝周辺海溝型地震に係る地震防災対策の推進に関する特別措置法施行規則,こくどこうつうしょうかんけいにほんかいこうちしまかいこうしゅうへんかいこうがたじしんにかかるじしんぼうさいたいさくのすいしんにかんするとくべつそちほうしこうきそく,令和四年六月十七日
504M60000800057,府省令,無人航空機登録検査機関に関する省令,むじんこうくうきとうろくけんさきかんにかんするしょうれい,令和四年十二月五日
504M60000800058,府省令,無人航空機操縦士試験機関に関する省令,むじんこうくうきそうじゅうししけんきかんにかんするしょうれい,令和四年十二月五日
504M60000800059,府省令,無人航空機の登録講習機関及び登録更新講習機関に関する省令,むじんこうくうきのとうろくこうしゅうきかんおよびとうろくこうしんこうしゅうきかんにかんするしょうれい,令和六年三月十三日
504M60000800085,府省令,国土交通省の所管する法令に係る情報通信技術を利用する方法による国の歳入等の納付に関する法律施行規則,こくどこうつうしょうのしょかんするほうれいにかかるじょうほうつうしんぎじゅつをりようするほうほうによるくにのさいにゅうとうののうふにかんするほうりつしこうきそく,令和八年二月十八日
504M60000800093,府省令,国土交通省関係経済施策を一体的に講ずることによる安全保障の確保の推進に関する法律に基づく供給確保計画の認定等に関する省令,こくどこうつうしょうかんけいけいざいしさくをいったいてきにこうずることによるあんぜんほしょうのかくほのすいしんにかんするほうりつにもとづくきょうきゅうかくほけいかくのにんていとうにかんするしょうれい,令和四年十二月二十八日
504M60000802002,府省令,観光地形成促進措置実施計画の認定申請及び実施状況の報告等に関する命令,かんこうちけいせいそくしんそちじっしけいかくのにんていしんせいおよびじっしじょうきょうのほうこくとうにかんするめいれい,令和四年四月一日
504M60000802008,府省令,内閣府・国土交通省関係経済施策を一体的に講ずることによる安全保障の確保の推進に関する法律に基づく安定供給確保支援法人に関する命令,ないかくふこくどこうつうしょうかんけいけいざいしさくをいったいてきにこうずることによるあんぜんほしょうのかくほのすいしんにかんするほうりつにもとづくあんていきょうきゅうかくほしえんほうじんにかんするめいれい,令和四年十二月二十八日
504M60000E00002,府省令,令和九年に開催される国際園芸博覧会の準備及び運営のために必要な特別措置に関する法律施行規則,れいわきゅうねんにかいさいされるこくさいえんげいはくらんかいのじゅんびおよびうんえいのためにひつようなとくべつそちにかんするほうりつしこうきそく,令和四年三月三十一日
504M60000F00001,府省令,特定プラスチック使用製品提供事業者の特定プラスチック使用製品の使用の合理化によるプラスチック使用製品廃棄物の排出の抑制に関する判断の基準となるべき事項等を定める省令,とくていぷらすちっくしようせいひんていきょうじぎょうしゃのとくていぷらすちっくしようせいひんのしようのごうりかによるぷらすちっくしようせいひんはいきぶつのはいしゅつのよくせいにかんするはんだんのきじゅんとなるべきじこうとうをさだめるしょうれい,令和四年四月一日
504M60000F42001,府省令,プラスチックに係る資源循環の促進等に関する法律に基づく設計認定及び指定調査機関に関する命令,ぷらすちっくにかかるしげんじゅんかんのそくしんとうにかんするほうりつにもとづくせっけいにんていおよびしていちょうさきかんにかんするめいれい,令和四年四月一日
504M60001000001,府省令,分別収集物の基準並びに分別収集物の再商品化並びに使用済プラスチック使用製品及びプラスチック使用製品産業廃棄物等の再資源化に必要な行為の委託の基準に関する省令,ぶんべつしゅうしゅうぶつのきじゅんならびにぶんべつしゅうしゅうぶつのさいしょうひんかならびにしようずみぷらすちっくしようせいひんおよびぷらすちっくしようせいひんさんぎょうはいきぶつとうのさいしげんかにひつようなこういのいたくのきじゅんにかんするしょうれい,令和四年四月一日
504M60001000015,府省令,地球温暖化対策の推進に関する法律第六十四条第四項の規定により地方環境事務所長に委任する権限を定める省令,ちきゅうおんだんかたいさくのすいしんにかんするほうりつだいろくじゅうよんじょうだいよんこうのきていによりちほうかんきょうじむしょちょうにいにんするけんげんをさだめるしょうれい,令和四年四月一日
504M60001400001,府省令,プラスチックに係る資源循環の促進等に関する法律施行規則,ぷらすちっくにかかるしげんじゅんかんのそくしんとうにかんするほうりつしこうきそく,令和四年四月一日
504M60001740003,府省令,環境と調和のとれた食料システムの確立のための環境負荷低減事業活動の促進等に関する法律に基づく基盤確立事業実施計画の認定等に関する省令,かんきょうとちょうわのとれたしょくりょうしすてむのかくりつのためのかんきょうふかていげんじぎょうかつどうのそくしんとうにかんするほうりつにもとづくきばんかくりつじぎょうじっしけいかくのにんていとうにかんするしょうれい,令和四年七月一日
504M60001E00001,府省令,地球温暖化対策の推進に関する法律に基づく地域脱炭素化促進事業計画の認定等に関する省令,ちきゅうおんだんかたいさくのすいしんにかんするほうりつにもとづくちいきだつたんそかそくしんじぎょうけいかくのにんていとうにかんするしょうれい,令和七年四月一日
504M60002000007,府省令,令和九年に開催される国際園芸博覧会の準備及び運営のために必要な特別措置に関する法律の施行に伴う自衛隊法施行規則等の特例に関する省令,れいわきゅうねんにかいさいされるこくさいえんげいはくらんかいのじゅんびおよびうんえいのためにひつようなとくべつそちにかんするほうりつのしこうにともなうじえいたいほうしこうきそくとうのとくれいにかんするしょうれい,令和四年六月二十四日
504M60004008001,府省令,地方公共団体情報システムの標準化に関する法律第二条第一項に規定する標準化対象事務を定める政令に規定するデジタル庁令・総務省令で定める事務を定める命令,ちほうこうきょうだんたいじょうほうしすてむのひょうじゅんかにかんするほうりつだいにじょうだいいっこうにきていするひょうじゅんかたいしょうじむをさだめるせいれいにきていするでじたるちょうれいそうむしょうれいでさだめるじむをさだめるめいれい,令和七年四月一日
504M60007FFE001,府省令,排出事業者のプラスチック使用製品産業廃棄物等の排出の抑制及び再資源化等の促進に関する判断の基準となるべき事項等を定める命令,はいしゅつじぎょうしゃのぷらすちっくしようせいひんさんぎょうはいきぶつとうのはいしゅつのよくせいおよびさいしげんかとうのそくしんにかんするはんだんのきじゅんとなるべきじこうとうをさだめるめいれい,令和四年四月一日
504M60200000002,規則,私的独占の禁止及び公正取引の確保に関する法律第四十条の処分に関する規則,してきどくせんのきんしおよびこうせいとりひきのかくほにかんするほうりつだいよんじゅうじょうのしょぶんにかんするきそく,令和四年八月十二日
504M60400000004,規則,大型自動車免許の欠格事由等の特例に係る教習の課程の指定に関する規則,おおがたじどうしゃめんきょのけっかくじゆうとうのとくれいにかかるきょうしゅうのかていのしていにかんするきそく,令和七年三月二十四日
504M60400000008,規則,運転免許取得者等検査の認定に関する規則,うんてんめんきょしゅとくしゃとうけんさのにんていにかんするきそく,令和七年六月一日
504M60400000015,規則,警護要則,けいごようそく,令和四年八月二十六日
504M62000800001,府省令,特定複合観光施設区域整備法に基づくカジノ事業者又はカジノ施設供用事業者が行う設置運営事業等の監査及び会計に関する命令,とくていふくごうかんこうしせつくいきせいびほうにもとづくかじのじぎょうしゃまたはかじのしせつきょうようじぎょうしゃがおこなうせっちうんえいじぎょうとうのかんさおよびかいけいにかんするめいれい,令和八年三月三十一日
504RJNJ01078000,規則,人事院規則一―七八（年齢六十年に達する職員等に対する情報の提供及び勤務の意思の確認）,じんじいんきそくいちのななじゅうはちねんれいろくじゅうねんにたっするしょくいんとうにたいするじょうほうのていきょうおよびきんむのいしのかくにん,令和五年四月一日
504RJNJ01080000,規則,人事院規則一―八〇（職員の令和九年国際園芸博覧会特措法第二条第一項の規定により指定された国際園芸博覧会協会への派遣）,しょくいんのれいわきゅうねんこくさいえんげいはくらんかいとくそほうだいにじょうだいいっこうのきていによりしていされたこくさいえんげいはくらんかいきょうかいへのはけん,令和八年四月一日
504RJNJ02015000,規則,人事院規則二―一五（人事院の職員に対する個人情報の取扱いに係る権限又は事務の委任）,じんじいんきそくにのじゅうごじんじいんのしょくいんにたいするこじんじょうほうのとりあつかいにかかるけんげんまたはじむのいにん,令和五年四月一日
504RJNJ08021000,規則,人事院規則八―二一（年齢六十年以上退職者等の定年前再任用）,じんじいんきそくはちのにじゅういちねんれいろくじゅうねんいじょうたいしょくしゃとうのていねんまえさいにんよう,令和五年四月一日
504RJNJ09147000,規則,人事院規則九―一四七（給与法附則第八項の規定による俸給月額）,じんじいんきそくきゅうのひゃくよんじゅうななきゅうよほうふそくだいはっこうのきていによるほうきゅうげつがく,令和七年七月一日
504RJNJ09148000,規則,人事院規則九―一四八（給与法附則第十項、第十二項又は第十三項の規定による俸給）,じんじいんきそくきゅうのひゃくよんじゅうはちきゅうよほうふそくだいじゅっこうだいじゅうにこうまたはだいじゅうさんこうのきていによるほうきゅう,令和八年四月一日
504RJNJ11008051,規則,人事院規則一一―八（職員の定年）,じんじいんきそくじゅういちのはちしょくいんのていねん,令和六年四月一日
504RJNJ11011000,規則,人事院規則一一―一一（管理監督職勤務上限年齢による降任等）,じんじいんきそくじゅういちのじゅういちかんりかんとくしょくきんむじょうげんねんれいによるこうにんとう,令和八年四月一日
504RJNJ11012000,規則,人事院規則一一―一二（定年退職者等の暫定再任用）,じんじいんきそくじゅういちのじゅうにていねんたいしょくしゃとうのざんていさいにんよう,令和五年四月一日
505AC0000000016,法律,調停による国際的な和解合意に関する国際連合条約の実施に関する法律,ちょうていによるこくさいてきなわかいごういにかんするこくさいれんごうじょうやくのじっしにかんするほうりつ,令和十年六月十三日
505AC0000000025,法律,特定受託事業者に係る取引の適正化等に関する法律,とくていじゅたくじぎょうしゃにかかるとりひきのてきせいかとうにかんするほうりつ,令和六年十一月一日
505AC0000000032,法律,脱炭素成長型経済構造への円滑な移行の推進に関する法律,だつたんそせいちょうがたけいざいこうぞうへのえんかつないこうのすいしんにかんするほうりつ,令和八年四月一日
505AC0000000041,法律,日本語教育の適正かつ確実な実施を図るための日本語教育機関の認定等に関する法律,にほんごきょういくのてきせいかつかくじつなじっしをはかるためのにほんごきょういくきかんのにんていとうにかんするほうりつ,令和六年四月一日
505AC0000000045,法律,孤独・孤立対策推進法,こどくこりつたいさくすいしんほう,令和六年五月十七日
505AC0000000046,法律,国立健康危機管理研究機構法,こくりつけんこうききかんりけんきゅうきこうほう,令和七年四月一日
505AC0000000054,法律,防衛省が調達する装備品等の開発及び生産のための基盤の強化に関する法律,ぼうえいしょうがちょうたつするそうびひんとうのかいはつおよびせいさんのためのきばんのきょうかにかんするほうりつ,令和七年五月十六日
505AC0000000067,法律,性的な姿態を撮影する行為等の処罰及び押収物に記録された性的な姿態の影像に係る電磁的記録の消去等に関する法律,せいてきなしたいをさつえいするこういとうのしょばつおよびおうしゅうぶつにきろくされたせいてきなしたいのえいぞうにかかるでんじてききろくのしょうきょとうにかんするほうりつ,令和八年五月二十二日
505AC0000000069,法律,我が国の防衛力の抜本的な強化等のために必要な財源の確保に関する特別措置法,わがくにのぼうえいりょくのばっぽんてきなきょうかとうのためにひつようなざいげんのかくほにかんするとくべつそちほう,令和十年一月一日
505AC0000000085,法律,官報の発行に関する法律,かんぽうのはっこうにかんするほうりつ,令和七年四月一日
505AC1000000042,法律,令和五年三月予備費使用及び令和五年度予算に係る子育て関連給付金に係る差押禁止等に関する法律,れいわごねんさんがつよびひしようおよびれいわごねんどよさんにかかるこそだてかんれんきゅうふきんにかかるさしおさえきんしとうにかんするほうりつ,令和五年六月二日
505AC1000000057,法律,良質かつ適切なゲノム医療を国民が安心して受けられるようにするための施策の総合的かつ計画的な推進に関する法律,りょうしつかつてきせつなげのむいりょうをこくみんがあんしんしてうけられるようにするためのしさくのそうごうてきかつけいかくてきなすいしんにかんするほうりつ,令和五年六月十六日
505AC1000000064,法律,令和五年三月予備費使用に係る低所得者世帯給付金に係る差押禁止等に関する法律,れいわごねんさんがつよびひしようにかかるていしょとくしゃせたいきゅうふきんにかかるさしおさえきんしとうにかんするほうりつ,令和五年六月十六日
505AC1000000065,法律,共生社会の実現を推進するための認知症基本法,きょうせいしゃかいのじつげんをすいしんするためのにんちしょうきほんほう,令和六年一月一日
505AC1000000068,法律,性的指向及びジェンダーアイデンティティの多様性に関する国民の理解の増進に関する法律,せいてきしこうおよびじぇんだーあいでんてぃてぃのたようせいにかんするこくみんのりかいのぞうしんにかんするほうりつ,令和五年六月二十三日
505AC1000000081,法律,物価高騰対策給付金に係る差押禁止等に関する法律,ぶっかこうとうたいさくきゅうふきんにかかるさしおさえきんしとうにかんするほうりつ,令和五年十一月二十九日
505AC1000000089,法律,特定不法行為等に係る被害者の迅速かつ円滑な救済に資するための日本司法支援センターの業務の特例並びに宗教法人による財産の処分及び管理の特例に関する法律,とくていふほうこういとうにかかるひがいしゃのじんそくかつえんかつなきゅうさいにしするためのにほんしほうしえんせんたーのぎょうむのとくれいならびにしゅうきょうほうじんによるざいさんのしょぶんおよびかんりのとくれいにかんするほうりつ,令和八年一月十三日
505CO0000000051,政令,令和四年等における特定地域に係る激甚災害及びこれに対し適用すべき措置の指定に関する政令,れいわよねんとうにおけるとくていちいきにかかるげきじんさいがいおよびこれにたいしてきようすべきそちのしていにかんするせいれい,令和五年三月十五日
505CO0000000085,政令,女性相談支援センターに関する政令,じょせいそうだんしえんせんたーにかんするせいれい,令和六年四月一日
505CO0000000115,政令,令和五年度における高齢者の医療の確保に関する法律による前期高齢者交付金及び前期高齢者納付金の額の算定に係る率及び割合を定める政令,れいわごねんどにおけるこうれいしゃのいりょうのかくほにかんするほうりつによるぜんきこうれいしゃこうふきんおよびぜんきこうれいしゃのうふきんのがくのさんていにかかるりつおよびわりあいをさだめるせいれい,令和五年四月一日
505CO0000000125,政令,こども家庭庁組織令,こどもかていちょうそしきれい,令和八年四月一日
505CO0000000127,政令,こども家庭審議会令,こどもかていしんぎかいれい,令和五年四月一日
505CO0000000128,政令,こども政策推進会議令,こどもせいさくすいしんかいぎれい,令和五年四月一日
505CO0000000177,政令,中小事業主が行う事業に従事する者等の労働災害等に係る共済事業に関する法律施行令,ちゅうしょうじぎょうぬしがおこなうじぎょうにじゅうじするものとうのろうどうさいがいとうにかかるきょうさいじぎょうにかんするほうりつしこうれい,令和五年六月一日
505CO0000000178,政令,中小事業主が行う事業に従事する者等の労働災害等に係る共済事業に関する法律の施行に伴う関係政令の整備及び経過措置に関する政令,ちゅうしょうじぎょうぬしがおこなうじぎょうにじゅうじするものとうのろうどうさいがいとうにかかるきょうさいじぎょうにかんするほうりつのしこうにともなうかんけいせいれいのせいびおよびけいかそちにかんするせいれい,令和五年六月一日
505CO0000000222,政令,脱炭素成長型経済構造への円滑な移行の推進に関する法律の施行に伴う関係政令の整備及び経過措置に関する政令,だつたんそせいちょうがたけいざいこうぞうへのえんかつないこうのすいしんにかんするほうりつのしこうにともなうかんけいせいれいのせいびおよびけいかそちにかんするせいれい,令和五年六月三十日
505CO0000000237,政令,配偶者からの暴力の防止及び被害者の保護等に関する法律施行令,はいぐうしゃからのぼうりょくのぼうしおよびひがいしゃのほごとうにかんするほうりつしこうれい,令和七年十二月三十日
505CO0000000247,政令,生活衛生関係営業等の事業活動の継続に資する環境の整備を図るための旅館業法等の一部を改正する法律の施行に伴う経過措置に関する政令,せいかつえいせいかんけいえいぎょうとうのじぎょうかつどうのけいぞくにしするかんきょうのせいびをはかるためのりょかんぎょうほうとうのいちぶをかいせいするほうりつのしこうにともなうけいかそちにかんするせいれい,令和五年十二月十三日
505CO0000000254,政令,防衛力強化資金に関する政令,ぼうえいりょくきょうかしきんにかんするせいれい,令和八年四月一日
505CO0000000264,政令,令和五年五月二十八日から七月二十日までの間の豪雨及び暴風雨による災害についての激甚災害並びにこれに対し適用すべき措置の指定に関する政令,れいわごねんごがつにじゅうはちにちからしちがつはつかまでのあいだのごううおよびぼうふううによるさいがいについてのげきじんさいがいならびにこれにたいしてきようすべきそちのしていにかんするせいれい,令和五年八月三十日
505CO0000000282,政令,脱炭素社会の実現に向けた電気供給体制の確立を図るための電気事業法等の一部を改正する法律附則第四条第六項の規定により納付すべき手数料等の額を定める政令,だつたんそしゃかいのじつげんにむけたでんききょうきゅうたいせいのかくりつをはかるためのでんきじぎょうほうとうのいちぶをかいせいするほうりつふそくだいよんじょうだいろっこうのきていによりのうふすべきてすうりょうとうのがくをさだめるせいれい,令和五年十月一日
505CO0000000290,政令,防衛省が調達する装備品等の開発及び生産のための基盤の強化に関する法律施行令,ぼうえいしょうがちょうたつするそうびひんとうのかいはつおよびせいさんのためのきばんのきょうかにかんするほうりつしこうれい,令和六年四月一日
505CO0000000301,政令,令和五年八月十二日から同月十七日までの間の暴風雨による災害についての激甚災害及びこれに対し適用すべき措置の指定に関する政令,れいわごねんはちがつじゅうににちからどうげつじゅうななにちまでのあいだのぼうふううによるさいがいについてのげきじんさいがいおよびこれにたいしてきようすべきそちのしていにかんするせいれい,令和六年三月十三日
505CO0000000306,政令,遊漁船業の適正化に関する法律第三条第二項の期間を定める政令,ゆうぎょせんぎょうのてきせいかにかんするほうりつだいさんじょうだいにこうのきかんをさだめるせいれい,令和六年四月一日
505CO0000000327,政令,日本語教育の適正かつ確実な実施を図るための日本語教育機関の認定等に関する法律施行令,にほんごきょういくのてきせいかつかくじつなじっしをはかるためのにほんごきょういくきかんのにんていとうにかんするほうりつしこうれい,令和六年四月一日
505CO0000000328,政令,漁港水面施設運営権登録令,ぎょこうすいめんしせつうんえいけんとうろくれい,令和八年四月一日
505CO0000000334,政令,海上運送法等の一部を改正する法律の施行に伴う関係政令の整備及び経過措置に関する政令,かいじょううんそうほうとうのいちぶをかいせいするほうりつのしこうにともなうかんけいせいれいのせいびおよびけいかそちにかんするせいれい,令和六年四月一日
505CO0000000342,政令,合法伐採木材等の流通及び利用の促進に関する法律第六条第二項第二号の情報を定める政令,ごうほうばっさいもくざいとうのりゅうつうおよびりようのそくしんにかんするほうりつだいろくじょうだいにこうだいにごうのじょうほうをさだめるせいれい,令和八年四月一日
505CO0000000362,政令,国立大学法人法の一部を改正する法律の施行に伴う関係政令の整備及び経過措置に関する政令,こくりつだいがくほうじんほうのいちぶをかいせいするほうりつのしこうにともなうかんけいせいれいのせいびおよびけいかそちにかんするせいれい,令和五年十二月二十日
505CO0000000367,政令,共生社会の実現を推進するための認知症基本法第二条の状態を定める政令,きょうせいしゃかいのじつげんをすいしんするためのにんちしょうきほんほうだいにじょうのじょうたいをさだめるせいれい,令和六年一月一日
505CO0000000368,政令,認知症施策推進本部令,にんちしょうしさくすいしんほんぶれい,令和六年一月一日
505CO0000000379,政令,脱炭素成長型経済構造への円滑な移行の推進に関する法律施行令,だつたんそせいちょうがたけいざいこうぞうへのえんかつないこうのすいしんにかんするほうりつしこうれい,令和八年四月一日
505M60000002024,府省令,法人等による寄附の不当な勧誘の防止等に関する法律第四条第四号の内閣府令で定める方法を定める内閣府令,ほうじんとうによるきふのふとうなかんゆうのぼうしとうにかんするほうりつだいよんじょうだいよんごうのないかくふれいでさだめるほうほうをさだめるないかくふれい,令和五年六月一日
505M60000002038,府省令,こども家庭庁組織規則,こどもかていちょうそしききそく,令和七年七月八日
505M60000002039,府省令,内閣府の所管するこども家庭庁関係法令に係る情報通信技術を活用した行政の推進等に関する法律施行規則,ないかくふのしょかんするこどもかていちょうかんけいほうれいにかかるじょうほうつうしんぎじゅつをかつようしたぎょうせいのすいしんとうにかんするほうりつしこうきそく,令和五年十二月二十六日
505M60000002040,府省令,内閣府の所管するこども家庭庁関係法令に係る民間事業者等が行う書面の保存等における情報通信の技術の利用に関する法律施行規則,ないかくふのしょかんするこどもかていちょうかんけいほうれいにかかるみんかんじぎょうしゃとうがおこなうしょめんのほぞんとうにおけるじょうほうつうしんのぎじゅつのりようにかんするほうりつしこうきそく,令和五年十二月二十六日
505M60000002041,府省令,こども家庭庁の所掌に属する補助金等交付規則,こどもかていちょうのしょしょうにぞくするほじょきんとうこうふきそく,令和五年四月一日
505M60000002042,府省令,こども家庭庁の所管する法律の規定に基づく立入検査等の際に携帯する職員の身分を示す証明書の様式の特例に関する内閣府令,こどもかていちょうのしょかんするほうりつのきていにもとづくたちいりけんさとうのさいにけいたいするしょくいんのみぶんをしめすしょうめいしょのようしきのとくれいにかんするないかくふれい,令和八年四月一日
505M60000002043,府省令,内閣府の所管するこども家庭庁関係法令に係る構造改革特別区域法第三十五条に規定する政令等規制事業に係る主務省令の特例に関する措置を定める内閣府令,ないかくふのしょかんするこどもかていちょうかんけいほうれいにかかるこうぞうかいかくとくべつくいきほうだいさんじゅうごじょうにきていするせいれいとうきせいじぎょうにかかるしゅむしょうれいのとくれいにかんするそちをさだめるないかくふれい,令和八年四月一日
505M60000002048,府省令,電子決済手段等取引業者に関する内閣府令,でんしけっさいしゅだんとうとりひきぎょうしゃにかんするないかくふれい,令和七年六月一日
505M60000002049,府省令,為替取引分析業者に関する内閣府令,かわせとりひきぶんせきぎょうしゃにかんするないかくふれい,令和五年六月一日
505M60000002059,府省令,配偶者からの暴力の防止及び被害者の保護等に関する法律施行規則,はいぐうしゃからのぼうりょくのぼうしおよびひがいしゃのほごとうにかんするほうりつしこうきそく,令和六年四月一日
505M60000002061,府省令,経済施策を一体的に講ずることによる安全保障の確保の推進に関する法律に基づく特定社会基盤事業者の指定等に関する内閣府令,けいざいしさくをいったいてきにこうずることによるあんぜんほしょうのかくほのすいしんにかんするほうりつにもとづくとくていしゃかいきばんじぎょうしゃのしていとうにかんするないかくふれい,令和五年十一月十七日
505M60000002078,府省令,経済施策を一体的に講ずることによる安全保障の確保の推進に関する法律に基づく特許出願の非公開に関する内閣府令,けいざいしさくをいったいてきにこうずることによるあんぜんほしょうのかくほのすいしんにかんするほうりつにもとづくとっきょしゅつがんのひこうかいにかんするないかくふれい,令和六年五月一日
505M60000004004,府省令,復興庁の所管に属する不動産登記嘱託職員を指定する庁令,ふっこうちょうのしょかんにぞくするふどうさんとうきしょくたくしょくいんをしていするちょうれい,令和五年十月六日
505M60000008010,府省令,総務省の所管する法令に係る情報通信技術を利用する方法による国の歳入等の納付に関する法律施行規則,そうむしょうのしょかんするほうれいにかかるじょうほうつうしんぎじゅつをりようするほうほうによるくにのさいにゅうとうののうふにかんするほうりつしこうきそく,令和八年四月一日
505M60000008043,府省令,地方団体に対して交付すべき令和五年度分の震災復興特別交付税の額の算定方法、決定時期及び決定額並びに交付時期及び交付額等の特例に関する省令,ちほうだんたいにたいしてこうふすべきれいわごねんどぶんのしんさいふっこうとくべつこうふぜいのがくのさんていほうほうけっていじきおよびけっていがくならびにこうふじきおよびこうふがくとうのとくれいにかんするしょうれい,令和六年四月二十六日
505M60000008045,府省令,デジタル社会の形成を図るための関係法律の整備に関する法律の一部の施行に伴う経過措置に関する省令,でじたるしゃかいのけいせいをはかるためのかんけいほうりつのせいびにかんするほうりつのいちぶのしこうにともなうけいかそちにかんするしょうれい,令和五年五月十一日
505M60000008064,府省令,総務省関係経済施策を一体的に講ずることによる安全保障の確保の推進に関する法律に基づく特定社会基盤事業者等に関する省令,そうむしょうかんけいけいざいしさくをいったいてきにこうずることによるあんぜんほしょうのかくほのすいしんにかんするほうりつにもとづくとくていしゃかいきばんじぎょうしゃとうにかんするしょうれい,令和五年十一月十七日
505M60000010001,府省令,相続等により取得した土地所有権の国庫への帰属に関する法律施行規則,そうぞくとうによりしゅとくしたとちしょゆうけんのこっこへのきぞくにかんするほうりつしこうきそく,令和五年四月二十七日
505M60000010025,府省令,特別高度人材の基準を定める省令,とくべつこうどじんざいのきじゅんをさだめるしょうれい,令和六年六月十日
505M60000010048,府省令,調停による国際的な和解合意に関する国際連合条約の実施に関する法律第二条第三項第一号に規定する法務省令で定める者を定める省令,ちょうていによるこくさいてきなわかいごういにかんするこくさいれんごうじょうやくのじっしにかんするほうりつだいにじょうだいさんこうだいいちごうにきていするほうむしょうれいでさだめるものをさだめるしょうれい,令和六年四月一日
505M60000012002,府省令,内閣府・法務省関係経済施策を一体的に講ずることによる安全保障の確保の推進に関する法律に基づく特定社会基盤事業者の指定等に関する命令,ないかくふほうむしょうかんけいけいざいしさくをいったいてきにこうずることによるあんぜんほしょうのかくほのすいしんにかんするほうりつにもとづくとくていしゃかいきばんじぎょうしゃのしていとうにかんするめいれい,令和五年十一月十七日
505M60000020002,府省令,外務省の所管する法令に係る情報通信技術を利用する方法による国の歳入等の納付に関する法律施行規則,がいむしょうのしょかんするほうれいにかかるじょうほうつうしんぎじゅつをりようするほうほうによるくにのさいにゅうとうののうふにかんするほうりつしこうきそく,令和七年四月一日
505M60000040050,府省令,防衛力強化資金事務取扱規則,ぼうえいりょくきょうかしきんじむとりあつかいきそく,令和八年四月一日
505M60000042003,府省令,為替取引分析業者に関する命令,かわせとりひきぶんせきぎょうしゃにかんするめいれい,令和五年六月一日
505M60000042006,府省令,内閣府・財務省関係経済施策を一体的に講ずることによる安全保障の確保の推進に関する法律に基づく特定社会基盤事業者の指定等に関する命令,ないかくふざいむしょうかんけいけいざいしさくをいったいてきにこうずることによるあんぜんほしょうのかくほのすいしんにかんするほうりつにもとづくとくていしゃかいきばんじぎょうしゃのしていとうにかんするめいれい,令和五年十一月十七日
505M6000004A001,府省令,物価高騰対策給付金に係る差押禁止等に関する法律施行規則,ぶっかこうとうたいさくきゅうふきんにかかるさしおさえきんしとうにかんするほうりつしこうきそく,令和七年十二月十六日
505M60000052001,府省令,内閣府・法務省・財務省関係経済施策を一体的に講ずることによる安全保障の確保の推進に関する法律に基づく特定社会基盤事業者の指定等に関する命令,ないかくふほうむしょうざいむしょうかんけいけいざいしさくをいったいてきにこうずることによるあんぜんほしょうのかくほのすいしんにかんするほうりつにもとづくとくていしゃかいきばんじぎょうしゃのしていとうにかんするめいれい,令和五年十一月十七日
505M60000080019,府省令,学校教育法施行令の一部を改正する政令の施行に伴う経過措置に関する省令,がっこうきょういくほうしこうれいのいちぶをかいせいするせいれいのしこうにともなうけいかそちにかんするしょうれい,令和五年四月一日
505M60000080039,府省令,日本語教育の適正かつ確実な実施を図るための日本語教育機関の認定等に関する法律施行規則,にほんごきょういくのてきせいかつかくじつなじっしをはかるためのにほんごきょういくきかんのにんていとうにかんするほうりつしこうきそく,令和六年四月二十六日
505M60000080040,府省令,認定日本語教育機関認定基準,にんていにほんごきょういくきかんにんていきじゅん,令和八年四月一日
505M60000100008,府省令,厚生労働省関係経済施策を一体的に講ずることによる安全保障の確保の推進に関する法律に基づく供給確保計画の認定等に関する省令,こうせいろうどうしょうかんけいけいざいしさくをいったいてきにこうずることによるあんぜんほしょうのかくほのすいしんにかんするほうりつにもとづくきょうきゅうかくほけいかくのにんていとうにかんするしょうれい,令和五年一月十九日
505M60000100036,府省令,女性自立支援施設の設備及び運営に関する基準,じょせいじりつしえんしせつのせつびおよびうんえいにかんするきじゅん,令和七年四月一日
505M60000100037,府省令,困難な問題を抱える女性への支援に関する法律施行規則,こんなんなもんだいをかかえるじょせいへのしえんにかんするほうりつしこうきそく,令和六年四月一日
505M60000100072,府省令,中小事業主が行う事業に従事する者等の労働災害等に係る共済事業に関する法律施行規則,ちゅうしょうじぎょうぬしがおこなうじぎょうにじゅうじするものとうのろうどうさいがいとうにかかるきょうさいじぎょうにかんするほうりつしこうきそく,令和七年六月一日
505M60000100080,府省令,新型インフルエンザ等対策特別措置法第三十一条第二項に規定する検体採取及び同法第三十一条の三第一項に規定する厚生労働省令で定める者を定める省令,しんがたいんふるえんざとうたいさくとくべつそちほうだいさんじゅういちじょうだいにこうにきていするけんたいさいしゅおよびどうほうだいさんじゅういちじょうのさんだいいっこうにきていするこうせいろうどうしょうれいでさだめるものをさだめるしょうれい,令和六年四月一日
505M60000100138,府省令,歯科医師法第十一条第一項第一号に規定する大学において歯学を専攻する学生が臨床実習を開始する前に修得すべき知識及び技能を具有しているかどうかを評価するために大学が共用する試験を定める省令,しかいしほうだいじゅういちじょうだいいっこうだいいちごうにきていするだいがくにおいてしがくをせんこうするがくせいがりんしょうじっしゅうをかいしするまえにしゅうとくすべきちしきおよびぎのうをぐゆうしているかどうかをひょうかするためにだいがくがきょうようするしけんをさだめるしょうれい,令和八年四月一日
505M60000100158,府省令,共生社会の実現を推進するための認知症基本法施行規則,きょうせいしゃかいのじつげんをすいしんするためのにんちしょうきほんほうしこうきそく,令和六年一月一日
505M60000100167,府省令,行旅病人及行旅死亡人取扱法第九条の規定による公衆の閲覧の方法を定める省令,こうりょびょうにんおよびこうりょしぼうにんとりあつかいほうだいきゅうじょうのきていによるこうしゅうのえつらんのほうほうをさだめるしょうれい,令和六年四月一日
505M60000102002,府省令,障害者の日常生活及び社会生活を総合的に支援するための法律に係る民間事業者等が行う書面の保存等における情報通信の技術の利用に関する命令,しょうがいしゃのにちじょうせいかつおよびしゃかいせいかつをそうごうてきにしえんするためのほうりつにかかるみんかんじぎょうしゃとうがおこなうしょめんのほぞんとうにおけるじょうほうつうしんのぎじゅつのりようにかんするめいれい,令和五年四月一日
505M60000102003,府省令,障害者の日常生活及び社会生活を総合的に支援するための法律の規定に基づく立入検査等の際に携帯する職員の身分を示す証明書の様式の特例に関する命令,しょうがいしゃのにちじょうせいかつおよびしゃかいせいかつをそうごうてきにしえんするためのほうりつのきていにもとづくたちいりけんさとうのさいにけいたいするしょくいんのみぶんをしめすしょうめいしょのようしきのとくれいにかんするめいれい,令和五年四月一日
505M60000102006,府省令,内閣府・厚生労働省関係経済施策を一体的に講ずることによる安全保障の確保の推進に関する法律に基づく特定社会基盤事業者の指定等に関する命令,ないかくふこうせいろうどうしょうかんけいけいざいしさくをいったいてきにこうずることによるあんぜんほしょうのかくほのすいしんにかんするほうりつにもとづくとくていしゃかいきばんじぎょうしゃのしていとうにかんするめいれい,令和五年十一月十七日
505M60000200012,府省令,農林水産省関係相続等により取得した土地所有権の国庫への帰属に関する法律施行規則,のうりんすいさんしょうかんけいそうぞくとうによりしゅとくしたとちしょゆうけんのこっこへのきぞくにかんするほうりつしこうきそく,令和五年四月二十七日
505M60000200041,府省令,農林水産省関係構造改革特別区域法施行規則,のうりんすいさんしょうかんけいこうぞうかいかくとくべつくいきほうしこうきそく,令和五年九月一日
505M60000200062,府省令,漁港水面施設運営権登録令施行規則,ぎょこうすいめんしせつうんえいけんとうろくれいしこうきそく,令和八年三月十日
505M60000202004,府省令,内閣府・農林水産省関係経済施策を一体的に講ずることによる安全保障の確保の推進に関する法律に基づく特定社会基盤事業者の指定等に関する命令,ないかくふのうりんすいさんしょうかんけいけいざいしさくをいったいてきにこうずることによるあんぜんほしょうのかくほのすいしんにかんするほうりつにもとづくとくていしゃかいきばんじぎょうしゃのしていとうにかんするめいれい,令和五年十一月十七日
505M60000208001,府省令,土地改良法の規定による認可地縁団体への組織変更に関する省令,とちかいりょうほうのきていによるにんかちえんだんたいへのそしきへんこうにかんするしょうれい,令和五年四月一日
505M60000242002,府省令,内閣府・財務省・農林水産省関係経済施策を一体的に講ずることによる安全保障の確保の推進に関する法律に基づく特定社会基盤事業者の指定等に関する命令,ないかくふざいむしょうのうりんすいさんしょうかんけいけいざいしさくをいったいてきにこうずることによるあんぜんほしょうのかくほのすいしんにかんするほうりつにもとづくとくていしゃかいきばんじぎょうしゃのしていとうにかんするめいれい,令和五年十一月十七日
505M60000400003,府省令,経済産業省関係経済施策を一体的に講ずることによる安全保障の確保の推進に関する法律に基づく供給確保計画の認定等に関する省令,けいざいさんぎょうしょうかんけいけいざいしさくをいったいてきにこうずることによるあんぜんほしょうのかくほのすいしんにかんするほうりつにもとづくきょうきゅうかくほけいかくのにんていとうにかんするしょうれい,令和七年十二月二十四日
505M60000400029,府省令,消費生活用製品安全法施行令別表第一第十一号及び第十二号に規定する経済産業省令で定める大きさを定める省令,しょうひせいかつようせいひんあんぜんほうしこうれいべっぴょうだいいちだいじゅういちごうおよびだいじゅうにごうにきていするけいざいさんぎょうしょうれいでさだめるおおきさをさだめるしょうれい,令和五年六月十九日
505M60000400041,府省令,経済産業省関係経済施策を一体的に講ずることによる安全保障の確保の推進に関する法律に基づく特定社会基盤事業者等に関する省令,けいざいさんぎょうしょうかんけいけいざいしさくをいったいてきにこうずることによるあんぜんほしょうのかくほのすいしんにかんするほうりつにもとづくとくていしゃかいきばんじぎょうしゃとうにかんするしょうれい ,令和七年四月一日
505M60000402005,府省令,内閣府・経済産業省関係経済施策を一体的に講ずることによる安全保障の確保の推進に関する法律に基づく特許出願の非公開に関する命令,ないかくふけいざいさんぎょうしょうかんけいけいざいしさくをいったいてきにこうずることによるあんぜんほしょうのかくほのすいしんにかんするほうりつにもとづくとっきょしゅつがんのひこうかいにかんするめいれい,令和六年五月一日
505M60000440001,府省令,外国為替取引等取扱業者遵守基準を定める省令,がいこくかわせとりひきとうとりあつかいぎょうしゃじゅんしゅきじゅんをさだめるしょうれい,令和六年四月一日
505M60000800007,府省令,自動車損害賠償保障法に係る民間事業者等が行う書面の保存等における情報通信の技術の利用に関する法律施行規則,じどうしゃそんがいばいしょうほしょうほうにかかるみんかんじぎょうしゃとうがおこなうしょめんのほぞんとうにおけるじょうほうつうしんのぎじゅつのりようにかんするほうりつしこうきそく,令和七年十二月一日
505M60000800035,府省令,特別会計に関する法律施行令第六十五条第一項第一号ハ等の益金等を定める省令,とくべつかいけいにかんするほうりつしこうれいだいろくじゅうごじょうだいいっこうだいいちごうはとうのえききんとうをさだめるしょうれい,令和五年四月一日
505M60000800038,府省令,令和五年度に特定認定事業者が海上運送法第三十五条第一項の規定による日本船舶・船員確保計画の認定の申請をする場合における同条第三項第五号の日本船舶の隻数の増加の割合を定める省令,れいわごねんどにとくていにんていじぎょうしゃがかいじょううんそうほうだいさんじゅうごじょうだいいっこうのきていによるにほんせんぱくせんいんかくほけいかくのにんていのしんせいをするばあいにおけるどうじょうだいさんこうだいごごうのにほんせんぱくのせきすうのぞうかのわりあいをさだめるしょうれい,令和五年七月一日
505M60000800062,府省令,国土交通省関係経済施策を一体的に講ずることによる安全保障の確保の推進に関する法律に基づく特定社会基盤事業者等に関する省令,こくどこうつうしょうかんけいけいざいしさくをいったいてきにこうずることによるあんぜんほしょうのかくほのすいしんにかんするほうりつにもとづくとくていしゃかいきばんじぎょうしゃとうにかんするしょうれい,令和七年六月十三日
505M60000800094,府省令,空家等対策の推進に関する特別措置法第七条第六項に規定する敷地特例適用要件に関する基準を定める省令,あきやとうたいさくのすいしんにかんするとくべつそちほうだいななじょうだいろっこうにきていするしきちとくれいてきようようけんにかんするきじゅんをさだめるしょうれい,令和五年十二月十三日
505M60001200002,府省令,農薬取締法第四条第一項第十一号の農林水産省令・環境省令で定める場合を定める省令,のうやくとりしまりほうだいよんじょうだいいっこうだいじゅういちごうののうりんすいさんしょうれいかんきょうしょうれいでさだめるばあいをさだめるしょうれい,令和六年十二月二日
505M60001400002,府省令,特定有害廃棄物等の輸出入等の規制に関する法律施行規則に係る民間事業者等が行う書面の保存等における情報通信の技術の利用に関する法律施行規則,とくていゆうがいはいきぶつとうのゆしゅつにゅうとうのきせいにかんするほうりつしこうきそくにかかるみんかんじぎょうしゃとうがおこなうしょめんのほぞんとうにおけるじょうほうつうしんのぎじゅつのりようにかんするほうりつしこうきそく,令和五年六月十六日
505M60001480001,府省令,特別会計に関する法律施行令第五十二条第一項第二号に規定する事務の区分を定める省令の特例を定める省令,とくべつかいけいにかんするほうりつしこうれいだいごじゅうにじょうだいいっこうだいにごうにきていするじむのくぶんをさだめるしょうれいのとくれいをさだめるしょうれい,令和七年八月四日
505M60001784001,府省令,福島国際研究教育機構の業務運営に関する命令,ふくしまこくさいけんきゅうきょういくきこうのぎょうむうんえいにかんするめいれい,令和五年三月三十一日
505M60002000014,府省令,防衛省が調達する装備品等の開発及び生産のための基盤の強化に関する法律施行規則,ぼうえいしょうがちょうたつするそうびひんとうのかいはつおよびせいさんのためのきばんのきょうかにかんするほうりつしこうきそく,令和六年四月一日
505M60002000016,府省令,防衛省の職員の俸給の切替えに関する省令,ぼうえいしょうのしょくいんのほうきゅうのきりかえにかんするしょうれい,令和五年十一月二十四日
505M60080000001,規則,原子力規制委員会の所管する法律の規定に基づく立入検査等の際に携帯する職員の身分を示す証明書の様式の特例に関する規則,げんしりょくきせいいいんかいのしょかんするほうりつのきていにもとづくたちいりけんさとうのさいにけいたいするしょくいんのみぶんをしめすしょうめいしょのようしきのとくれいにかんするきそく ,令和五年四月一日
505M60800000001,規則,公害等調整委員会関係法令に係る情報通信技術を活用した行政の推進等に関する法律施行規則,こうがいとうちょうせいいいんかいかんけいほうれいにかかるじょうほうつうしんぎじゅつをかつようしたぎょうせいのすいしんとうにかんするほうりつしこうきそく,令和五年十二月二十五日
505RPMD08140002,規則,内閣感染症危機管理統括庁組織規則,ないかくかんせんしょうききかんりとうかつちょうそしききそく,令和五年九月一日
505RPMD08140003,規則,内閣感染症危機管理統括庁に感染症危機管理統括審議官を置く規則,ないかくかんせんしょうききかんりとうかつちょうにかんせんしょうききかんりとうかつしんぎかんをおくきそく,令和五年九月一日
506AC0000000001,法律,令和六年能登半島地震災害の被災者に係る所得税法及び災害被害者に対する租税の減免、徴収猶予等に関する法律の臨時特例に関する法律,れいわろくねんのとはんとうじしんさいがいのひさいしゃにかかるしょとくぜいほうおよびさいがいひがいしゃにたいするそぜいのげんめんちょうしゅうゆうよとうにかんするほうりつのりんじとくれいにかんするほうりつ,令和六年二月二十一日
506AC0000000011,法律,二千二十七年国際園芸博覧会政府委員の設置に関する臨時措置法,にせんにじゅうななねんこくさいえんげいはくらんかいせいふいいんのせっちにかんするりんじそちほう,令和七年十二月二十四日
506AC0000000018,法律,地域における生物の多様性の増進のための活動の促進等に関する法律,ちいきにおけるせいぶつのたようせいのぞうしんのためのかつどうのそくしんとうにかんするほうりつ,令和八年四月一日
506AC0000000027,法律,重要経済安保情報の保護及び活用に関する法律,じゅうようけいざいあんぽじょうほうのほごおよびかつようにかんするほうりつ,令和九年三月三十一日
506AC0000000030,法律,公益信託に関する法律,こうえきしんたくにかんするほうりつ,令和八年四月一日
506AC0000000037,法律,脱炭素成長型経済構造への円滑な移行のための低炭素水素等の供給及び利用の促進に関する法律,だつたんそせいちょうがたけいざいこうぞうへのえんかつないこうのためのていたんそすいそとうのきょうきゅうおよびりようのそくしんにかんするほうりつ,令和六年十月二十三日
506AC0000000038,法律,二酸化炭素の貯留事業に関する法律,にさんかたんそのちょりゅうじぎょうにかんするほうりつ,令和六年十一月十八日
506AC0000000039,法律,風力発電設備の設置等による電波の伝搬障害を回避し電波を用いた自衛隊等の円滑かつ安全な活動を確保するための措置に関する法律,ふうりょくはつでんせつびのせっちとうによるでんぱのでんぱんしょうがいをかいひしでんぱをもちいたじえいたいとうのえんかつかつあんぜんなかつどうをかくほするためのそちにかんするほうりつ ,令和七年三月一日
506AC0000000041,法律,資源循環の促進のための再資源化事業等の高度化に関する法律,しげんじゅんかんのそくしんのためのさいしげんかじぎょうとうのこうどかにかんするほうりつ,令和七年十一月二十一日
506AC0000000052,法律,事業性融資の推進等に関する法律,じぎょうせいゆうしのすいしんとうにかんするほうりつ,令和十年六月十三日
506AC0000000058,法律,スマートフォンにおいて利用される特定ソフトウェアに係る競争の促進に関する法律,すまーとふぉんにおいてりようされるとくていそふとうぇあにかかるきょうそうのそくしんにかんするほうりつ,令和七年十二月十八日
506AC0000000061,法律,食料供給困難事態対策法,しょくりょうきょうきゅうこんなんじたいたいさくほう,令和七年四月一日
506AC0000000063,法律,農業の生産性の向上のためのスマート農業技術の活用の促進に関する法律,のうぎょうのせいさんせいのこうじょうのためのすまーとのうぎょうぎじゅつのかつようのそくしんにかんするほうりつ,令和六年十月一日
506AC0000000069,法律,学校設置者等及び民間教育保育等事業者による児童対象性暴力等の防止等のための措置に関する法律,がっこうせっちしゃとうおよびみんかんきょういくほいくとうじぎょうしゃによるじどうたいしょうせいぼうりょくとうのぼうしとうのためのそちにかんするほうりつ,令和八年四月一日
506AC1000000010,法律,令和六年度出産・子育て応援給付金に係る差押禁止等に関する法律,れいわろくねんどしゅっさんこそだておうえんきゅうふきんにかかるさしおさえきんしとうにかんするほうりつ,令和六年三月三十日
506AC1000000013,法律,令和六年能登半島地震災害に係る住宅再建支援等給付金に係る差押禁止等に関する法律,れいわろくねんのとはんとうじしんさいがいにかかるじゅうたくさいけんしえんとうきゅうふきんにかかるさしおさえきんしとうにかんするほうりつ,令和六年四月五日
506AC1000000070,法律,旧優生保護法に基づく優生手術等を受けた者等に対する補償金等の支給等に関する法律,きゅうゆうせいほごほうにもとづくゆうせいしゅじゅつとうをうけたものとうにたいするほしょうきんとうのしきゅうとうにかんするほうりつ,令和七年一月十七日
506CO0000000004,政令,令和六年能登半島地震による災害についての激甚災害及びこれに対し適用すべき措置の指定に関する政令,れいわろくねんのとはんとうじしんによるさいがいについてのげきじんさいがいおよびこれにたいしてきようすべきそちのしていにかんするせいれい,令和七年七月二十五日
506CO0000000005,政令,令和六年能登半島地震による災害についての特定非常災害及びこれに対し適用すべき措置の指定に関する政令,れいわろくねんのとはんとうじしんによるさいがいについてのとくていひじょうさいがいおよびこれにたいしてきようすべきそちのしていにかんするせいれい,令和六年一月十一日
506CO0000000008,政令,全世代対応型の持続可能な社会保障制度を構築するための健康保険法等の一部を改正する法律の施行に伴う関係政令の整備等及び経過措置に関する政令,ぜんせだいたいおうがたのじぞくかのうなしゃかいほけんせいどをこうちくするためのけんこうほけんほうとうのいちぶをかいせいするほうりつのしこうにともなうかんけいせいれいのせいびとうおよびけいかそちにかんするせいれい,令和六年四月一日
506CO0000000014,政令,令和六年能登半島地震による災害についての非常災害の指定に関する政令,れいわろくねんのとはんとうじしんによるさいがいについてのひじょうさいがいのしていにかんするせいれい,令和七年六月四日
506CO0000000020,政令,預貯金者の意思に基づく個人番号の利用による預貯金口座の管理等に関する法律施行令,よちょきんしゃのいしにもとづくこじんばんごうのりようによるよちょきんこうざのかんりとうにかんするほうりつしこうれい,令和六年四月一日
506CO0000000026,政令,国立研究開発法人情報通信研究機構法の一部を改正する等の法律の施行に伴う関係政令の整備及び経過措置に関する政令,こくりつけんきゅうかいはつほうじんじょうほうつうしんけんきゅうきこうほうのいちぶをかいせいするとうのほうりつのしこうにともなうかんけいせいれいのせいびおよびけいかそちにかんするせいれい,令和六年四月一日
506CO0000000033,政令,令和六年能登半島地震災害の被災者に係る所得税法及び災害被害者に対する租税の減免、徴収猶予等に関する法律の臨時特例に関する法律施行令,れいわろくねんのとはんとうじしんさいがいのひさいしゃにかかるしょとくぜいほうおよびさいがいひがいしゃにたいするそぜいのげんめんちょうしゅうゆうよとうにかんするほうりつのりんじとくれいにかんするほうりつしこうれい,令和六年二月二十一日
506CO0000000037,政令,日本中央競馬会の令和六事業年度における日本中央競馬会法第二十九条の二第三項の割合を定める政令,にっぽんちゅうおうけいばかいのれいわろくじぎょうねんどにおけるにっぽんちゅうおうけいばかいほうだいにじゅうきゅうじょうのにだいさんこうのわりあいをさだめるせいれい,令和六年二月二十六日
506CO0000000041,政令,障害者の日常生活及び社会生活を総合的に支援するための法律等の一部を改正する法律の施行に伴う関係政令の整備及び経過措置に関する政令,しょうがいしゃのにちじょうせいかつおよびしゃかいせいかつをそうごうてきにしえんするためのほうりつとうのいちぶをかいせいするほうりつのしこうにともなうかんけいせいれいのせいびおよびけいかそちにかんするせいれい,令和六年四月一日
506CO0000000046,政令,令和六年能登半島地震による災害及び令和六年九月二十日から同月二十三日までの間の豪雨による災害についての災害対策基本法第百二条第一項の政令で定める年度等を定める政令,れいわろくねんのとはんとうじしんによるさいがいおよびれいわろくねんくがつはつかからどうげつにじゅうさんにちまでのあいだのごううによるさいがいについてのさいがいたいさくきほんほうだいひゃくにじょうだいいっこうのせいれいでさだめるねんどとうをさだめるせいれい,令和八年三月十一日
506CO0000000049,政令,令和五年等における特定地域に係る激甚災害及びこれに対し適用すべき措置の指定に関する政令,れいわごねんとうにおけるとくていちいきにかかるげきじんさいがいおよびこれにたいしてきようすべきそちのしていにかんするせいれい,令和六年三月十三日
506CO0000000086,政令,食品衛生基準審議会令,しょくひんえいせいきじゅんしんぎかいれい,令和六年四月一日
506CO0000000102,政令,生活衛生等関係行政の機能強化のための関係法律の整備に関する法律の施行に伴う関係政令の整備等及び経過措置に関する政令,せいかつえいせいとうかんけいぎょうせいのきのうきょうかのためのかんけいほうりつのせいびにかんするほうりつのしこうにともなうかんけいせいれいのせいびとうおよびけいかそちにかんするせいれい,令和六年四月一日
506CO0000000126,政令,令和六年度における高齢者の医療の確保に関する法律による前期高齢者交付金及び前期高齢者納付金の額の算定に係る率及び割合を定める政令,れいわろくねんどにおけるこうれいしゃのいりょうのかくほにかんするほうりつによるぜんきこうれいしゃこうふきんおよびぜんきこうれいしゃのうふきんのがくのさんていにかかるりつおよびわりあいをさだめるせいれい,令和六年四月一日
506CO0000000162,政令,孤独・孤立対策推進本部令,こどく・こりつたいさくすいしんほんぶれい,令和六年四月一日
506CO0000000163,政令,火山調査研究推進本部令,かざんちょうさけんきゅうすいしんほんぶれい,令和六年四月一日
506CO0000000178,政令,令和六年能登半島地震による災害に係る特定義務の不履行についての免責に係る期限に関する政令,れいわろくねんのとはんとうじしんによるさいがいにかかるとくていぎむのふりこうについてのめんせきにかかるきげんにかんするせいれい,令和六年四月二十六日
506CO0000000181,政令,性的な姿態を撮影する行為等の処罰及び押収物に記録された性的な姿態の影像に係る電磁的記録の消去等に関する法律施行令,せいてきなしたいをさつえいするこういとうのしょばつおよびおうしゅうぶつにきろくされたせいてきなしたいのえいぞうにかかるでんじてききろくのしょうきょとうにかんするほうりつしこうれい,令和六年六月二十日
506CO0000000195,政令,船舶活用医療推進本部令,せんぱくかつよういりょうすいしんほんぶれい,令和六年六月一日
506CO0000000198,政令,育児休業、介護休業等育児又は家族介護を行う労働者の福祉に関する法律及び次世代育成支援対策推進法の一部を改正する法律の一部の施行に伴う経過措置に関する政令,いくじきゅうぎょう、かいごきゅうぎょうとういくじまたはかぞくかいごをおこなうろうどうしゃのふくしにかんするほうりつおよびじせだいいくせいしえんたいさくすいしんほうのいちぶをかいせいするほうりつのいちぶのしこうにともなうけいかそちにかんするせいれい,令和六年五月三十一日
506CO0000000200,政令,特定受託事業者に係る取引の適正化等に関する法律施行令,とくていじゅたくじぎょうしゃにかかるとりひきのてきせいかとうにかんするほうりつしこうれい,令和六年十一月一日
506CO0000000241,政令,令和六年能登半島地震による災害の被害者の特定権利利益に係る満了日の延長に関する政令,れいわろくねんのとはんとうじしんによるさいがいのひがいしゃのとくていけんりりえきにかかるまんりょうびのえんちょうにかんするせいれい,令和六年六月二十八日
506CO0000000251,政令,二酸化炭素の貯留事業に関する法律施行令,にさんかたんそのちょりゅうじぎょうにかんするほうりつしこうれい,令和六年十一月十八日
506CO0000000260,政令,行政手続における特定の個人を識別するための番号の利用等に関する法律等の一部を改正する法律の一部の施行に伴う関係政令の整備等及び経過措置に関する政令,ぎょうせいてつづきにおけるとくていのこじんをしきべつするためのばんごうのりようとうにかんするほうりつとうのいちぶをかいせいするほうりつのいちぶのしこうにともなうかんけいせいれいのせいびとうおよびけいかそちにかんするせいれい,令和六年十二月二日
506CO0000000266,政令,国立健康危機管理研究機構法施行令,こくりつけんこうききかんりけんきゅうきこうほうしこうれい,令和八年四月一日
506CO0000000276,政令,国土強靱化推進本部令,こくどきょうじんかすいしんほんぶれい,令和六年九月六日
506CO0000000277,政令,令和六年六月八日から七月三十日までの間の豪雨による災害についての激甚災害及びこれに対し適用すべき措置の指定に関する政令,れいわろくねんろくがつようかからしちがつさんじゅうにちまでのあいだのごううによるさいがいについてのげきじんさいがいおよびこれにたいしてきようすべきそちのしていにかんするせいれい,令和七年三月七日
506CO0000000279,政令,農業の生産性の向上のためのスマート農業技術の活用の促進に関する法律施行令,のうぎょうのせいさんせいのこうじょうのためのすまーとのうぎょうぎじゅつのかつようのそくしんにかんするほうりつしこうれい,令和六年十月一日
506CO0000000282,政令,大麻草の栽培の規制に関する法律施行令,たいまそうのさいばいのきせいにかんするほうりつしこうれい,令和七年三月一日
506CO0000000289,政令,子ども・子育て支援法等の一部を改正する法律の施行に伴う関係政令の整備等及び経過措置に関する政令,こどもこそだてしえんほうとうのいちぶをかいせいするほうりつのしこうにともなうかんけいせいれいのせいびとうおよびけいかそちにかんするせいれい,令和六年十月一日
506CO0000000299,政令,消費生活用製品安全法等の一部を改正する法律の施行に伴う経過措置に関する政令,しょうひせいかつようせいひんあんぜんほうとうのいちぶをかいせいするほうりつのしこうにともなうけいかそちにかんするせいれい,令和六年九月二十六日
506CO0000000306,政令,国家公務員等の旅費に関する法律施行令,こっかこうむいんとうのりょひにかんするほうりつしこうれい,令和七年四月一日
506CO0000000314,政令,脱炭素成長型経済構造への円滑な移行のための低炭素水素等の供給及び利用の促進に関する法律施行令,だつたんそせいちょうがたけいざいこうぞうへのえんかつないこうのためのていたんそすいそとうのきょうきゅうおよびりようのそくしんにかんするほうりつしこうれい,令和六年十月二十三日
506CO0000000316,政令,脱炭素成長型経済構造への円滑な移行のための低炭素水素等の供給及び利用の促進に関する法律関係手数料令,だつたんそせいちょうがたけいざいこうぞうへのえんかつないこうのためのていたんそすいそとうのきょうきゅうおよびりようのそくしんにかんするほうりつかんけいてすうりょうれい,令和六年十月二十三日
506CO0000000320,政令,放送法の一部を改正する法律附則第四条第一項の規定による業務規程の届出及び公表の期限を定める政令,ほうそうほうのいちぶをかいせいするほうりつふそくだいよんじょうだいいっこうのきていによるぎょうむきていのとどけでおよびこうひょうのきげんをさだめるせいれい,令和六年十月十七日
506CO0000000328,政令,令和六年八月二十六日から九月三日までの間の暴風雨及び豪雨による災害についての激甚災害並びにこれに対し適用すべき措置の指定に関する政令,れいわろくねんはちがつにじゅうろくにちからくがつみっかまでのあいだのぼうふううおよびごううによるさいがいについてのげきじんさいがいならびにこれにたいしてきようすべきそちのしていにかんするせいれい,令和七年三月十二日
506CO0000000329,政令,令和六年九月二十日から同月二十三日までの間の豪雨による災害についての激甚災害及びこれに対し適用すべき措置の指定に関する政令,れいわろくねんくがつはつかからどうげつにじゅうさんにちまでのあいだのごううによるさいがいについてのげきじんさいがいおよびこれにたいしてきようすべきそちのしていにかんするせいれい,令和七年四月二十五日
506CO0000000331,政令,金融商品取引法等の一部を改正する法律の施行に伴う関係政令の整備及び経過措置に関する政令,きんゆうしょうひんとりひきほうとうのいちぶをかいせいするほうりつのしこうにともなうかんけいせいれいのせいびおよびけいかそちにかんするせいれい,令和六年十一月一日
506CO0000000341,政令,二酸化炭素の貯留事業に関する法律第二条第八項に規定する試掘権の登録に関する政令,にさんかたんそのちょりゅうじぎょうにかんするほうりつだいにじょうだいはちこうにきていするしくつけんのとうろくにかんするせいれい,令和八年四月一日
506CO0000000376,政令,スマートフォンにおいて利用される特定ソフトウェアに係る競争の促進に関する法律施行令,すまーとふぉんにおいてりようされるとくていそふとうぇあにかかるきょうそうのそくしんにかんするほうりつしこうれい,令和七年十二月十八日
506CO0000000383,政令,旧優生保護法に基づく優生手術等を受けた者等に対する補償金等の支給等に関する法律に基づき都道府県に交付する事務費に関する政令,きゅうゆうせいほごほうにもとづくゆうせいしゅじゅつとうをうけたものとうにたいするほしょうきんとうのしきゅうとうにかんするほうりつにもとづきとどうふけんにこうふするじむひにかんするせいれい,令和七年一月十七日
506CO0000000384,政令,旧優生保護法補償金等認定審査会令,きゅうゆうせいほごほうほしょうきんとうにんていしんさかいれい,令和七年一月十七日
506CO0000000385,政令,旧優生保護法に基づく優生手術等を受けた者等に対する補償金等の支給等に関する法律の施行に伴う関係政令の整備及び経過措置に関する政令,きゅうゆうせいほごほうにもとづくゆうせいしゅじゅつとうをうけたものとうにたいするほしょうきんとうのしきゅうとうにかんするほうりつのしこうにともなうかんけいせいれいのせいびおよびけいかそちにかんするせいれい,令和七年一月十七日
506M60000002001,府省令,孤独・孤立対策推進法施行規則,こどくこりつたいさくすいしんほうしこうきそく,令和六年四月一日
506M60000002010,府省令,金融経済教育推進機構に関する内閣府令,きんゆうけいざいきょういくすいしんきこうにかんするないかくふれい,令和六年十一月一日
506M60000002015,府省令,内閣府の所管する法令に係る情報通信技術を利用する方法による国の歳入等の納付に関する法律施行規則,ないかくふのしょかんするほうれいにかかるじょうほうつうしんぎじゅつをりようするほうほうによるくにのさいにゅうとうののうふにかんするほうりつしこうきそく,令和七年四月一日
506M60000002027,府省令,一時保護施設の設備及び運営に関する基準,いちじほごしせつのせつびおよびうんえいにかんするきじゅん,令和八年三月一日
506M60000002055,府省令,不当景品類及び不当表示防止法の規定に基づく確約手続に関する内閣府令,ふとうけいひんるいおよびふとうひょうじぼうしほうのきていにもとづくかくやくてつづきにかんするないかくふれい,令和六年十月一日
506M60000002080,府省令,官報の発行に関する内閣府令,かんぽうのはっこうにかんするないかくふれい,令和七年四月一日
506M60000002090,府省令,金融サービスの提供及び利用環境の整備等に関する法律施行令第二条の規定に基づき業務を定める内閣府令,きんゆうさーびすのていきょうおよびりようかんきょうのせいびとうにかんするほうりつしこうれいだいにじょうのきていにもとづきぎょうむをさだめるないかくふれい,令和六年十一月一日
506M60000002095,府省令,次世代育成支援対策推進法に基づく特定事業主行動計画の策定等に係る内閣府令,じせだいいくせいしえんたいさくすいしんほうにもとづくとくていじぎょうぬしこうどうけいかくのさくていとうにかかるないかくふれい,令和七年四月一日
506M60000002099,府省令,金融庁関係国家戦略特別区域法第二十六条に規定する政令等規制事業に係る内閣府令の特例に関する措置を定める内閣府令,きんゆうちょうかんけいこっかせんりゃくとくべつくいきほうだいにじゅうろくじょうにきていするせいれいとうきせいじぎょうにかかるないかくふれいのとくれいにかんするそちをさだめるないかくふれい,令和八年四月一日
506M60000002102,府省令,金融商品の販売等に係る勧誘方針の公表の方法に関する内閣府令,きんゆうしょうひんのはんばいとうにかかるかんゆうほうしんのこうひょうのほうほうにかんするないかくふれい,令和六年十二月十五日
506M60000002114,府省令,旧優生保護法に基づく優生手術等を受けた者等に対する補償金等の支給等に関する法律施行規則,きゅうゆうせいほごほうにもとづくゆうせいしゅじゅつとうをうけたものとうにたいするほしょうきんとうのしきゅうとうにかんするほうりつしこうきそく,令和七年一月十七日
506M60000002115,府省令,社会保険診療報酬支払基金の支援納付金関係業務に係る業務方法書に記載すべき事項を定める内閣府令,しゃかいほけんしんりょうほうしゅうしはらいききんのしえんのうふきんかんけいぎょうむにかかるぎょうむほうほうしょにきさいすべきじこうをさだめるないかくふれい,令和六年十二月二十六日
506M60000002116,府省令,社会保険診療報酬支払基金の支援納付金関係業務に係る財務及び会計に関する内閣府令,しゃかいほけんしんりょうほうしゅうしはらいききんのしえんのうふきんかんけいぎょうむにかかるざいむおよびかいけいにかんするないかくふれい,令和六年十二月二十六日
506M60000004003,府省令,復興庁の所管する法令に係る情報通信技術を活用した行政の推進等に関する法律施行規則,ふっこうちょうのしょかんするほうれいにかかるじょうほうつうしんぎじゅつをかつようしたぎょうせいのすいしんとうにかんするほうりつしこうきそく,令和六年九月三十日
506M60000008011,府省令,特定アクセス行為等実施計画及び識別符号の基準に関する省令,とくていあくせすこういとうじっしけいかくおよびしきべつふごうのきじゅんにかんするしょうれい,令和六年四月一日
506M60000008016,府省令,新型インフルエンザ等対策特別措置法第七十条の二第一項に規定する総務省令で定める措置を定める省令,しんがたいんふるえんざとうたいさくとくべつそちほうだいななじゅうじょうのにだいいっこうにきていするそうむしょうれいでさだめるそちをさだめるしょうれい,令和六年四月一日
506M60000008036,府省令,令和六年度における四月交付分の地方特例交付金の額の特例に関する省令,れいわろくねんどにおけるしがつこうふぶんのちほうとくれいこうふきんのがくのとくれいにかんするしょうれい,令和六年四月一日
506M60000008046,府省令,地方団体に対して交付すべき令和六年度分の震災復興特別交付税の額の算定方法、決定時期及び決定額並びに交付時期及び交付額等の特例に関する省令,ちほうだんたいにたいしてこうふすべきれいわろくねんどぶんのしんさいふっこうとくべつこうふぜいのがくのさんていほうほう、けっていじきおよびけっていがくならびにこうふじきおよびこうふがくとうのとくれいにかんするしょうれい,令和六年四月二十六日
506M60000008049,府省令,住民基本台帳法第三十条の十五の二に規定する準法定事務及び準法定事務処理者に関する省令,じゅうみんきほんだいちょうほうだいさんじゅうじょうのじゅうごのににきていするじゅんほうていじむおよびじゅんほうていじむしょりしゃにかんするしょうれい,令和八年一月二十九日
506M60000008056,府省令,サービス産業動態統計調査規則,さーびすさんぎょうどうたいとうけいちょうさきそく,令和六年五月三十一日
506M60000008065,府省令,地方団体に対して交付すべき令和六年度分の特別交付税の額の決定時期及び決定額並びに交付時期及び交付額の特例に関する省令,ちほうだんたいにたいしてこうふすべきれいわろくねんどぶんのとくべつこうふぜいのがくのけっていじきおよびけっていがくならびにこうふじきおよびこうふがくのとくれいにかんするしょうれい,令和六年六月二十四日
506M60000008084,府省令,総務省の所管に属する物品の譲与を受けた民間海外援助団体の報告に関する省令,そうむしょうのしょかんにぞくするぶっぴんのじょうよをうけたみんかんかいがいえんじょだんたいのほうこくにかんするしょうれい,令和六年九月二日
506M60000008117,府省令,令和六年度分の地方交付税の交付額の特例に関する省令,れいわろくねんどぶんのちほうこうふぜいのこうふがくのとくれいにかんするしょうれい,令和六年十二月二十四日
506M60000010008,府省令,特定不法行為等に係る被害者の迅速かつ円滑な救済に資するための日本司法支援センターの業務の特例並びに宗教法人による財産の処分及び管理の特例に関する法律施行規則,とくていふほうこういとうにかかるひがいしゃのじんそくかつえんかつなきゅうさいにしするためのにほんしほうしえんせんたーのぎょうむのとくれいならびにしゅうきょうほうじんによるざいさんのしょぶんおよびかんりのとくれいにかんするほうりつしこうきそく,令和八年四月一日
506M60000010010,府省令,困難な問題を抱える女性への支援に関する法律の施行に伴う法務省関係省令の整備及び経過措置に関する省令,こんなんなもんだいをかかえるじょせいへのしえんにかんするほうりつのしこうにともなうほうむしょうかんけいしょうれいのせいびおよびけいかそちにかんするしょうれい,令和六年四月一日
506M60000010043,府省令,性的な姿態を撮影する行為等の処罰及び押収物に記録された性的な姿態の影像に係る電磁的記録の消去等に関する法律施行規則,せいてきなしたいをさつえいするこういとうのしょばつおよびおうしゅうぶつにきろくされたせいてきなしたいのえいぞうにかかるでんじてききろくのしょうきょとうにかんするほうりつしこうきそく,令和六年六月二十日
506M60000011002,府省令,出入国管理及び難民認定法第五十五条の十七第一項の規定による医師等職員の兼業等に関する規則,しゅつにゅうこくかんりおよびなんみんにんていほうだいごじゅうごじょうのじゅうななだいいっこうのきていによるいしとうしょくいんのけんぎょうとうにかんするきそく,令和六年六月十日
506M60000018001,府省令,住民基本台帳法第九条第三項及び第十九条第四項の規定による戸籍に関する事項に係る通知の方法を定める命令,じゅうみんきほんだいちょうほうだいきゅうじょうだいさんこうおよびだいじゅうきゅうじょうだいよんこうのきていによるこせきにかんするじこうにかかるつうちのほうほうをさだめるめいれい,令和六年五月二十七日
506M60000020005,府省令,在勤基本手当の支給に関する規則,ざいきんきほんてあてのしきゅうにかんするきそく,令和八年四月一日
506M60000020009,府省令,研修員手当の支給に関する規則,けんしゅういんてあてのしきゅうにかんするきそく,令和八年四月一日
506M60000028001,府省令,個人番号カードを引き渡すことができる領事官等に関する省令,こじんばんごうかーどをひきわたすことができるりょうじかんとうにかんするしょうれい,令和六年十二月二日
506M60000028002,府省令,電子署名等に係る地方公共団体情報システム機構の認証業務に関する法律第三条の二第五項に規定する総務省令・外務省令で定める者、第四十八条第一項に規定する総務省令・外務省令で定める者及び第六十二条に規定する総務省令・外務省令で定める者を定める省令,でんししょめいとうにかかるちほうこうきょうだんたいじょうほうしすてむきこうのにんしょうぎょうむにかんするほうりつだいさんじょうのにだいごこうにきていするそうむしょうれいがいむしょうれいでさだめるもの、だいよんじゅうはちじょうだいいっこうにきていするそうむしょうれいがいむしょうれいでさだめるものおよびだいろくじゅうにじょうにきていするそうむしょうれいがいむしょうれいでさだめるものをさだめるしょうれい,令和六年五月二十七日
506M60000040002,府省令,令和六年能登半島地震に伴う救じゅつ又は学芸技術奨励の目的を有する寄附金等の保管出納に関する件に係る寄附金の保管金取扱規程等の臨時特例に関する省令,れいわろくねんのとはんとうじしんにともなうきゅうじゅつまたはがくげいぎじゅつしょうれいのもくてきをゆうするきふきんとうのほかんすいとうにかんするけんにかかるきふきんのほかんきんとりあつかいきていとうのりんじとくれいにかんするしょうれい,令和六年一月二十二日
506M60000040008,府省令,森林環境税及び森林環境譲与税に関する法律に基づく森林環境税に係る徴収金の納付手続の特例に関する省令,しんりんかんきょうぜいおよびしんりんかんきょうじょうよぜいにかんするほうりつにもとづくしんりんかんきょうぜいにかかるちょうしゅうきんののうふてつづきのとくれいにかんするしょうれい,令和六年三月二十九日
506M60000080029,府省令,私立学校振興助成法施行規則,しりつがっこうしんこうじょせいほうしこうきそく,令和七年四月一日
506M60000080034,府省令,認証評価機関の認証の申請及び届出に係る手続等に関する規則,にんしょうひょうかきかんのにんしょうのしんせいおよびとどけでにかかるてつづきとうにかんするきそく,令和七年四月一日
506M60000100003,府省令,令和六年能登半島地震による災害に対処するための要介護認定有効期間及び要支援認定有効期間の特例に関する省令,れいわろくねんのとはんとうじしんによるさいがいにたいしょするためのようかいごにんていゆうこうきかんおよびようしえんにんていゆうこうきかんのとくれいにかんするしょうれい,令和六年一月十六日
506M60000100006,府省令,社会保険診療報酬支払基金の流行初期医療確保措置関係業務に係る財務及び会計に関する省令,しゃかいほけんしんりょうほうしゅうしはらいききんのりゅうこうしょきいりょうかくほそちかんけいぎょうむにかかるざいむおよびかいけいにかんするしょうれい,令和六年四月一日
506M60000100007,府省令,社会保険診療報酬支払基金の流行初期医療確保措置関係業務に係る業務方法書に記載すべき事項を定める省令,しゃかいほけんしんりょうほうしゅうしはらいききんのりゅうこうしょきいりょうかくほそちかんけいぎょうむにかかるぎょうむほうほうしょにきさいすべきじこうをさだめるしょうれい,令和六年四月一日
506M60000100077,府省令,令和六年能登半島地震災害に係る住宅再建支援等給付金に係る差押禁止等に関する法律施行規則,れいわろくねんのとはんとうじしんさいがいにかかるじゅうたくさいけんしえんとうきゅうふきんにかかるさしおさえきんしとうにかんするほうりつしこうきそく,令和七年四月一日
506M60000100094,府省令,厚生労働省関係特定受託事業者に係る取引の適正化等に関する法律施行規則,こうせいろうどうしょうかんけいとくていじゅたくじぎょうしゃにかかるとりひきのてきせいかとうにかんするほうりつしこうきそく,令和六年十一月一日
506M60000100106,府省令,厚生労働省の所管する法令に係る情報通信技術を利用する方法による国の歳入等の納付に関する法律施行規則,こうせいろうどうしょうのしょかんするほうれいにかかるじょうほうつうしんぎじゅつをりようするほうほうによるくにのさいにゅうとうののうふにかんするほうりつしこうきそく,令和七年十月十七日
506M60000100114,府省令,年金制度の機能強化のための国民年金法等の一部を改正する法律の一部の施行に伴う経過措置に関する省令,ねんきんせいどのきのうきょうかのためのこくみんねんきんほうとうのいちぶをかいせいするほうりつのいちぶのしこうにともなうけいかそちにかんするしょうれい,令和六年十月一日
506M60000100140,府省令,大麻草の栽培の規制に関する法律施行規則,たいまそうのさいばいのきせいにかんするほうりつしこうきそく,令和七年三月一日
506M60000200050,府省令,農業の生産性の向上のためのスマート農業技術の活用の促進に関する法律施行規則,のうぎょうのせいさんせいのこうじょうのためのすまーとのうぎょうぎじゅつのかつようのそくしんにかんするほうりつしこうきそく,令和六年十月一日
506M60000400003,府省令,脱炭素成長型経済構造への円滑な移行の推進に関する法律施行規則,だつたんそせいちょうがたけいざいこうぞうへのえんかつないこうのすいしんにかんするほうりつしこうきそく,令和六年二月十六日
506M60000400004,府省令,脱炭素成長型経済構造移行推進機構の財務及び会計に関する省令,だつたんそせいちょうがたけいざいこうぞういこうすいしんきこうのざいむおよびかいけいにかんするしょうれい,令和六年二月十六日
506M60000400056,府省令,投資事業有限責任組合契約に関する法律施行規則,とうしじぎょうゆうげんせきにんくみあいけいやくにかんするほうりつしこうきそく,令和七年四月一日
506M60000400069,府省令,脱炭素成長型経済構造への円滑な移行のための低炭素水素等の供給及び利用の促進に関する法律施行規則,だつたんそせいちょうがたけいざいこうぞうへのえんかつないこうのためのていたんそすいそとうのきょうきゅうおよびりようのそくしんにかんするほうりつしこうきそく,令和六年十月二十三日
506M60000400074,府省令,貯留等工作物等の技術上の基準を定める省令,ちょりゅうとうこうさくぶつとうのぎじゅつじょうのきじゅんをさだめるしょうれい,令和六年十一月十八日
506M60000400075,府省令,二酸化炭素の貯留事業に関する法律第二条第八項に規定する試掘権の登録に関する政令施行規則,にさんかたんそのちょりゅうじぎょうにかんするほうりつだいにじょうだいはちこうにきていするしくつけんのとうろくにかんするせいれいしこうきそく,令和八年三月十日
506M60000400076,府省令,二酸化炭素の貯留事業に関する法律施行規則,にさんかたんそのちょりゅうじぎょうにかんするほうりつしこうきそく,令和六年十一月十八日
506M60000410002,府省令,産業競争力強化法に基づく募集新株予約権の機動的な発行に関する省令,さんぎょうきょうそうりょくきょうかほうにもとづくぼしゅうしんかぶよやくけんのきどうてきなはっこうにかんするしょうれい,令和六年九月二日
506M60000600002,府省令,合法伐採木材等の流通及び利用の促進に関する法律第三章に規定する木材関連事業者による合法性の確認等の実施等に関する省令,ごうほうばっさいもくざいとうのりゅうつうおよびりようのそくしんにかんするほうりつだいさんしょうにきていするもくざいかんれんじぎょうしゃによるごうほうせいのかくにんとうのじっしとうにかんするしょうれい,令和七年四月一日
506M60000800025,府省令,地域火山情報センターの名称等を定める省令,ちいきかざんじょうほうせんたーのめいしょうとうをさだめるしょうれい,令和六年四月一日
506M60000800043,府省令,海上運送法に基づく安全統括管理者資格者証及び運航管理者資格者証に関する省令,かいじょううんそうほうにもとづくあんぜんとうかつかんりしゃしかくしゃしょうおよびうんこうかんりしゃしかくしゃしょうにかんするしょうれい,令和七年四月一日
506M60000800082,府省令,航空法第百七条の三第五項の国土交通省令で定める年数の特例に関する省令,こうくうほうだいひゃくななじょうのさんだいごこうのこくどこうつうしょうれいでさだめるねんすうのとくれいにかんするしょうれい,令和六年八月十九日
506M60000800105,府省令,公共工事の入札及び契約の適正化の促進に関する法律施行規則,こうきょうこうじのにゅうさつおよびけいやくのてきせいかのそくしんにかんするほうりつしこうきそく,令和七年十二月十二日
506M60000840004,府省令,国土交通省・財務省関係高齢者の居住の安定確保に関する法律施行規則,こくどこうつうしょう・ざいむしょうかんけいこうれいしゃのきょじゅうのあんていかくほにかんするほうりつしこうきそく,令和六年九月一日
506M60000C00003,府省令,脱炭素成長型経済構造への円滑な移行のための低炭素水素等の供給及び利用の促進に関する法律に基づく低炭素水素等供給等事業計画の認定等に関する省令,だつたんそせいちょうがたけいざいこうぞうへのえんかつないこうのためのていたんそすいそとうのきょうきゅうおよびりようのそくしんにかんするほうりつにもとづくていたんそすいそとうきょうきゅうとうじぎょうけいかくのにんていとうにかんするしょうれい,令和六年十月二十三日
506M60001000002,府省令,気候変動適応法施行規則,きこうへんどうてきおうほうしこうきそく,令和六年四月一日
506M60001000017,府省令,環境省の所管する法律の規定に基づく立入検査等をする国の職員の携帯する身分を示す証明書の様式を定める省令,かんきょうしょうのしょかんするほうりつのきていにもとづくたちいりけんさとうをするくにのしょくいんのけいたいするみぶんをしめすしょうめいしょのようしきをさだめるしょうれい,令和七年十一月二十一日
506M60001000033,府省令,地域における生物の多様性の増進のための活動の促進等に関する法律第三十五条第三項の規定により地方環境事務所長に委任する権限を定める省令,ちいきにおけるせいぶつのたようせいのぞうしんのためのかつどうのそくしんとうにかんするほうりつだいさんじゅうごじょうだいさんこうのきていによりちほうかんきょうじむしょちょうにいにんするけんげんをさだめるしょうれい,令和七年四月一日
506M60001400001,府省令,特定家庭用機器再商品化法施行令の一部を改正する政令の施行に伴う経過措置に関する省令,とくていかていようききさいしょうひんかほうしこうれいのいちぶをかいせいするせいれいのしこうにともなうけいかそちにかんするしょうれい,令和六年三月十九日
506M60001500001,府省令,ＰＦＯＩの製造設備に関する技術上の基準を定める省令,ＰＦＯＩのせいぞうせつびにかんするぎじゅつじょうのきじゅんをさだめるしょうれい,令和七年十二月十七日
506M60001500002,府省令,ＰＦＯＩの取扱いに関する技術上の基準（許可製造業者に係るものに限る。）を定める省令,ＰＦＯＩのとりあつかいにかんするぎじゅつじょうのきじゅん（きょかせいぞうぎょうしゃにかかるものにかぎる。）をさだめるしょうれい,令和七年十二月十七日
506M60001500003,府省令,ＰＦＯＩの取扱いに関する技術上の基準（許可製造業者に係るものを除く。）を定める省令,ＰＦＯＩのとりあつかいにかんするぎじゅつじょうのきじゅん（きょかせいぞうぎょうしゃにかかるものをのぞく。）をさだめるしょうれい,令和七年十二月十七日
506M60001500004,府省令,化学物質の審査及び製造等の規制に関する法律施行令第一条第一項第三十五号ハの規定に基づき化学物質を定める省令,かがくぶっしつのしんさおよびせいぞうとうのきせいにかんするほうりつしこうれいだいいちじょうだいいっこうだいさんじゅうごごうはのきていにもとづきかがくぶっしつをさだめるしょうれい,令和七年一月十日
506M60001740004,府省令,容器包装に係る分別収集及び再商品化の促進等に関する法律の規定に基づく立入検査の際に携帯する職員の身分を示す証明書の様式の特例に関する省令,ようきほうそうにかかるぶんべつしゅうしゅうおよびさいしょうひんかのそくしんとうにかんするほうりつのきていにもとづくたちいりけんさのさいにけいたいするしょくいんのみぶんをしめすしょうめいしょのようしきのとくれいにかんするしょうれい,令和六年四月一日
506M600017C0001,府省令,遺伝子組換え生物等の使用等の規制による生物の多様性の確保に関する法律の規定に基づく立入検査等の際に携帯する職員の身分を示す証明書の様式の特例に関する省令,いでんしくみかえせいぶつとうのしようとうのきせいによるせいぶつのたようせいのかくほにかんするほうりつのきていにもとづくたちいりけんさとうのさいにけいたいするしょくいんのみぶんをしめすしょうめいしょのようしきのとくれいにかんするしょうれい,令和六年四月一日
506M60001A00001,府省令,地域における生物の多様性の増進のための活動の促進等に関する法律施行規則,ちいきにおけるせいぶつのたようせいのぞうしんのためのかつどうのそくしんとうにかんするほうりつしこうきそく,令和七年四月一日
506M60001F40001,府省令,資源の有効な利用の促進に関する法律の規定に基づく立入検査の際に携帯する職員の身分を示す証明書の様式の特例に関する省令,しげんのゆうこうなりようのそくしんにかんするほうりつのきていにもとづくたちいりけんさのさいにけいたいするしょくいんのみぶんをしめすしょうめいしょのようしきのとくれいにかんするしょうれい,令和八年四月一日
506M60001FCA007,府省令,特定新需要開拓事業活動計画の認定等に関する命令,とくていしんじゅようかいたくじぎょうかつどうけいかくのにんていとうにかんするめいれい,令和六年九月二日
506M60002000004,府省令,自衛官等に対する療養の給付等に関する省令,じえいかんとうにたいするりょうようのきゅうふとうにかんするしょうれい,令和八年四月一日
506M60002000010,府省令,防衛省の職員の俸給の切替えに関する省令,ぼうえいしょうのしょくいんのほうきゅうのきりかえにかんするしょうれい,令和六年十二月二十五日
506M60004008008,府省令,行政手続における特定の個人を識別するための番号の利用等に関する法律第九条第一項に規定する準法定事務及び準法定事務処理者を定める命令,ぎょうせいてつづきにおけるとくていのこじんをしきべつするためのばんごうのりようとうにかんするほうりつだいきゅうじょうだいいっこうにきていするじゅんほうていじむおよびじゅんほうていじむしょりしゃをさだめるめいれい,令和八年一月二十九日
506M60004008009,府省令,行政手続における特定の個人を識別するための番号の利用等に関する法律第十九条第八号に基づく利用特定個人情報の提供に関する命令,ぎょうせいてつづきにおけるとくていのこじんをしきべつするためのばんごうのりようとうにかんするほうりつだいじゅうきゅうじょうだいはちごうにもとづくりようとくていこじんじょうほうのていきょうにかんするめいれい,令和八年四月一日
506M60004042001,府省令,公的給付の支給等の迅速かつ確実な実施のための預貯金口座の登録等に関する法律第十二条第二項の規定による電子情報処理組織による預金保険機構の業務の特例に関する命令,こうてききゅうふのしきゅうとうのじんそくかつかくじつなじっしのためのよちょきんこうざのとうろくとうにかんするほうりつだいじゅうにじょうだいにこうのきていによるでんしじょうほうしょりそしきによるよきんほけんきこうのぎょうむのとくれいにかんするめいれい,令和六年四月一日
506M60004742001,府省令,預貯金者の意思に基づく個人番号の利用による預貯金口座の管理等に関する法律施行規則,よちょきんしゃのいしにもとづくこじんばんごうのりようによるよちょきんこうざのかんりとうにかんするほうりつしこうきそく,令和七年六月二十四日
506M60004742002,府省令,預貯金者の意思に基づく個人番号の利用による預貯金口座の管理等に関する法律第二十一条第一項の規定による立入検査をする職員の携帯する身分を示す証明書の様式を定める命令,よちょきんしゃのいしにもとづくこじんばんごうのりようによるよちょきんこうざのかんりとうにかんするほうりつだいにじゅういちじょうだいいちこうのきていによるたちいりけんさをするしょくいんのけいたいするみぶんをしめすしょうめいしょのようしきをさだめるめいれい,令和六年四月一日
506M60080000004,規則,国際規制物資の使用等に関する規則,こくさいきせいぶっしのしようとうにかんするきそく,令和七年六月六日
506M60200000003,規則,公正取引委員会関係特定受託事業者に係る取引の適正化等に関する法律施行規則,こうせいとりひきいいんかいかんけいとくていじゅたくじぎょうしゃにかかるとりひきのてきせいかとうにかんするほうりつしこうきそく,令和八年一月一日
506M60200000005,規則,スマートフォンにおいて利用される特定ソフトウェアに係る競争の促進に関する法律施行規則,すまーとふぉんにおいてりようされるとくていそふとうぇあにかかるきょうそうのそくしんにかんするほうりつしこうきそく,令和七年十二月十八日
506M60400800001,府省令,国家公安委員会・国土交通省関係自動車運転代行業の業務の適正化に関する法律施行規則,こっかこうあんいいんかいこくどこうつうしょうかんけいじどうしゃうんてんだいこうぎょうのぎょうむのてきせいかにかんするほうりつしこうきそく,令和六年四月一日
506RJNJ09151000,規則,人事院規則九―一五一（在宅勤務等手当）,じんじいんきそくきゅうのひゃくごじゅういちざいたくきんむとうてあて,令和六年四月一日
507AC0000000026,法律,日本国の自衛隊と我が国以外の締約国の軍隊との間における相互のアクセス及び協力の円滑化に関する日本国と我が国以外の締約国との間の協定の実施に関する法律,にほんこくのじえいたいとわがくにいがいのていやくこくのぐんたいとのあいだにおけるそうごあくせすおよびきょうりょくのえんかつかにかんするにほんこくとわがくにいがいのていやくこくとのあいだのきょうていのじっしにかんするほうりつ,令和七年七月二十二日
507AC0000000042,法律,重要電子計算機に対する不正な行為による被害の防止に関する法律,じゅうようでんしけいさんきにたいするふせいなこういによるひがいのぼうしにかんするほうりつ,令和八年四月一日
507AC0000000049,法律,民事裁判情報の活用の促進に関する法律,みんじさいばんじょうほうのかつようのそくしんにかんするほうりつ,令和八年一月十五日
507AC0000000053,法律,人工知能関連技術の研究開発及び活用の推進に関する法律,じんこうちのうかんれんぎじゅつのけんきゅうかいはつおよびかつようのすいしんにかんするほうりつ,令和七年九月一日
507AC0000000056,法律,譲渡担保契約及び所有権留保契約に関する法律,じょうとたんぽけいやくおよびしょゆうけんりゅうほけいやくにかんするほうりつ,令和十年六月十三日
507AC0000000067,法律,円滑な事業再生を図るための事業者の金融機関等に対する債務の調整の手続等に関する法律,えんかつなじぎょうさいせいをはかるためのじぎょうしゃのきんゆうきかんとうにたいするさいむのちょうせいのてつづきとうにかんするほうりつ,令和十年六月十三日
507AC0000000070,法律,日本学術会議法,にほんがくじゅつかいぎほう,令和八年十月一日
507AC0000000075,法律,盗難特定金属製物品の処分の防止等に関する法律,とうなんとくていきんぞくせいぶっぴんのしょぶんのぼうしとうにかんするほうりつ,令和八年六月十九日
507AC0000000079,法律,独立行政法人男女共同参画機構法,どくりつぎょうせいほうじんだんじょきょうどうさんかくきこうほう,令和八年四月一日
507AC0100000078,法律,手話に関する施策の推進に関する法律,しゅわにかんするしさくのすいしんにかんするほうりつ,令和七年六月二十五日
507AC1000000003,法律,政治資金監視委員会等の設置その他の政治資金の透明性を確保するための措置等に関する法律,せいじしきんかんしいいんかいとうのせっちそのほかのせいじしきんのとうめいせいをかくほするためのそちとうにかんするほうりつ,令和七年一月八日
507AC1000000061,法律,貨物自動車運送事業の適正化のための体制の整備等の推進に関する法律,かもつじどうしゃうんそうじぎょうのてきせいかのためのたいせいのせいびとうのすいしんにかんするほうりつ,令和七年六月十一日
507AC1000000085,法律,愛知・名古屋アジア競技大会及び愛知・名古屋アジアパラ競技大会に関する特別措置法,あいち・なごやあじあきょうぎたいかいおよびあいち・なごやあじあぱらきょうぎたいかいにかんするとくべつそちほう,令和七年十二月十日
507AC1000000096,法律,高次脳機能障害者支援法,こうじのうきのうしょうがいしゃしえんほう,令和八年四月一日
507CO0000000003,政令,資源循環の促進のための再資源化事業等の高度化に関する法律施行令,しげんじゅんかんのそくしんのためのさいしげんかじぎょうとうのこうどかにかんするほうりつしこうれい,令和七年十一月二十一日
507CO0000000022,政令,貨物自動車運送事業法施行令,かもつじどうしゃうんそうじぎょうほうしこうれい,令和八年四月一日
507CO0000000026,政令,重要経済安保情報の保護及び活用に関する法律施行令,じゅうようけいざいあんぽじょうほうのほごおよびかつようにかんするほうりつしこうれい,令和八年四月一日
507CO0000000036,政令,日本中央競馬会の令和七事業年度における日本中央競馬会法第二十九条の二第三項の割合を定める政令,にっぽんちゅうおうけいばかいのれいわななじぎょうねんどにおけるにっぽんちゅうおうけいばかいほうだいにじゅうくじょうのふただいさんこうのわりあいをさだめるせいれい,令和七年二月二十一日
507CO0000000039,政令,食料供給困難事態対策法施行令,しょくりょうきょうきゅうこんなんじたいたいさくほうしこうれい,令和七年四月一日
507CO0000000047,政令,令和六年等における特定地域に係る激甚災害及びこれに対し適用すべき措置の指定に関する政令,れいわろくねんとうにおけるとくていちいきにかかるげきじんさいがいおよびこれにたいしてきようすべきそちのしていにかんするせいれい,令和七年三月十二日
507CO0000000092,政令,令和七年二月十九日に発生した大火による岩手県大船渡市の区域に係る災害についての激甚災害及びこれに対し適用すべき措置の指定に関する政令,れいわななねんにがつじゅうくにちにはっせいしたたいかによるいわてけんおおふなとしのくいきにかかるさいがいについてのげきじんさいがいおよびこれにたいしてきようすべきそちのしていにかんするせいれい,令和七年三月二十八日
507CO0000000095,政令,黒鉛電極に対して課する不当廉売関税に関する政令,こくえんでんきょくにたいしてかするふとうれんばいかんぜいにかんするせいれい,令和七年七月三日
507CO0000000134,政令,防衛特別法人税に関する政令,ぼうえいとくべつほうじんぜいにかんするせいれい,令和十年一月一日
507CO0000000135,政令,所得税法等の一部を改正する法律の一部の施行に伴うたばこ税の税率の特例に関する経過措置に関する政令,しょとくぜいほうとうのいちぶをかいせいするほうりつのいちぶのしこうにともなうたばこぜいのぜいりつのとくれいにかんするけいかそちにかんするせいれい,令和八年四月一日
507CO0000000166,政令,令和七年度における高齢者の医療の確保に関する法律による前期高齢者交付金及び前期高齢者納付金の額の算定に係る率及び割合を定める政令,れいわななねんどにおけるこうれいしゃのいりょうのかくほにかんするほうりつによるぜんきこうれいしゃこうふきんおよびぜんきこうれいしゃのうふきんのがくのさんていにかかわるりつおよびわりあいをさだめるせいれい,令和七年四月一日
507CO0000000193,政令,刑法等の一部を改正する法律及び刑法等の一部を改正する法律の施行に伴う関係法律の整理等に関する法律の施行に伴う関係政令の整理等及び経過措置に関する政令,けいほうとうのいちぶをかいせいするほうりつおよびけいほうとうのいちぶをかいせいするほうりつのしこうにともなうかんけいほうりつのせいりとうにかんするほうりつのしこうにともなうかんけいせいれいのせいりとうおよびけいかそちにかんするせいれい,令和七年六月一日
507CO0000000215,政令,候補者選考委員会令,こうほしゃせんこういいんかいれい,令和七年六月十八日
507CO0000000233,政令,公益信託に関する法律施行令,こうえきしんたくにかんするほうりつしこうれい,令和八年四月一日
507CO0000000244,政令,事業性融資の推進等に関する法律の施行に伴う関係政令の整備及び経過措置に関する政令,じぎょうせいゆうしのすいしんとうにかんするほうりつのしこうにともなうかんけいせいれいのせいびおよびけいかそちにかんするせいれい,令和七年七月二日
507CO0000000250,政令,北海道開発のためにする港湾工事に関する法律第三条第三項の規定による港湾管理者の権限の代行に関する政令,ほっかいどうかいはつのためにするこうわんこうじにかんするほうりつだいさんじょうだいさんこうのきていによるこうわんかんりしゃのけんげんのだいこうにかんするせいれい,令和七年七月二十二日
507CO0000000256,政令,ランピースキン病を家畜伝染病予防法第六十二条第一項の疾病の種類として指定する等の政令,らんぴーすきんびょうをかちくでんせんびょうよぼうほうだいろくじゅうにじょうだいいちこうのしっぺいのしゅるいとしてしていするとうのせいれい,令和七年七月二十八日
507CO0000000261,政令,日本国の自衛隊と我が国以外の締約国の軍隊との間における相互のアクセス及び協力の円滑化に関する日本国と我が国以外の締約国との間の協定の実施に関する法律施行令,にほんこくのじえいたいとわがくにいがいのていやくこくのぐんたいとのあいだにおけるそうごのあくせすおよびきょうりょくのえんかつかにかんするにほんこくとわがくにいがいのていやくこくとのあいだのきょうていのじっしにかんするほうりつしこうれい,令和七年九月十一日
507CO0000000281,政令,人工知能戦略本部令,じんこうちのうせんりゃくほんぶれい,令和七年九月一日
507CO0000000299,政令,日本学術会議法施行令,にほんがくじゅつかいぎほうしこうれい,令和八年十月一日
507CO0000000301,政令,盗難特定金属製物品の処分の防止等に関する法律第二条第五号に規定する指定金属切断工具を定める政令,とうなんとくていきんぞくせいぶっぴんのしょぶんのぼうしとうにかんするほうりつだいにじょうだいごごうにきていするしていきんぞくせつだんこうぐをさだめるせいれい,令和七年九月一日
507CO0000000341,政令,出入国管理及び難民認定法及び外国人の技能実習の適正な実施及び技能実習生の保護に関する法律の一部を改正する法律の施行に伴う関係政令の整備及び経過措置に関する政令,しゅつにゅうこくかんりおよびなんみんにんていほうおよびがいこくじんのぎのうじっしゅうのてきせいなじっしおよびぎのうじっしゅうせいのほごにかんするほうりつのいちぶをかいせいするほうりつのしこうにともなうかんけいせいれいのせいびおよびけいかそちにかんするせいれい,令和九年四月一日
507CO0000000343,政令,子ども・子育て支援法等の一部を改正する法律の一部の施行に伴う関係政令の整備及び経過措置に関する政令,こども・こそだてしえんほうとうのいちぶをかいせいするほうりつのいちぶのしこうにともなうかんけいせいれいのせいびおよびけいかそちにかんするせいれい,令和八年四月一日
507CO0000000354,政令,医薬品、医療機器等の品質、有効性及び安全性の確保等に関する法律等の一部を改正する法律の一部の施行に伴う経過措置に関する政令,いやくひん、いりょうききとうのひんしつ、ゆうこうせいおよびあんぜんせいのかくほとうにかんするほうりつとうのいちぶをかいせいするほうりつのいちぶのしこうにともなうけいかそちにかんするせいれい,令和八年五月一日
507CO0000000373,政令,令和七年八月五日から九月二十一日までの間の豪雨及び暴風雨による災害についての激甚災害並びにこれに対し適用すべき措置の指定に関する政令,れいわしちねんはちがついつかからくがつにじゅういちにちまでのあいだのごううおよびぼうふううによるさいがいについてのげきじんさいがいならびにこれにたいしてきようすべきそちのしていにかんするせいれい,令和七年十一月十四日
507CO0000000395,政令,独立行政法人男女共同参画機構法の施行に伴う関係政令の整備及び経過措置に関する政令,どくりつぎょうせいほうじんだんじょきょうどうさんかくきこうほうのしこうにともなうかんけいせいれいのせいびおよびけいかそちにかんするせいれい,令和八年四月一日
507CO0000000415,政令,森林経営管理法による不動産登記に関する政令,しんりんけいえいかんりほうによるふどうさんとうきにかんするせいれい,令和八年四月一日
507CO0000000418,政令,船員法等の一部を改正する法律の施行に伴う経過措置に関する政令,せんいんほうとうのいちぶをかいせいするほうりつのしこうにともなうけいかそちにかんするせいれい,令和七年十二月十七日
507M60000002001,府省令,乳児等通園支援事業の設備及び運営に関する基準,にゅうじとうつうえんしえんじぎょうのせつびおよびうんえいにかんするきじゅん,令和八年四月一日
507M60000002021,府省令,金融商品取引法の審判手続等における参考人及び鑑定人の旅費及び手当に関する内閣府令,きんゆうしょうひんとりひきほうのしんぱんてつづきとうにおけるさんこうにんおよびかんていにんのりょひおよびてあてにかんするないかくふれい,令和七年四月一日
507M60000002022,府省令,公認会計士法の審判手続における参考人及び鑑定人の旅費及び手当に関する内閣府令,こうにんかいけいしほうのしんぱんてつづきにおけるさんこうにんおよびかんていにんのりょひおよびてあてにかんするないかくふれい,令和七年四月一日
507M60000002058,府省令,登録被災者援護協力団体に関する内閣府令,とうろくひさいしゃえんごきょうりょくだんたいにかんするないかくふれい,令和七年七月一日
507M60000002063,府省令,公益信託に関する法律施行規則,こうえきしんたくにかんするほうりつしこうきそく,令和八年四月一日
507M60000002090,府省令,日本学術会議法附則第七条第二項に規定する内閣府令で定める事項を定める内閣府令,にほんがくじゅつかいぎほうふそくだいななじょうだいにこうにきていするないかくふれいでさだめるじこうをさだめるないかくふれい,令和七年十月十五日
507M60000002093,府省令,子ども・子育て支援納付金の算定等に関する内閣府令,こども・こそだてしえんのうふきんのさんていとうにかんするないかくふれい,令和七年十一月四日
507M60000002095,府省令,特定乳児等通園支援事業の運営に関する基準,とくていにゅうじとうつうえんしえんじぎょうのうんえいにかんするきじゅん,令和八年四月一日
507M60000002097,府省令,会員予定者の候補者の内閣総理大臣への推薦手続を定める内閣府令,かいいんよていしゃのこうほしゃのないかくそうりだいじんへのすいせんてつづきをさだめるないかくふれい,令和七年十一月十四日
507M60000002104,府省令,学校設置者等及び民間教育保育等事業者による児童対象性暴力等の防止等のための措置に関する法律施行規則,がっこうせっちしゃとうおよびみんかんきょういくほいくとうじぎょうしゃによるじどうたいしょうせいぼうりょくとうのぼうしとうのためのそちにかんするほうりつしこうきそく,令和八年十二月二十五日
507M60000008016,府省令,第二号基礎的電気通信役務の提供に係る第二種交付金及び第二種負担金算定等規則,だいにごうきそてきでんきつうしんえきむのていきょうにかかるだいにしゅこうふきんおよびだいにしゅふたんきんさんていきそく,令和八年四月一日
507M60000008043,府省令,地方団体に対して交付すべき令和七年度分の震災復興特別交付税の額の算定方法、決定時期及び決定額並びに交付時期及び交付額等の特例に関する省令,ちほうだんたいにたいしてこうふすべきれいわななねんどぶんのしんさいふっこうとくべつこうふぜいのがくのさんていほうほう、けっていじきおよびけっていがくならびにこうふじきおよびこうふがくとうのとくれいにかんするしょうれい,令和七年四月二十五日
507M60000008048,府省令,住民基本台帳法施行令の一部を改正する政令の施行に伴う経過措置を定める省令,じゅうみんきほんだいちょうほうしこうれいのいちぶをかいせいするせいれいのしこうにともなうけいかそちをさだめるしょうれい,令和七年十二月十日
507M60000008084,府省令,必要的配信の品質に関する技術基準を定める省令,ひつようてきはいしんのひんしつにかんするぎじゅつきじゅんをさだめるしょうれい,令和七年十月一日
507M60000008086,府省令,無線局の免許記録等の閲覧に係る通知事項を定める省令,むせんきょくのめんきょきろくとうのえつらんにかかるつうちじこうをさだめるしょうれい,令和七年八月二十五日
507M60000008089,府省令,基幹放送の業務の認定に係る認定記録の閲覧に係る通知事項を定める省令,きかんほうそうのぎょうむのにんていにかかるにんていきろくのえつらんにかかるつうちじこうをさだめるしょうれい,令和七年九月一日
507M60000008114,府省令,令和七年度分の地方交付税の交付額の特例に関する省令,れいわしちねんどぶんのちほうこうふぜいのこうふがくのとくれいにかんするしょうれい,令和七年十二月二十三日
507M60000010021,府省令,刑務所、少年刑務所及び拘置所組織規則,けいむしょ、しょうねんけいむしょおよびこうちしょそしききそく,令和七年四月一日
507M60000010054,府省令,更生保護法の審問手続における関係人の旅費及び宿泊料に関する規則,こうせいほごほうのしんもんてつづきにおけるかんけいにんのりょひおよびしゅくはくりょうにかんするきそく,令和七年十一月四日
507M60000010056,府省令,民法第三百八条の二の規定による子の監護費用の先取特権に係る額の算定等に関する省令,みんぽうだいさんびゃくはちじょうのにのきていによるこのかんごひようのさきどりとっけんにかかるがくのさんていとうにかんするしょうれい,令和八年四月一日
507M60000010057,府省令,森林経営管理法に基づく筆界特定の申請に係る筆界特定申請情報及び筆界特定添付情報の特例に関する省令,しんりんけいえいかんりほうにもとづくひっかいとくていのしんせいにかかるひっかいとくていしんせいじょうほうおよびひっかいとくていてんぷじょうほうのとくれいにかんするしょうれい,令和八年四月一日
507M60000012003,府省令,公益信託に関する法律第三十三条第三項の規定により読み替えて適用する信託法第三十四条第一項第三号の内閣府令・法務省令で定める事項等を定める命令,こうえきしんたくにかんするほうりつだいさんじゅうさんじょうだいさんこうのきていによりよみかえててきようするしんたくほうだいさんじゅうよんじょうだいいっこうだいさんごうのないかくふれいほうむしょうれいでさだめるじこうとうをさだめるめいれい,令和八年四月一日
507M60000040003,府省令,子ども・子育て支援資金事務取扱規則,こどもこそだてしえんしきんじむとりあつかいきそく,令和七年四月一日
507M60000040013,府省令,黒鉛電極に対して課する不当廉売関税に関する政令第一条第一項第一号に規定する黒鉛化の工程を経て製造した炭素電極でない旨の証明書の提出に関する省令,こくえんでんきょくにたいしてかするふとうれんばいかんぜいにかんするせいれいだいいちじょうだいいちこうだいいちごうにきていするこくえんかのこうていをへてせいぞうしたたんそでんきょくでないむねのしょうめいしょのていしゅつにかんするしょうれい,令和七年七月三日
507M60000040031,府省令,防衛特別法人税に関する省令,ぼうえいとくべつほうじんぜいにかんするしょうれい,令和八年四月一日
507M60000040054,府省令,米州投資公社への加盟に伴う国債の発行等に関する省令,べいしゅうとうしこうしゃへのかめいにともなうこくさいのはっこうとうにかんするしょうれい,令和七年六月二十三日
507M60000080001,府省令,文部科学省著作教科書製造原価計算規則,もんぶかがくしょうちょさくきょうかしょせいぞうげんかけいさんきそく,令和七年一月二十三日
507M60000100003,府省令,国立健康危機管理研究機構の業務運営、財務及び会計並びに人事管理に関する省令,こくりつけんこうききかんりけんきゅうきこうのぎょうむうんえい、ざいむおよびかいけいならびにじんじかんりにかんするしょうれい,令和七年四月一日
507M60000100068,府省令,厚生労働省関係住宅確保要配慮者に対する賃貸住宅の供給の促進に関する法律施行規則,こうせいろうどうしょうかんけいじゅうたくかくほようはいりょしゃにたいするちんたいじゅうたくのきょうきゅうのそくしんにかんするほうりつしこうきそく,令和七年十月一日
507M60000100104,府省令,国立研究開発法人医薬基盤・健康・栄養研究所が行う国立研究開発法人医薬基盤・健康・栄養研究所法附則第十七条第一項及び第二項に規定する業務に関する省令,こくりつけんきゅうかいはつほうじんいやくきばんけんこうえいようけんきゅうじょがおこなうこくりつけんきゅうかいはつほうじんいやくきばんけんこうえいようけんきゅうじょほうふそくだいじゅうななじょうだいいっこうおよびだいにこうにきていするぎょうむにかんするしょうれい,令和七年十一月二十日
507M60000110004,府省令,外国人の育成就労の適正な実施及び育成就労外国人の保護に関する法律施行規則,がいこくじんのいくせいしゅうろうのてきせいなじっしおよびいくせいしゅうろうがいこくじんのほごにかんするほうりつしこうきそく,令和九年四月一日
507M60000142001,府省令,子ども・子育て支援特別会計事務取扱規則,こどもこそだてしえんとくべつかいけいじむとりあつかいきそく,令和八年四月一日
507M60000200009,府省令,セグロウリミバエの緊急防除に関する省令,せぐろうりみばえのきんきゅうぼうじょにかんするしょうれい,令和八年一月一日
507M60000200033,府省令,ランピースキン病を家畜伝染病予防法第六十二条第一項の疾病の種類として指定する等の政令施行規則,らんぴーすきんびょうをかちくでんせんびょうよぼうほうだいろくじゅうにじょうだいいちこうのしっぺいのしゅるいとしてしていするとうのせいれいしこうきそく,令和八年五月一日
507M60000400007,府省令,特定輸入事業者の輸入に係る特定製品関係報告規則,とくていゆにゅうじぎょうしゃのゆにゅうにかかるとくていせいひんかんけいほうこくきそく,令和七年十二月二十五日
507M60000400008,府省令,特定輸入事業者の輸入に係るガス用品関係報告規則,とくていゆにゅうじぎょうしゃのゆにゅうにかかるがすようひんかんけいほうこくきそく,令和七年十二月二十五日
507M60000400009,府省令,特定輸入事業者の輸入に係る電気用品関係報告規則,とくていゆにゅうじぎょうしゃのゆにゅうにかかるでんきようひんかんけいほうこくきそく,令和七年十二月二十五日
507M60000400010,府省令,特定輸入事業者の輸入に係る液化石油ガス器具等関係報告規則,とくていゆにゅうじぎょうしゃのゆにゅうにかかるえきかせきゆがすきぐとうかんけいほうこくきそく,令和七年十二月二十五日
507M60000400016,府省令,産業競争力基盤強化商品に関する省令,さんぎょうきょうそうりょくきばんきょうかしょうひんにかんするしょうれい,令和七年三月二十五日
507M60000400018,府省令,産業標準化及び国際標準化の動向並びに知的財産権の活用の状況に関する調査に関する省令,さんぎょうひょうじゅんかおよびこくさいひょうじゅんかのどうこうならびにちてきざいさんけんのかつようのじょうきょうにかんするちょうさにかんするしょうれい,令和七年四月一日
507M60000400083,府省令,脱炭素成長型経済構造への円滑な移行の推進に関する法律に基づく登録確認機関に関する省令,だつたんそせいちょうがたけいざいこうぞうへのえんかつないこうのすいしんにかんするほうりつにもとづくとうろくかくにんきかんにかんするしょうれい,令和八年一月五日
507M60000500001,府省令,厚生労働省・経済産業省関係経済施策を一体的に講ずることによる安全保障の確保の推進に関する法律に基づく供給確保計画の認定等に関する省令,こうせいろうどうしょう・けいざいさんぎょうしょうかんけいけいざいしさくをいったいてきにこうずることによるあんぜんほしょうのかくほのすいしんにかんするほうりつにもとづくきょうきゅうかくほけいかくのにんていとうにかんするしょうれい,令和七年十二月二十六日
507M60000502001,府省令,内閣府・厚生労働省・経済産業省関係経済施策を一体的に講ずることによる安全保障の確保の推進に関する法律に基づく安定供給確保支援法人に関する命令,ないかくふ・こうせいろうどうしょう・けいざいさんぎょうしょうかんけいけいざいしさくをいったいてきにこうずることによるあんぜんほしょうのかくほのすいしんにかんするほうりつにもとづくあんていきょうきゅうかくほしえんほうじんにかんするめいれい,令和七年十二月二十六日
507M60000600001,府省令,連鎖化事業者の貨物自動車運送役務の持続可能な提供の確保に資する運転者の運送の効率化に関する判断の基準となるべき事項を定める省令,れんさかじぎょうしゃのかもつじどうしゃうんそうえきむのじぞくかのうなていきょうのかくほにしするうんてんしゃのうんそうのこうりつかにかんするはんだんのきじゅんとなるべきじこうをさだめるしょうれい,令和八年四月一日
507M60000600002,府省令,食料供給困難事態対策法施行規則,しょくりょうきょうきゅうこんなんじたいたいさくほうしこうきそく,令和七年四月一日
507M60000600006,府省令,物資の流通の効率化に関する法律の規定に基づく連鎖化事業者に係る届出等に関する省令,ぶっしのりゅうつうのこうりつかにかんするほうりつのきていにもとづくれんさかじぎょうしゃにかかるとどけでとうにかんするしょうれい,令和八年四月一日
507M60000800005,府省令,貨物自動車運送事業者等の貨物自動車運送役務の持続可能な提供の確保に資する運転者の運送及び荷役等の効率化に関する判断の基準となるべき事項を定める省令,かもつじどうしゃうんそうじぎょうしゃとうのかもつじどうしゃうんそうえきむのじぞくかのうなていきょうのかくほにしするうんてんしゃのうんそうおよびにやくとうのこうりつかにかんするはんだんのきじゅんとなるべきじこうをさだめるしょうれい,令和七年四月一日
507M60000800006,府省令,貨物自動車関連事業者の貨物自動車運送役務の持続可能な提供の確保に資する運転者の運送及び荷役等の効率化に関する判断の基準となるべき事項を定める省令,かもつじどうしゃかんれんじぎょうしゃのかもつじどうしゃうんそうえきむのじぞくかのうなていきょうのかくほにしするうんてんしゃのうんそうおよびにやくとうのこうりつかにかんするはんだんのきじゅんとなるべきじこうをさだめるしょうれい,令和八年四月一日
507M60000800116,府省令,航空法に基づく登録訓練機関に関する省令,こうくうほうにもとづくとうろくくんれんきかんにかんするしょうれい,令和七年十二月一日
507M60001000001,府省令,廃棄物処分業者の判断の基準となるべき事項を定める省令,はいきぶつしょぶんぎょうしゃのはんだんのきじゅんとなるべきじこうをさだめるしょうれい,令和七年二月一日
507M60001000022,府省令,資源循環の促進のための再資源化事業等の高度化に関する法律施行規則,しげんじゅんかんのそくしんのためのさいしげんかじぎょうとうのこうどかにかんするほうりつしこうきそく,令和七年十一月二十一日
507M60001400001,府省令,国際協力排出削減量口座簿の運営等に関する省令,こくさいきょうりょくはいしゅつさくげんりょうこうざぼのうんえいとうにかんするしょうれい,令和八年四月一日
507M60001500001,府省令,デクロランプラスの取扱いに関する技術上の基準（許可製造業者に係るものを除く。）を定める省令,でくろらんぷらすのとりあつかいにかんするぎじゅつじょうのきじゅん（きょかせいぞうぎょうしゃにかかるものをのぞく）をさだめるしょうれい,令和八年六月十七日
507M60001600001,府省令,国際協力排出削減量の記録等に関する省令,こくさいきょうりょくはいしゅつさくげんりょうのきろくとうにかんするしょうれい,令和八年一月一日
507M60001600002,府省令,地球温暖化対策の推進に関する法律に基づく指定実施機関に関する省令,ちきゅうおんだんかたいさくのすいしんにかんするほうりつにもとづくしていじっしきかんにかんするしょうれい,令和八年一月一日
507M60001FCA001,府省令,荷主の貨物自動車運送役務の持続可能な提供の確保に資する運転者の運送及び荷役等の効率化に関する判断の基準となるべき事項を定める命令,にぬしのかもつじどうしゃうんそうえきむのじぞくかのうなていきょうのかくほにしするうんてんしゃのうんそうおよびにやくとうのこうりつかにかんするはんだんのきじゅんとなるべきじこうをさだめるめいれい,令和八年四月一日
507M60001FCA010,府省令,物資の流通の効率化に関する法律の規定に基づく荷主に係る届出等に関する命令,ぶっしのりゅうつうのこうりつかにかんするほうりつのきていにもとづくにぬしにかかるとどけでとうにかんするめいれい,令和八年四月一日
507M60002000001,府省令,風力発電設備の設置等による電波の伝搬障害を回避し電波を用いた自衛隊等の円滑かつ安全な活動を確保するための措置に関する法律施行規則,ふうりょくはつでんせつびのせっちとうによるでんぱのでんぱんしょうがいをかいひしでんぱをもちいたじえいたいとうのえんかつかつあんぜんなかつどうをかくほするためのそちにかんするほうりつしこうきそく,令和七年三月一日
507M60002000006,府省令,統合作戦司令部組織規則,とうごうさくせんしれいぶそしききそく,令和七年三月二十四日
507M60002000009,府省令,防衛省の職員の俸給の切替え等に関する省令,ぼうえいしょうのしょくいんのほうきゅうのきりかえとうにかんするしょうれい,令和七年四月一日
507M60002000012,府省令,日本国の自衛隊と我が国以外の締約国の軍隊との間における相互のアクセス及び協力の円滑化に関する日本国と我が国以外の締約国との間の協定の実施に関する法律第五章の規定による特殊海事損害に係る賠償の請求についての援助に関する省令,にっぽんこくのじえいたいとわがくにいがいのていやくこくのぐんたいとのあいだにおけるそうごのあくせすおよびきょうりょくのえんかつかにかんするにほんこくとわがくにいがいのていやくこくとのあいだのきょうていのじっしにかんするほうりつだいごしょうのきていによるとくしゅかいじそんがいにかかるばいしょうのせいきゅうについてのえんじょにかんするしょうれい,令和七年七月二十二日
507M60002000017,府省令,防衛省の職員の俸給の切替えに関する省令,ぼうえいしょうのしょくいんのほうきゅうのきりかえにかんするしょうれい,令和七年十二月二十四日
507M60004000002,府省令,情報通信技術を活用した行政の推進等に関する法律第二十四条第一項の金銭の保管に関するデジタル庁令,じょうほうつうしんぎじゅつをかつようしたぎょうせいのすいしんとうにかんするほうりつだいにじゅうよんじょうだいいちこうのきんせんのほかんにかんするでじたるちょうれい,令和七年四月一日
507M60200000002,規則,私的独占の禁止及び公正取引の確保に関する法律の調査手続における参考人及び鑑定人の旅費及び手当に関する規則,してきどくせんのきんしおよびこうせいとりひきのかくほにかんするほうりつのちょうさてつづきにおけるさんこうにんおよびかんていにんのりょひおよびてあてにかんするきそく,令和七年四月一日
507M60200000008,規則,製造委託等に係る中小受託事業者に対する代金の支払の遅延等の防止に関する法律第四条の明示に関する規則,せいぞういたくとうにかかるちゅうしょうじゅたくじぎょうしゃにたいするだいきんのしはらいのちえんとうのぼうしにかんするほうりつだいよんじょうのめいじにかんするきそく,令和八年一月一日
507M60200000009,規則,製造委託等に係る中小受託事業者に対する代金の支払の遅延等の防止に関する法律第六条第一項及び第二項の率を定める規則,せいぞういたくとうにかかるちゅうしょうじゅたくじぎょうしゃにたいするだいきんのしはらいのちえんとうのぼうしにかんするほうりつだいろくじょうだいいっこうおよびだいにこうのりつをさだめるきそく,令和八年一月一日
507M60200000010,規則,製造委託等に係る中小受託事業者に対する代金の支払の遅延等の防止に関する法律第七条の書類等の作成及び保存に関する規則,せいぞういたくとうにかかるちゅうしょうじゅたくじぎょうしゃにたいするだいきんのしはらいのちえんとうのぼうしにかんするほうりつだいななじょうのしょるいとうのさくせいおよびほぞんにかんするきそく,令和八年一月一日
507M60400000006,規則,警察における重要経済安保情報に係る業務の適正の確保に関する規則,けいさつにおけるじゅうようけいざいあんぽじょうほうにかかるぎょうむのてきせいのかくほにかんするきそく,令和七年五月十六日
507M60400000008,規則,国家公安委員会における重要経済安保情報の保護に関する規則,こっかこうあんいいんかいにおけるじゅうようけいざいあんぽじょうほうのほごにかんするきそく,令和七年五月十六日
507RJNJ09153000,規則,令和七年改正法附則第二条の規定による最高の号俸を超える俸給月額を受ける特定任期付職員の俸給月額の切替え,れいわしちねんかいせいほうふそくだいにじょうのきていによるさいこうのごうほうをこえるほうきゅうげつがくをうけるとくていにんきつきしょくいんのほうきゅうげつがくのきりかえ,令和七年十二月二十四日
508AC0000000010,法律,農業構造転換の推進に必要な施策の集中的な実施の財源に充てるための日本中央競馬会の国庫納付金の納付に関する臨時措置法,のうぎょうこうぞうてんかんのすいしんにひつようなしさくのしゅうちゅうてきなじっしのざいげんにあてるためのにっぽんちゅうおうけいばかいのこっこのうふきんののうふにかんするりんじそちほう,令和八年三月三十一日
508CO0000000015,政令,令和八年一月六日の地震による鳥取県境港市の区域に係る災害についての激甚災害及びこれに対し適用すべき措置の指定に関する政令,れいわはちねんいちがつむいかのじしんによるとっとりけんさかいみなとしのくいきにかかるさいがいについてのげきじんさいがいおよびこれにたいしてきようすべきそちのしていにかんするせいれい,令和八年二月二十六日
508CO0000000030,政令,令和七年等における特定地域に係る激甚災害及びこれに対し適用すべき措置の指定に関する政令,れいわななねんとうにおけるとくていちいきにかかるげきじんさいがいおよびこれにたいしてきようすべきそちのしていにかんするせいれい,令和八年三月十三日
508CO0000000044,政令,社会経済の変化を踏まえた年金制度の機能強化のための国民年金法等の一部を改正する等の法律の施行に伴う経過措置に関する政令,しゃかいけいざいのへんかをふまえたねんきんせいどのきのうきょうかのためのこくみんねんきんほうとうのいちぶをかいせいするとうのほうりつのしこうにともなうけいかそちにかんするせいれい,令和八年四月一日
508CO0000000060,政令,高次脳機能障害者支援法施行令,こうじのうきのうしょうがいしゃしえんほうしこうれい,令和八年四月一日
508CO0000000087,政令,公立義務教育諸学校の学級編制及び教職員定数の標準に関する法律の一部を改正する法律の施行に伴う経過措置に関する政令,こうりつぎむきょういくしょがっこうのがっきゅうへんせいおよびきょうしょくいんていすうのひょうじゅんにかんするほうりつのいちぶをかいせいするほうりつのしこうにともなうけいかそちにかんするせいれい,令和八年四月一日
508CO0000000091,政令,サイバー通信情報監理委員会事務局組織令,さいばーつうしんじょうほうかんりいいんかいじむきょくそしきれい,令和八年四月一日
508M60000002017,府省令,地方公共団体情報システムの標準化に関する法律第二条第一項に規定する標準化対象事務を定める政令に規定するデジタル庁令・総務省令で定める事務を定める命令第二条各号に規定する事務の処理に係るシステムに必要とされる機能等に関する標準化基準を定める内閣府令,ちほうこうきょうだんたいじょうほうしすてむのひょうじゅんかにかんするほうりつだいにじょうだいいっこうにきていするひょうじゅんかたいしょうじむをさだめるせいれいにきていするでじたるちょうれいそうむしょうれいでさだめるじむをさだめるめいれいだいにじょうかくごうにきていするじむのしょりにかかるしすてむにひつようとされるきのうとうにかんするひょうじゅんかきじゅんをさだめるないかくふれい,令和八年四月一日
508M60000002025,府省令,地方公共団体情報システムの標準化に関する法律第二条第一項に規定する標準化対象事務を定める政令に規定するデジタル庁令・総務省令で定める事務を定める命令第一条に規定する事務の処理に係るシステムに必要とされる機能等に関する標準化基準を定める内閣府令,ちほうこうきょうだんたいじょうほうしすてむのひょうじゅんかにかんするほうりつだいにじょうだいいっこうにきていするひょうじゅんかたいしょうじむをさだめるせいれいにきていするでじたるちょうれいそうむしょうれいでさだめるじむをさだめるめいれいだいいちじょうにきていするじむのしょりにかかるしすてむにひつようとされるきのうとうにかんするひょうじゅんかきじゅんをさだめるないかくふれい,令和八年四月一日
508M60000008031,府省令,地方公共団体情報システムの標準化に関する法律第二条第一項に規定する標準化対象事務を定める政令に規定するデジタル庁令・総務省令で定める事務を定める命令第三条各号に規定する事務の処理に係るシステムに必要とされる機能等に関する標準化基準を定める省令,ちほうこうきょうだんたいじょうほうしすてむのひょうじゅんかにかんするほうりつだいにじょうだいいっこうにきていするひょうじゅんかたいしょうじむをさだめるせいれいにきていするでじたるちょうれいそうむしょうれいでさだめるじむをさだめるめいれいだいさんじょうかくごうにきていするじむのしょりにかかるしすてむにひつようとされるきのうとうにかんするひょうじゅんかきじゅんをさだめるしょうれい,令和八年四月一日
508M60000008032,府省令,地方公共団体情報システムの標準化に関する法律第二条第一項に規定する標準化対象事務を定める政令に規定するデジタル庁令・総務省令で定める事務を定める命令第四条各号及び第七条第二号に規定する事務の処理に係るシステムに必要とされる機能等に関する標準化基準を定める省令,ちほうこうきょうだんたいじょうほうしすてむのひょうじゅんかにかんするほうりつだいにじょうだいいっこうにきていするひょうじゅんかたいしょうじむをさだめるせいれいにきていするでじたるちょうれいそうむしょうれいでさだめるじむをさだめるめいれいだいよんじょうかくごうおよびだいななじょうだいにごうにきていするじむのしょりにかかるしすてむにひつようとされるきのうとうにかんするひょうじゅんかきじゅんをさだめるしょうれい,令和八年四月一日
508M60000008033,府省令,地方公共団体情報システムの標準化に関する法律第二条第一項に規定する標準化対象事務を定める政令第五号に規定する事務の処理に係るシステムに必要とされる機能等に関する標準化基準を定める省令,ちほうこうきょうだんたいじょうほうしすてむのひょうじゅんかにかんするほうりつだいにじょうだいいっこうにきていするひょうじゅんかたいしょうじむをさだめるせいれいだいごごうにきていするじむのしょりにかかるしすてむにひつようとされるきのうとうにかんするひょうじゅんかきじゅんをさだめるしょうれい,令和八年四月一日
508M60000008034,府省令,地方公共団体情報システムの標準化に関する法律第二条第一項に規定する標準化対象事務を定める政令に規定するデジタル庁令・総務省令で定める事務を定める命令第五条各号に規定する事務の処理に係るシステムに必要とされる機能等に関する標準化基準を定める省令,ちほうこうきょうだんたいじょうほうしすてむのひょうじゅんかにかんするほうりつだいにじょうだいいっこうにきていするひょうじゅんかたいしょうじむをさだめるせいれいにきていするでじたるちょうれいそうむしょうれいでさだめるじむをさだめるめいれいだいごじょうかくごうにきていするじむのしょりにかかるしすてむにひつようとされるきのうとうにかんするひょうじゅんかきじゅんをさだめるしょうれい,令和八年四月一日
508M60000008056,府省令,令和八年度分の地方交付税の交付額の特例に関する省令,れいわはちねんどぶんのちほうこうふぜいのこうふがくのとくれいにかんするしょうれい,令和八年四月一日
508M60000008057,府省令,令和八年度分の地方特例交付金の交付額の特例に関する省令,れいわはちねんどぶんのちほうとくれいこうふきんのこうふがくのとくれいにかんするしょうれい,令和八年四月一日
508M60000010001,府省令,民事裁判情報の活用の促進に関する法律施行規則,みんじさいばんじょうほうのかつようのそくしんにかんするほうりつしこうきそく,令和八年一月十五日
508M60000020013,府省令,同行配偶者手当の支給に関する規則,どうこうはいぐうしゃてあてのしきゅうにかんするきそく,令和八年四月一日
508M60000020014,府省令,同行子女手当の支給に関する規則,どうこうしじょてあてのしきゅうにかんするきそく,令和八年四月一日
508M60000020015,府省令,在外単身赴任手当の支給に関する規則,ざいがいたんしんふにんてあてのしきゅうにかんするきそく,令和八年四月一日
508M60000080010,府省令,地方公共団体情報システムの標準化に関する法律第二条第一項に規定する標準化対象事務を定める政令に規定するデジタル庁令・総務省令で定める事務を定める命令第八条各号に規定する事務（同条第一号に規定する援助に関する事務を除く。）の処理に係るシステムに必要とされる機能等に関する標準化基準を定める省令,ちほうこうきょうだんたいじょうほうしすてむのひょうじゅんかにかんするほうりつだいにじょうだいいっこうにきていするひょうじゅんかたいしょうじむをさだめるせいれいにきていするでじたるちょうれいそうむしょうれいでさだめるじむをさだめるめいれいだいはちじょうかくごうにきていするじむ（どうじょうだいいちごうにきていするえんじょにかんするじむをのぞく。）のしょりにかかるしすてむにひつようとされるきのうとうにかんするひょうじゅんかきじゅんをさだめるしょうれい,令和八年四月一日
508M60000080011,府省令,地方公共団体情報システムの標準化に関する法律第二条第一項に規定する標準化対象事務を定める政令に規定するデジタル庁令・総務省令で定める事務を定める命令第八条第一号に規定する事務のうち援助に関する事務の処理に係るシステムに必要とされる機能等に関する標準化基準を定める省令,ちほうこうきょうだんたいじょうほうしすてむのひょうじゅんかにかんするほうりつだいにじょうだいいっこうにきていするひょうじゅんかたいしょうじむをさだめるせいれいにきていするでじたるちょうれいそうむしょうれいでさだめるじむをさだめるめいれいだいはちじょうだいいちごうにきていするじむのうちえんじょにかんするじむのしょりにかかるしすてむにひつようとされるきのうとうにかんするひょうじゅんかきじゅんをさだめるしょうれい,令和八年四月一日
508M60000082003,府省令,独立行政法人男女共同参画機構の業務運営、財務及び会計並びに人事管理に関する命令,どくりつぎょうせいほうじんだんじょきょうどうさんかくきこうのぎょうむうんえいざいむおよびかいけいならびにじんじかんりにかんするめいれい,令和八年四月一日
508M60000100040,府省令,社会保険診療報酬支払基金の支払基金電子診療録等情報管理業務に係る財務及び会計に関する省令,しゃかいほけんしんりょうほうしゅうしはらいききんのしはらいききんでんししんりょうろくとうじょうほうかんりぎょうむにかかるざいむおよびかいけいにかんするしょうれい,令和八年四月一日
508M60000100041,府省令,社会保険診療報酬支払基金の支払基金電子診療録等情報管理業務に係る業務方法書に記載すべき事項を定める省令,しゃかいほけんしんりょうほうしゅうしはらいききんのしはらいききんでんししんりょうろくとうじょうほうかんりぎょうむにかかるぎょうむほうほうしょにきさいすべきじこうをさだめるしょうれい,令和八年四月一日
508M60000400003,府省令,経済産業省関係海洋再生可能エネルギー発電設備の整備に関する法律施行規則,けいざいさんぎょうしょうかんけいかいようさいせいかのうえねるぎーはつでんせつびのせいびにかんするほうりつしこうきそく,令和八年四月一日
508M60000400007,府省令,自動車の製造等の事業を行う者の脱炭素化再生資源の利用の促進に関する判断の基準となるべき事項を定める省令,じどうしゃのせいぞうとうのじぎょうをおこなうもののだつたんそかさいせいしげんのりようのそくしんにかんするはんだんのきじゅんとなるべきじこうをさだめるしょうれい,令和八年四月一日
508M60000400008,府省令,ユニット形エアコンディショナの製造等の事業を行う者の脱炭素化再生資源の利用の促進に関する判断の基準となるべき事項を定める省令,ゆにっとがたえあこんでぃしょなのせいぞうとうのじぎょうをおこなうもののだつたんそかさいせいしげんのりようのそくしんにかんするはんだんのきじゅんとなるべきじこうをさだめるしょうれい,令和八年四月一日
508M60000400009,府省令,テレビ受像機の製造等の事業を行う者の脱炭素化再生資源の利用の促進に関する判断の基準となるべき事項を定める省令,てれびじゅぞうきのせいぞうとうのじぎょうをおこなうもののだつたんそかさいせいしげんのりようのそくしんにかんするはんだんのきじゅんとなるべきじこうをさだめるしょうれい,令和八年四月一日
508M60000400010,府省令,電気冷蔵庫の製造等の事業を行う者の脱炭素化再生資源の利用の促進に関する判断の基準となるべき事項を定める省令,でんきれいぞうこのせいぞうとうのじぎょうをおこなうもののだつたんそかさいせいしげんのりようのそくしんにかんするはんだんのきじゅんとなるべきじこうをさだめるしょうれい,令和八年四月一日
508M60000400011,府省令,電気洗濯機の製造等の事業を行う者の脱炭素化再生資源の利用の促進に関する判断の基準となるべき事項を定める省令,でんきせんたくきのせいぞうとうのじぎょうをおこなうもののだつたんそかさいせいしげんのりようのそくしんにかんするはんだんのきじゅんとなるべきじこうをさだめるしょうれい,令和八年四月一日
508M60000400012,府省令,資源の有効な利用の促進に関する法律施行令第四条第二項第二号チの特殊の用途に使用する自動車を定める省令,しげんのゆうこうなりようのそくしんにかんするほうりつしこうれいだいよんじょうだいにこうだいにごうちのとくしゅのようとにしようするじどうしゃをさだめるしょうれい,令和八年四月一日
508M60000400028,府省令,特定系統整備準備引当金に関する省令,とくていけいとうせいびじゅんびひきあてきんにかんするしょうれい,令和八年三月三十一日
508M60000740002,府省令,プラスチック製容器包装の製造等の事業を行う者の脱炭素化再生資源の利用の促進に関する判断の基準となるべき事項を定める省令,ぷらすちっくせいようきほうそうのせいぞうとうのじぎょうをおこなうもののだつたんそかさいせいしげんのりようのそくしんにかんするはんだんのきじゅんとなるべきじこうをさだめるしょうれい,令和八年四月一日
508M60000740003,府省令,資源の有効な利用の促進に関する法律第二十三条第一項に規定する計画及び同法第二十四条に規定する定期の報告に関する省令,しげんのゆうこうなりようのそくしんにかんするほうりつだいにじゅうさんじょうだいいっこうにきていするけいかくおよびどうほうだいにじゅうよんじょうにきていするていきのほうこくにかんするしょうれい,令和八年四月一日
508M60001000001,府省令,海洋環境等調査方法書の作成等に関する省令,かいようかんきょうとうちょうさほうほうしょのさくせいとうにかんするしょうれい,令和八年四月一日
508M60001400002,府省令,モバイルバッテリーの製造等の事業を行う者の使用済モバイルバッテリーの自主回収及び再資源化に関する判断の基準となるべき事項を定める省令,もばいるばってりーのせいぞうとうのじぎょうをおこなうもののしようずみもばいるばってりーのじしゅかいしゅうおよびさいしげんかにかんするはんだんのきじゅんとなるべきじこうをさだめるしょうれい,令和八年四月一日
508M60001400003,府省令,携帯電話用装置の製造等の事業を行う者の使用済携帯電話用装置の自主回収及び再資源化に関する判断の基準となるべき事項を定める省令,けいたいでんわようそうちのせいぞうとうのじぎょうをおこなうもののしようずみけいたいでんわようそうちのじしゅかいしゅうおよびさいしげんかにかんするはんだんのきじゅんとなるべきじこうをさだめるしょうれい,令和八年四月一日
508M60001440001,府省令,加熱式たばこデバイスの製造等の事業を行う者の使用済加熱式たばこデバイスの自主回収及び再資源化に関する判断の基準となるべき事項を定める省令,かねつしきたばこでばいすのせいぞうとうのじぎょうをおこなうもののしようずみかねつしきたばこでばいすのじしゅかいしゅうおよびさいしげんかにかんするはんだんのきじゅんとなるべきじこうをさだめるしょうれい,令和八年四月一日
508M60001540001,府省令,使用済指定再資源化製品の自主回収・再資源化事業計画の認定等に関する省令,しようずみしていさいしげんかせいひんのじしゅかいしゅうさいしげんかじぎょうけいかくのにんていとうにかんするしょうれい,令和八年四月一日
508M60001740001,府省令,資源の有効な利用の促進に関する法律に基づく設計認定及び指定調査機関に関する省令,しげんのゆうこうなりようのそくしんにかんするほうりつにもとづくせっけいにんていおよびしていちょうさきかんにかんするしょうれい,令和八年四月一日
508M60004008008,府省令,地方公共団体情報システムの標準化に関する法律第七条第一項に規定する各地方公共団体情報システムに共通する基準のうち電磁的記録において用いられる用語及び符号の相互運用性の確保その他の地方公共団体情報システムに係る互換性の確保に関する標準を定める命令,ちほうこうきょうだんたいじょうほうしすてむのひょうじゅんかにかんするほうりつだいななじょうだいいっこうにきていするかくちほうこうきょうだんたいじょうほうしすてむにきょうつうするきじゅんのうちでんじてききろくにおいてもちいられるようごおよびふごうのそうごうんようせいのかくほそのたのちほうこうきょうだんたいじょうほうしすてむにかかるごかんせいのかくほにかんするひょうじゅんをさだめるめいれい,令和八年四月一日
508M60004008009,府省令,地方公共団体情報システムの標準化に関する法律第七条第一項に規定する各地方公共団体情報システムに共通する基準のうちサイバーセキュリティ等に関する標準を定める命令,ちほうこうきょうだんたいじょうほうしすてむのひょうじゅんかにかんするほうりつだいななじょうだいいっこうにきていするかくちほうこうきょうだんたいじょうほうしすてむにきょうつうするきじゅんのうちさいばーせきゅりてぃとうにかんするひょうじゅんをさだめるめいれい,令和八年四月一日
508M60004008010,府省令,地方公共団体情報システムの標準化に関する法律第七条第一項に規定する各地方公共団体情報システムに共通する基準のうち全ての地方公共団体情報システムに共通して実装することができる機能の標準を定める命令,ちほうこうきょうだんたいじょうほうしすてむのひょうじゅんかにかんするほうりつだいななじょうだいっこうにきていするかくちほうこうきょうだんたいじょうほうしすてむにきょうつうするきじゅんのうちすべてのちほうこうきょうだんたいじょうほうしすてむにきょうつうしてじっそうすることができるきのうのひょうじゅんをさだめるめいれい,令和八年四月一日
508M62000000001,規則,カジノ管理委員会の所管する法律の規定に基づく立入検査等の際に携帯する職員の身分を示す証明書の様式を定める規則,かじのかんりいいんかいのしょかんするほうりつのきていにもとづくたちいりけんさとうのさいにけいたいするしょくいんのみぶんをしめすしょうめいしょのようしきをさだめるきそく,令和八年三月二日
